Filing Date,Trade Date,Ticker,Company Name,Insider Name,Title,Trade Type,Price,Qty,Owned,ΔOwn,Value
2026-08-21 17:07:51,2026-08-19,ELF,"E.L.F. Beauty, Inc.",Franks Joshua Allen,"SVP, Operations",S - Sale,$100.00,-5718,144309,-4%,"-$571,800"
2026-08-21 17:04:24,2026-08-19,BRZE,"Braze, Inc.",Malik Astha,Chief Business Officer,S - Sale,$29.57,-15724,326233,-5%,"-$464,910"
2026-08-21 17:03:22,2026-08-19,BRZE,"Braze, Inc.",Hyman Jonathan,CTO,S - Sale,$29.99,-9413,1795219,-1%,"-$282,288"
2026-08-21 17:02:33,2026-08-19,TNET,"Trinet Group, Inc.",Treadway Anthony Shea,"SVP, Chief Revenue Officer",S - Sale,$69.80,-1068,65506,-2%,"-$74,546"
2026-08-21 17:02:04,2026-08-19,HRTG,"Heritage Insurance Holdings, Inc.",Johns Timothy E,See Remarks,S - Sale,$33.68,-3500,25438,-12%,"-$117,864"
2026-08-21 17:01:38,2026-08-20,CRCL,"Circle Internet Group, Inc.",Burns M Michele,Dir,S - Sale,$85.13,-3332,327226,-1%,"-$283,653"
2026-08-21 17:00:09,2026-08-21,PJT,Pjt Partners Inc.,Cornwell Kievdi Don,Dir,S - Sale,$173.48,-7845,18865,-29%,"-$1,360,953"
2026-08-21 17:00:06,2026-08-19,EVER,"Everquote, Inc.",Neble George R,Dir,S - Sale,$24.64,-2456,58140,-4%,"-$60,516"
2026-08-21 17:00:05,2026-08-21,PJT,Pjt Partners Inc.,Costos James,Dir,S - Sale,$175.00,-1723,11289,-13%,"-$301,525"
2026-08-21 16:59:34,2026-08-20,ALK,"Alaska Air Group, Inc.",Minicucci Benito,"CEO, Pres",P - Purchase,$40.06,25000,256582,+11%,"+$1,001,510"
2026-08-21 16:59:31,2026-08-19,CAMP,Camp4 Therapeutics Corp,Schwab Andrew J.,Dir,S - Sale,$4.59,-191865,5677226,-3%,"-$879,719"
2026-08-21 16:57:56,2026-08-20,NBBK,"Nb Bancorp, Inc.",Campanelli Joseph P,"Pres, CEO",P - Purchase,$21.75,2000,484687,0%,"+$43,500"
2026-08-21 16:57:28,2026-08-21,CXW,"Corecivic, Inc.",Prann John R Jr,Dir,S - Sale,$34.00,-22298,8098,-73%,"-$758,132"
2026-08-21 16:52:59,2026-08-19,MRCY,Mercury Systems Inc,Munro Douglas,"SVP, CAO",S - Sale,$99.87,-657,13341,-5%,"-$65,614"
2026-08-21 16:51:43,2026-08-19,MRCY,Mercury Systems Inc,Ratner Steven,"EVP, CHRO",S - Sale,$99.47,-3213,23631,-12%,"-$319,582"
2026-08-21 16:50:58,2026-08-20,FHI,"Federated Hermes, Inc.",Germain Peter J,"EVP, CLO, Sec.",S - Sale,$63.17,-5000,207059,-2%,"-$315,867"
2026-08-21 16:50:32,2026-08-19,MRCY,Mercury Systems Inc,Kupinsky Stuart,"EVP, CLO, Corp Sec",S - Sale,$100.31,-1308,58585,-2%,"-$131,200"
2026-08-21 16:49:40,2026-08-19,NUVB,Nuvation Bio Inc.,Hattersley Gary,Chief Scientific Officer,S - Sale+OE,$7.09,-100000,0,-100%,"-$709,240"
2026-08-21 16:49:13,2026-08-19,MRCY,Mercury Systems Inc,Farnsworth David E.,"EVP, CFO",S - Sale,$99.13,-14767,119483,-11%,"-$1,463,812"
2026-08-21 16:47:59,2026-08-19,MRCY,Mercury Systems Inc,Ballhaus William L,"COB, Pres, CEO",S - Sale,$99.12,-48812,236666,-17%,"-$4,838,193"
2026-08-21 16:47:15,2026-08-20,MORN,"Morningstar, Inc.",Mansueto Joseph D,"Exec COB, 10%",S - Sale,$215.09,-11345,14371526,0%,"-$2,440,238"
2026-08-21 16:45:48,2026-08-19,GEN,Gen Digital Inc.,Vlcek Ondrej,Dir,S - Sale,$28.00,-100000,4034724,-2%,"-$2,800,000"
2026-08-21 16:45:33,2026-08-19,DDOG,"Datadog, Inc.",Pomel Olivier,CEO,S - Sale+OE,$235.49,-47054,612747,-7%,"-$11,080,546"
2026-08-21 16:44:01,2026-08-20,UTHR,United Therapeutics Corp,Rothblatt Martine A,"CHAIRPERSON, CEO",S - Sale+OE,$521.02,-9500,668728,-1%,"-$4,949,717"
2026-08-21 16:43:27,2026-08-20,CMCO,Columbus McKinnon Corp,Stephens Christopher J,Dir,P - Purchase,$17.14,2750,22317,+14%,"+$47,135"
2026-08-21 16:43:08,2026-08-20,UTHR,United Therapeutics Corp,Mahon Paul A,"EVP, GC",S - Sale+OE,$523.14,-8300,45172,-16%,"-$4,342,079"
2026-08-21 16:42:47,2026-08-21,KEEL,Keel Infrastructure Corp.,Gagnon Benjamin,CEO,P - Purchase,$3.33,38888,1386624,+3%,"+$129,497"
2026-08-21 16:42:14,2026-08-19,PTON,"Peloton Interactive, Inc.",Baig Saqib,Chief Accounting Officer,S - Sale,$5.45,-4912,267729,-2%,"-$26,780"
2026-08-21 16:42:01,2026-08-19,PTON,"Peloton Interactive, Inc.",Sanders Dion C.,Chief Commercial Officer,S - Sale,$5.45,-112512,18801,-86%,"-$613,427"
2026-08-21 16:40:03,2026-08-20,DFDV,Defi Development Corp.,Kang Daniel,Chief Strategy Officer,P - Purchase,$3.88,11000,78033,+16%,"+$42,680"
2026-08-21 16:37:35,2026-08-19,LOB,"Live Oak Bancshares, Inc.",Mahan James S III,"CEO, 10%",S - Sale,$40.88,-20000,6234875,0%,"-$817,600"
2026-08-21 16:35:27,2026-08-19,TOST,"Toast, Inc.",Vassil Jonathan,Chief Revenue Officer,S - Sale+OE,$36.01,-13931,154235,-8%,"-$501,697"
2026-08-21 16:32:19,2026-08-19,HD,"Home Depot, Inc.",McPhail Richard V,"EVP, CFO",S - Sale+OE,$348.40,-5989,49598,-11%,"-$2,086,568"
2026-08-21 16:32:18,2026-08-20,ABX,"Abacus Global Management, Inc.",McCauley William Hugh Jr,"COO, CFO",S - Sale,$9.10,-125000,915260,-12%,"-$1,137,500"
2026-08-21 16:32:13,2026-08-19,CZR,"Caesars Entertainment, Inc.",Yunker Bret,CFO,S - Sale,$29.62,-208134,0,-100%,"-$6,165,782"
2026-08-21 16:31:07,2026-08-19,RVI,Robinhood Ventures Fund I,"Robinhood Markets, Inc.",10%,S - Sale,$27.03,-16361,13021734,0%,"-$442,237"
2026-08-21 16:30:18,2026-08-19,NOMD,Nomad Foods Ltd,Baldew Ruben,CFO,P - Purchase,$11.85,28290,367172,+8%,"+$335,231"
2026-08-21 16:30:16,2026-08-21,BNGO,"Bionano Genomics, Inc.",Luderer Albert,Interim Chief Exec,P - Purchase,$1.22,4000,4000,New,"+$4,860"
2026-08-21 16:30:15,2026-08-19,SLNHP,"Soluna Holdings, Inc",Phelan William P,Dir,S - Sale,$12.58,-6157,100076,-6%,"-$77,455"
2026-08-21 16:30:13,2026-08-19,TAK,Takeda Pharmaceutical Co Ltd,Plump Andrew Stewart,"Pres, R, D",S - Sale,$18.49,-19651,1028225,-2%,"-$363,347"
2026-08-21 16:30:11,2026-08-19,KURA,"Kura Oncology, Inc.",Bair Teresa Brophy,GC,S - Sale,$12.63,-31487,195444,-14%,"-$397,681"
2026-08-21 16:30:11,2026-08-19,LQDA,Liquidia Corp,Rielly-Gauvin Katherine,Dir,S - Sale+OE,$74.07,-55182,44637,-55%,"-$4,087,435"
2026-08-21 16:30:08,2026-08-13,GTII.,Green Thumb Industries Inc.,Barnes Dawn Wilson,Dir,S - Sale,$7.21,-5250,65936,-7%,"-$37,853"
2026-08-21 16:30:07,2026-08-19,ACHV,"Achieve Life Sciences, Inc.",Stewart Richard Alistair,Dir,S - Sale,$8.49,-20626,209490,-9%,"-$175,177"
2026-08-21 16:30:06,2026-08-19,DFIN,"Donnelley Financial Solutions, Inc.",Leib Daniel,CEO,S - Sale,$50.00,-9787,611315,-2%,"-$489,350"
2026-08-21 16:30:03,2026-08-19,ICE,"Intercontinental Exchange, Inc.",Gardiner Warren,CFO,S - Sale,$156.30,-2491,22698,-10%,"-$389,343"
2026-08-21 16:28:31,2026-08-19,XMTR,"Xometry, Inc.",Rollins Emily,Dir,S - Sale+OE,$84.31,-5000,15136,-25%,"-$421,528"
2026-08-21 16:27:42,2026-08-21,AAT,"American Assets Trust, Inc.",Rady Ernest S,"Exec COB, 10%",P - Purchase,$22.75,50000,14042035,0%,"+$1,137,500"
2026-08-21 16:25:14,2026-08-06,DXST,Decent Holding Inc.,Sun Dingxin,"Dir, 10%",P - Purchase,$2.00,400000,600000,+200%,"+$800,000"
2026-08-21 16:25:13,2026-08-19,AVT,Avnet Inc,McCoy Michael Ryan,"SVP, GC",S - Sale+OE,$91.10,-32052,99212,-24%,"-$2,919,937"
2026-08-21 16:22:38,2026-08-20,WK,Workiva Inc,Ziegler Brandon,"EVP, CLO, CAO, Corp Secretary",S - Sale,$75.97,-6571,126216,-5%,"-$499,199"
2026-08-21 16:21:14,2026-08-20,RNGR,"Ranger Energy Services, Inc.",Bodden Stuart,CEO,S - Sale,$17.16,-95000,273800,-26%,"-$1,630,200"
2026-08-21 16:20:12,2026-08-19,HST,"Host Hotels & Resorts, Inc.",Tyrrell Nathan S,"EVP, Ch. Investment Officer",S - Sale,$23.13,-63882,613907,-9%,"-$1,477,757"
2026-08-21 16:20:01,2026-08-19,KRRO,"Korro Bio, Inc.",Formela Jean Francois,Dir,S - Sale,$14.00,-28468,141053,-17%,"-$398,552"
2026-08-21 16:19:00,2026-08-19,CART,Maplebear Inc.,Gupta Ravi,Dir,S - Sale,$50.61,-150000,606529,-20%,"-$7,591,515"
2026-08-21 16:18:53,2026-08-19,INTA,"Intapp, Inc.",Neble George R,Dir,S - Sale,$40.00,-2624,30465,-8%,"-$104,960"
2026-08-21 16:18:19,2026-08-20,OPFI,Oppfi Inc.,Schwartz Todd G.,"CEO, 10%",P - Purchase,$7.13,3450,27494835,0%,"+$24,597"
2026-08-21 16:17:28,2026-08-19,OPFI,Oppfi Inc.,Vennettilli David,Dir,S - Sale,$7.16,-28485,438935,-6%,"-$203,967"
2026-08-21 16:17:25,2026-08-20,ARTNA,Artesian Resources Corp,Taylor Dian C,Dir,S - Sale,$35.30,-2000,34073,-6%,"-$70,600"
2026-08-21 16:17:19,2026-08-19,LIFE,Ethos Technologies Inc.,"Sc Us (Ttgp), Ltd.",10%,S - Sale+OE,$33.05,-142616,0,-100%,"-$4,713,232"
2026-08-21 16:16:46,2026-08-20,ELAN,Elanco Animal Health Inc,Kurzius Lawrence Erik,Dir,P - Purchase,$23.40,40000,188647,+27%,"+$935,920"
2026-08-21 16:16:44,2026-08-19,ZLAB,Zai Lab Ltd,Chen Yajing,CFO,S - Sale,$27.00,-260,35635,-1%,"-$7,020"
2026-08-21 16:16:25,2026-08-19,LIFE,Ethos Technologies Inc.,"Sc Us (Ttgp), Ltd.",10%,S - Sale+OE,$33.05,-142616,0,-100%,"-$4,713,232"
2026-08-21 16:15:44,2026-08-19,LCUT,"Lifetime Brands, Inc",Nanninga Cherrie,Dir,S - Sale,$9.89,-948,140106,-1%,"-$9,376"
2026-08-21 16:15:25,2026-08-19,QVCG,"Qvc Group, Inc.",Goldentree Asset Management LP,10%,P - Purchase,$15.21,14280,8643004,0%,"+$217,173"
2026-08-21 16:15:06,2026-08-19,GRND,Grindr Inc.,Baer Daniel Brooks,Dir,S - Sale,$15.65,-3500,47912,-7%,"-$54,775"
2026-08-21 16:15:03,2026-08-20,EBC,"Eastern Bankshares, Inc.",Casey Joseph F,Dir,S - Sale,$22.88,-10000,315478,-3%,"-$228,800"
2026-08-21 16:14:29,2026-08-20,CPAY,"Corpay, Inc.",Stull Steven T,Dir,S - Sale,$413.62,-2357,27488,-8%,"-$974,910"
2026-08-21 16:13:56,2026-08-19,MEDP,"Medpace Holdings, Inc.",Troendle August J.,"Pres, CEO, 10%",S - Sale,$614.30,-42783,5294214,-1%,"-$26,281,390"
2026-08-21 16:13:48,2026-08-20,DDD,3D Systems Corp,Graves Jeffrey A,"Pres, CEO",S - Sale,$3.26,-115500,1314241,-8%,"-$376,530"
2026-08-21 16:13:36,2026-08-19,MOS,Mosaic Co,Precourt Walter F. III,SVP - Chief Admin Officer,S - Sale+OE,$22.12,-23000,116198,-17%,"-$508,760"
2026-08-21 16:13:13,2026-08-19,TK,Teekay Corp Ltd,Locke Simon Heidi,Dir,S - Sale,$13.49,-1581,46001,-3%,"-$21,328"
2026-08-21 16:12:57,2026-08-20,GBTG,"Global Business Travel Group, Inc.",Bock Eric J.,See remarks,S - Sale,$9.46,-10000,763957,-1%,"-$94,600"
2026-08-21 16:12:17,2026-08-19,MEDP,"Medpace Holdings, Inc.",Carley Brian T,Dir,S - Sale,$608.63,-5000,27825,-15%,"-$3,043,150"
2026-08-21 16:11:45,2026-08-19,WCN,"Waste Connections, Inc.",Nielsen III Robert,SVP Operations,S - Sale,$170.00,-700,3250,-18%,"-$119,000"
2026-08-21 16:11:26,2026-08-19,MEDP,"Medpace Holdings, Inc.",Davenport Fred B Jr,Dir,S - Sale+OE,$606.15,-7283,5798,-56%,"-$4,414,590"
2026-08-21 16:10:55,2026-08-20,CPAY,"Corpay, Inc.",King Alan,GroupPres IntlVehiclePmts,S - Sale+OE,$414.64,-18423,24537,-43%,"-$7,638,859"
2026-08-21 16:10:45,2026-08-19,ITW,Illinois Tool Works Inc,Santi Ernest Scott,Dir,S - Sale+OE,$287.09,-41431,266288,-13%,"-$11,894,421"
2026-08-21 16:10:30,2026-08-20,CBK,"Commercial Bancgroup, Inc.",Metheny Philip J.,"EVP, CFO",P - Purchase,$33.77,150,13732,+1%,"+$5,066"
2026-08-21 16:10:12,2026-08-19,AUGO,Aura Minerals Inc.,Rosa Luvizotto Glauber,COO,S - Sale,$80.20,-64713,224515,-22%,"-$5,189,983"
2026-08-21 16:10:07,2026-08-20,UMAC,"Unusual Machines, Inc.",Hoff Brian Joseph,CFO,S - Sale,$26.01,-11413,341237,-3%,"-$296,819"
2026-08-21 16:10:06,2026-08-20,UMAC,"Unusual Machines, Inc.",Camden Andrew Ross,Pres,S - Sale,$26.01,-9625,237125,-4%,"-$250,334"
2026-08-21 16:10:04,2026-08-20,UMAC,"Unusual Machines, Inc.",Wright Stacy Rochelle,Chief Revenue Officer,S - Sale,$26.00,-27500,68750,-29%,"-$714,959"
2026-08-21 16:09:27,2026-08-20,ALCO,"Alico, Inc.",Speron Eric H.,Dir,P - Purchase,$39.73,1250,2310,+118%,"+$49,665"
2026-08-21 16:09:08,2026-08-20,HWC,Hancock Whitney Corp,Mayfield Emory L Jr,Chief Banking Officer,S - Sale,$76.40,-4990,15565,-24%,"-$381,236"
2026-08-21 16:09:03,2026-08-20,QLYS,"Qualys, Inc.",Posey Bruce K,GC,S - Sale,$184.23,-866,59554,-1%,"-$159,544"
2026-08-21 16:08:50,2026-08-20,LPLA,Lpl Financial Holdings Inc.,Gates Greg,Group MD,S - Sale+OE,$355.38,-4119,23602,-15%,"-$1,463,810"
2026-08-21 16:08:23,2026-08-20,TFIN,"Triumph Financial, Inc.",Schreyer Edward Joseph,"EVP, COO",S - Sale,$73.75,-2900,15534,-16%,"-$213,875"
2026-08-21 16:08:02,2026-08-19,ARQT,"Arcutis Biotherapeutics, Inc.",Burnett Patrick,See Remarks,S - Sale,$27.00,-1697,117592,-1%,"-$45,819"
2026-08-21 16:07:53,2026-08-19,AGNC,Agnc Investment Corp.,Bell Bernice,"EVP, CFO",S - Sale,$11.07,-15000,394639,-4%,"-$166,000"
2026-08-21 16:06:57,2026-08-19,CART,Maplebear Inc.,Rogers Chris,"Pres, CEO",S - Sale,$48.95,-7606,916636,-1%,"-$372,287"
2026-08-21 16:06:38,2026-08-19,FDMT,"4D Molecular Therapeutics, Inc.",Kirn David,See Remarks,S - Sale+OE,$15.75,-69076,825819,-8%,"-$1,088,273"
2026-08-21 16:06:30,2026-08-20,RGEN,Repligen Corp,Loeillot Olivier,CEO,S - Sale+OE,$180.00,-5426,54246,-9%,"-$976,680"
2026-08-21 16:06:00,2026-08-19,BFST,"Business First Bancshares, Inc.",Cummings George W. III,Dir,S - Sale+OE,$31.80,-3235,201856,-2%,"-$102,873"
2026-08-21 16:05:47,2026-08-19,FRPT,"Freshpet, Inc.",Cyr William B.,CEO,S - Sale+OE,$74.72,-44078,486563,-8%,"-$3,293,313"
2026-08-21 16:05:36,2026-08-20,QLYS,"Qualys, Inc.",Pfeiffer Wendy,Dir,S - Sale,$185.00,-500,11710,-4%,"-$92,500"
2026-08-21 16:05:18,2026-08-20,NBBK,"Nb Bancorp, Inc.",Lapointe Jean-Pierre,"SEVP, CFO",P - Purchase,$21.80,200,116649,0%,"+$4,360"
2026-08-21 16:05:18,2026-08-20,LFT,"Lument Finance Trust, Inc.",Flynn James Peter,CEO,P - Purchase,$0.63,20000,442939,+5%,"+$12,558"
2026-08-21 16:05:17,2026-08-20,IMAX,Imax Corp,Pablo Calamera,"CTO, EVP",S - Sale,$52.41,-15000,101024,-13%,"-$786,174"
2026-08-21 16:05:15,2026-08-20,FET,"Forum Energy Technologies, Inc.",Williams David Lyle Jr.,"EVP, CFO",S - Sale,$78.13,-20068,123181,-14%,"-$1,568,003"
2026-08-21 16:05:14,2026-08-20,LFT,"Lument Finance Trust, Inc.",Houlihan William A,Dir,P - Purchase,$0.62,20000,320732,+7%,"+$12,400"
2026-08-21 16:05:13,2026-08-20,AMPG,"Amplitech Group, Inc.",Maqbool Fawad,"CEO, 10%",P - Purchase,$3.48,12247,2726611,0%,"+$42,649"
2026-08-21 16:05:12,2026-08-19,TWST,Twist Bioscience Corp,Cho Dennis,See Remarks,S - Sale,$129.75,-14205,75661,-16%,"-$1,843,099"
2026-08-21 16:05:12,2026-08-19,BATRK,"Atlanta Braves Holdings, Inc.",Robinson Jill L.,"EVP, CFO, Treasurer",S - Sale+OE,$52.84,-30263,79460,-28%,"-$1,599,097"
2026-08-21 16:05:06,2026-08-20,HUMA,"Humacyte, Inc.",Jones Keith Anthony,Dir,P - Purchase,$0.69,10000,40000,+33%,"+$6,930"
2026-08-21 16:04:09,2026-08-20,SN,"Sharkninja, Inc.",Feld Peter,Dir,S - Sale,$180.00,-5000,5328,-48%,"-$900,000"
2026-08-21 16:04:01,2026-08-20,COP,Conocophillips,Rose Kelly Brunetti,"SVP, GC",S - Sale,$134.52,-15000,10284,-59%,"-$2,017,725"
2026-08-21 16:03:52,2026-08-20,IMVT,"Immunovant, Inc.",Gloria Melanie,COO,S - Sale,$44.16,-3056,219301,-1%,"-$134,953"
2026-08-21 16:02:45,2026-08-20,PCTY,Paylocity Holding Corp,Sarowitz Steven I,"Dir, 10%",S - Sale,$152.42,-6660,8389871,0%,"-$1,015,099"
2026-08-21 16:02:04,2026-08-19,SOPH,Sophia Genetics Sa,Valente Manuela,Chief People Officer,S - Sale+OE,$7.94,-10000,210450,-5%,"-$79,439"
2026-08-21 16:01:58,2026-08-19,SOPH,Sophia Genetics Sa,Xu Zhenyu,Chief Scientific Officer,S - Sale,$8.17,-20000,566887,-3%,"-$163,482"
2026-08-21 16:01:21,2026-08-19,SMTC,Semtech Corp,Walsh Paul V Jr,Dir,S - Sale,$135.48,-500,27100,-2%,"-$67,740"
2026-08-21 16:01:16,2026-08-19,MDLZ,"Mondelez International, Inc.",Van De Put Dirk,CEO,S - Sale+OE,$64.08,-133580,1326488,-9%,"-$8,559,806"
2026-08-21 16:01:07,2026-08-19,PAL,"Proficient Auto Logistics, Inc",Rice Amy F.,"Pres, COO",S - Sale+OE,$5.61,-5808,34132,-15%,"-$32,583"
2026-08-21 16:00:33,2026-08-19,VENU,Venu Holding Corp,Roth Jay W,"CEO, COB, 10%",P - Purchase,$1.89,1000,10332084,0%,"+$1,885"
2026-08-21 16:00:27,2026-08-19,FRHC,Freedom Holding Corp.,Ler Evgeny,CFO,S - Sale,$158.63,-20000,19077,-51%,"-$3,172,512"
2026-08-21 15:52:36,2026-08-20,HL,Hecla Mining Co/De/,Malone Patrick Shay,VP - Sustainability,S - Sale,$20.76,-23994,0,-100%,"-$498,136"
2026-08-21 14:44:07,2026-08-06,BUDZ,"Weed, Inc.",Breen Nicole M,"Secretary, Treasurer, 10%",S - Sale,$0.11,-230000,29869930,-1%,"-$24,500"
2026-08-21 14:35:17,2026-08-21,BKV,Bkv Corp,Tameron David,CFO,S - Sale,$25.63,-1500,57624,-3%,"-$38,445"
2026-08-21 14:32:10,2026-08-20,PRTA,Prothena Corp Public Ltd Co,Scully William P,10%,P - Purchase,$8.79,50000,935500,+6%,"+$439,430"
2026-08-21 14:31:52,2026-08-21,BKV,Bkv Corp,Hinojosa Javier,SVP of Power,S - Sale,$25.73,-12377,84276,-13%,"-$318,453"
2026-08-21 14:23:53,2026-08-21,JLL,Jones Lang Lasalle Inc,Ulbrich Christian,"CEO, Pres",S - Sale,$386.99,-2000,138418,-1%,"-$773,980"
2026-08-21 14:22:50,2026-08-20,ATLO,Ames National Corp,Beals Douglas W,Dir,P - Purchase,$31.16,325,3275,+11%,"+$10,127"
2026-08-21 14:13:49,2026-08-19,AXIA,Axia Energia S.A.,Batista De Lima Filho Pedro,Dir,S - Sale+OE,$9.76,-313000,4920399,-6%,"-$3,054,880"
2026-08-21 14:04:21,2026-08-19,HCC,"Warrior Met Coal, Inc.",Chopin Brian M,Chief Accounting Officer,S - Sale,$104.02,-3232,21110,-13%,"-$336,193"
2026-08-21 13:49:34,2026-08-18,REFI,"Chicago Atlantic Real Estate Finance, Inc.",Sack Peter,Co-CEO,P - Purchase,$10.44,5000,123356,+4%,"+$52,220"
2026-08-21 13:49:16,2026-08-20,IDAI,T Stamp Inc,Potts Charles Edward,Dir,P - Purchase,$3.19,627,6187,+11%,"+$2,000"
2026-08-21 13:47:28,2026-08-20,IDAI,T Stamp Inc,Francis Andrew Scott,CTO,P - Purchase,$3.10,1600,78673,+2%,"+$4,960"
2026-08-21 13:13:10,2026-08-20,DGXX,Digi Power X Inc.,Amar Alec,Pres,P - Purchase,$3.86,10000,1423949,+1%,"+$38,600"
2026-08-21 13:08:58,2026-08-19,HCC,"Warrior Met Coal, Inc.",Scheller Walter J,CEO,S - Sale,$105.00,-50000,317793,-14%,"-$5,250,000"
2026-08-21 13:08:08,2026-08-19,HCC,"Warrior Met Coal, Inc.",Williams Stephen D.,Dir,S - Sale,$104.23,-4800,30303,-14%,"-$500,304"
2026-08-21 12:39:51,2026-08-19,ATNI,"Atn International, Inc.",Prior Cornelius B Jr,10%,S - Sale,$31.83,-10500,4038195,0%,"-$334,242"
2026-08-21 12:35:39,2026-08-19,MED,Medifast Inc,Kiai Parsa,Dir,P - Purchase,$11.63,72487,18977,-135%,"+$842,699"
2026-08-21 12:34:52,2026-08-20,WAB,Westinghouse Air Brake Technologies Corp,Fetsko Michael,"Pres, Freight Components Grp.",S - Sale,$293.22,-3250,37380,-8%,"-$952,961"
2026-08-21 12:24:51,2026-08-19,KO,Coca Cola Co,Quan Nancy,EVP,S - Sale+OE,$90.39,-50000,229256,-18%,"-$4,519,260"
2026-08-21 12:23:04,2026-08-19,TG,Tredegar Corp,Gottwald William M,10%,S - Sale,$8.12,-4318,1426847,0%,"-$35,054"
2026-08-21 12:19:09,2026-08-19,TG,Tredegar Corp,Gottwald John D,10%,S - Sale,$8.12,-4318,3229983,0%,"-$35,054"
2026-08-21 12:18:01,2026-08-20,CRESY,Cresud Inc,Elsztain Fernando Adrian,Dir,S - Sale,$1.10,-10000,625736,-2%,"-$11,000"
2026-08-21 12:15:47,2026-08-19,TG,Tredegar Corp,Gottwald James T.,10%,S - Sale,$8.12,-4318,1349389,0%,"-$35,054"
2026-08-21 12:04:13,2026-08-20,ATNI,"Atn International, Inc.",Jacobs Patricia,Dir,S - Sale,$31.14,-1000,21458,-4%,"-$31,140"
2026-08-21 11:58:18,2026-08-20,BCML,Baycom Corp,Laverne Robert G.,Dir,P - Purchase,$29.95,1000,91628,+1%,"+$29,950"
2026-08-21 11:45:40,2026-08-20,VTOL,Bristow Group Inc.,Stavley Stuart,"COO, Offshore Energy Services",S - Sale,$46.20,-10218,64740,-14%,"-$472,075"
2026-08-21 11:30:42,2026-08-19,ROLR,"High Roller Technologies, Inc.",Felman Adam Jonathan,CFO,S - Sale,$5.42,-3600,157425,-2%,"-$19,512"
2026-08-21 11:26:04,2026-08-19,RAIN,"Rain Enhancement Technologies Holdco, Inc.",Seidl Randy,CEO,P - Purchase,$0.95,110000,754834,+17%,"+$104,225"
2026-08-21 11:21:23,2026-08-18,TISI,Team Inc,Horton Anthony R,Dir,P - Purchase,$22.71,2000,24082,+9%,"+$45,420"
2026-08-21 10:58:32,2026-08-19,VTOL,Bristow Group Inc.,Brass Lorin L.,Dir,S - Sale,$46.58,-1990,18773,-10%,"-$92,703"
2026-08-21 10:57:25,2026-08-20,TPL,Texas Pacific Land Corp,Horizon Kinetics Asset Management LLC,10%,P - Purchase,$377.85,1,3244014,0%,+$378
2026-08-21 10:41:29,2026-08-19,FGL,Founder Group Ltd,Hrt Financial LP,10%,P - Purchase,$0.38,15329,188074,+9%,"+$5,856"
2026-08-21 10:35:35,2026-08-18,MSS,Maison Solutions Inc.,Hrt Financial LP,10%,S - Sale,$1.84,-32556,64892,-33%,"-$59,903"
2026-08-21 10:25:32,2026-08-19,FRME,First Merchants Corp,Fluhler Stephan,CIO,S - Sale,$43.20,-4080,25466,-14%,"-$176,256"
2026-08-21 10:13:32,2026-08-19,IDAI,T Stamp Inc,Genner Gareth Neville,CEO,P - Purchase,$3.01,10000,150075,+7%,"+$30,103"
2026-08-21 10:06:24,2026-08-20,BKV,Bkv Corp,Tameron David,CFO,S - Sale,$26.56,-4321,59124,-7%,"-$114,766"
2026-08-21 09:44:33,2026-08-19,AFL,Aflac Inc,"Japan Post Holdings Co., Ltd.",10%,S - Sale,$117.05,-12700,50817790,0%,"-$1,486,548"
2026-08-21 09:44:26,2026-08-20,YORW,York Water Co,Brossman Douglas S,Dir,P - Purchase,$33.19,30,484,+7%,"+$1,000"
2026-08-21 09:36:23,2026-07-15,JEF,Jefferies Financial Group Inc.,"Sumitomo Mitsui Financial Group, Inc.",Dir,P - Purchase,$54.86,5906542,8566379,+222%,"+$324,032,894"
2026-08-21 09:29:05,2026-08-19,RELL,"Richardson Electronics, Ltd.",Benham James,Dir,S - Sale,$17.99,-3020,19345,-14%,"-$54,330"
2026-08-21 09:23:15,2026-08-19,DGICA,Donegal Group Inc,Donegal Mutual Insurance Co,10%,P - Purchase,$18.63,19515,18946180,0%,"+$363,655"
2026-08-21 09:22:52,2026-08-20,INV,"Innventure, Inc.",Brown Bruce,Dir,P - Purchase,$1.51,30000,106905,+39%,"+$45,399"
2026-08-21 09:17:50,2026-08-20,INV,"Innventure, Inc.",Haskell Gregory W,CEO,P - Purchase,$1.51,50000,979803,+5%,"+$75,600"
2026-08-21 09:17:39,2026-08-20,INV,"Innventure, Inc.",Otworth Michael,Exec COB,P - Purchase,$1.51,231000,3781087,+7%,"+$349,295"
2026-08-21 09:17:29,2026-08-20,INV,"Innventure, Inc.",Donnally James O,Dir,P - Purchase,$1.50,225000,6614593,+4%,"+$337,500"
2026-08-21 09:15:02,2026-08-20,GAIA,"Gaia, Inc",Sutherland Paul Howard,Dir,P - Purchase,$1.46,1580,443573,0%,"+$2,307"
2026-08-21 08:38:51,2026-08-19,FTLF,"Fitlife Brands, Inc.",Pappas Shannon K.,Dir,P - Purchase,$10.25,1000,1000,New,"+$10,250"
2026-08-21 08:13:44,2026-08-19,THG,"Hanover Insurance Group, Inc.",Kerrigan Dennis Francis,EVP,S - Sale+OE,$221.19,-8655,12003,-42%,"-$1,914,366"
2026-08-21 06:51:53,2026-08-20,DHT,"Dht Holdings, Inc.",Halvorsen Laila Cecilie,CFO,S - Sale,$20.00,-50000,161011,-24%,"-$1,000,000"
2026-08-21 06:48:20,2026-04-10,COE,51Talk Online Education Group,Huang Jack Jiajia,"CEO, 10%",P - Purchase,$21.02,187020,85795140,0%,"+$3,932,015"
2026-08-21 06:44:20,2026-08-19,DHT,"Dht Holdings, Inc.",Eglin Jon Stephen,"Chartering, Operations",S - Sale,$19.99,-50000,324622,-13%,"-$999,500"
2026-08-21 06:33:16,2026-08-20,UTSI,Utstarcom Holdings Corp.,Shao Sean,Dir,S - Sale,$2.38,-14533,0,-100%,"-$34,535"
2026-08-21 06:18:39,2026-08-19,SE,Sea Ltd,Wang Yanjun,"CCO, GC",S - Sale,$117.54,-3000,1160442,0%,"-$352,627"
2026-08-21 06:18:23,2026-08-19,SE,Sea Ltd,Feng Zhimin,Pres,S - Sale,$120.00,-298,1235248,0%,"-$35,760"
2026-08-21 06:18:05,2026-08-19,SE,Sea Ltd,Ye Gang,COO,S - Sale,$117.60,-41208,21425197,0%,"-$4,845,866"
2026-08-21 06:17:50,2026-08-19,SE,Sea Ltd,Zhao Feng,Pres of Garena,S - Sale,$120.02,-420,1829708,0%,"-$50,408"
2026-08-21 06:09:00,2026-08-19,AIAI,Aiai Holdings Corp,Remy Donald Michael,Dir,P - Purchase,$5.31,905,62462,+1%,"+$4,806"
2026-08-20 21:45:03,2026-08-19,CNVS,Cineverse Corp.,Huidor Mark Antonio,"Pres Tech, Chief Product Off",S - Sale+OE,$2.68,-15000,183170,-8%,"-$40,200"
2026-08-20 21:30:03,2026-08-18,FLD,"Fold Holdings, Inc.",Repass Wolfe,CFO,S - Sale,$0.45,-2877,734297,0%,"-$1,298"
2026-08-20 21:15:51,2026-08-18,NTHI,"Neonc Technologies Holdings, Inc.",Chen Thomas C,"CEO, 10%",P - Purchase,$5.49,12757,4674788,0%,"+$69,998"
2026-08-20 21:15:25,2026-04-10,NTHI,"Neonc Technologies Holdings, Inc.",Chen Thomas C,"Chief Scientific Officer, 10%",P - Purchase,$4.09,47207,4671083,+1%,"+$192,899"
2026-08-20 21:07:40,2026-08-18,AVD,American Vanguard Corp,Rosenbloom Keith M,Dir,S - Sale,$2.20,-556580,81484,-87%,"-$1,224,476"
2026-08-20 21:05:40,2026-08-18,MOBI,"Mobia Medical, Inc.",Tansey Casey M,Dir,P - Purchase,$12.07,16441,318332,+5%,"+$198,523"
2026-08-20 21:02:10,2026-08-18,FLEX,Flex Ltd.,Hartung Michael P,Chief Commercial Officer,S - Sale,$120.64,-2755,243175,-1%,"-$332,352"
2026-08-20 21:00:20,2026-08-18,TEM,"Tempus Ai, Inc.",Fukushima Ryan,"CEO, Data",S - Sale,$49.61,-41095,624169,-6%,"-$2,038,723"
2026-08-20 21:00:18,2026-08-18,TEM,"Tempus Ai, Inc.",Lefkofsky Eric P,"CEO, COB, 10%",S - Sale,$49.61,-132591,37096625,0%,"-$6,577,840"
2026-08-20 21:00:15,2026-08-18,TEM,"Tempus Ai, Inc.",Schoenherr Thomas Edward,"CEO, Diagnostics",S - Sale,$53.71,-17314,89715,-16%,"-$929,991"
2026-08-20 21:00:13,2026-08-18,TEM,"Tempus Ai, Inc.",Rogers James William,CFO,S - Sale,$55.21,-48842,106024,-32%,"-$2,696,444"
2026-08-20 21:00:12,2026-08-18,TEM,"Tempus Ai, Inc.",Polovin Andrew,"EVP, GC",S - Sale,$51.29,-30075,138140,-18%,"-$1,542,674"
2026-08-20 21:00:10,2026-08-18,TEM,"Tempus Ai, Inc.",Bartolucci Ryan M,Chief Accounting Officer,S - Sale,$49.61,-6175,67866,-8%,"-$306,342"
2026-08-20 20:55:25,2026-08-18,CBLL,"Ceribell, Inc.",Blumberg Scott,CFO,S - Sale+OE,$25.03,-34502,148121,-19%,"-$863,555"
2026-08-20 20:43:03,2026-08-20,AMR,"Alpha Metallurgical Resources, Inc.",Courtis Kenneth S.,Dir,P - Purchase,$193.50,15000,1000394,+2%,"+$2,902,552"
2026-08-20 20:31:49,2026-08-19,MLCI,Mount Logan Capital Inc.,Held David,Chief Compliance Officer,P - Purchase,$3.39,946,4763,+25%,"+$3,207"
2026-08-20 20:30:06,2026-08-18,CRWD,"Crowdstrike Holdings, Inc.",Kurtz George,"Pres, CEO",S - Sale,$206.81,-20000,8326019,0%,"-$4,136,215"
2026-08-20 20:20:26,2026-08-20,PTIX,"Protagenic Therapeutics, Inc.New",Armen Garo H,"EXEC. CHAIR, PRINCIPAL OFF",P - Purchase,$0.59,16634,53533,+45%,"+$9,811"
2026-08-20 20:17:59,2026-08-18,IAUX,I-80 Gold Corp.,Savarie David Roger,"EVP, GC",P - Purchase,$1.59,4575,305525,+2%,"+$7,274"
2026-08-20 20:12:49,2026-08-18,DK,"Delek Us Holdings, Inc.",Spiegel Reuven,"EVP, Special Projects",S - Sale,$68.21,-10000,36435,-22%,"-$682,100"
2026-08-20 20:11:49,2026-08-19,GKOS,Glaukos Corp,Kliman Gilbert H,Dir,S - Sale+OE,$190.00,-2500,37406,-6%,"-$475,000"
2026-08-20 20:10:51,2026-08-18,CBRS,Cerebras Systems Inc.,Patel Yagnesh,Chief Accounting Officer,S - Sale+OE,$222.22,-4574,16676,-22%,"-$1,016,445"
2026-08-20 20:05:40,2026-08-18,CBRS,Cerebras Systems Inc.,Mallick Dhiraj,COO,S - Sale+OE,$222.22,-38889,120000,-24%,"-$8,642,077"
2026-08-20 20:05:06,2026-08-19,VRDN,"Viridian Therapeutics, Inc.De",Tousignant Jennifer,GC,S - Sale+OE,$24.50,-14212,0,-100%,"-$348,194"
2026-08-20 20:04:35,2026-08-18,CBRS,Cerebras Systems Inc.,Lie Sean,CTO,S - Sale+OE,$222.22,-21257,595449,-3%,"-$4,723,765"
2026-08-20 20:00:03,2026-08-18,AEVA,"Aeva Technologies, Inc.",Sinha Saurabh,CFO,S - Sale,$21.21,-70000,581372,-11%,"-$1,484,735"
2026-08-20 19:59:58,2026-08-18,HAPN,"Happen, Inc.",Stack Fergal,"SVP, Corporate Controller",S - Sale,$18.54,-115000,39977,-74%,"-$2,132,597"
2026-08-20 19:51:19,2026-08-18,SNOW,Snowflake Inc.,Slootman Frank,Dir,S - Sale+OE,$324.75,-300000,236390,-56%,"-$97,425,065"
2026-08-20 19:40:39,2026-08-18,KTOS,"Kratos Defense & Security Solutions, Inc.",Jarvis Scot B,Dir,S - Sale,$63.50,-10000,65123,-13%,"-$634,961"
2026-08-20 19:39:25,2026-08-20,MLCI,Mount Logan Capital Inc.,Satoren Brandon,CFO,P - Purchase,$3.20,500,20314,+3%,"+$1,600"
2026-08-20 19:38:04,2026-08-19,RAIN,"Rain Enhancement Technologies Holdco, Inc.",Seidl Randy,CEO,P - Purchase,$0.95,110000,754834,+17%,"+$104,225"
2026-08-20 19:29:29,2026-08-19,QS,Quantumscape Corp,Holme Timothy,CTO,S - Sale+OE,$5.76,-41876,1658075,-2%,"-$241,109"
2026-08-20 19:27:39,2026-08-19,TEAM,Atlassian Corp,Chuong James,CFO,S - Sale,$172.45,-9054,279218,-3%,"-$1,561,377"
2026-08-20 19:27:23,2026-08-19,TEAM,Atlassian Corp,Duffy Brian,Chief Revenue Officer,S - Sale,$172.45,-1851,218223,-1%,"-$319,204"
2026-08-20 19:27:02,2026-08-19,TEAM,Atlassian Corp,Liu Gene,Chief Accounting Officer,S - Sale,$175.00,-1125,56927,-2%,"-$196,875"
2026-08-20 19:26:44,2026-08-19,STUB,"Stubhub Holdings, Inc.",Fitzgerald Scott Michael,Principal Accounting Officer,S - Sale,$7.08,-84970,110383,-43%,"-$601,953"
2026-08-20 19:25:20,2026-08-18,STUB,"Stubhub Holdings, Inc.",James Constance P.,CFO,S - Sale,$7.06,-116644,349934,-25%,"-$822,958"
2026-08-20 19:23:11,2026-08-19,ACTG,Acacia Research Corp,Oconnell Maureen,Dir,S - Sale,$4.60,-10000,287655,-3%,"-$46,000"
2026-08-20 19:20:27,2026-08-18,EBAY,Ebay Inc,Sweetnam Jordan Douglas Bradley,"SVP, Chief Commercial Officer",S - Sale,$101.39,-1014,35546,-3%,"-$102,809"
2026-08-20 19:18:02,2026-08-19,HIVE,Hive Digital Technologies Ltd.,Perrill Dave,Dir,S - Sale+OE,$2.72,-100000,12500,-89%,"-$271,910"
2026-08-20 19:13:13,2026-08-18,CRWV,"Coreweave, Inc.",Intrator Michael N,"CEO, Pres, 10%",S - Sale+OE,$95.72,-307692,1676815,-16%,"-$29,450,777"
2026-08-20 19:12:13,2026-08-19,CX,Cemex Sab De Cv,Elizondo De La Garza Oscar Balmore,VP of Global Ent. Services,S - Sale,$10.68,-212680,289490,-42%,"-$2,271,422"
2026-08-20 19:12:09,2026-08-19,AJG,Arthur J. Gallagher & Co.,Mead Christopher E,VP,S - Sale+OE,$257.03,-3500,22715,-13%,"-$899,588"
2026-08-20 19:09:41,2026-08-19,OVLY,Oak Valley Bancorp,Leonard Daniel J,Dir,P - Purchase,$34.59,125,62537,0%,"+$4,324"
2026-08-20 19:05:31,2026-08-18,NKTR,Nektar Therapeutics,Zalevsky Jonathan,"Chief R, D Officer",S - Sale,$71.98,-186,9570,-2%,"-$13,388"
2026-08-20 19:05:21,2026-08-18,MU,Micron Technology Inc,Sadana Sumit,"EVP, Chief Business Officer",S - Sale,$934.29,-15000,209021,-7%,"-$14,014,350"
2026-08-20 19:03:58,2026-08-19,CRBG,"Corebridge Financial, Inc.",Cropper Elizabeth B,"EVP, Chief Human Res. Officer",S - Sale,$33.06,-7745,46473,-14%,"-$256,024"
2026-08-20 19:03:34,2026-08-18,NKTR,Nektar Therapeutics,Robin Howard W,"Pres, CEO",S - Sale,$71.98,-418,54655,-1%,"-$30,088"
2026-08-20 19:00:14,2026-08-19,BAER,"Bridger Aerospace Group Holdings, Inc.",Kelter Jeffrey E,Dir,P - Purchase,$1.18,300000,2216093,+16%,"+$354,050"
2026-08-20 18:59:30,2026-08-18,KNTK,Kinetik Holdings Inc.,Isq Global Fund II Gp LLC,10%,S - Sale,$54.36,-68005,925787,-7%,"-$3,696,639"
2026-08-20 18:56:54,2026-08-19,PCOR,"Procore Technologies, Inc.",Steele Elisa,Dir,S - Sale,$63.00,-1500,58371,-3%,"-$94,500"
2026-08-20 18:51:29,2026-08-18,CBLL,"Ceribell, Inc.",Chao Xingjuan,"Pres, CEO",S - Sale,$25.03,-33614,1156887,-3%,"-$841,292"
2026-08-20 18:50:29,2026-08-18,IOT,Samsara Inc.,Biswas Sanjit,"CEO, 10%",S - Sale,$39.89,-263900,2442333,-10%,"-$10,527,940"
2026-08-20 18:48:48,2026-08-18,IOT,Samsara Inc.,Bicket John,"See remarks, 10%",S - Sale,$39.90,-263900,1636305,-14%,"-$10,528,406"
2026-08-20 18:46:30,2026-08-18,MNTN,"Mntn, Inc.",Baroda Ventures LLC,10%,S - Sale,$12.75,-275115,6375543,-4%,"-$3,507,716"
2026-08-20 18:44:47,2026-08-19,AWR,American States Water Co,Holloway Anne M,Dir,S - Sale,$88.86,-900,38518,-2%,"-$79,970"
2026-08-20 18:37:58,2026-08-19,MA,Mastercard Inc,Sachin J. Mehra,Chief Business Officer,S - Sale+OE,$576.53,-8444,39916,-17%,"-$4,868,203"
2026-08-20 18:37:38,2026-08-18,KWY,Kingsway Corp,Horowitz Joshua,Dir,P - Purchase,$9.83,9103,413603,+2%,"+$89,484"
2026-08-20 18:37:07,2026-08-18,META,"Meta Platforms, Inc.",Mahoney Curtis J.,GC,S - Sale,$558.00,-1559,1957,-44%,"-$869,922"
2026-08-20 18:35:19,2026-08-19,APPF,Appfolio Inc,Duca Maurice J,10%,S - Sale,$213.52,-7001,235707,-3%,"-$1,494,854"
2026-08-20 18:33:56,2026-08-18,APPF,Appfolio Inc,Duca Maurice J,10%,S - Sale,$203.53,-8056,87362,-8%,"-$1,639,607"
2026-08-20 18:33:20,2026-08-18,META,"Meta Platforms, Inc.",Li Susan J,CFO,S - Sale,$550.61,-9196,13186,-41%,"-$5,063,389"
2026-08-20 18:30:53,2026-08-19,CDE,"Coeur Mining, Inc.",Thompson J Kenneth,Dir,S - Sale,$20.77,-25000,257333,-9%,"-$519,250"
2026-08-20 18:30:51,2026-08-18,IAUX,I-80 Gold Corp.,Young Richard Scott,"Pres, CEO",P - Purchase,$1.62,1000000,6337000,+19%,"+$1,620,000"
2026-08-20 18:30:16,2026-08-18,AAPL,Apple Inc.,Newstead Jennifer,"SVP, GC, Secretary",S - Sale,$307.49,-1439,38668,-4%,"-$442,478"
2026-08-20 18:29:53,2026-08-19,CDE,"Coeur Mining, Inc.",Nault Casey M.,"EVP, GC, Secretary",S - Sale,$20.00,-10000,540086,-2%,"-$200,000"
2026-08-20 18:29:43,2026-08-18,META,"Meta Platforms, Inc.",Bosworth Andrew,CTO,S - Sale,$558.00,-7848,69998,-10%,"-$4,379,184"
2026-08-20 18:28:28,2026-08-19,CDE,"Coeur Mining, Inc.",Whelan Thomas S,"EVP, CFO",S - Sale,$20.87,-6000,661774,-1%,"-$125,220"
2026-08-20 18:26:46,2026-08-19,TPR,"Tapestry, Inc.",Crevoiserat Joanne C.,CEO,S - Sale+OE,$132.47,-27761,627849,-4%,"-$3,677,500"
2026-08-20 18:26:19,2026-08-19,ETON,"Eton Pharmaceuticals, Inc.",Brynjelsen Sean,"Pres, CEO",S - Sale,$60.88,-100000,961194,-9%,"-$6,087,773"
2026-08-20 18:25:20,2026-08-19,SENS,"Senseonics Holdings, Inc.",Roeder Douglas A,Dir,P - Purchase,$8.98,13953,171191,+9%,"+$125,300"
2026-08-20 18:22:46,2026-08-19,VIRT,"Virtu Financial, Inc.",Grano Joseph J Jr,Dir,S - Sale+OE,$60.94,-8400,33814,-20%,"-$511,856"
2026-08-20 18:22:06,2026-08-19,EVCM,Evercommerce Inc.,Siurek Ryan H,CFO,S - Sale,$10.16,-3188,344121,-1%,"-$32,398"
2026-08-20 18:21:07,2026-08-18,NNUP,Nocopi Technologies Inc/Md/,Winger Matthew C.,CEO,P - Purchase,$1.71,5200,251116,+2%,"+$8,910"
2026-08-20 18:20:48,2026-08-19,EVCM,Evercommerce Inc.,Remer Eric Richard,Dir,S - Sale,$9.95,-47443,7647465,-1%,"-$472,067"
2026-08-20 18:19:02,2026-08-19,MGNX,Macrogenics Inc,Peters Jeffrey Stuart,"SVP, GC,, Secretary",S - Sale,$4.15,-31105,0,-100%,"-$129,086"
2026-08-20 18:14:14,2026-08-18,MGRC,McGrath Rentcorp,Wescott Tara,"SVP, CHRO",S - Sale,$122.00,-1325,7831,-14%,"-$161,650"
2026-08-20 18:10:28,2026-08-18,SGRY,"Surgery Partners, Inc.",Deluca Teresa,Dir,P - Purchase,$14.33,11250,68093,+20%,"+$161,213"
2026-08-20 17:59:53,2026-08-19,APPF,Appfolio Inc,Eaton Timothy Mathias,CFO,S - Sale,$202.61,-373,16714,-2%,"-$75,574"
2026-08-20 17:59:52,2026-08-18,SUJA,"Suja Life, Inc.","Paine Schwartz Food Chain Fund V Gp, Ltd.",10%,P - Purchase,$7.16,567900,9787457,+6%,"+$4,064,271"
2026-08-20 17:59:27,2026-08-18,SKYE,"Skye Bioscience, Inc.",Schwab Andrew J.,"Dir, 10%",S - Sale,$0.37,-375840,9305923,-4%,"-$140,313"
2026-08-20 17:57:08,2026-08-18,SKYE,"Skye Bioscience, Inc.","5Am Partners Vii, LLC",10%,S - Sale,$0.37,-375840,9305923,-4%,"-$140,313"
2026-08-20 17:56:13,2026-08-18,HTFL,"Heartflow, Inc.",Farquhar John C.M.,CEO,S - Sale,$45.00,-32676,388044,-8%,"-$1,470,420"
2026-08-20 17:55:47,2026-08-18,ADPT,Adaptive Biotechnologies Corp,Hershberg Robert,Dir,S - Sale+OE,$24.40,-30664,46683,-40%,"-$748,208"
2026-08-20 17:52:24,2026-08-18,CHYM,"Chime Financial, Inc.",Dst Global Advisors Ltd,10%,S - Sale,$32.63,-4809969,43383275,-10%,"-$156,926,902"
2026-08-20 17:51:18,2026-08-19,MGEE,Mge Energy Inc,Berbee James G,Dir,P - Purchase,$81.30,261,9738,+3%,"+$21,249"
2026-08-20 17:50:38,2026-08-18,CLPR,Clipper Realty Inc.,Levinson Sam,"Dir, 10%",P - Purchase,$3.15,98635,9233858,+1%,"+$310,591"
2026-08-20 17:48:54,2026-08-18,EXPE,"Expedia Group, Inc.",Soliday Lance A,"SVP, Chief Accounting Officer",S - Sale,$323.65,-2810,12006,-19%,"-$909,457"
2026-08-20 17:46:12,2026-08-18,NRDE,Stark Novus Financial Inc.,Zyngier Alexandre,Dir,P - Purchase,$1.72,12305,487358,+3%,"+$21,219"
2026-08-20 17:44:19,2026-08-18,CHYM,"Chime Financial, Inc.",Dst Global Advisors Ltd,10%,S - Sale,$32.63,-4809969,43383275,-10%,"-$156,926,902"
2026-08-20 17:42:36,2026-08-18,NAKA,Nakamoto Inc.,Bailey David F,"CEO, 10%",P - Purchase,$5.12,4918,3180394,0%,"+$25,161"
2026-08-20 17:41:46,2026-08-20,MUSA,Murphy USA Inc.,Turner Rosemary,Dir,S - Sale,$571.88,-966,449,-68%,"-$552,436"
2026-08-20 17:37:45,2026-08-18,IMAX,Imax Corp,Gelfond Richard L,CEO,S - Sale+OE,$52.51,-456757,1430004,-24%,"-$23,984,308"
2026-08-20 17:36:31,2026-08-19,MDRR,"Medalist Diversified, Inc.",Winn Charles Brent Jr.,CFO,P - Purchase,$11.50,75,62660,0%,+$863
2026-08-20 17:34:15,2026-08-19,DIS,Walt Disney Co,Roeder Paul M,"Sr EVP, Chief Comm Officer",S - Sale,$106.32,-3596,0,-100%,"-$382,327"
2026-08-20 17:34:01,2026-08-19,DKNG,Draftkings Inc.,Moore Jocelyn,Dir,S - Sale,$24.05,-10759,20987,-34%,"-$258,754"
2026-08-20 17:30:05,2026-08-20,MPT,Medical Properties Trust Inc,Hanna James Kevin,"SVP, Controller, CAO",P - Purchase,$4.15,2300,542504,0%,"+$9,545"
2026-08-20 17:30:03,2026-08-18,GRMN,Garmin Ltd,Wang Cheng-Wei,GM - Garmin Corp.,S - Sale,$299.36,-9941,29506,-25%,"-$2,975,982"
2026-08-20 17:30:01,2026-08-18,RCKT,"Rocket Pharmaceuticals, Inc.",Wilson Martin,GC,S - Sale,$3.38,-631,673853,0%,"-$2,133"
2026-08-20 17:27:33,2026-08-18,ICHR,"Ichor Holdings, Ltd.",Mackenzie Iain,Dir,S - Sale,$65.76,-9933,122427,-8%,"-$653,176"
2026-08-20 17:25:46,2026-08-18,ARWR,"Arrowhead Pharmaceuticals, Inc.",Olukotun Adeoye Y,Dir,S - Sale,$86.96,-2000,31600,-6%,"-$173,920"
2026-08-20 17:25:38,2026-08-18,RCKT,"Rocket Pharmaceuticals, Inc.",Shah Gaurav,CEO,S - Sale,$3.38,-2293,1462832,0%,"-$7,753"
2026-08-20 17:24:22,2026-08-19,ICHR,"Ichor Holdings, Ltd.",Barros Philip Ryan Sr.,CEO,S - Sale,$61.88,-1314,161562,-1%,"-$81,306"
2026-08-20 17:22:21,2026-08-18,ARWR,"Arrowhead Pharmaceuticals, Inc.",Perry Michael S,Dir,S - Sale,$87.30,-11600,111459,-9%,"-$1,012,680"
2026-08-20 17:20:55,2026-08-19,SMP,"Standard Motor Products, Inc.",Burks Dale,"Chief Commercial Officer, EVP",S - Sale,$39.00,-5798,53443,-10%,"-$226,122"
2026-08-20 17:19:42,2026-08-18,FGBI,"First Guaranty Bancshares, Inc.",Walker Robert W,Dir,P - Purchase,$19.12,3601,5202,+225%,"+$68,850"
2026-08-20 17:18:05,2026-08-20,EQIX,Equinix Inc,Pletcher Kurt,GC,S - Sale,"$1,075.50",-135,4077,-3%,"-$145,193"
2026-08-20 17:15:28,2026-08-19,INCY,Incyte Corp,Cagnoni Pablo J,"Pres, Global Head of R, D",S - Sale,$125.56,-10801,183200,-6%,"-$1,356,174"
2026-08-20 17:15:13,2026-08-19,PLXS,Plexus Corp,Kelsey Todd P.,"Pres, CEO",S - Sale,$250.98,-1500,65888,-2%,"-$376,467"
2026-08-20 17:14:33,2026-08-18,ET,Energy Transfer LP,Warren Kelcy L,Dir,P - Purchase,$21.26,1000000,455659009,0%,"+$21,263,520"
2026-08-20 17:12:27,2026-08-18,SYK,Stryker Corp,Stryker Ronda E,Dir,S - Sale,$336.50,-350000,14467258,-2%,"-$117,776,128"
2026-08-20 17:10:52,2026-08-20,KEEL,Keel Infrastructure Corp.,Wilson Liam Daniel,COO,P - Purchase,$3.25,30769,100978,+44%,"+$99,999"
2026-08-20 17:10:30,2026-08-19,VG,"Venture Global, Inc.",Musser Fory,"SVP, Development",S - Sale+OE,$14.25,-272013,0,-100%,"-$3,875,098"
2026-08-20 17:08:37,2026-08-18,ONDS,Ondas Inc.,Cohen Richard M,Dir,S - Sale,$8.96,-7500,261836,-3%,"-$67,177"
2026-08-20 17:08:10,2026-08-18,FSLY,"Fastly, Inc.",Lovett Scott R.,"Pres, Go to Market",S - Sale,$28.60,-14936,1377842,-1%,"-$427,170"
2026-08-20 17:07:35,2026-08-19,BWA,Borgwarner Inc,Kalathur Rajesh,Dir,P - Purchase,$67.59,7407,7407,New,"+$500,664"
2026-08-20 17:07:25,2026-08-19,AIAI,Aiai Holdings Corp,Affeldt Eric,Dir,P - Purchase,$5.96,5000,128114,+4%,"+$29,800"
2026-08-20 17:07:16,2026-08-18,CI,Cigna Group,Jones Nicole S,See Remarks,S - Sale,$279.61,-2677,27331,-9%,"-$748,516"
2026-08-20 17:06:04,2026-08-18,PAM,Pampa Energy Inc.,Mindlin Marcos Marcelo,"Dir, 10%",P - Purchase,$3.34,1299925,21355592,+6%,"+$4,342,831"
2026-08-20 17:04:43,2026-08-18,FSLY,"Fastly, Inc.",Wong Richard,CFO,S - Sale,$28.61,-148015,1091286,-12%,"-$4,234,709"
2026-08-20 17:04:34,2026-08-19,MATX,"Matson, Inc.",Heilmann Peter T,"EVP, Chief Admin. Officer, GC",S - Sale,$220.15,-5000,20506,-20%,"-$1,100,750"
2026-08-20 17:04:32,2026-08-19,MATX,"Matson, Inc.",Scott Christopher A,"EVP, Chief Commercial Officer",S - Sale,$219.90,-600,9354,-6%,"-$131,940"
2026-08-20 17:03:57,2026-08-18,OFIX,Orthofix Medical Inc.,Fisher Patrick,"Pres, Global Limb Recon",S - Sale,$10.09,-1295,51219,-2%,"-$13,067"
2026-08-20 17:03:17,2026-08-20,HGBL,Heritage Global Inc.,Cobb Brian J.,CFO,P - Purchase,$1.10,20000,245353,+9%,"+$22,000"
2026-08-20 17:01:39,2026-08-18,FSLY,"Fastly, Inc.",Compton Charles Lacey III,CEO,S - Sale,$27.64,-45750,984842,-4%,"-$1,264,614"
2026-08-20 17:01:01,2026-08-18,FSLY,"Fastly, Inc.",Bergman Artur,CTO,S - Sale,$26.68,-64074,5529156,-1%,"-$1,709,609"
2026-08-20 17:00:50,2026-08-18,PROK,Prokidney Corp.,Pereira Brian Jg,Dir,S - Sale,$1.41,-757164,0,-100%,"-$1,067,773"
2026-08-20 17:00:24,2026-08-19,SMRT,"Smartrent, Inc.",Bohjalian Thomas N,Dir,P - Purchase,$1.39,55000,781062,+8%,"+$76,395"
2026-08-20 17:00:14,2026-08-18,PFGC,Performance Food Group Co,King A Brent,See Remarks,S - Sale,$104.64,-1529,55823,-3%,"-$159,995"
2026-08-20 17:00:09,2026-08-18,PFGC,Performance Food Group Co,Davis Erika T,See Remarks,S - Sale,$104.64,-1529,51994,-3%,"-$159,995"
2026-08-20 17:00:05,2026-08-18,PFGC,Performance Food Group Co,Grosh Chasity D,See Remarks,S - Sale,$104.64,-838,7865,-10%,"-$87,688"
2026-08-20 16:56:23,2026-08-19,AUGO,Aura Minerals Inc.,Dos Santos Cardoso Joao Kleber,"CFO, Corporate Secretary",S - Sale,$80.12,-7934,98111,-7%,"-$635,672"
2026-08-20 16:55:54,2026-08-13,IEHC,Ieh Corp,Rosenfeld Michael E,Dir,S - Sale,$32.85,-4240,760,-85%,"-$139,300"
2026-08-20 16:55:19,2026-08-18,APCX,Apptech Payments Corp.,Lord Albert L,Dir,P - Purchase,$0.36,60000,1280000,+5%,"+$21,678"
2026-08-20 16:53:29,2026-08-18,CVX,Chevron Corp,Pate R. Hewitt,GC,S - Sale,$205.11,-2470,29197,-8%,"-$506,619"
2026-08-20 16:52:42,2026-08-19,HAL,Halliburton Co,Slocum Jeffrey Shannon,"Dir, EVP, COO",S - Sale+OE,$35.09,-52572,118730,-31%,"-$1,844,751"
2026-08-20 16:52:31,2026-08-18,CPAY,"Corpay, Inc.",Stull Steven T,Dir,S - Sale,$410.67,-4643,29845,-13%,"-$1,906,717"
2026-08-20 16:49:54,2026-08-18,ACGL,Arch Capital Group Ltd.,Morin Francois,"CFO, Treasurer",S - Sale+OE,$99.32,-11010,299055,-4%,"-$1,093,529"
2026-08-20 16:48:43,2026-08-19,CSCO,"Cisco Systems, Inc.",Subaiya Thimaya K.,"EVP, Operations",S - Sale,$111.47,-5832,128382,-4%,"-$650,074"
2026-08-20 16:48:19,2026-08-18,AEE,Ameren Corp,Martin Ryan J,SVP Finance,S - Sale,$109.88,-971,27432,-3%,"-$106,689"
2026-08-20 16:44:42,2026-08-20,NWBI,"Northwest Bancshares, Inc.",Kranich Charles E.,Dir,P - Purchase,$15.28,1635,102021,+2%,"+$24,975"
2026-08-20 16:42:44,2026-08-19,DLHC,Dlh Holdings Corp.,Mink Brook Asset Management LLC,10%,P - Purchase,$4.54,563,2873116,0%,"+$2,555"
2026-08-20 16:42:26,2026-08-19,BETR,Better Home & Finance Holding Co,Smith Chad M.,"Pres, BMC",S - Sale,$12.85,-3307,25209,-12%,"-$42,508"
2026-08-20 16:41:35,2026-08-18,HUBS,Hubspot Inc,Halligan Brian,Dir,S - Sale,$219.50,-8500,430683,-2%,"-$1,865,750"
2026-08-20 16:41:11,2026-08-18,SMR,Nuscale Power Corp,Fujino Shinji,Dir,S - Sale,$8.86,-20000,17242,-54%,"-$177,160"
2026-08-20 16:40:47,2026-08-19,APAM,Artisan Partners Asset Management Inc.,Ramirez Gregory K,EVP,S - Sale,$42.59,-7000,109194,-6%,"-$298,143"
2026-08-20 16:40:19,2026-08-18,UPWK,"Upwork, Inc",Brown Hayden,"Pres, CEO",S - Sale+OE,$8.43,-73241,771076,-9%,"-$617,177"
2026-08-20 16:39:17,2026-08-18,UPWK,"Upwork, Inc",Gessert Erica,CFO,S - Sale+OE,$8.43,-22844,364789,-6%,"-$192,477"
2026-08-20 16:39:08,2026-08-20,CUZ,Cousins Properties Inc,Symes Jeffrey D,"SVP, Chief Accounting Officer",S - Sale,$29.44,-6033,16685,-27%,"-$177,612"
2026-08-20 16:38:38,2026-08-18,UPWK,"Upwork, Inc",Kappus Anthony Ray,"GM, COO",S - Sale+OE,$8.43,-1964,7214,-21%,"-$16,548"
2026-08-20 16:37:51,2026-08-19,G,Genpact Ltd,Nanduru Anil,SVP,S - Sale,$37.03,-6191,70253,-8%,"-$229,253"
2026-08-20 16:37:07,2026-08-19,UTHR,United Therapeutics Corp,Rothblatt Martine A,"CHAIRPERSON, CEO",S - Sale+OE,$526.96,-9500,668728,-1%,"-$5,006,104"
2026-08-20 16:36:59,2026-08-18,RSG,"Republic Services, Inc.","Cascade Investment, L.L.C.",10%,P - Purchase,$220.08,378969,112403625,0%,"+$83,402,937"
2026-08-20 16:36:14,2026-08-19,OUT,Outfront Media Inc.,Martin Patrick,"SVP, Controller, CAO",S - Sale,$30.10,-10000,26405,-27%,"-$301,000"
2026-08-20 16:33:49,2026-08-19,CRL,"Charles River Laboratories International, Inc.",Parisotto Shannon M,"CEVP, Disc, Safety Assessment",S - Sale+OE,$294.12,-2039,42997,-5%,"-$599,711"
2026-08-20 16:33:42,2026-08-19,BHC,Bausch Health Companies Inc.,Lenar Aimee J.,"Pres, US Pharma",S - Sale,$7.03,-36827,334853,-10%,"-$258,894"
2026-08-20 16:33:01,2026-08-18,ECL,Ecolab Inc.,Beck Christophe,"COB, Pres, CEO",S - Sale,$280.14,-17862,74688,-19%,"-$5,003,825"
2026-08-20 16:32:36,2026-08-19,SELF,"Global Self Storage, Inc.",Winmill & Co. Inc,"See ""Explanation of Responses""",P - Purchase,$5.41,13778,198065,+7%,"+$74,579"
2026-08-20 16:32:22,2026-08-19,WGO,Winnebago Industries Inc,Woodson Bret A,SVP-CHRO,S - Sale+OE,$31.73,-1235,31373,-4%,"-$39,187"
2026-08-20 16:31:26,2026-08-18,BBIO,"Bridgebio Pharma, Inc.",Kumar Neil,CEO,S - Sale,$82.86,-44980,5067460,-1%,"-$3,727,251"
2026-08-20 16:31:09,2026-08-18,HIMS,"Hims & Hers Health, Inc.",Autor Deborah M.,Chief Policy Officer,S - Sale,$27.85,-16773,48961,-26%,"-$467,128"
2026-08-20 16:31:03,2026-08-18,CRL,"Charles River Laboratories International, Inc.",Andrews Nancy C,Dir,S - Sale+OE,$285.24,-573,5402,-10%,"-$163,443"
2026-08-20 16:30:37,2026-08-19,HIMS,"Hims & Hers Health, Inc.",Okupe Oluyemi,CFO,S - Sale+OE,$29.99,-4938,271970,-2%,"-$148,111"
2026-08-20 16:30:14,2026-08-18,ACMR,"Acm Research, Inc.",Dun Haiping,Dir,S - Sale+OE,$81.13,-5000,855090,-1%,"-$405,670"
2026-08-20 16:30:10,2026-08-17,GSBC,"Great Southern Bancorp, Inc.",Brown Julie A,Dir,S - Sale+OE,$81.00,-851,409686,0%,"-$68,931"
2026-08-20 16:30:08,2026-08-18,CORT,Corcept Therapeutics Inc,Mahoney David L,Dir,S - Sale,$118.25,-103606,1159686,-8%,"-$12,251,411"
2026-08-20 16:30:05,2026-08-18,XOS,"Xos, Inc.",Bernstein Stuart N.,Dir,S - Sale,$4.19,-30000,116775,-20%,"-$125,835"
2026-08-20 16:30:03,2026-08-19,HIMS,"Hims & Hers Health, Inc.",Boughton Soleil,GC,S - Sale,$27.55,-25111,313964,-7%,"-$691,808"
2026-08-20 16:25:53,2026-08-18,AMD,Advanced Micro Devices Inc,Su Lisa T,"Chair, Pres, CEO",S - Sale,$480.94,-15000,3847701,0%,"-$7,214,067"
2026-08-20 16:23:14,2026-08-18,AIT,Applied Industrial Technologies Inc,Wells David K.,"VP-CFO, Treasurer",S - Sale,$355.10,-1812,32050,-5%,"-$643,439"
2026-08-20 16:21:30,2026-08-19,NXT,Nextpower Inc.,Thomas Brandi Elizabeth,Dir,S - Sale,$91.25,-7415,7914,-48%,"-$676,619"
2026-08-20 16:21:28,2026-08-18,CBAN,Colony Bankcorp Inc,Canup Edward G,CHIEF BANKING OFFICER,P - Purchase,$21.63,4000,51026,+9%,"+$86,500"
2026-08-20 16:20:52,2026-08-17,MDGL,"Madrigal Pharmaceuticals, Inc.",Kelley Shannon T,GC,S - Sale,$514.97,-664,11474,-5%,"-$341,940"
2026-08-20 16:18:59,2026-08-18,AMD,Advanced Micro Devices Inc,Hahn Ava,"SVP, GC, Corporate Secretary",S - Sale,$488.69,-2993,26623,-10%,"-$1,462,649"
2026-08-20 16:18:24,2026-08-20,RGTI,"Rigetti Computing, Inc.",Bertelsen Jeffrey A.,CFO,S - Sale,$16.89,-3860,168067,-2%,"-$65,187"
2026-08-20 16:18:00,2026-08-20,RGTI,"Rigetti Computing, Inc.",Rivas David,COO,S - Sale,$16.79,-9038,316907,-3%,"-$151,734"
2026-08-20 16:17:45,2026-08-19,NHC,National Healthcare Corp,Flatt Stephen Fowler,CEO,S - Sale+OE,$237.08,-1500,65487,-2%,"-$355,620"
2026-08-20 16:17:38,2026-08-20,RGTI,"Rigetti Computing, Inc.",Bestwick Andrew Joseph,CTO,S - Sale,$16.81,-5791,1036121,-1%,"-$97,319"
2026-08-20 16:16:58,2026-08-18,OSCR,"Oscar Health, Inc.",Blackley Richard Scott,CFO,S - Sale,$31.74,-18750,1131227,-2%,"-$595,125"
2026-08-20 16:16:56,2026-08-18,AAOI,"Applied Optoelectronics, Inc.",Yeh Shu-Hua (Joshua),*** See Remarks,S - Sale,$147.73,-6000,377498,-2%,"-$886,380"
2026-08-20 16:16:51,2026-08-19,RBLX,Roblox Corp,Reinstra Mark,"GC, Corp. Sec.",S - Sale,$40.00,-6250,636652,-1%,"-$250,000"
2026-08-20 16:15:53,2026-08-19,GWRE,"Guidewire Software, Inc.",Mullen John P,Pres,S - Sale,$185.00,-14400,116715,-11%,"-$2,664,000"
2026-08-20 16:15:21,2026-08-18,RL,Ralph Lauren Corp,Ranftl Robert P.,COO,S - Sale,$377.81,-2901,7261,-29%,"-$1,096,031"
2026-08-20 16:15:20,2026-08-18,PLMR,"Palomar Holdings, Inc.",Knutzen Jonathan,Chief Risk Officer,S - Sale+OE,$127.75,-296,28250,-1%,"-$37,813"
2026-08-20 16:15:18,2026-08-18,PLMR,"Palomar Holdings, Inc.",Uchida T Christopher,CFO,S - Sale+OE,$127.74,-791,16238,-5%,"-$101,043"
2026-08-20 16:15:17,2026-08-18,PLMR,"Palomar Holdings, Inc.",Christianson Jon,Pres,S - Sale+OE,$127.75,-528,66970,-1%,"-$67,450"
2026-08-20 16:15:10,2026-08-19,EBC,"Eastern Bankshares, Inc.",Casey Joseph F,Dir,S - Sale,$23.62,-10000,325478,-3%,"-$236,200"
2026-08-20 16:15:08,2026-08-18,AII,"American Integrity Insurance Group, Inc.",Ritchie Robert C,"CEO, 10%",S - Sale,$25.31,-18000,2133611,-1%,"-$455,520"
2026-08-20 16:14:35,2026-08-19,OPFI,Oppfi Inc.,Schwartz Todd G.,"CEO, 10%",P - Purchase,$7.16,3500,27491385,0%,"+$25,053"
2026-08-20 16:13:54,2026-08-18,CORZ,"Core Scientific, Inc./Tx",Weiss Eric Stanton,Dir,P - Purchase,$19.19,7000,259262,+3%,"+$134,358"
2026-08-20 16:13:34,2026-08-17,BGDE,"Big Digital Energy, Inc.",Davis Rodger,Dir,P - Purchase,$7.10,800,1800,+80%,"+$5,680"
2026-08-20 16:12:06,2026-08-19,MIAX,"Miami International Holdings, Inc.",Gallagher Thomas P.,"COB, CEO",S - Sale,$41.13,-149700,1423275,-10%,"-$6,157,161"
2026-08-20 16:11:08,2026-08-19,KGS,"Kodiak Gas Services, Inc.",McKee Robert Michael,"Pres, CEO",S - Sale,$62.39,-6008,314769,-2%,"-$374,831"
2026-08-20 16:10:19,2026-08-18,ACRV,"Acrivon Therapeutics, Inc.",Peterson Katharine,Chief Accounting Officer,S - Sale,$2.01,-101,18033,-1%,-$203
2026-08-20 16:10:15,2026-08-19,CAH,Cardinal Health Inc,Scherer Mary C.,Chief Accounting Officer,S - Sale,$237.39,-2302,2811,-45%,"-$546,473"
2026-08-20 16:10:13,2026-08-18,KROS,"Keros Therapeutics, Inc.",Tanini Annita,"Corp. Controller, VP, Finance",S - Sale,$10.29,-1224,45144,-3%,"-$12,595"
2026-08-20 16:10:10,2026-08-18,KROS,"Keros Therapeutics, Inc.",Lerner Lorena Raquel,Chief Scientific Officer,S - Sale,$10.29,-3568,27559,-11%,"-$36,715"
2026-08-20 16:10:08,2026-08-18,KROS,"Keros Therapeutics, Inc.",Cho Esther,GC,S - Sale,$10.29,-4485,35770,-11%,"-$46,151"
2026-08-20 16:10:05,2026-08-18,KROS,"Keros Therapeutics, Inc.",Newton Charles W.,Dir,S - Sale,$10.30,-551,12114,-4%,"-$5,675"
2026-08-20 16:09:49,2026-08-18,PXLW,"Pixelworks, Inc",Aman Haley F,CFO,S - Sale,$6.74,-8157,94134,-8%,"-$54,943"
2026-08-20 16:09:47,2026-08-18,ESNT,Essent Group Ltd.,Casale Mark,"COB, CEO, Pres",S - Sale,$70.12,-41853,2289691,-2%,"-$2,934,867"
2026-08-20 16:09:44,2026-08-18,ILMN,"Illumina, Inc.",Wedel Christensen Jakob,"SVP, Strategy, Corp Developmen",S - Sale,$191.52,-1033,14023,-7%,"-$197,840"
2026-08-20 16:09:33,2026-08-18,ACRV,"Acrivon Therapeutics, Inc.",Miller Mary,GC,S - Sale,$2.01,-185,82009,0%,-$372
2026-08-20 16:09:03,2026-08-19,RAPP,"Rapport Therapeutics, Inc.",Yeleswaram Krishnaswamy,Chief Development Officer,S - Sale,$49.90,-404,246022,0%,"-$20,160"
2026-08-20 16:08:56,2026-08-19,KOP,Koppers Holdings Inc.,Ball M Leroy,CEO,S - Sale,$45.84,-3000,433555,-1%,"-$137,520"
2026-08-20 16:08:39,2026-08-18,ACRV,"Acrivon Therapeutics, Inc.",Gamelin Erick,Chief Development Officer,S - Sale,$2.01,-400,52592,-1%,-$804
2026-08-20 16:08:22,2026-08-18,PXLW,"Pixelworks, Inc",Debonis Todd,"Pres, CEO",S - Sale,$6.74,-7917,256392,-3%,"-$53,327"
2026-08-20 16:07:57,2026-08-18,COHR,Coherent Corp.,Luther Sherri R,CFO,S - Sale,$324.00,-3000,64475,-4%,"-$972,000"
2026-08-20 16:07:50,2026-08-18,ACRV,"Acrivon Therapeutics, Inc.",Devroe Eric,COO,S - Sale,$2.01,-604,146349,0%,"-$1,214"
2026-08-20 16:07:48,2026-08-18,TENB,"Tenable Holdings, Inc.",Zecher Linda Kay,Dir,S - Sale,$35.61,-1390,7012,-17%,"-$49,496"
2026-08-20 16:07:36,2026-08-18,ELF,"E.L.F. Beauty, Inc.",Levitan Lauren Cooks,Dir,S - Sale,$93.15,-1034,10516,-9%,"-$96,321"
2026-08-20 16:07:21,2026-08-19,PCTY,Paylocity Holding Corp,Sarowitz Steven I,"Dir, 10%",S - Sale,$150.20,-8539,8396531,0%,"-$1,282,565"
2026-08-20 16:07:15,2026-08-19,PCTY,Paylocity Holding Corp,Scutt Joshua,SVP Chief Revenue Officer,S - Sale,$149.82,-4730,75729,-6%,"-$708,636"
2026-08-20 16:07:06,2026-08-18,ACRV,"Acrivon Therapeutics, Inc.",Blume-Jensen Peter,"Pres, CEO",S - Sale,$2.01,-1713,2629947,0%,"-$3,443"
2026-08-20 16:07:04,2026-08-18,PCTY,Paylocity Holding Corp,Rost Nicholas,"VP CAO, Treasurer",S - Sale,$148.03,-520,13823,-4%,"-$76,976"
2026-08-20 16:06:59,2026-08-19,PCTY,Paylocity Holding Corp,Glenn Ryan,CFO,S - Sale,$149.75,-3345,122563,-3%,"-$500,914"
2026-08-20 16:06:51,2026-08-19,PCTY,Paylocity Holding Corp,Cappotelli Andrew,SVP Operations,S - Sale,$149.83,-2550,44329,-5%,"-$382,065"
2026-08-20 16:06:29,2026-08-20,FORR,"Forrester Research, Inc.",Darrah Ryan,GC,S - Sale,$11.78,-5000,27244,-16%,"-$58,881"
2026-08-20 16:06:14,2026-08-18,WCN,"Waste Connections, Inc.",Rivard Philip,SVP Business Development,S - Sale,$166.57,-2500,734,-77%,"-$416,425"
2026-08-20 16:05:54,2026-08-19,AUGO,Aura Minerals Inc.,Sousa Mauad Bruno,Dir,S - Sale+OE,$81.67,-280000,168765,-62%,"-$22,867,600"
2026-08-20 16:05:42,2026-08-18,RCMT,"Rcm Technologies, Inc.",Saks Michael,"Division Pres, HC Srvs.",S - Sale,$41.07,-10000,89307,-10%,"-$410,682"
2026-08-20 16:05:17,2026-08-19,PVLA,"Palvella Therapeutics, Inc.",Goin Kathleen,COO,S - Sale+OE,$152.21,-4302,0,-100%,"-$654,791"
2026-08-20 16:05:11,2026-08-18,TWST,Twist Bioscience Corp,Finn Patrick John,"Pres, COO",S - Sale+OE,$117.64,-78355,214678,-27%,"-$9,217,607"
2026-08-20 16:05:09,2026-08-18,LFT,"Lument Finance Trust, Inc.",Flynn James Peter,CEO,P - Purchase,$0.61,44000,422939,+12%,"+$26,734"
2026-08-20 16:05:06,2026-08-18,LFT,"Lument Finance Trust, Inc.",Houlihan William A,Dir,P - Purchase,$0.60,20000,300732,+7%,"+$12,000"
2026-08-20 16:05:03,2026-08-18,CURB,Curbline Properties Corp.,Otto Alexander,Dir,S - Sale,$30.02,-34133,7231687,0%,"-$1,024,769"
2026-08-20 16:04:46,2026-08-20,FORR,"Forrester Research, Inc.",Finn Leo Christian,CFO,S - Sale,$11.78,-7000,34476,-17%,"-$82,433"
2026-08-20 16:02:02,2026-08-19,TMO,Thermo Fisher Scientific Inc.,Britt Lisa P.,"SVP, CHRO",S - Sale+OE,$613.12,-11440,14784,-44%,"-$7,014,093"
2026-08-20 16:01:04,2026-08-18,WW,"Ww International, Inc.",Sjoqvist Nikolaj H,Dir,P - Purchase,$13.84,7235,19620,+58%,"+$100,132"
2026-08-20 16:01:03,2026-08-18,FLD,"Fold Holdings, Inc.",Reeves William Brian Poppic,"CEO, 10%",S - Sale,$0.45,-19099,5469373,0%,"-$8,623"
2026-08-20 16:00:03,2026-08-18,OLED,Universal Display Corp Pa,Lacerte Lawrence,Dir,S - Sale,$84.98,-4967,114496,-4%,"-$422,092"
2026-08-20 15:49:39,2026-08-18,PG,Procter & Gamble Co,Whaley Susan Street,"GC, Secy",S - Sale+OE,$144.00,-8644,36415,-19%,"-$1,244,736"
2026-08-20 15:49:07,2026-08-19,EXOD,"Exodus Movement, Inc.",Olivera Matias,CTO,S - Sale,$7.38,-5670,334428,-2%,"-$41,850"
2026-08-20 15:47:02,2026-08-19,MATW,Matthews International Corp,Nauman J Michael,Dir,P - Purchase,$21.98,100,7181,+1%,"+$2,198"
2026-08-20 15:07:30,2026-08-18,SMBC,"Southern Missouri Bancorp, Inc.",Hecker Mark E,EVP-CHIEF CREDIT OFFICER,S - Sale+OE,$75.53,-2685,20247,-12%,"-$202,802"
2026-08-20 15:05:15,2026-08-18,AEIS,Advanced Energy Industries Inc,Acebedo Eduardo Bernal,"EVP, COO",S - Sale+OE,$315.48,-24771,23109,-52%,"-$7,814,693"
2026-08-20 15:05:11,2026-08-18,FOSL,"Fossil Group, Inc.",Tifford Gail B,Dir,S - Sale,$5.49,-55669,110833,-33%,"-$305,623"
2026-08-20 15:03:59,2026-08-19,VAC,Marriott Vacations Worldwide Corp,Asmar Christian,"Dir, 10%",S - Sale,$111.49,-750000,3380818,-18%,"-$83,617,500"
2026-08-20 14:56:15,2026-08-20,CDR,"Cedar Realty Trust, Inc.",Simone Jason,CFO,P - Purchase,$17.00,400,2000,+25%,"+$6,800"
2026-08-20 14:54:12,2026-08-19,JLL,Jones Lang Lasalle Inc,Ulbrich Christian,"CEO, Pres",S - Sale,$380.35,-4000,140418,-3%,"-$1,521,380"
2026-08-20 14:43:37,2026-08-18,IDAI,T Stamp Inc,Genner Gareth Neville,CEO,P - Purchase,$2.55,7300,140075,+5%,"+$18,617"
2026-08-20 14:22:05,2026-08-18,ZD,"Ziff Davis, Inc.",Kretzmer W Brian,Dir,S - Sale,$55.31,-2513,20000,-11%,"-$138,994"
2026-08-20 14:11:04,2026-08-19,AORT,"Artivion, Inc.",Mackin James P,"Pres, CEO",S - Sale,$28.96,-70000,877275,-7%,"-$2,026,850"
2026-08-20 14:08:13,2026-08-19,HKHC,Horizon Kinetics Holding Corp,Herndon Mark,CFO,P - Purchase,$26.70,250,550,+83%,"+$6,675"
2026-08-20 13:45:17,2026-08-20,CFFI,C & F Financial Corp,Dillon Larry G,Exec COB,S - Sale,$86.00,-1000,34058,-3%,"-$86,000"
2026-08-20 13:36:46,2026-08-20,SCND,Scientific Industries Inc,Moore John A,COB,P - Purchase,$0.71,14700,945641,+2%,"+$10,455"
2026-08-20 13:21:15,2026-08-20,BHRB,Burke & Herbert Financial Services Corp.,Wilson David,Dir,P - Purchase,$70.57,35,73327,0%,"+$2,470"
2026-08-20 13:15:35,2026-08-19,BY,"Byline Bancorp, Inc.",Kistner William G,Dir,P - Purchase,$38.30,100,15325,+1%,"+$3,830"
2026-08-20 13:12:46,2026-08-19,BY,"Byline Bancorp, Inc.",Herseth Mary Jo S.,Dir,P - Purchase,$38.40,300,19100,+2%,"+$11,519"
2026-08-20 13:01:32,2026-08-18,PML,Pimco Municipal Income Fund II,Bank of America Corp /de/,10%,P - Purchase,$7.45,100,0,-100%,+$745
2026-08-20 13:01:32,2026-08-18,PML,Pimco Municipal Income Fund II,Bank of America Corp /de/,10%,S - Sale,$7.36,-100,0,-100%,-$736
2026-08-20 12:44:42,2026-08-18,FLYW,Flywire Corp,"Voss Capital, LP",10%,S - Sale+OE,$18.46,-104500,14125000,-1%,"-$1,929,283"
2026-08-20 12:33:20,2026-08-19,FCNCA,First Citizens Bancshares Inc /De/,Morais Diane E.,Dir,P - Purchase,"$2,168.11",50,100,+100%,"+$108,405"
2026-08-20 12:33:14,2026-08-18,GFS,Globalfoundries Inc.,Raman Pradheepa,Chief People Officer,S - Sale,$51.12,-6760,0,-100%,"-$345,571"
2026-08-20 12:27:27,2026-08-19,TPL,Texas Pacific Land Corp,Horizon Kinetics Asset Management LLC,10%,P - Purchase,$372.10,1,3244013,0%,+$372
2026-08-20 12:03:31,2026-08-18,KARO,Karooooo Ltd.,Calisto Isaias Jose,"CEO, Exec COB, 10%",S - Sale,$63.10,-1843,17646902,0%,"-$116,293"
2026-08-20 11:45:00,2026-08-19,DGXX,Digi Power X Inc.,Amar Michel,"CEO, 10%",P - Purchase,$3.60,20000,5985480,0%,"+$72,000"
2026-08-20 11:30:57,2026-08-18,CRDAC,Crawford & Co,Bart Andrew John,EVP,S - Sale,$13.02,-3165,94607,-3%,"-$41,219"
2026-08-20 11:12:24,2026-08-19,UMH,"Umh Properties, Inc.",Carus Jeffrey A,Dir,P - Purchase,$16.46,500,38264,+1%,"+$8,230"
2026-08-20 11:09:50,2026-08-18,FFIN,First Financial Bankshares Inc,Denny Michael B.,Dir,P - Purchase,$34.66,3000,113850,+3%,"+$103,980"
2026-08-20 10:55:35,2026-08-18,RVSB,Riverview Bancorp Inc,Carlson Bradley,Dir,P - Purchase,$5.07,1000,23421,+4%,"+$5,070"
2026-08-20 10:43:49,2026-08-19,IBCP,Independent Bank Corp /Mi/,Kreter Kristopher,"First Vice Pres, Controller",S - Sale,$37.11,-300,2486,-11%,"-$11,133"
2026-08-20 10:11:44,2026-08-20,CTTH,"Ctt Pharmaceutical Holdings, Inc.","Ctt Pharmaceutical Holdings, Inc.",CEO,P - Purchase,$0.05,11500,9378656,0%,+$518
2026-08-20 09:53:22,2026-08-18,CBL,Cbl & Associates Properties Inc,Reinsmidt Kathryn A.,EVP - COO,S - Sale,$57.10,-17515,138539,-11%,"-$1,000,142"
2026-08-20 09:26:30,2026-08-14,GSM,Ferroglobe Plc,Garcia Cos Muntanola Beatriz,CHIEF FINANCE OFFICER,S - Sale+OE,$4.30,-32292,31693,-50%,"-$138,856"
2026-08-20 09:23:56,2026-08-19,PTIX,"Protagenic Therapeutics, Inc.New",Armen Garo H,"EXEC. CHAIR, PRINCIPAL OFF",P - Purchase,$0.35,2700,36899,+8%,+$945
2026-08-20 09:23:45,2026-08-18,BWA,Borgwarner Inc,Kulikowski Amy B.,"VP, Chief Accounting Officer",S - Sale,$68.60,-2900,9725,-23%,"-$198,940"
2026-08-20 09:04:19,2026-08-18,ARLP,Alliance Resource Partners LP,McDaniel Ronna R.,Dir,P - Purchase,$25.81,70,3070,+2%,"+$1,800"
2026-08-20 09:00:10,2026-08-18,AFL,Aflac Inc,"Japan Post Holdings Co., Ltd.",10%,S - Sale,$121.94,-14200,50830490,0%,"-$1,731,559"
2026-08-20 08:33:45,2026-08-19,EPR,Epr Properties,Grace Elizabeth,"SVP - HR, Admin",S - Sale,$60.57,-4200,22427,-16%,"-$254,394"
2026-08-20 08:30:06,2026-07-31,LOOP,"Loop Industries, Inc.",Geygan Jeffrey Richart,Dir,P - Purchase,$0.69,53990,3559057,+2%,"+$37,466"
2026-08-20 08:30:03,2026-08-19,PHIO,Phio Pharmaceuticals Corp.,Plott Ronald Todd,Dir,P - Purchase,$1.14,15000,15000,New,"+$17,100"
2026-08-20 07:41:41,2026-08-18,TSM,Taiwan Semiconductor Manufacturing Co Ltd,Yuan Lipen,VP,P - Purchase,$74.05,2350,10260,+30%,"+$174,023"
2026-08-20 07:33:33,2026-08-18,CAH,Cardinal Health Inc,Hollar Jason M.,CEO,S - Sale,$235.89,-124529,190603,-40%,"-$29,375,516"
2026-08-20 07:30:36,2026-08-18,CAH,Cardinal Health Inc,Mason Stephen M,"CEO, GMPD Segment",S - Sale,$236.40,-35000,18061,-66%,"-$8,274,117"
2026-08-20 07:30:12,2026-08-18,CAH,Cardinal Health Inc,Weitzman Deborah,"CEO, PSS Segment",S - Sale,$235.45,-7354,77901,-9%,"-$1,731,524"
2026-08-20 07:30:04,2026-08-18,ENHA,Enhanced Group Inc.,Apeiron Investment Group Ltd.,"Dir, 10%",P - Purchase,$1.66,1767316,36950951,+5%,"+$2,936,658"
2026-08-20 07:29:44,2026-08-18,CAH,Cardinal Health Inc,Alt Aaron E,CFO,S - Sale,$236.34,-42000,20495,-67%,"-$9,926,140"
2026-08-20 07:29:13,2026-08-18,CAH,Cardinal Health Inc,Mayer Jessica L,"Chief Legal, Compliance Office",S - Sale,$236.19,-29436,33076,-47%,"-$6,952,485"
2026-08-20 07:28:55,2026-08-18,CAH,Cardinal Health Inc,Greene Michelle D.,CIO,S - Sale,$235.72,-11650,10330,-53%,"-$2,746,187"
2026-08-20 06:55:14,2026-08-19,FLUT,Flutter Entertainment Plc,Jackson Jeremy Peter,CEO,S - Sale,$93.32,-2112,72214,-3%,"-$197,085"
2026-08-20 06:03:42,2026-08-19,PHI,Pldt Inc.,Victorio-Aquino Marilyn Azaula,"SVP, Sr. Legal Advisor",S - Sale,$19.09,-12700,40095,-24%,"-$242,402"
2026-08-20 06:02:39,2026-08-18,SNBH,Sentient Brands Holdings Inc.,Wyman Derek Michael,Treasurer,P - Purchase,$0.35,5000,5925,+541%,"+$1,750"
2026-08-20 06:01:54,2026-08-18,ZSQR,Z Squared Inc.,Schadel Christopher Ryan,CMO,P - Purchase,$3.92,1000,1000,New,"+$3,920"
2026-08-20 06:01:18,2026-08-18,SE,Sea Ltd,Kuok Khoon Hua,Dir,S - Sale,$116.03,-17395,787595,-2%,"-$2,018,306"
2026-08-19 21:17:20,2026-08-19,VMRK,Vivmark Residential,Willson Sean Thomas,"SVP, CAO",S - Sale,$64.32,-250,18288,-1%,"-$16,080"
2026-08-19 21:15:14,2026-08-18,VMRK,Vivmark Residential,Schulman Edward M,"EVP, Legal Affairs",S - Sale+OE,$64.29,-16595,48776,-25%,"-$1,066,893"
2026-08-19 21:14:35,2026-08-17,OPI,Office Properties Income Trust,"Redwood Capital Management, LLC",10%,S - Sale,$19.03,-196420,3961992,-5%,"-$3,738,212"
2026-08-19 21:12:26,2026-08-18,CBRS,Cerebras Systems Inc.,Feldman Andrew D.,"CEO, Pres",S - Sale+OE,$222.22,-26644,67419,-28%,"-$5,920,937"
2026-08-19 21:04:56,2026-08-17,HTFL,"Heartflow, Inc.",Rogers Campbell,Chief Medical Officer,S - Sale+OE,$41.23,-9219,231999,-4%,"-$380,099"
2026-08-19 21:01:21,2026-08-17,LBGJ,Li Bang International Corp Inc.,Li Funa,Dir,P - Purchase,$3.40,15088,15220,>999%,"+$51,299"
2026-08-19 21:00:36,2026-08-18,ARTV,"Artiva Biotherapeutics, Inc.",Banerjee Subhashis,Chief Medical Officer,S - Sale+OE,$12.00,-429,144963,0%,"-$5,148"
2026-08-19 21:00:18,2026-08-17,NLST,Netlist Inc,Sasaki Gail M,"EVP, CFO",S - Sale,$6.91,-100000,534594,-16%,"-$690,660"
2026-08-19 20:59:31,2026-08-17,LBGJ,Li Bang International Corp Inc.,Huang Feng,CEO,P - Purchase,$3.40,73147,73788,>999%,"+$248,700"
2026-08-19 20:58:41,2026-08-17,VMRK,Vivmark Residential,Manelis Michael L,"EVP, COO",S - Sale+OE,$64.31,-7825,46039,-15%,"-$503,226"
2026-08-19 20:48:05,2026-08-18,VMRK,Vivmark Residential,Swanezy Susan,Dir,S - Sale+OE,$63.80,-15700,28934,-35%,"-$1,001,660"
2026-08-19 20:46:05,2026-08-19,CAMP,Camp4 Therapeutics Corp,Tardiff Daniel,Chief Scientific Officer,S - Sale,$4.76,-1738,0,-100%,"-$8,273"
2026-08-19 20:44:57,2026-08-17,MPWR,"Monolithic Power Systems, Inc.",Dean Robert W II,Interim CFO,S - Sale,"$1,413.64",-6,7191,0%,"-$8,482"
2026-08-19 20:44:18,2026-08-18,PINS,"Pinterest, Inc.",Silbermann Benjamin,"Dir, 10%",S - Sale+OE,$23.26,-93750,13996,-87%,"-$2,180,466"
2026-08-19 20:42:55,2026-08-18,VMRK,Vivmark Residential,Mueller Charles E Jr,Dir,S - Sale+OE,$63.90,-8000,16084,-33%,"-$511,200"
2026-08-19 20:40:49,2026-08-18,VMRK,Vivmark Residential,Howard Christopher B.,Dir,S - Sale+OE,$64.00,-8486,12730,-40%,"-$543,104"
2026-08-19 20:38:02,2026-08-19,AIAI,Aiai Holdings Corp,Furniss Todd Anthony,CEO,P - Purchase,$5.59,1000,1607165,0%,"+$5,590"
2026-08-19 20:37:40,2026-08-18,LIF,"Life360, Inc.",Hulls Chris,Dir,S - Sale+OE,$46.84,-250000,967992,-21%,"-$11,709,853"
2026-08-19 20:32:42,2026-08-18,ASX,"Light & Wonder, Inc.",Korsanos Antonia,Dir,S - Sale+OE,$91.95,-40000,133796,-23%,"-$3,678,076"
2026-08-19 20:32:07,2026-08-17,PACS,"Pacs Group, Inc.",Murray Jason Hulse,"Co-Founder, CEO, COB, 10%",S - Sale,$44.20,-236116,54845416,0%,"-$10,437,434"
2026-08-19 20:32:06,2026-08-18,OUST,"Ouster, Inc.",Gianella Kenneth P.,CFO,S - Sale,$45.33,-40000,261014,-13%,"-$1,813,278"
2026-08-19 20:30:08,2026-08-18,TKO,"Tko Group Holdings, Inc.",Schleimer Andrew M,CFO,S - Sale+OE,$194.39,-9942,38051,-21%,"-$1,932,625"
2026-08-19 20:30:06,2026-08-18,TKO,"Tko Group Holdings, Inc.",Emanuel Ariel,CEO,S - Sale+OE,$194.39,-24702,174334,-12%,"-$4,801,822"
2026-08-19 20:30:05,2026-08-18,TKO,"Tko Group Holdings, Inc.",Shapiro Mark S,See Remarks,S - Sale+OE,$194.39,-19120,147071,-12%,"-$3,716,737"
2026-08-19 20:30:03,2026-08-18,TKO,"Tko Group Holdings, Inc.",Khan Nick,Dir,S - Sale+OE,$196.61,-14794,39340,-27%,"-$2,908,679"
2026-08-19 20:28:33,2026-08-18,ASX,"Light & Wonder, Inc.",Odell Jamie,Dir,S - Sale+OE,$91.95,-40000,145134,-22%,"-$3,678,076"
2026-08-19 20:28:10,2026-08-19,PINS,"Pinterest, Inc.",Rajaram Gokul,Dir,S - Sale,$23.03,-1050,41203,-2%,"-$24,182"
2026-08-19 20:27:36,2026-08-19,PATH,"Uipath, Inc.",Dines Daniel,"CEO, COB, 10%",S - Sale,$16.07,-1402347,26491238,-5%,"-$22,539,362"
2026-08-19 20:15:10,2026-08-17,ADPT,Adaptive Biotechnologies Corp,Robins Chad M,"CEO, COB",S - Sale+OE,$24.80,-600000,2180518,-22%,"-$14,882,166"
2026-08-19 20:09:43,2026-08-17,AVAV,Aerovironment Inc,Page Stephen F,Dir,S - Sale,$191.98,-250,51385,0%,"-$47,995"
2026-08-19 20:07:56,2026-08-17,ADPT,Adaptive Biotechnologies Corp,Neupert Peter M,Dir,S - Sale+OE,$25.15,-124690,130625,-49%,"-$3,135,850"
2026-08-19 20:01:25,2026-08-17,PLTR,Palantir Technologies Inc.,Moore Alexander D.,Dir,S - Sale,$174.28,-16000,1079095,-1%,"-$2,788,463"
2026-08-19 20:01:15,2026-08-17,HALO,"Halozyme Therapeutics, Inc.",Torley Helen,"Pres, CEO",S - Sale+OE,$104.59,-60000,767780,-7%,"-$6,275,592"
2026-08-19 20:00:32,2026-08-17,UEIC,Universal Electronics Inc,Toro 18 Holdings LLC,10%,S - Sale,$5.13,-66896,1389752,-5%,"-$343,066"
2026-08-19 20:00:09,2026-08-17,TXRH,"Texas Roadhouse, Inc.",Humpich Keith,"CHIEF ACCT, FIN SVCS OFFCR",S - Sale+OE,$204.11,-819,20318,-4%,"-$167,166"
2026-08-19 20:00:07,2026-08-17,TXRH,"Texas Roadhouse, Inc.",Epps Donna E,Dir,S - Sale+OE,$206.56,-820,3993,-17%,"-$169,379"
2026-08-19 19:57:14,2026-08-17,NVEC,Nve Corp /New/,Baker Daniel A,Dir,S - Sale,$121.50,-1500,44803,-3%,"-$182,250"
2026-08-19 19:45:10,2026-08-18,BRLT,"Brilliant Earth Group, Inc.",Gerstein Beth Tamara,"CEO, 10%",P - Purchase,$1.25,10000,10000,New,"+$12,532"
2026-08-19 19:45:02,2026-08-18,BRLT,"Brilliant Earth Group, Inc.",Grossberg Eric Scott,"Exec COB, 10%",P - Purchase,$1.27,10000,10000,New,"+$12,696"
2026-08-19 19:43:56,2026-08-17,WLFC,Willis Lease Finance Corp,Willis Charles F IV,"Exec COB, 10%",S - Sale,$57.27,-78200,9010520,-1%,"-$4,478,279"
2026-08-19 19:42:11,2026-06-05,LIQT,Liqtech International Inc,Wowk Robert,Dir,P - Purchase,$1.00,50000,50000,New,"+$50,000"
2026-08-19 19:23:26,2026-08-19,HIVE,Hive Digital Technologies Ltd.,Perrill Dave,Dir,S - Sale,$2.72,-100000,0,-100%,"-$271,910"
2026-08-19 19:20:15,2026-08-17,CDNS,Cadence Design Systems Inc,Cunningham Paul,SVP,S - Sale+OE,$323.32,-2000,124586,-2%,"-$646,640"
2026-08-19 19:17:14,2026-08-17,NMRA,"Neumora Therapeutics, Inc.",Aurora Daljit Singh,See Remarks,S - Sale+OE,$1.55,-277773,48750,-85%,"-$431,674"
2026-08-19 19:10:42,2026-08-18,PYPL,"Paypal Holdings, Inc.",Kereere Suzan,"Pres, Global Markets",S - Sale,$60.96,-4162,30983,-12%,"-$253,723"
2026-08-19 19:04:29,2026-08-18,SND,"Smart Sand, Inc.",Young James Douglas,SEE REMARKS,S - Sale,$4.89,-27970,344958,-8%,"-$136,842"
2026-08-19 19:02:57,2026-08-19,SND,"Smart Sand, Inc.",Beckelman Lee E,CFO,S - Sale,$4.79,-50000,721845,-6%,"-$239,500"
2026-08-19 19:02:21,2026-08-17,PED,Pedevco Corp,Clark Moore,EVP,S - Sale,$12.61,-10260,89695,-10%,"-$129,417"
2026-08-19 19:00:09,2026-08-17,SNAP,Snap Inc,Mohan Ajit,Chief Business Officer,S - Sale,$5.20,-54608,4972097,-1%,"-$283,825"
2026-08-19 19:00:07,2026-08-17,SNAP,Snap Inc,Morrow Rebecca,Chief Accounting Officer,S - Sale,$5.20,-17336,598105,-3%,"-$90,114"
2026-08-19 19:00:06,2026-08-17,SNAP,Snap Inc,Briers Zachary M,GC,S - Sale,$5.16,-204044,2356791,-8%,"-$1,052,596"
2026-08-19 19:00:04,2026-08-17,SNAP,Snap Inc,Hott Douglas,CFO,S - Sale,$5.20,-131884,2324563,-5%,"-$685,454"
2026-08-19 19:00:02,2026-08-17,MARA,"Mara Holdings, Inc.",Thiel Frederick G,CEO,S - Sale,$9.21,-27505,4335697,-1%,"-$253,321"
2026-08-19 19:00:00,2026-08-17,MARA,"Mara Holdings, Inc.",Khan Salman Hassan,CFO,S - Sale,$9.21,-16000,1983422,-1%,"-$147,360"
2026-08-19 18:59:21,2026-08-18,SEER,"Seer, Inc.",Horn David R.,"Pres, CFO",S - Sale,$2.03,-7309,486650,-1%,"-$14,809"
2026-08-19 18:53:44,2026-08-17,ABNB,"Airbnb, Inc.",Blecharczyk Nathan,"Chief Strategy Officer, 10%",S - Sale+OE,$182.86,-13615,101748,-12%,"-$2,489,607"
2026-08-19 18:51:24,2026-08-19,FTRE,Fortrea Holdings Inc.,Morais Mark A.,COO,S - Sale+OE,$18.19,-4892,82411,-6%,"-$88,985"
2026-08-19 18:49:58,2026-08-17,CRCT,"Cricut, Inc.",Ashish Arora,"CEO, 10%",S - Sale+OE,$5.54,-180000,5777105,-3%,"-$996,348"
2026-08-19 18:45:24,2026-08-17,GLOO,"Gloo Holdings, Inc.",Thrivent Financial For Lutherans,10%,S - Sale,$3.30,-8000,4131000,0%,"-$26,433"
2026-08-19 18:42:32,2026-08-17,REPL,"Replimune Group, Inc.",Hill Emily Luisa,CFO,S - Sale,$14.28,-9256,215852,-4%,"-$132,176"
2026-08-19 18:42:08,2026-08-17,KTOS,"Kratos Defense & Security Solutions, Inc.",Carrai Phillip D,"Pres, STC Division",S - Sale,$63.25,-26500,228728,-10%,"-$1,676,077"
2026-08-19 18:34:11,2026-08-17,MFP,"Midera Food Processing, Inc.",Nerbonne Robert A,Dir,P - Purchase,$45.05,10900,47258,+30%,"+$491,045"
2026-08-19 18:31:45,2026-08-17,MRCY,Mercury Systems Inc,Munro Douglas,"SVP, CAO",S - Sale,$110.73,-898,13998,-6%,"-$99,431"
2026-08-19 18:30:28,2026-08-19,PB,Prosperity Bancshares Inc,Holmes Ned S,Dir,S - Sale,$73.66,-1100,280618,0%,"-$81,025"
2026-08-19 18:30:06,2026-08-17,SBAC,Sba Communications Corp,Krouse George R Jr,Dir,S - Sale+OE,$182.67,-300,8512,-3%,"-$54,802"
2026-08-19 18:29:11,2026-08-17,MRCY,Mercury Systems Inc,Ratner Steven,"EVP, CHRO",S - Sale,$110.86,-3055,26844,-10%,"-$338,673"
2026-08-19 18:28:51,2026-08-17,KTOS,"Kratos Defense & Security Solutions, Inc.",Mendoza Marie,"SVP, GC",S - Sale,$64.37,-1513,61976,-2%,"-$97,392"
2026-08-19 18:26:24,2026-08-17,MRCY,Mercury Systems Inc,Kupinsky Stuart,"EVP, CLO, Corp Sec",S - Sale,$110.65,-2373,59893,-4%,"-$262,571"
2026-08-19 18:26:19,2026-08-17,IRDM,Iridium Communications Inc.,Fitzpatrick Thomas,Dir,S - Sale,$50.15,-224279,43260,-84%,"-$11,247,944"
2026-08-19 18:26:04,2026-08-17,IRDM,Iridium Communications Inc.,Last Timothy James,"EVP, Sales, Marketing",S - Sale,$50.34,-19521,93413,-17%,"-$982,767"
2026-08-19 18:25:49,2026-08-17,IRDM,Iridium Communications Inc.,Kapalka Timothy,CAO Iridium Satellite LLC,S - Sale,$50.51,-13473,35731,-27%,"-$680,521"
2026-08-19 18:25:33,2026-08-17,IRDM,Iridium Communications Inc.,McBride Suzanne E.,Chief Operations Officer,S - Sale,$50.28,-85454,282017,-23%,"-$4,296,627"
2026-08-19 18:25:22,2026-08-17,MRCY,Mercury Systems Inc,Farnsworth David E.,"EVP, CFO",S - Sale,$111.14,-8692,134250,-6%,"-$966,029"
2026-08-19 18:25:18,2026-08-17,IRDM,Iridium Communications Inc.,Morgan Kathleen A.,GC,S - Sale,$50.35,-33192,124871,-21%,"-$1,671,163"
2026-08-19 18:25:00,2026-08-17,IRDM,Iridium Communications Inc.,Olson Eric T,Dir,S - Sale,$50.61,-8000,149680,-5%,"-$404,880"
2026-08-19 18:24:22,2026-08-17,MRCY,Mercury Systems Inc,Ballhaus William L,"COB, Pres, CEO",S - Sale,$111.18,-27680,285478,-9%,"-$3,077,407"
2026-08-19 18:21:25,2026-08-17,LQDA,Liquidia Corp,Saggar Rajeev,Chief Medical Officer,S - Sale+OE,$75.09,-79534,142265,-36%,"-$5,972,206"
2026-08-19 18:20:29,2026-08-18,CVCO,"Cavco Industries, Inc.",Bigbee Paul,Chief Accounting Officer,S - Sale,$592.00,-342,736,-32%,"-$202,464"
2026-08-19 18:20:27,2026-08-17,UPST,"Upstart Holdings, Inc.",Datta Sanjay,"Pres, Capital,Enterprise",S - Sale,$29.36,-2033,311523,-1%,"-$59,683"
2026-08-19 18:19:30,2026-08-18,MIRM,"Mirum Pharmaceuticals, Inc.",Howe Jolanda,"SVP, GLOBAL CONTROLLER",S - Sale+OE,$100.00,-40000,1274,-97%,"-$4,000,000"
2026-08-19 18:14:48,2026-08-17,UPST,"Upstart Holdings, Inc.",Darling Scott,GC,S - Sale,$29.36,-814,127612,-1%,"-$23,898"
2026-08-19 18:14:18,2026-08-17,UPST,"Upstart Holdings, Inc.",Blankmeyer Andrea,CFO,S - Sale,$29.35,-10175,152208,-6%,"-$298,636"
2026-08-19 18:13:11,2026-08-19,SYNA,Synaptics Inc,Patel Rahul G.,See remarks below,S - Sale,$105.39,-2276,188791,-1%,"-$239,868"
2026-08-19 18:12:10,2026-08-17,ALAB,"Astera Labs, Inc.",Gajendra Sanjay,"Pres, COO",S - Sale,$340.36,-90630,7639440,-1%,"-$30,846,356"
2026-08-19 18:11:27,2026-08-17,ALAB,"Astera Labs, Inc.",Mazzara Philip,"GC, Secretary",S - Sale,$340.50,-6801,96542,-7%,"-$2,315,754"
2026-08-19 18:11:25,2026-08-14,ZNTL,"Zentalis Pharmaceuticals, Inc.",Walters Group,10%,P - Purchase,$3.50,4335000,17844973,+32%,"+$15,172,500"
2026-08-19 18:10:07,2026-08-17,DOCN,"Digitalocean Holdings, Inc.",Srinivasan Padmanabhan T,CEO,S - Sale,$129.11,-5697,783300,-1%,"-$735,540"
2026-08-19 18:10:04,2026-08-17,ALAB,"Astera Labs, Inc.",Mohan Jitendra,CEO,S - Sale,$340.36,-90630,8055898,-1%,"-$30,846,356"
2026-08-19 18:07:08,2026-08-18,SYNA,Synaptics Inc,Gupta Vikram,See Remarks,S - Sale,$103.65,-4277,103468,-4%,"-$443,328"
2026-08-19 18:06:53,2026-08-17,CNXN,Pc Connection Inc,Gallup Patricia,"COB, Chief Admin Officer, 10%",S - Sale,$78.61,-14284,13686555,0%,"-$1,122,820"
2026-08-19 18:04:04,2026-08-18,SYNA,Synaptics Inc,Bodensteiner Lisa,See Remarks,S - Sale,$103.62,-6056,78634,-7%,"-$627,534"
2026-08-19 18:02:39,2026-08-19,DNTH,"Dianthus Therapeutics, Inc. /De/",Read Simon,Dir,S - Sale+OE,$117.55,-2778,0,-100%,"-$326,554"
2026-08-19 18:02:16,2026-08-17,ETSY,Etsy Inc,Buckley Merilee,Chief Accounting Officer,S - Sale,$79.50,-405,0,-100%,"-$32,197"
2026-08-19 18:01:41,2026-08-18,SYNA,Synaptics Inc,Song Esther,See Remarks,S - Sale,$103.68,-437,14683,-3%,"-$45,308"
2026-08-19 18:00:45,2026-08-17,ETSY,Etsy Inc,Blow Marla J,Dir,S - Sale,$79.56,-300,13024,-2%,"-$23,868"
2026-08-19 17:59:13,2026-08-18,VG,"Venture Global, Inc.",Thayer Jonathan W,CFO,S - Sale+OE,$14.01,-222222,0,-100%,"-$3,113,686"
2026-08-19 17:58:27,2026-08-17,ANTX,"An2 Therapeutics, Inc.",Readnour Robin Shane,Dir,S - Sale,$6.01,-35402,642944,-5%,"-$212,702"
2026-08-19 17:55:24,2026-08-17,BLND,"Blend Labs, Inc.","Haveli Investments, L.P.","Dir, 10%",P - Purchase,$1.44,17397,18841054,0%,"+$25,120"
2026-08-19 17:55:13,2026-06-10,AXTI,Axt Inc,Leblanc Leonard J,Dir,S - Sale,$88.57,-2500,117129,-2%,"-$221,425"
2026-08-19 17:50:59,2026-08-18,DBX,"Dropbox, Inc.",Webster Eric T,Chief Business Officer,S - Sale,$34.09,-15830,416236,-4%,"-$539,694"
2026-08-19 17:46:55,2026-08-17,SERV,Serve Robotics Inc. /De/,Read Brian,CFO,S - Sale,$5.03,-41069,276002,-13%,"-$206,766"
2026-08-19 17:46:43,2026-08-18,SERV,Serve Robotics Inc. /De/,Parang Touraj,"Pres, COO",S - Sale,$4.55,-37993,1260251,-3%,"-$172,703"
2026-08-19 17:46:29,2026-08-18,SERV,Serve Robotics Inc. /De/,Kashani Ali,CEO,S - Sale,$4.56,-45158,3249003,-1%,"-$205,920"
2026-08-19 17:45:53,2026-08-17,AXTI,Axt Inc,Leblanc Leonard J,Dir,S - Sale,$96.07,-4000,113129,-3%,"-$384,280"
2026-08-19 17:42:55,2026-08-17,XYZ,"Block, Inc.",Eisen Anthony Mathew,Dir,S - Sale,$80.12,-18000,1506672,-1%,"-$1,442,100"
2026-08-19 17:42:13,2026-08-17,NET,"Cloudflare, Inc.",Starzak Alissa Michelle,GC,S - Sale+OE,$307.79,-5871,112082,-5%,"-$1,807,014"
2026-08-19 17:42:00,2026-08-17,SITM,Sitime Corp,Frank Edward H.,Dir,S - Sale,$745.00,-1000,12999,-7%,"-$745,000"
2026-08-19 17:41:35,2026-08-17,CBRS,Cerebras Systems Inc.,Vishria Eric,Dir,S - Sale,$229.77,-68268,142333,-32%,"-$15,685,957"
2026-08-19 17:39:47,2026-08-17,ISRG,Intuitive Surgical Inc,Brosius Mark,"EVP, Chief Mfg, Supply Cha",S - Sale,$392.98,-231,1035,-18%,"-$90,778"
2026-08-19 17:37:15,2026-08-17,NET,"Cloudflare, Inc.",Riley Janel,Chief Accounting Officer,S - Sale+OE,$306.91,-5148,41547,-11%,"-$1,579,995"
2026-08-19 17:36:22,2026-08-17,CRWV,"Coreweave, Inc.",McBee Brannin,Chief Development Officer,S - Sale+OE,$106.10,-500,50300,-1%,"-$53,048"
2026-08-19 17:36:03,2026-08-18,CVLT,Commvault Systems Inc,Merrill Gary,CFO,S - Sale,$143.30,-3147,69628,-4%,"-$450,949"
2026-08-19 17:35:45,2026-08-17,CVLT,Commvault Systems Inc,Abrahamsen Danielle Nicole,Chief Accounting Officer,S - Sale,$143.27,-996,12160,-8%,"-$142,698"
2026-08-19 17:35:32,2026-08-17,NET,"Cloudflare, Inc.",Seifert Thomas J,CFO,S - Sale+OE,$307.32,-10000,203183,-5%,"-$3,073,176"
2026-08-19 17:35:29,2026-08-17,CVLT,Commvault Systems Inc,Mirchandani Sanjay,"Pres, CEO",S - Sale,$143.58,-24134,257676,-9%,"-$3,465,076"
2026-08-19 17:35:20,2026-08-17,CRWV,"Coreweave, Inc.",McBee Brannin,Chief Development Officer,S - Sale+OE,$106.08,-55500,0,-100%,"-$5,887,624"
2026-08-19 17:33:54,2026-08-17,CRWV,"Coreweave, Inc.",McBee Brannin,Chief Development Officer,S - Sale+OE,$106.08,-194000,323263,-38%,"-$20,580,128"
2026-08-19 17:31:35,2026-08-17,CRWV,"Coreweave, Inc.",Goldberg Chen,"EVP, Product, Engineering",S - Sale,$106.11,-6397,64869,-9%,"-$678,791"
2026-08-19 17:31:11,2026-08-17,MORN,"Morningstar, Inc.",Mansueto Joseph D,"Exec COB, 10%",S - Sale,$210.25,-21750,14382871,0%,"-$4,572,830"
2026-08-19 17:30:05,2026-08-19,CTGO,Contango Silver & Gold Inc.,Clark Michael Aaron,CFO,S - Sale,$20.94,-1289,54709,-2%,"-$26,992"
2026-08-19 17:30:03,2026-08-19,CTGO,Contango Silver & Gold Inc.,Larimer David Gregory,VP Exploration,S - Sale,$20.94,-96,17997,-1%,"-$2,010"
2026-08-19 17:29:37,2026-08-17,UUU,"Universal Safety Products, Inc.",Ault Milton C III,"Dir, 10%",P - Purchase,$5.12,39303,1093355,+4%,"+$201,393"
2026-08-19 17:25:26,2026-08-17,AMZN,Amazon Com Inc,Herrington Douglas J,CEO Worldwide Amazon Stores,S - Sale+OE,$262.76,-3741,473747,-1%,"-$982,993"
2026-08-19 17:23:30,2026-08-17,REFI,"Chicago Atlantic Real Estate Finance, Inc.",Mazarakis John,Exec COB,P - Purchase,$10.25,25000,515230,+5%,"+$256,325"
2026-08-19 17:23:25,2026-08-18,DBX,"Dropbox, Inc.",Dasdan Ali,CTO,S - Sale,$34.13,-11332,471052,-2%,"-$386,732"
2026-08-19 17:23:03,2026-08-17,CVX,Chevron Corp,Walz Andrew Benjamin,"Pres, DM, C",S - Sale+OE,$201.06,-16800,9004,-65%,"-$3,377,833"
2026-08-19 17:22:57,2026-08-17,REFI,"Chicago Atlantic Real Estate Finance, Inc.",Cappell Anthony,Co-CEO,P - Purchase,$10.41,45000,466706,+11%,"+$468,225"
2026-08-19 17:20:05,2026-08-17,PTCT,"Ptc Therapeutics, Inc.",Boulding Mark Elliott,"EVP, CLO",S - Sale+OE,$72.57,-2813,105272,-3%,"-$204,127"
2026-08-19 17:17:31,2026-08-19,VTOL,Bristow Group Inc.,Miller Maryanne,Dir,S - Sale,$46.05,-430,23440,-2%,"-$19,802"
2026-08-19 17:16:18,2026-08-17,DUOL,"Duolingo, Inc.",Glance Natalie,Chief Engineering Officer,S - Sale,$132.24,-4290,169241,-2%,"-$567,315"
2026-08-19 17:16:10,2026-08-17,DUOL,"Duolingo, Inc.",Meese Robert,Chief Business Officer,S - Sale,$129.13,-1354,172991,-1%,"-$174,842"
2026-08-19 17:16:02,2026-08-17,DUOL,"Duolingo, Inc.",Chen Stephen C.,GC,S - Sale,$129.13,-1024,51841,-2%,"-$132,229"
2026-08-19 17:14:04,2026-08-17,RELY,"Remitly Global, Inc.",Morris Nigel W,Dir,S - Sale,$26.30,-23249,1827807,-1%,"-$611,396"
2026-08-19 17:12:01,2026-08-19,TK,Teekay Corp Ltd,Speers Brody,CFO,S - Sale,$13.10,-2350,1014,-70%,"-$30,780"
2026-08-19 17:11:04,2026-08-17,VLTO,Veralto Corp,Trivedi Surekha,"SVP, Strategy, Sustainability",S - Sale,$97.05,-986,8565,-10%,"-$95,691"
2026-08-19 17:10:41,2026-08-17,PBF,Pbf Energy Inc.,Nimbley Thomas J.,Dir,S - Sale+OE,$74.42,-341008,793737,-30%,"-$25,376,697"
2026-08-19 17:09:34,2026-08-17,MAX,"Mediaalpha, Inc.",Nonko Eugene,Dir,S - Sale,$12.97,-34461,1792103,-2%,"-$446,830"
2026-08-19 17:09:18,2026-08-17,HVT,Haverty Furniture Companies Inc,Smith Clarence H,Executive Chairman,S - Sale+OE,$28.16,-20991,839927,-2%,"-$591,107"
2026-08-19 17:07:55,2026-08-18,GMED,Globus Medical Inc,Zarrilli Stephen T,Dir,S - Sale+OE,$87.04,-25000,0,-100%,"-$2,175,965"
2026-08-19 17:06:37,2026-08-18,AGYS,Agilysys Inc,Wood William David III,CFO,S - Sale,$114.72,-6000,35052,-15%,"-$688,320"
2026-08-19 17:06:32,2026-08-17,VECO,Veeco Instruments Inc,Miller William John,CEO,S - Sale,$54.18,-200000,169570,-54%,"-$10,836,411"
2026-08-19 17:05:31,2026-08-17,ATI,Ati Inc,Fields Kimberly A,"Chair, Pres, CEO",S - Sale,$231.19,-24845,100719,-20%,"-$5,744,009"
2026-08-19 17:05:25,2026-08-17,WCC,Wesco International Inc,Khurana Akash,"EVP, Chief Info, Digital Offic",S - Sale,$366.78,-3400,27404,-11%,"-$1,247,046"
2026-08-19 17:04:03,2026-08-17,SMHI,Seacor Marine Holdings Inc.,Llorca Jesus,"EVP, CFO",S - Sale,$9.85,-3207,385082,-1%,"-$31,589"
2026-08-19 17:03:44,2026-08-18,AGYS,Agilysys Inc,Badger Kyle C,"SVP, GC, Secretary",S - Sale,$114.06,-8400,75037,-10%,"-$958,104"
2026-08-19 17:01:55,2026-08-17,SHW,Sherwin Williams Co,Binns Justin T,"Pres, Glob. Architectural",S - Sale+OE,$352.70,-13500,27134,-33%,"-$4,761,450"
2026-08-19 17:01:09,2026-08-17,HRTG,"Heritage Insurance Holdings, Inc.",Garateix Ernie J,CEO,S - Sale,$34.43,-10000,1050955,-1%,"-$344,275"
2026-08-19 17:01:01,2026-08-17,HRTG,"Heritage Insurance Holdings, Inc.",Lusk Kirk,CFO,S - Sale,$34.16,-10000,492522,-2%,"-$341,587"
2026-08-19 17:00:13,2026-08-18,LXEO,"Lexeo Therapeutics, Inc.",Tamayo Louis Edward,CFO,S - Sale,$4.91,-4117,92907,-4%,"-$20,203"
2026-08-19 17:00:11,2026-08-18,LXEO,"Lexeo Therapeutics, Inc.",Townsend Richard Nolan,CEO,S - Sale,$4.95,-3345,374472,-1%,"-$16,562"
2026-08-19 17:00:08,2026-08-18,LXEO,"Lexeo Therapeutics, Inc.",Otero Jose Manuel,COO,S - Sale,$4.96,-1304,136178,-1%,"-$6,464"
2026-08-19 17:00:05,2026-08-17,CARS,Cars.Com Inc.,Marks Angelique Strong,GC,S - Sale,$11.94,-57980,149636,-28%,"-$692,281"
2026-08-19 17:00:04,2026-08-17,FBP,First Bancorp /Pr/,Rivera Nayda,"EVP, CCO, Chief of Staff",S - Sale,$29.59,-10000,240398,-4%,"-$295,920"
2026-08-19 16:57:48,2026-08-17,NTAP,"Netapp, Inc.",Cernuda Cesar,Pres,S - Sale,$204.48,-2608,46530,-5%,"-$533,290"
2026-08-19 16:57:04,2026-08-17,ARQT,"Arcutis Biotherapeutics, Inc.",Welgus Howard G.,Dir,S - Sale+OE,$26.18,-4730,36475,-11%,"-$123,835"
2026-08-19 16:56:55,2026-08-18,RTX,Rtx Corp,Maharajh Ramsaran,"EVP, GC",S - Sale+OE,$223.92,-13655,17178,-44%,"-$3,057,563"
2026-08-19 16:56:53,2026-08-18,SNA,Snap-On Inc,Pinchuk Nicholas T,"COB, Pres, CEO",S - Sale+OE,$399.69,-22889,868654,-3%,"-$9,148,509"
2026-08-19 16:56:50,2026-08-17,MCHP,Microchip Technology Inc,Bjornholt James Eric,"SENIOR CORPORATE VP, CFO",S - Sale+OE,$80.26,-837,30960,-3%,"-$67,178"
2026-08-19 16:55:13,2026-08-17,GEN,Gen Digital Inc.,Witteveen Travis Michael,"Head of Products, Portfolio",S - Sale,$28.06,-440,634545,0%,"-$12,346"
2026-08-19 16:50:37,2026-08-17,ATNI,"Atn International, Inc.",Prior Cornelius B Jr,10%,S - Sale,$31.79,-6745,4048695,0%,"-$214,401"
2026-08-19 16:49:25,2026-08-18,DCO,Ducommun Inc /De/,Oswald Stephen G,"COB, Pres, CEO",S - Sale+OE,$203.95,-2500,383864,-1%,"-$509,875"
2026-08-19 16:48:38,2026-08-17,HSY,Hershey Co,Hershey Trust Co Trustee In Trust For Milton Hershey School,10%,S - Sale+OE,$184.35,-30000,1015749,-3%,"-$5,530,535"
2026-08-19 16:47:21,2026-08-17,MSGM,Motorsport Games Inc.,"Red Oak Partners, LLC",10%,P - Purchase,$3.95,30113,488694,+7%,"+$119,008"
2026-08-19 16:45:23,2026-08-18,CNC,Centene Corp,Koster Christopher,"Secretary, GC",S - Sale,$65.36,-47603,305454,-13%,"-$3,111,332"
2026-08-19 16:43:53,2026-08-17,LAW,"Cs Disco, Inc.",Herckis Karen,"EVP, CHRO",S - Sale,$4.18,-8487,181824,-4%,"-$35,476"
2026-08-19 16:43:21,2026-08-17,LAW,"Cs Disco, Inc.",Antoon Melanie,"EVP, Chief Customer Officer",S - Sale,$4.18,-8514,267507,-3%,"-$35,589"
2026-08-19 16:43:19,2026-08-17,AXIA,Axia Energia S.A.,Batista De Lima Filho Pedro,Dir,S - Sale+OE,$9.71,-33200,4963099,-1%,"-$322,396"
2026-08-19 16:43:19,2026-08-17,AXIA,Axia Energia S.A.,Batista De Lima Filho Pedro,Dir,P - Purchase,$9.70,12800,4963099,0%,"+$124,160"
2026-08-19 16:43:00,2026-08-17,LAW,"Cs Disco, Inc.",Garcia Susan,"GC, Chief Compliance Officer",S - Sale,$4.18,-6840,139109,-5%,"-$28,591"
2026-08-19 16:42:47,2026-08-17,HOOD,"Robinhood Markets, Inc.",Verma Shiv,CFO,S - Sale,$95.07,-3982,51963,-7%,"-$378,569"
2026-08-19 16:42:10,2026-08-17,NATR,Natures Sunshine Products Inc,"Prescott Group Capital Management, L.L.C.",10%,P - Purchase,$14.69,20000,1944486,+1%,"+$293,800"
2026-08-19 16:41:29,2026-08-17,LAW,"Cs Disco, Inc.",Crum Richard Francis,"EVP, Chief Prod, Tech Officer",S - Sale,$4.18,-7426,335183,-2%,"-$31,041"
2026-08-19 16:40:17,2026-08-17,RVI,Robinhood Ventures Fund I,"Robinhood Markets, Inc.",10%,S - Sale,$28.33,-9584,13038095,0%,"-$271,523"
2026-08-19 16:39:24,2026-08-17,NTCT,Netscout Systems Inc,Munshi Sanjay,COO,S - Sale,$39.27,-2269,6729,-25%,"-$89,104"
2026-08-19 16:39:08,2026-08-17,NTB,Bank of N.T. Butterfield & Son Ltd,Collins Michael W,CEO,S - Sale,$61.59,-207037,0,-100%,"-$12,752,150"
2026-08-19 16:39:04,2026-08-18,NTB,Bank of N.T. Butterfield & Son Ltd,Pearce Jane,"MD, Trust",S - Sale,$61.78,-16368,0,-100%,"-$1,011,169"
2026-08-19 16:37:45,2026-08-17,AMKR,"Amkor Technology, Inc.",Rogers Mark N,"EVP, GC",S - Sale+OE,$59.78,-5000,38904,-11%,"-$298,900"
2026-08-19 16:37:12,2026-08-17,ARE,"Alexandria Real Estate Equities, Inc.",Marcus Joel S,Exec COB,P - Purchase,$46.28,5000,592724,+1%,"+$231,400"
2026-08-19 16:35:35,2026-08-18,BFST,"Business First Bancshares, Inc.",Cummings George W. III,Dir,S - Sale+OE,$31.78,-10000,205091,-5%,"-$317,800"
2026-08-19 16:35:31,2026-08-18,VRSN,Verisign Inc/Ca,Bidzos D James,"Exec. COB, Pres, CEO",S - Sale,$277.85,-3300,401389,-1%,"-$916,910"
2026-08-19 16:33:51,2026-08-18,UTHR,United Therapeutics Corp,Rothblatt Martine A,"CHAIRPERSON, CEO",S - Sale+OE,$515.60,-9500,668728,-1%,"-$4,898,221"
2026-08-19 16:32:35,2026-08-11,MPTI,"M-Tron Industries, Inc.",Biles Linda M,EVP - Finance,S - Sale+OE,$85.05,-1218,28723,-4%,"-$103,591"
2026-08-19 16:31:37,2026-08-18,GDYN,"Grid Dynamics Holdings, Inc.",Gryzlov Yury,COO,S - Sale,$7.53,-467,506988,0%,"-$3,517"
2026-08-19 16:31:30,2026-08-17,VSEC,Vse Corp,Cuomo John A,"CEO, Pres",S - Sale,$242.49,-17500,169537,-9%,"-$4,243,533"
2026-08-19 16:30:33,2026-08-17,QVCG,"Qvc Group, Inc.",Goldentree Asset Management LP,10%,P - Purchase,$15.18,44942,8628724,+1%,"+$682,227"
2026-08-19 16:30:29,2026-08-14,SNDA,"Sonida Senior Living, Inc.",Harris Benjamin P,Dir,S - Sale,$39.79,-6269,10037,-38%,"-$249,441"
2026-08-19 16:30:10,2026-08-19,LWAY,"Lifeway Foods, Inc.",Smolyansky Julie,"CEO, Pres, Secretary, 10%",P - Purchase,$25.26,2000,2742020,0%,"+$50,520"
2026-08-19 16:30:08,2026-08-17,OLP,One Liberty Properties Inc,Clair Justin,EVP,S - Sale,$24.06,-4500,34153,-12%,"-$108,270"
2026-08-19 16:30:07,2026-08-17,AUR,"Aurora Innovation, Inc.",Volpi Michelangelo,Dir,S - Sale+OE,$7.00,-2842682,943067,-75%,"-$19,909,576"
2026-08-19 16:30:05,2026-08-18,ACU,Acme United Corp,Olschan Brian S,"Pres, COO",S - Sale,$61.48,-7308,41172,-15%,"-$449,312"
2026-08-19 16:30:03,2026-08-17,CADL,"Candel Therapeutics, Inc.",Tyagarajan Seshu,CTO,S - Sale,$12.00,-7000,76865,-8%,"-$84,000"
2026-08-19 16:28:36,2026-08-17,FRPT,"Freshpet, Inc.",Cyr William B.,CEO,S - Sale+OE,$72.83,-44067,446641,-9%,"-$3,209,351"
2026-08-19 16:24:35,2026-08-17,SHC,Sotera Health Co,Petras Michael B. Jr.,Exec COB,S - Sale,$18.50,-1144515,4367305,-21%,"-$21,174,786"
2026-08-19 16:23:54,2026-08-17,GRAB,Grab Holdings Ltd,Oey Peter Henry,CFO,S - Sale,$3.60,-50000,6853470,-1%,"-$180,180"
2026-08-19 16:23:47,2026-08-17,IBTA,"Ibotta, Inc.",Leach Bryan,"CEO, Pres, 10%",S - Sale+OE,$35.93,-35616,866484,-4%,"-$1,279,769"
2026-08-19 16:21:38,2026-08-18,ICU,Seastar Medical Holding Corp,Messinger Michael,CFO,P - Purchase,$3.27,750,2500,+43%,"+$2,453"
2026-08-19 16:21:10,2026-08-18,TDG,Transdigm Group Inc,Howley W Nicholas,Dir,S - Sale+OE,"$1,236.28",-10132,21548,-32%,"-$12,525,949"
2026-08-19 16:20:53,2026-08-18,RPRX,Royalty Pharma Plc,Hite Christopher,"EVP, COB, Partnering",S - Sale,$59.97,-100000,393601,-20%,"-$5,997,250"
2026-08-19 16:20:28,2026-05-13,FMBM,F&M Bank Corp,Eberly Paul E.,"EVP, Chief Lending Officer",S - Sale,$33.38,-1000,8636,-10%,"-$33,380"
2026-08-19 16:18:48,2026-08-17,AAT,"American Assets Trust, Inc.",Rady Ernest S,"Exec COB, 10%",P - Purchase,$22.59,63586,13992035,0%,"+$1,436,566"
2026-08-19 16:18:31,2026-08-18,GLPI,"Gaming & Leisure Properties, Inc.",Shanks Earl C,Dir,P - Purchase,$42.24,10000,107259,+10%,"+$422,400"
2026-08-19 16:17:49,2026-08-17,ELVN,"Enliven Therapeutics, Inc.",Hohl Benjamin,CFO,S - Sale,$58.58,-6018,40036,-13%,"-$352,551"
2026-08-19 16:17:43,2026-08-18,SGRY,"Surgery Partners, Inc.",Deluca Teresa,Dir,P - Purchase,$14.35,10000,66843,+18%,"+$143,500"
2026-08-19 16:17:38,2026-08-17,PSMT,Pricesmart Inc,Velasco Francisco,"EVP - CLO, CRCO",S - Sale,$177.87,-338,75710,0%,"-$60,120"
2026-08-19 16:17:24,2026-08-17,PH,Parker-Hannifin Corp,Scott Patrick,"VP, Pres-Fluid Conn. Grp.",S - Sale,$1.71,-1235,3701,-25%,"-$2,116"
2026-08-19 16:16:32,2026-08-19,BRCC,Brc Inc.,Dickson Kathryn P,Dir,P - Purchase,$0.85,50000,522690,+11%,"+$42,475"
2026-08-19 16:16:13,2026-08-17,ELVN,"Enliven Therapeutics, Inc.",Collins Helen Louise,CHIEF MEDICAL OFFICER,S - Sale+OE,$58.59,-5000,25000,-17%,"-$292,931"
2026-08-19 16:16:10,2026-08-17,MTDR,Matador Resources Co,Foran Joseph Wm,"COB, CEO",P - Purchase,$53.64,400,5479675,0%,"+$21,456"
2026-08-19 16:15:58,2026-08-17,MTSI,"Macom Technology Solutions Holdings, Inc.",Kober John,"SVP, CFO",S - Sale,$326.08,-7389,33583,-18%,"-$2,409,423"
2026-08-19 16:15:50,2026-08-17,TWLO,Twilio Inc,Viggiano Aidan,CFO,S - Sale,$234.48,-1394,108330,-1%,"-$326,863"
2026-08-19 16:15:48,2026-08-17,AUR,"Aurora Innovation, Inc.","Uber Technologies, Inc",10%,S - Sale,$6.55,-72000000,186473411,-28%,"-$471,600,000"
2026-08-19 16:15:39,2026-08-17,WH,"Wyndham Hotels & Resorts, Inc.",Ballotti Geoffrey A,"Pres, CEO",S - Sale+OE,$72.71,-19414,714368,-3%,"-$1,411,576"
2026-08-19 16:15:29,2026-08-18,TAK,Takeda Pharmaceutical Co Ltd,Greenway Nicola Deidre Petal,CHRO,S - Sale,$18.11,-12980,40049,-24%,"-$235,118"
2026-08-19 16:15:21,2026-08-17,CDRE,"Cadre Holdings, Inc.",Williams Brad,Pres,S - Sale+OE,$33.24,-88742,172932,-34%,"-$2,949,898"
2026-08-19 16:14:59,2026-08-19,DMLP,"Dorchester Minerals, L.P.",Moriyama Leslie A,CFO,P - Purchase,$28.30,5197,103405,+5%,"+$147,075"
2026-08-19 16:14:56,2026-08-17,NPKI,Npk International Inc.,Lewis Michael A,Dir,S - Sale,$14.26,-2013,135865,-1%,"-$28,705"
2026-08-19 16:13:33,2026-08-19,HAS,"Hasbro, Inc.",Hight John,"Pres, WOTC",S - Sale,$94.63,-11593,38597,-23%,"-$1,097,046"
2026-08-19 16:12:08,2026-08-17,MIAX,"Miami International Holdings, Inc.",Schwarzkopf Cynthia,Dir,S - Sale+OE,$42.85,-5000,88545,-5%,"-$214,250"
2026-08-19 16:11:49,2026-08-17,CSTL,Castle Biosciences Inc,Juvenal Tobin W,Chief Commercial Officer,S - Sale,$29.59,-1730,75964,-2%,"-$51,191"
2026-08-19 16:11:11,2026-08-17,IOT,Samsara Inc.,Kirchhoff Benjamin Louis,CHIEF ACCOUNTING OFFICER,S - Sale,$39.36,-3614,159186,-2%,"-$142,254"
2026-08-19 16:10:21,2026-08-19,TILE,Interface Inc,Blackorby William Thomas,"VP, Chief Supply Chain Officer",S - Sale,$39.21,-2826,40786,-6%,"-$110,807"
2026-08-19 16:10:19,2026-08-17,INSM,Insmed Inc,Sharoky Melvin Md,Dir,S - Sale,$127.53,-5000,267901,-2%,"-$637,650"
2026-08-19 16:10:19,2026-08-17,MIAX,"Miami International Holdings, Inc.",Emmons Lance,"EVP, CFO",S - Sale,$42.83,-35000,86538,-29%,"-$1,499,050"
2026-08-19 16:10:18,2026-08-17,AVTX,"Avalo Therapeutics, Inc.",Sullivan Christopher Ryan,CFO,S - Sale+OE,$19.94,-72725,39900,-65%,"-$1,450,419"
2026-08-19 16:10:15,2026-08-17,AVTX,"Avalo Therapeutics, Inc.",Doyle Mittie,Chief Medical Officer,S - Sale+OE,$20.00,-1000,51776,-2%,"-$20,000"
2026-08-19 16:10:13,2026-08-17,TELA,"Tela Bio, Inc.",Getz Heather C,CEO,P - Purchase,$0.66,12500,532500,+2%,"+$8,311"
2026-08-19 16:10:09,2026-08-17,GRND,Grindr Inc.,Katz Zachary,"CLO, Head of Global Affairs",S - Sale,$15.83,-10172,680000,-1%,"-$161,023"
2026-08-19 16:10:06,2026-08-17,KROS,"Keros Therapeutics, Inc.",Bienaime Jean Jacques,Dir,P - Purchase,$10.27,1000,19592,+5%,"+$10,270"
2026-08-19 16:08:39,2026-08-17,EVLV,"Evolv Technologies Holdings, Inc.",Ellenbogen Michael,Dir,S - Sale+OE,$5.59,-80752,2235096,-3%,"-$451,404"
2026-08-19 16:08:25,2026-08-17,PBF,Pbf Energy Inc.,Control Empresarial De Capitales S.A. De C.V.,"Add'l Rep. Persons-see Ex.99-1, 10%",S - Sale,$74.79,-120000,14285397,-1%,"-$8,974,308"
2026-08-19 16:08:16,2026-08-17,MPC,Marathon Petroleum Corp,Benson Molly R,"Chief Legal Ofc, Corp Sec",S - Sale+OE,$358.57,-17196,30423,-36%,"-$6,165,970"
2026-08-19 16:07:34,2026-08-17,WLTH,Wealthfront Corp,Wetterwald Julien,CTO,S - Sale,$9.16,-15263,696525,-2%,"-$139,798"
2026-08-19 16:06:43,2026-08-17,ACT,"Enact Holdings, Inc.",Stolove Evan,"EVP, Gen. Counsel, Secretary",S - Sale,$49.52,-20024,32003,-38%,"-$991,669"
2026-08-19 16:06:22,2026-08-18,OPFI,Oppfi Inc.,Schwartz Todd G.,"CEO, 10%",P - Purchase,$7.04,3550,27487885,0%,"+$24,990"
2026-08-19 16:05:47,2026-08-17,CORZ,"Core Scientific, Inc./Tx",Duchene Todd M,See remarks,S - Sale,$20.10,-10000,1947896,-1%,"-$200,974"
2026-08-19 16:05:22,2026-08-17,JCAP,"Jefferson Capital, Inc. / De",Zellmann Mark Joseph,Pres US Business Lines,S - Sale,$23.75,-56000,631497,-8%,"-$1,330,101"
2026-08-19 16:05:21,2026-08-18,AXP,American Express Co,Herena Monique,Chief Colleague Exp. Officer,S - Sale,$337.41,-8811,12445,-41%,"-$2,972,920"
2026-08-19 16:05:08,2026-08-17,BLND,"Blend Labs, Inc.",Tkach Oxana,PRINCIPAL ACCOUNTING OFFICER,S - Sale,$1.45,-21209,96238,-18%,"-$30,685"
2026-08-19 16:05:07,2026-08-17,TVTX,"Travere Therapeutics, Inc.",Lyons Gary A,Dir,S - Sale+OE,$63.28,-10000,61500,-14%,"-$632,846"
2026-08-19 16:05:05,2026-08-17,PARR,"Par Pacific Holdings, Inc.",Pate William,Dir,S - Sale,$81.11,-89500,410110,-18%,"-$7,259,772"
2026-08-19 16:04:39,2026-08-18,FOR,Forestar Group Inc.,Jamieson Lisa H.,Dir,S - Sale,$29.25,-3000,23107,-11%,"-$87,750"
2026-08-19 16:03:22,2026-08-17,RCAT,"Red Cat Holdings, Inc.",Thompson Jeffrey M,"COB, CEO, 10%",S - Sale,$10.45,-150000,12612202,-1%,"-$1,567,500"
2026-08-19 16:03:08,2026-08-17,ACIC,American Coastal Insurance Corp,Griffith Christopher,COO,S - Sale+OE,$9.40,-41672,118724,-26%,"-$391,914"
2026-08-19 16:02:26,2026-08-17,BRLT,"Brilliant Earth Group, Inc.",Dziesietnik Sharon,Chief Operations Officer,S - Sale,$1.27,-10124,532448,-2%,"-$12,857"
2026-08-19 16:02:11,2026-08-17,RSKD,Riskified Ltd.,Shachar Erez,Dir,S - Sale,$6.22,-162027,1086821,-13%,"-$1,007,262"
2026-08-19 16:01:27,2026-08-17,SMTC,Semtech Corp,Silberstein Asaf,"EVP, COO",S - Sale,$150.00,-5000,88862,-5%,"-$750,000"
2026-08-19 16:01:23,2026-08-17,EXOD,"Exodus Movement, Inc.",Gernetzke James,CFO,S - Sale,$6.91,-4894,469670,-1%,"-$33,818"
2026-08-19 16:01:10,2026-08-18,PHIO,Phio Pharmaceuticals Corp.,Bitterman Robert J,"COB, Pres, CEO",P - Purchase,$1.06,10000,431421,+2%,"+$10,600"
2026-08-19 16:01:02,2026-08-17,FVRR,Fiverr International Ltd.,Zohar Nir,Dir,S - Sale,$8.80,-4982,86950,-5%,"-$43,842"
2026-08-19 16:00:59,2026-08-17,SMR,Nuscale Power Corp,Hamady Robert Ramsey,CFO,S - Sale+OE,$9.49,0,77192,0%,-$0
2026-08-19 16:00:53,2026-08-17,TEVA,Teva Pharmaceutical Industries Ltd,Lippman Evan,"EVP, Business Development",S - Sale,$36.57,-18600,25591,-42%,"-$680,291"
2026-08-19 16:00:29,2026-08-17,VENU,Venu Holding Corp,Roth Jay W,"CEO, COB, 10%",P - Purchase,$1.84,1000,10331084,0%,"+$1,840"
2026-08-19 16:00:13,2026-08-17,NXDR,"Nextdoor Holdings, Inc.",Schwartz Sophia,"GC, Secretary",S - Sale,$2.51,-2500,336897,-1%,"-$6,286"
2026-08-19 16:00:03,2026-08-17,HUMA,"Humacyte, Inc.",Jones Keith Anthony,Dir,P - Purchase,$0.59,30000,30000,New,"+$17,820"
2026-08-19 15:58:43,2026-08-18,GLBE,Global-E Online Ltd.,Schlachet Amir,CEO,S - Sale+OE,$41.37,-24999,3741731,-1%,"-$1,034,231"
2026-08-19 15:46:55,2026-08-18,UTGN,Utg Inc,First Southern Funding LLC,10%,P - Purchase,$59.00,4808,1698491,0%,"+$283,672"
2026-08-19 15:36:31,2026-08-17,VTEX,Vtex,Do Carmo Thomaz Junior Geraldo,CEO,S - Sale,$3.56,-120000,1237776,-9%,"-$427,008"
2026-08-19 15:33:56,2026-08-18,RGCO,Rgc Resources Inc,Johnston Robert B,Dir,P - Purchase,$21.25,806,65206,+1%,"+$17,130"
2026-08-19 15:31:08,2026-08-17,VTEX,Vtex,Gomide De Faria Mariano,CEO,S - Sale,$3.56,-120000,1529826,-7%,"-$427,008"
2026-08-19 15:25:25,2026-08-17,FGL,Founder Group Ltd,Hrt Financial LP,10%,S - Sale,$0.39,-31427,172745,-15%,"-$12,382"
2026-08-19 15:25:25,2026-08-18,FGL,Founder Group Ltd,Hrt Financial LP,10%,P - Purchase,$0.38,61617,172745,+55%,"+$23,476"
2026-08-19 15:21:08,2026-08-18,HAL,Halliburton Co,Slocum Jeffrey Shannon,"Dir, EVP, COO",S - Sale+OE,$35.08,-16121,171302,-9%,"-$565,573"
2026-08-19 15:20:52,2026-08-18,HAL,Halliburton Co,Miller Jeffrey Allen,"Dir, Pres, CEO",S - Sale+OE,$35.00,-124483,889389,-12%,"-$4,356,905"
2026-08-19 15:19:14,2026-08-17,PFSA,"Profusa, Inc.",Hrt Financial LP,10%,S - Sale,$5.94,-18395,0,-100%,"-$109,266"
2026-08-19 15:19:11,2026-08-18,UTGN,Utg Inc,Correll Jesse T,"COB, CEO, 10%",P - Purchase,$59.00,4808,2057712,0%,"+$283,672"
2026-08-19 15:16:12,2026-08-19,JCI,Johnson Controls International Plc,Cohade Pierre E,Dir,S - Sale,$147.79,-3300,10775,-23%,"-$487,707"
2026-08-19 15:04:22,2026-08-18,ALLE,Allegion Plc,Ilardi David S.,"Pres-Amer, SVP-Allegion",S - Sale+OE,$161.09,-549,13752,-4%,"-$88,438"
2026-08-19 15:03:25,2026-08-18,LIN,Linde Plc,Reynolds Paula Rosput,Dir,P - Purchase,$479.12,100,1532,+7%,"+$47,912"
2026-08-19 14:51:57,2026-08-18,EMYB,"Embassy Bancorp, Inc.",Lobach David M Jr,"COB, Pres, CEO",P - Purchase,$22.33,2000,550249,0%,"+$44,660"
2026-08-19 14:42:01,2026-08-14,NUE,Nucor Corp,Topalian Leon J,"Chair, CEO",S - Sale+OE,$268.52,-26000,137712,-16%,"-$6,981,547"
2026-08-19 14:23:57,2026-08-19,SSB,Southstate Bank Corp,Matthews William E V,CFO,S - Sale,$108.93,-4000,40568,-9%,"-$435,720"
2026-08-19 14:23:18,2026-08-18,VZ,Verizon Communications Inc,Malady Kyle,"EVP, Group CEO-VZ Business",S - Sale,$48.68,-1100,130066,-1%,"-$53,548"
2026-08-19 14:22:08,2026-08-18,BKKT,"Bakkt, Inc.",Alfred Michael,Dir,P - Purchase,$7.12,296567,1201567,+33%,"+$2,111,557"
2026-08-19 13:33:58,2026-08-17,TG,Tredegar Corp,Gottwald John D,10%,S - Sale,$8.01,-11190,3234301,0%,"-$89,661"
2026-08-19 13:22:18,2026-08-17,SONY,Sony Group Corp,Tanaka Kenji,See Remarks,S - Sale,$23.83,-20000,43899,-31%,"-$476,600"
2026-08-19 13:15:14,2026-08-18,CHH,Choice Hotels International Inc /De,Jews William L,Dir,S - Sale,$106.98,-5057,23987,-17%,"-$540,998"
2026-08-19 13:06:24,2026-08-17,NEXN,Nexxen International Ltd.,Kerstein Daniel Yosef,Dir,S - Sale,$10.38,-11000,34678,-24%,"-$114,180"
2026-08-19 12:46:24,2026-08-18,AEIS,Advanced Energy Industries Inc,Vonne Elizabeth Karpinski,"EVP, GC",S - Sale,$332.68,-908,10712,-8%,"-$302,073"
2026-08-19 12:46:02,2026-08-17,TG,Tredegar Corp,Gottwald William M,10%,S - Sale,$8.01,-11190,1431165,-1%,"-$89,661"
2026-08-19 12:33:13,2026-08-17,UMH,"Umh Properties, Inc.",Mitchell William Edward,Dir,P - Purchase,$15.63,64,34197,0%,"+$1,000"
2026-08-19 12:28:13,2026-08-17,UMH,"Umh Properties, Inc.",Miller Kevin S.,"EVP, CFO, Treasurer",P - Purchase,$15.63,64,28571,0%,"+$1,000"
2026-08-19 12:25:18,2026-08-17,TG,Tredegar Corp,Gottwald James T.,10%,S - Sale,$8.01,-11191,1353707,-1%,"-$89,669"
2026-08-19 12:09:12,2026-08-18,HSHP,Himalaya Shipping Ltd.,Hasund Vidar,Contracted CFO,S - Sale+OE,$15.85,-100000,0,-100%,"-$1,585,000"
2026-08-19 12:09:03,2026-08-19,UWHR,Uwharrie Capital Corp,Beaver R David III,Chief Risk Officer,S - Sale,$14.78,-6981,35554,-16%,"-$103,179"
2026-08-19 12:05:40,2026-08-17,KN,Knowles Corp,Shavers Cheryl L,Dir,S - Sale,$39.27,-6618,35723,-16%,"-$259,891"
2026-08-19 11:46:14,2026-08-17,DLPN,"Dolphin Entertainment, Inc.",O'Dowd William IV,CEO,P - Purchase,$1.20,4100,651531,+1%,"+$4,912"
2026-08-19 11:39:45,2026-08-18,LSCC,Lattice Semiconductor Corp,Feanny Tracy Ann,"SVP, GC",S - Sale,$126.43,-1880,60221,-3%,"-$237,688"
2026-08-19 11:29:45,2026-08-18,TPL,Texas Pacific Land Corp,Horizon Kinetics Asset Management LLC,10%,P - Purchase,$361.16,1,3244012,0%,+$361
2026-08-19 11:25:09,2026-08-18,ADMQ,"Adm Endeavors, Inc.",Johnson Marc,CEO,P - Purchase,$0.04,243000,62323428,0%,"+$9,889"
2026-08-19 10:53:38,2026-08-18,UFPT,Ufp Technologies Inc,Hudson Symeria,Dir,S - Sale,$319.11,-298,927,-24%,"-$95,095"
2026-08-19 10:45:33,2026-08-18,PFS,Provident Financial Services Inc,Giannola Vito,"EVP, CRBO of provident Bank",S - Sale,$24.36,-20000,73076,-21%,"-$487,200"
2026-08-19 10:30:46,2026-08-18,ATXG,Addentax Group Corp.,Hong Zhiwang,"Dir, 10%",P - Purchase,$4.80,218750,225174,>999%,"+$1,050,000"
2026-08-19 10:29:55,2026-08-18,JOUT,Johnson Outdoors Inc,Stevens Edward A,Dir,S - Sale,$47.86,-6250,10640,-37%,"-$299,125"
2026-08-19 10:28:09,2026-08-19,CTTH,"Ctt Pharmaceutical Holdings, Inc.","Ctt Pharmaceutical Holdings, Inc.",CEO,P - Purchase,$0.06,10000,9365456,0%,+$590
2026-08-19 10:10:59,2026-08-17,TISI,Team Inc,Lederman Evan S.,Dir,P - Purchase,$23.00,500,7078,+8%,"+$11,500"
2026-08-19 10:07:12,2026-08-17,MTB,M&T Bank Corp,Taylor John R.,"EVP, Controller",S - Sale,$253.84,-1217,5191,-19%,"-$308,923"
2026-08-19 09:47:57,2026-08-18,HBCP,"Home Bancorp, Inc.",Zollinger John J. IV,"SEVP, Chief Banking Officer",S - Sale+OE,$71.68,-750,16625,-4%,"-$53,760"
2026-08-19 09:44:52,2026-08-17,AVBC,"Avidia Bancorp, Inc.",Doane Thomas,EVP- HR,P - Purchase,$22.31,1726,20659,+9%,"+$38,507"
2026-08-19 09:42:26,2026-08-17,VICR,Vicor Corp,Lavie Zmira,Dir,S - Sale+OE,$250.00,-908,0,-100%,"-$227,000"
2026-08-19 09:25:35,2026-08-18,REPX,"Riley Exploration Permian, Inc.",Riley Philip A,"CFO, EVP STRATEGY",S - Sale,$37.61,-4000,235503,-2%,"-$150,420"
2026-08-19 09:20:37,2026-08-18,SKYH,Sky Harbour Group Corp,Gonzalez Francisco,CFO,P - Purchase,$10.05,1000,710588,0%,"+$10,050"
2026-08-19 09:15:03,2026-08-17,GAIA,"Gaia, Inc",Sutherland Paul Howard,Dir,P - Purchase,$1.47,3420,441993,+1%,"+$5,039"
2026-08-19 09:11:27,2026-08-17,ALH,Alliance Laundry Holdings Inc.,Vleugels Jan Gommaar M.,COO - INTERNATIONAL,S - Sale,$24.75,-75000,449563,-14%,"-$1,856,250"
2026-08-19 09:09:44,2026-08-17,IFF,International Flavors & Fragrances Inc,Teles De Mendonca Ana Paula,"Pres, Scent",S - Sale,$83.19,-5718,0,-100%,"-$475,692"
2026-08-19 09:08:59,2026-08-18,VTOL,Bristow Group Inc.,Brass Lorin L.,Dir,S - Sale,$46.55,-100,20763,0%,"-$4,655"
2026-08-19 09:00:12,2026-08-17,AFL,Aflac Inc,"Japan Post Holdings Co., Ltd.",10%,S - Sale,$121.33,-13900,50844690,0%,"-$1,686,543"
2026-08-19 08:41:51,2026-08-07,CCHH,Cch Holdings Ltd,Ng Yah Ling,Dir,P - Purchase,$0.28,469987,469987,New,"+$129,716"
2026-08-19 08:30:04,2026-08-17,ACON,"Aclarion, Inc.",Williams Amanda M,Dir,P - Purchase,$2.73,5857,25857,+29%,"+$15,990"
2026-08-19 08:28:28,2026-08-18,ALLT,Allot Ltd.,Groner Gili,CHRO,S - Sale,$7.86,-26666,59467,-31%,"-$209,547"
2026-08-19 08:11:12,2026-08-18,NVRI,Enviri Corp,Minan Peter Francis,"EVP, CFO",P - Purchase,$20.27,2946,97505,+3%,"+$59,715"
2026-08-19 07:48:00,2026-07-24,CCHH,Cch Holdings Ltd,Goh Kok E,"COB, CEO, COO",P - Purchase,$0.28,5220000,347500,-107%,"+$1,440,720"
2026-08-19 07:48:00,2026-08-07,CCHH,Cch Holdings Ltd,Goh Kok E,"COB, CEO, COO",S - Sale,$0.28,-4872500,347500,-93%,"-$1,344,810"
2026-08-19 07:47:58,2026-08-18,EDRY,Eurodry Ltd.,Pittas Aristeidis P,Dir,S - Sale,$39.50,-600,76163,-1%,"-$23,700"
2026-08-19 07:44:39,2026-08-14,GRCE,"Grace Therapeutics, Inc.",Opaleye Management Inc.,10%,P - Purchase,$2.09,11608,2760000,0%,"+$24,206"
2026-08-19 07:39:11,2026-08-18,EDRY,Eurodry Ltd.,Pariaros Symeon,Chief Administrative Officer,S - Sale,$42.00,-2700,4576,-37%,"-$113,400"
2026-08-19 06:28:27,2026-08-17,SBLK,Star Bulk Carriers Corp.,Plakantonaki Charis,Chief Strategy Officer,S - Sale,$29.82,-10825,55778,-16%,"-$322,803"
2026-08-19 06:08:08,2026-08-17,SE,Sea Ltd,Zhao Feng,Pres of Garena,S - Sale,$120.16,-2000,1830128,0%,"-$240,320"
2026-08-19 06:07:45,2026-08-17,SE,Sea Ltd,Hou Tianyu,CFO,S - Sale,$119.96,-20000,2403015,-1%,"-$2,399,281"
2026-08-19 06:04:25,2026-08-17,SE,Sea Ltd,Wang Yanjun,"CCO, GC",S - Sale,$118.26,-3000,1163442,0%,"-$354,782"
2026-08-19 06:03:53,2026-08-17,SE,Sea Ltd,Feng Zhimin,Pres,S - Sale,$120.29,-8423,1235546,-1%,"-$1,013,191"
2026-08-19 06:03:33,2026-08-17,SE,Sea Ltd,Ye Gang,COO,S - Sale,$118.70,-50000,21466405,0%,"-$5,935,018"
2026-08-19 06:02:00,2026-08-18,YUMC,"Yum China Holdings, Inc.",Huang Duoduo (Howard),Chief Supply Chain Officer,S - Sale+OE,$47.08,-24096,7589,-76%,"-$1,134,520"
2026-08-18 21:43:07,2026-08-17,EXPO,Exponent Inc,Corrigan Catherine,CEO,S - Sale+OE,$66.28,-1707,129108,-1%,"-$113,136"
2026-08-18 21:30:03,2026-08-17,FLD,"Fold Holdings, Inc.",Dickman Thomas J,CTO,S - Sale,$0.46,-2884,536707,-1%,"-$1,318"
2026-08-18 21:20:17,2026-08-14,CRWV,"Coreweave, Inc.",Magnetar Financial LLC,10%,S - Sale,$108.75,-307131,13327765,-2%,"-$33,401,610"
2026-08-18 21:10:02,2026-08-17,MANE,"Veradermics, Inc",Durso Timothy August,Chief Technical Officer,S - Sale+OE,$107.82,-43500,78142,-36%,"-$4,690,005"
2026-08-18 21:04:53,2026-08-17,MANE,"Veradermics, Inc",Waldman Reid Alexander,CEO,S - Sale+OE,$107.86,-67500,170824,-28%,"-$7,280,713"
2026-08-18 21:03:25,2026-08-18,MGTX,Meiragtx Holdings Plc,Forbes Alexandria,"Pres, CEO",S - Sale,$13.86,-62000,1325695,-4%,"-$859,320"
2026-08-18 21:02:43,2026-08-14,ASND,Ascendis Pharma A/S,Bienaime Jean Jacques,Dir,P - Purchase,$246.33,2000,2900,+222%,"+$492,654"
2026-08-18 21:00:15,2026-08-14,ROIV,Roivant Sciences Ltd.,Sukhatme Mayukh,"Pres, CIO",S - Sale+OE,$36.34,-664826,18630739,-3%,"-$24,160,402"
2026-08-18 20:54:12,2026-08-18,TNK,Teekay Tankers Ltd.,Kapoor Rohit (Rk2),"MD, Sinagpore",S - Sale,$89.28,-6375,2126,-75%,"-$569,160"
2026-08-18 20:53:51,2026-08-14,CPAY,"Corpay, Inc.",King Alan,GroupPres IntlVehiclePmts,S - Sale+OE,$413.06,-25785,24537,-51%,"-$10,650,640"
2026-08-18 20:52:56,2026-08-15,META,"Meta Platforms, Inc.",Li Susan J,CFO,S - Sale+OE,$689.85,-2127,22382,-9%,"-$1,467,311"
2026-08-18 20:47:17,2026-08-18,LITE,Lumentum Holdings Inc.,Retort Vincent,SEE REMARKS,S - Sale,$909.43,-3183,114495,-3%,"-$2,894,716"
2026-08-18 20:45:20,2026-08-18,LITE,Lumentum Holdings Inc.,Kim Jae,"SVP, GC",S - Sale,$909.43,-1366,45973,-3%,"-$1,242,281"
2026-08-18 20:35:07,2026-08-18,TNK,Teekay Tankers Ltd.,Locke Simon Heidi,Dir,S - Sale,$90.00,-741,4000,-16%,"-$66,690"
2026-08-18 20:31:08,2026-08-13,CODI,Compass Diversified Holdings,Sawtelle Zachary T.,See Remark (a),P - Purchase,$12.42,17000,73588,+30%,"+$211,147"
2026-08-18 20:30:07,2026-08-14,CRWD,"Crowdstrike Holdings, Inc.",Kurtz George,"Pres, CEO",S - Sale,$217.20,-20000,8346019,0%,"-$4,344,054"
2026-08-18 20:29:50,2026-08-18,STOK,"Stoke Therapeutics, Inc.",Ticho Barry,Chief Medical Officer,S - Sale+OE,$32.03,-4767,25655,-16%,"-$152,690"
2026-08-18 20:28:55,2026-08-18,STOK,"Stoke Therapeutics, Inc.",Kaye Edward M. Md,Dir,S - Sale+OE,$32.03,-12567,124557,-9%,"-$402,528"
2026-08-18 20:27:22,2026-08-18,STOK,"Stoke Therapeutics, Inc.",Allan Jonathan,"GC, Corp Sec",S - Sale+OE,$32.03,-2861,21225,-12%,"-$91,639"
2026-08-18 20:22:24,2026-08-14,SLDE,"Slide Insurance Holdings, Inc.",Rohde Stephen L,Dir,S - Sale+OE,$21.89,-5000,0,-100%,"-$109,450"
2026-08-18 20:17:35,2026-08-17,PACB,"Pacific Biosciences of California, Inc.",Van Oene Mark,See Remarks,S - Sale,$1.13,-26911,2705853,-1%,"-$30,409"
2026-08-18 20:12:25,2026-08-17,DK,"Delek Us Holdings, Inc.",Hobbs Mark Wayne,"EVP, Delek Logistics",S - Sale,$64.59,-20000,104326,-16%,"-$1,291,766"
2026-08-18 20:12:19,2026-08-17,DK,"Delek Us Holdings, Inc.",Soreq Avigal,"Pres, CEO",S - Sale,$66.51,-80000,231486,-26%,"-$5,320,815"
2026-08-18 20:10:34,2026-08-17,IVVD,"Invivyd, Inc.",Lee Timothy Edward,Chief Commercial Officer,S - Sale+OE,$0.78,-40780,178937,-19%,"-$31,671"
2026-08-18 20:10:29,2026-08-17,IVVD,"Invivyd, Inc.",Green Julie,CHRO,S - Sale+OE,$0.78,-40780,168937,-19%,"-$31,671"
2026-08-18 20:10:24,2026-08-17,IVVD,"Invivyd, Inc.",Duke William E.,CFO,S - Sale+OE,$0.78,-40780,168937,-19%,"-$31,671"
2026-08-18 20:10:18,2026-08-17,IVVD,"Invivyd, Inc.",Andersen Jill,"GC, Secretary",S - Sale+OE,$0.78,-67962,284274,-19%,"-$52,781"
2026-08-18 20:10:14,2026-08-17,IVVD,"Invivyd, Inc.",Allen Robert D. III,Chief Scientific Officer,S - Sale+OE,$0.78,-37722,178765,-17%,"-$29,296"
2026-08-18 20:03:05,2026-08-17,ACHR,Archer Aviation Inc.,Lyon Benjamin,"Pres, Aircraft OEM",S - Sale+OE,$6.41,-50188,45359,-53%,"-$321,846"
2026-08-18 20:02:54,2026-08-14,KVYO,"Klaviyo, Inc.",Whalen Amanda,CFO,S - Sale,$18.47,-14000,795242,-2%,"-$258,580"
2026-08-18 20:02:17,2026-08-17,ACHR,Archer Aviation Inc.,Rungta Harsh,Chief Accounting Officer,S - Sale+OE,$6.41,-13880,110847,-11%,"-$89,010"
2026-08-18 20:01:15,2026-08-17,ACHR,Archer Aviation Inc.,Gupta Priya,Interim CFO,S - Sale+OE,$6.41,-10015,202784,-5%,"-$64,224"
2026-08-18 20:00:10,2026-08-17,ACHR,Archer Aviation Inc.,Lentell Eric,"Chief Legal, Strategy Officer",S - Sale+OE,$6.41,-52762,185011,-22%,"-$338,352"
2026-08-18 20:00:03,2026-08-14,INDI,"Indie Semiconductor, Inc.",Wittmann Michael,COO,S - Sale,$4.10,-42468,96884,-30%,"-$174,199"
2026-08-18 19:56:44,2026-08-17,EHLD,Euroholdings Ltd.,Atalioti Athina,CFO,S - Sale,$10.00,-300,0,-100%,"-$3,000"
2026-08-18 19:47:48,2026-08-14,BE,Bloom Energy Corp,Joshi Aman,Chief Commercial Officer,S - Sale,$241.75,-4677,159130,-3%,"-$1,130,665"
2026-08-18 19:46:41,2026-08-17,BE,Bloom Energy Corp,Immelt Jeffrey R,Dir,S - Sale,$238.91,-30000,201243,-13%,"-$7,167,300"
2026-08-18 19:45:51,2026-08-17,OM,"Outset Medical, Inc.",Trigg Leslie,"Chair, CEO",S - Sale,$4.39,-3437,236847,-1%,"-$15,088"
2026-08-18 19:45:26,2026-08-14,BE,Bloom Energy Corp,Chitoori Satish,Chief Operations Officer,S - Sale,$241.64,-2053,205364,-1%,"-$496,087"
2026-08-18 19:44:50,2026-08-18,NWN,Northwest Natural Holding Co,Anderson David Hugo,Dir,S - Sale,$50.86,-1500,59823,-2%,"-$76,294"
2026-08-18 19:44:36,2026-08-14,BE,Bloom Energy Corp,Soderberg Shawn Marie,See Remarks,S - Sale,$233.60,-2895,471101,-1%,"-$676,272"
2026-08-18 19:43:12,2026-08-17,COF,Capital One Financial Corp,Dean Lia,"Pres, Banking, Prem. Products",S - Sale,$225.52,-2193,63261,-3%,"-$494,566"
2026-08-18 19:42:41,2026-08-17,COF,Capital One Financial Corp,Karam Celia,"Pres, Retail Bank",S - Sale,$225.52,-1888,59708,-3%,"-$425,782"
2026-08-18 19:39:14,2026-08-18,RNG,"Ringcentral, Inc.",Agarwal Vaibhav,CFO,S - Sale,$65.50,-1688,169282,-1%,"-$110,567"
2026-08-18 19:38:35,2026-08-17,CXW,"Corecivic, Inc.",Prann John R Jr,Dir,S - Sale,$33.54,-40000,30396,-57%,"-$1,341,560"
2026-08-18 19:33:49,2026-08-14,BGDE,"Big Digital Energy, Inc.","Endeavor Blockchain, LLC","SEE REMARKS, 10%",P - Purchase,$6.82,69690,1624700,+4%,"+$475,048"
2026-08-18 19:32:17,2026-08-17,CXW,"Corecivic, Inc.",Garfinkle David,"EVP, CFO",S - Sale,$33.76,-50000,343353,-13%,"-$1,688,235"
2026-08-18 19:16:39,2026-08-14,BETA,"Beta Technologies, Inc.",Clark Kyle,SEE REMARKS,S - Sale,$25.36,-77800,7732709,-1%,"-$1,973,053"
2026-08-18 19:12:13,2026-04-17,FUL,Fuller H B Co,Rasmussen Trangsrud Teresa J,Dir,P - Purchase,$65.83,1000,3391,+42%,"+$65,830"
2026-08-18 19:08:16,2026-08-17,COUR,"Coursera, Inc.",Cardenas Alan B,"SVP, GC",S - Sale,$5.71,-9139,236237,-4%,"-$52,184"
2026-08-18 19:07:49,2026-08-17,APPF,Appfolio Inc,Duca Maurice J,10%,S - Sale,$195.89,-5600,237083,-2%,"-$1,096,969"
2026-08-18 19:06:54,2026-08-14,APPF,Appfolio Inc,Duca Maurice J,10%,S - Sale,$200.11,-15800,101018,-14%,"-$3,161,758"
2026-08-18 19:06:38,2026-08-14,EQPT,Equipmentshare.Com Inc,Schlacks William J.,"Founder, Pres",P - Purchase,$20.43,8950,14365498,0%,"+$182,884"
2026-08-18 19:06:36,2026-08-17,CAKE,Cheesecake Factory Inc,Meyer Janice L.,Dir,S - Sale,$109.36,-1958,21251,-8%,"-$214,122"
2026-08-18 19:06:08,2026-08-17,GILD,"Gilead Sciences, Inc.",Dickinson Andrew D,CFO,S - Sale,$138.36,-3000,165646,-2%,"-$415,080"
2026-08-18 19:03:40,2026-08-17,HIPO,Hippo Holdings Inc.,Ostergaard Torben,CEO Spinnaker,S - Sale,$33.00,-1169,61824,-2%,"-$38,577"
2026-08-18 19:01:32,2026-08-17,KMTS,"Kestra Medical Technologies, Ltd.",Webster Brian Daniel,See Remarks,S - Sale,$27.48,-15000,460215,-3%,"-$412,181"
2026-08-18 18:56:47,2026-08-17,IRON,"Disc Medicine, Inc.",Quisel John D,CEO,S - Sale+OE,$79.15,-33000,226064,-13%,"-$2,611,982"
2026-08-18 18:55:39,2026-08-14,MLPT,"Maplight Therapeutics, Inc.","Catalyst4, Inc.",10%,P - Purchase,$11.38,4400000,25306689,+21%,"+$50,072,000"
2026-08-18 18:54:04,2026-08-17,GILD,"Gilead Sciences, Inc.",Mercier Johanna,"Chief Comm, Corp Aff Officer",S - Sale+OE,$137.64,-28000,118234,-19%,"-$3,853,908"
2026-08-18 18:52:59,2026-08-18,EQIX,Equinix Inc,Paisley Christopher B,Dir,S - Sale,"$1,103.58",-125,14579,-1%,"-$137,948"
2026-08-18 18:51:48,2026-08-17,OM,"Outset Medical, Inc.",Brottem John L.,GC,S - Sale,$4.39,-2632,87475,-3%,"-$11,554"
2026-08-18 18:46:00,2026-08-17,OM,"Outset Medical, Inc.",Gaeta Renee,CFO,S - Sale,$4.39,-4543,180840,-2%,"-$19,944"
2026-08-18 18:43:07,2026-08-17,RAL,Ralliant Corp,Bick Karen M.,SVP - Chief People Officer,S - Sale,$72.00,-6062,31668,-16%,"-$436,464"
2026-08-18 18:42:15,2026-08-14,RAL,Ralliant Corp,Newcombe Tamara S.,"Pres, CEO",S - Sale+OE,$71.79,-12936,246897,-5%,"-$928,675"
2026-08-18 18:41:09,2026-08-18,FCFS,"Firstcash Holdings, Inc.",Hambleton Howard F,AFF Pres,S - Sale,$212.98,-2000,30406,-6%,"-$425,960"
2026-08-18 18:39:57,2026-08-17,FCFS,"Firstcash Holdings, Inc.",Stuart Thomas Brent,"Pres, COO",S - Sale,$214.63,-5348,135498,-4%,"-$1,147,841"
2026-08-18 18:39:27,2026-08-17,PUBM,"Pubmatic, Inc.",Kumar Mukul,"Pres, Engineering",S - Sale+OE,$17.05,-8000,112945,-7%,"-$136,402"
2026-08-18 18:38:56,2026-08-14,CBRS,Cerebras Systems Inc.,Vassallo Steven,Dir,S - Sale+OE,$218.18,-50000,131874,-27%,"-$10,909,101"
2026-08-18 18:38:45,2026-08-17,FCFS,"Firstcash Holdings, Inc.",Orr R Douglas,"EVP, CFO",S - Sale,$216.00,-3000,171133,-2%,"-$647,990"
2026-08-18 18:38:34,2026-08-14,HTFL,"Heartflow, Inc.",Farquhar John C.M.,CEO,S - Sale,$39.06,-15560,420720,-4%,"-$607,774"
2026-08-18 18:38:04,2026-05-18,PUBM,"Pubmatic, Inc.",Gimbel Lisa,Chief Accounting Officer,S - Sale+OE,$17.04,-1396,16927,-8%,"-$23,787"
2026-08-18 18:33:59,2026-08-14,CURB,Curbline Properties Corp.,Otto Alexander,Dir,S - Sale,$30.24,-145399,7265820,-2%,"-$4,396,393"
2026-08-18 18:33:39,2026-08-17,COHU,Cohu Inc,Bohrson Christopher,"SVP, Chief Customer Officer",S - Sale,$61.90,-1000,169702,-1%,"-$61,900"
2026-08-18 18:33:14,2026-08-14,EQPT,Equipmentshare.Com Inc,Chheda Neil,10%,S - Sale,$20.62,-904624,3461776,-21%,"-$18,656,740"
2026-08-18 18:31:06,2026-08-17,JNJ,Johnson & Johnson,Taubert Jennifer L,"EVP, WWC. Innovative Medicine",S - Sale+OE,$263.36,-15000,194451,-7%,"-$3,950,400"
2026-08-18 18:30:35,2026-08-14,RCMT,"Rcm Technologies, Inc.",Miller Kevin D,CFO,S - Sale,$36.91,-94413,333949,-22%,"-$3,484,964"
2026-08-18 18:30:13,2026-08-14,CIEN,Ciena Corp,Graff Marc D.,"SVP, CFO",S - Sale,$430.72,-4995,107519,-4%,"-$2,151,435"
2026-08-18 18:22:51,2026-08-14,EQPT,Equipmentshare.Com Inc,Chheda Neil,10%,S - Sale,$20.62,-1296408,49826856,-3%,"-$26,736,797"
2026-08-18 18:21:12,2026-08-17,INSW,"International Seaways, Inc.",Zabrocky Lois K,"Pres, CEO",S - Sale,$98.44,-2000,173745,-1%,"-$196,884"
2026-08-18 18:19:50,2026-08-17,FMAO,Farmers & Merchants Bancorp Inc,Briggs Andrew J,Dir,S - Sale,$35.08,-5402,49148,-10%,"-$189,520"
2026-08-18 18:16:53,2026-08-14,GATX,Gatx Corp,Sbragia John,"SVP, Engineering, Quality",S - Sale+OE,$180.40,-1900,6820,-22%,"-$342,759"
2026-08-18 18:14:59,2026-08-17,GH,"Guardant Health, Inc.",Tariq Musa,Dir,S - Sale+OE,$156.45,-116,11316,-1%,"-$18,148"
2026-08-18 18:11:19,2026-08-14,ADAG,Adagene Inc.,Do Cuong V,Dir,P - Purchase,$3.75,2000,2000,New,"+$7,500"
2026-08-18 18:00:17,2026-08-17,LIFE,Ethos Technologies Inc.,Capozzi Christopher M.,CFO,S - Sale,$34.14,-26184,639044,-4%,"-$893,875"
2026-08-18 18:00:16,2026-08-17,LIFE,Ethos Technologies Inc.,Colis Peter George,"CEO, Secretary",S - Sale,$34.18,-29342,1574434,-2%,"-$1,003,014"
2026-08-18 18:00:14,2026-08-17,LIFE,Ethos Technologies Inc.,Wang Lingke,Pres,S - Sale,$34.28,-22623,1572679,-1%,"-$775,626"
2026-08-18 18:00:12,2026-08-14,LIFE,Ethos Technologies Inc.,Kucharski Brandt Walter,Chief Accounting Officer,S - Sale,$34.88,-83047,100383,-45%,"-$2,896,791"
2026-08-18 18:00:08,2026-08-17,FIX,Comfort Systems USA Inc,George William III,CFO,S - Sale,$0.73,-2554,30250,-8%,"-$1,860"
2026-08-18 17:55:27,2026-08-17,SCHW,Schwab Charles Corp,Beatty Jonathan S,"MD, Head of Advisor Services",S - Sale,$111.33,-1000,43197,-2%,"-$111,330"
2026-08-18 17:51:24,2026-08-17,ALXO,Alx Oncology Holdings Inc,Lettmann Jason,CEO,S - Sale,$1.93,-2230,294379,-1%,"-$4,304"
2026-08-18 17:51:12,2026-08-17,AUGO,Aura Minerals Inc.,Sousa Mauad Bruno,Dir,P - Purchase,$78.93,11000,448765,+3%,"+$868,230"
2026-08-18 17:50:21,2026-08-17,ALXO,Alx Oncology Holdings Inc,Wong Shelly,"SVP, FINANCE, CAO",S - Sale,$1.93,-573,87828,-1%,"-$1,106"
2026-08-18 17:49:47,2026-08-18,QNST,"Quinstreet, Inc",Wong Gregory,CFO,S - Sale,$20.44,-11704,481786,-2%,"-$239,230"
2026-08-18 17:49:11,2026-08-14,CHEF,"Chefs' Warehouse, Inc.",Aldous Alexandros,GC,S - Sale,$110.97,-35000,34442,-50%,"-$3,883,889"
2026-08-18 17:48:00,2026-08-14,QNST,"Quinstreet, Inc",Ahmed Asmau,Dir,S - Sale,$20.63,-25000,24979,-50%,"-$515,750"
2026-08-18 17:45:43,2026-08-14,CHEF,"Chefs' Warehouse, Inc.",Polychroni Christina,CHRO,S - Sale,$112.00,-2752,22014,-11%,"-$308,224"
2026-08-18 17:42:56,2026-08-17,HAYW,"Hayward Holdings, Inc.",Canning Susan M.,"SVP, CLO, Corporate Secretary",S - Sale,$15.06,-3500,171411,-2%,"-$52,710"
2026-08-18 17:41:11,2026-08-14,CHEF,"Chefs' Warehouse, Inc.",Pappas Christopher,"Pres, CEO",S - Sale,$110.11,-100000,2130273,-4%,"-$11,011,085"
2026-08-18 17:40:54,2026-08-17,EVCM,Evercommerce Inc.,Siurek Ryan H,CFO,S - Sale,$10.21,-16812,347309,-5%,"-$171,595"
2026-08-18 17:39:08,2026-08-14,EVCM,Evercommerce Inc.,Remer Eric Richard,Dir,S - Sale,$10.02,-53066,7694908,-1%,"-$531,651"
2026-08-18 17:38:54,2026-08-14,NBIS,Nebius Group N.V.,Ryan Charles E,Dir,S - Sale,$265.53,-50000,272533,-16%,"-$13,276,633"
2026-08-18 17:38:36,2026-08-17,FRPH,"Frp Holdings, Inc.",Baker John D II,"Dir, 10%",P - Purchase,$21.97,9146,3345007,0%,"+$200,936"
2026-08-18 17:38:02,2026-08-14,ATEX,Anterix Inc.,Heard William,Dir,S - Sale,$90.11,-46400,1679703,-3%,"-$4,181,095"
2026-08-18 17:34:57,2026-08-17,SG,"Sweetgreen, Inc.",McConnell Jamie,CFO,S - Sale,$6.21,-15033,210489,-7%,"-$93,355"
2026-08-18 17:33:59,2026-05-18,SG,"Sweetgreen, Inc.",McConnell Jamie,CFO,S - Sale,$8.00,-1401,225522,-1%,"-$11,208"
2026-08-18 17:33:11,2026-08-17,MCRB,"Seres Therapeutics, Inc.",Brady Kelly,See Remarks,S - Sale+OE,$4.55,-64,8679,-1%,-$291
2026-08-18 17:28:16,2026-08-17,SG,"Sweetgreen, Inc.",Cochran Jason Miles,COO,S - Sale,$6.21,-4809,207076,-2%,"-$29,864"
2026-08-18 17:28:13,2026-08-17,KWY,Kingsway Corp,Fitzgerald John Taylor Maloney,"Pres, CEO",P - Purchase,$9.87,254,1513968,0%,"+$2,507"
2026-08-18 17:27:35,2026-08-17,MCRB,"Seres Therapeutics, Inc.",Shaff Eric D.,Dir,S - Sale+OE,$4.55,-263,12499,-2%,"-$1,197"
2026-08-18 17:27:23,2026-08-17,CDLX,"Cardlytics, Inc.",Gupta Amit,CEO,S - Sale+OE,$4.00,-13461,125389,-10%,"-$53,820"
2026-08-18 17:27:22,2026-08-17,MLCI,Mount Logan Capital Inc.,Satoren Brandon,CFO,P - Purchase,$3.08,2000,19814,+11%,"+$6,150"
2026-08-18 17:26:41,2026-08-17,CDNL,Cardinal Infrastructure Group Inc.,Wimmer Richard Bennett,Dir,P - Purchase,$39.13,7500,29349,+34%,"+$293,475"
2026-08-18 17:25:55,2026-08-17,MCRB,"Seres Therapeutics, Inc.",Henn Matthew R,See Remarks,S - Sale+OE,$4.55,-81,7995,-1%,-$369
2026-08-18 17:25:53,2026-05-18,SG,"Sweetgreen, Inc.",Cochran Jason Miles,COO,S - Sale,$7.99,-15038,211885,-7%,"-$120,158"
2026-08-18 17:25:16,2026-08-17,KWY,Kingsway Corp,Hansen Kent A,"CFO, EVP",P - Purchase,$9.87,158,136195,0%,"+$1,559"
2026-08-18 17:24:55,2026-08-18,RIVN,"Rivian Automotive, Inc. / De",McDonough Claire,CFO,S - Sale,$14.50,-13144,827201,-2%,"-$190,650"
2026-08-18 17:23:14,2026-08-18,VIRT,"Virtu Financial, Inc.",Gambale Virginia,Dir,S - Sale+OE,$62.00,-6460,16910,-28%,"-$400,520"
2026-08-18 17:22:57,2026-08-17,MCRB,"Seres Therapeutics, Inc.",Desrosier Thomas,See Remarks,S - Sale+OE,$4.55,-82,8117,-1%,-$373
2026-08-18 17:22:03,2026-08-17,LSCC,Lattice Semiconductor Corp,Elashmawi Esam,"SVP, Strategy, Marketing",S - Sale,$134.77,-15742,155420,-9%,"-$2,121,569"
2026-08-18 17:21:16,2026-08-17,PCRX,"Pacira Biosciences, Inc.",Slonin Jonathan,Chief Medical Officer,S - Sale,$23.23,-3040,216384,-1%,"-$70,619"
2026-08-18 17:16:15,2026-08-14,CVX,Chevron Corp,Wirth Michael K,"COB, CEO",S - Sale+OE,$200.46,-317100,63179,-83%,"-$63,566,861"
2026-08-18 17:15:52,2026-08-17,AVD,American Vanguard Corp,Macicek Steven D,Dir,P - Purchase,$2.09,19000,99711,+24%,"+$39,710"
2026-08-18 17:14:19,2026-08-14,DLB,"Dolby Laboratories, Inc.",Revankar Shriram,"SVP, Advanced Technology Group",S - Sale,$62.71,-3000,73274,-4%,"-$188,130"
2026-08-18 17:14:05,2026-08-14,NGVT,Ingevity Corp,Li David H,"Pres, CEO",S - Sale,$75.77,-10092,120544,-8%,"-$764,673"
2026-08-18 17:13:55,2026-08-18,TG,Tredegar Corp,Dasgupta Arijit,See Remarks,P - Purchase,$7.87,2093,147437,+1%,"+$16,472"
2026-08-18 17:13:00,2026-08-14,LFST,"Lifestance Health Group, Inc.",Deluca Teresa,Dir,S - Sale,$12.68,-7500,97093,-7%,"-$95,100"
2026-08-18 17:09:12,2026-08-13,BSBR,Banco Santander (Brasil) S.A.,Garrido Eduardo Alvarez,"Officer w, o Specific Desig",S - Sale,$5.71,-410,24291,-2%,"-$2,341"
2026-08-18 17:09:11,2026-08-14,RDDT,"Reddit, Inc.",Huffman Steve Ladd,"CEO, Pres, 10%",S - Sale+OE,$178.16,-18000,456574,-4%,"-$3,206,893"
2026-08-18 17:07:08,2026-08-14,CTEV,Claritev Corp,Misencik Tiffani,"SVP, Chief Growth Officer",S - Sale,$40.07,-8850,123723,-7%,"-$354,593"
2026-08-18 17:07:06,2026-08-14,RDDT,"Reddit, Inc.",Wong Jennifer L.,COO,S - Sale+OE,$178.55,-75000,1086339,-6%,"-$13,391,000"
2026-08-18 17:07:04,2026-08-17,AUGO,Aura Minerals Inc.,Rosa Luvizotto Glauber,COO,S - Sale,$80.00,-1400,289228,0%,"-$112,000"
2026-08-18 17:06:54,2026-08-13,BSBR,Banco Santander (Brasil) S.A.,Fasoli Franco Luigi,"Officer w, o Specific Desig",S - Sale,$5.71,-24600,80443,-23%,"-$140,466"
2026-08-18 17:05:12,2026-08-14,OFIX,Orthofix Medical Inc.,"Juniper Investment Company, LLC",10%,S - Sale,$10.20,-39500,4482043,-1%,"-$402,744"
2026-08-18 17:04:49,2026-08-17,BUSE,First Busey Corp /Nv/,Cassens Michael David,Dir,S - Sale,$31.08,-1441,131453,-1%,"-$44,786"
2026-08-18 17:04:12,2026-06-18,HIMS,"Hims & Hers Health, Inc.",Okupe Oluyemi,CFO,S - Sale+OE,$34.05,-64771,264117,-20%,"-$2,205,192"
2026-08-18 17:03:55,2026-08-14,CIEN,Ciena Corp,Rothenstein David M,"SVP, Chief Strategy Officer",S - Sale,$438.10,-2500,180231,-1%,"-$1,095,250"
2026-08-18 17:03:35,2026-08-14,PRU,Prudential Financial Inc,Kappler Ann M,"EVP, GC",S - Sale,$125.01,-7652,15316,-33%,"-$956,577"
2026-08-18 17:03:34,2026-08-17,AUGO,Aura Minerals Inc.,Dos Santos Cardoso Joao Kleber,"CFO, Corporate Secretary",S - Sale,$80.00,-2066,106045,-2%,"-$165,280"
2026-08-18 17:02:14,2026-08-14,SMP,"Standard Motor Products, Inc.",Burks Dale,"Chief Commercial Officer, EVP",S - Sale,$38.72,-12551,59241,-17%,"-$486,024"
2026-08-18 17:01:35,2026-08-17,VIRT,"Virtu Financial, Inc.",Nixon John,Dir,S - Sale+OE,$60.13,-9094,30902,-23%,"-$546,822"
2026-08-18 17:01:30,2026-08-17,KMI,"Kinder Morgan, Inc.",Garthwaite Michael P.,"VP (Pres, Products Pipelines)",S - Sale,$32.65,-1550,50413,-3%,"-$50,612"
2026-08-18 17:00:53,2026-08-17,SIBN,"Si-Bone, Inc.",Francis Laura,CEO,S - Sale,$18.66,-14956,867170,-2%,"-$279,065"
2026-08-18 17:00:16,2026-08-14,ABBV,Abbvie Inc.,Donoghoe Nicholas,"EVP, CHIEF BUS, STRAT OFFICER",S - Sale+OE,$250.00,-32710,74430,-31%,"-$8,177,500"
2026-08-18 17:00:15,2026-08-17,VRCA,Verrica Pharmaceuticals Inc.,Zawitz David,COO,P - Purchase,$4.98,6000,27000,+29%,"+$29,880"
2026-08-18 17:00:14,2026-08-17,VRCA,Verrica Pharmaceuticals Inc.,Rosenberg Noah L.,CMO,P - Purchase,$4.91,6230,8587,+264%,"+$30,610"
2026-08-18 17:00:14,2026-08-14,VRCA,Verrica Pharmaceuticals Inc.,Rieger Jayson,"CEO, Pres",P - Purchase,$5.03,25000,208298,+14%,"+$125,750"
2026-08-18 17:00:13,2026-08-18,VRCA,Verrica Pharmaceuticals Inc.,Kirby John J.,Interim CFO,P - Purchase,$4.93,5000,23962,+26%,"+$24,650"
2026-08-18 16:58:37,2026-08-17,SIBN,"Si-Bone, Inc.",Pisetsky Michael A.,"SVP, Ops, Adm, Chief Legal Ofr",S - Sale,$18.63,-3725,273650,-1%,"-$69,411"
2026-08-18 16:58:33,2026-08-13,KTB,"Kontoor Brands, Inc.",Baxter Scott H,"COB, CEO",S - Sale+OE,$83.40,-184403,843133,-18%,"-$15,378,330"
2026-08-18 16:55:39,2026-08-17,HP,"Helmerich & Payne, Inc.",Hair Cara M.,"SVP, CORP. SERVICES, CLO",S - Sale,$44.27,-11149,136095,-8%,"-$493,566"
2026-08-18 16:55:17,2026-08-14,VG,"Venture Global, Inc.",Musser Fory,"SVP, Development",S - Sale+OE,$14.02,-469547,0,-100%,"-$6,582,658"
2026-08-18 16:55:13,2026-08-17,NVRI,Enviri Corp,Haznedar Carolann I,Dir,P - Purchase,$20.46,4875,42955,+13%,"+$99,747"
2026-08-18 16:55:09,2026-08-17,SIBN,"Si-Bone, Inc.",Maheshwari Anshul,CFO,S - Sale,$18.65,-4665,251895,-2%,"-$87,016"
2026-08-18 16:54:14,2026-08-14,RSG,"Republic Services, Inc.","Cascade Investment, L.L.C.",10%,P - Purchase,$215.26,356050,112024656,0%,"+$76,643,506"
2026-08-18 16:53:12,2026-08-14,HP,"Helmerich & Payne, Inc.",Momper Sara Marie,"VP, CAO",S - Sale,$44.28,-5054,16958,-23%,"-$223,791"
2026-08-18 16:53:09,2026-08-17,H,Hyatt Hotels Corp,Kronick Susan D,Dir,S - Sale,$179.88,-1700,29525,-5%,"-$305,796"
2026-08-18 16:51:13,2026-08-14,FTI,Technipfmc Plc,Mullins Eric D.,Dir,P - Purchase,$78.55,6365,8070,+373%,"+$499,971"
2026-08-18 16:50:07,2026-08-14,RCMT,"Rcm Technologies, Inc.",Vizi Bradley,"Exec COB, Pres, 10%",S - Sale,$37.89,-100000,1402477,-7%,"-$3,788,607"
2026-08-18 16:50:00,2026-08-17,AMD,Advanced Micro Devices Inc,Grasby Paul Darren,"EVP, CSO",S - Sale+OE,$514.91,-15000,117687,-11%,"-$7,723,650"
2026-08-18 16:48:40,2026-08-17,PTON,"Peloton Interactive, Inc.",Baig Saqib,Chief Accounting Officer,S - Sale+OE,$5.36,-36439,272641,-12%,"-$195,437"
2026-08-18 16:47:49,2026-08-17,PTON,"Peloton Interactive, Inc.",Boone Karen,Dir,S - Sale,$5.35,-25000,236063,-10%,"-$133,665"
2026-08-18 16:47:24,2026-08-17,SI,"Shoulder Innovations, Inc.",Ahearn Matthew Fraser,COO,S - Sale,$20.66,-22500,244176,-8%,"-$464,805"
2026-08-18 16:47:09,2026-08-17,CIEN,Ciena Corp,Smith Gary B,"Pres, CEO",S - Sale,$447.78,-2952,246030,-1%,"-$1,321,840"
2026-08-18 16:47:01,2026-08-17,OVLY,Oak Valley Bancorp,Holder H Randolph Jr,Dir,P - Purchase,$33.75,115,152991,0%,"+$3,881"
2026-08-18 16:45:20,2026-08-14,GRAB,Grab Holdings Ltd,Kandal Philipp Wolfgang Josef,Chief Product Officer,S - Sale,$3.64,-30000,3988735,-1%,"-$109,182"
2026-08-18 16:45:19,2026-08-17,XMTR,"Xometry, Inc.",Sahni Sanjeev Singh,CEO,S - Sale,$90.19,-1500,182403,-1%,"-$135,279"
2026-08-18 16:43:40,2026-08-17,SMA,"Smartstop Self Storage Reit, Inc.",Mueller David J,Dir,S - Sale+OE,$33.70,-425,4640,-8%,"-$14,323"
2026-08-18 16:42:31,2026-08-17,BKNG,Booking Holdings Inc.,Millones Peter J,"EVP, GC",S - Sale,$207.59,-50050,375025,-12%,"-$10,390,070"
2026-08-18 16:41:51,2026-08-17,BKNG,Booking Holdings Inc.,Wittman Vanessa Ames,Dir,S - Sale,$211.00,-375,16133,-2%,"-$79,125"
2026-08-18 16:40:46,2026-08-14,AMBQ,"Ambiq Micro, Inc.",Hanson Scott McLean,CTO,S - Sale+OE,$64.38,-7000,211226,-3%,"-$450,639"
2026-08-18 16:39:54,2026-08-14,HOOD,"Robinhood Markets, Inc.",Bhatt Baiju,Dir,S - Sale+OE,$96.80,-50317,3703,-93%,"-$4,870,628"
2026-08-18 16:38:26,2026-08-18,CYTK,Cytokinetics Inc,Malik Fady Ibraham,"EVP Research, Development",S - Sale+OE,$75.82,-3500,153902,-2%,"-$265,370"
2026-08-18 16:36:49,2026-08-14,SMA,"Smartstop Self Storage Reit, Inc.",Look Nicholas,"GC, Secretary",S - Sale+OE,$34.36,-1025,588,-64%,"-$35,219"
2026-08-18 16:34:43,2026-08-18,SYK,Stryker Corp,King Debra,See Remarks,S - Sale,$336.30,-826,6218,-12%,"-$277,787"
2026-08-18 16:34:36,2026-08-14,MXL,"Maxlinear, Inc",Seendripu Kishore,"COB, Pres, CEO, 10%",S - Sale,$85.27,-591454,4612521,-11%,"-$50,435,857"
2026-08-18 16:34:17,2026-08-14,LILA,Liberty Latin America Ltd.,Malone John C,"Director Emeritus, 10%",P - Purchase,$8.50,6761,3960827,0%,"+$57,469"
2026-08-18 16:33:50,2026-08-14,MHK,Mohawk Industries Inc,Helen Suzanne L,Possible member of group,S - Sale,$139.48,-1000,147778,-1%,"-$139,480"
2026-08-18 16:33:32,2026-08-14,NU,Nu Holdings Ltd.,Fragelli Henrique Camossa Saldanha,Chief Risk Officer,S - Sale,$15.81,-221707,4429446,-5%,"-$3,505,232"
2026-08-18 16:33:10,2026-08-17,VTEX,Vtex,Gomes Andre Spolidoro Ferreira,Chief Strategy Officer,S - Sale,$3.57,-6000,331831,-2%,"-$21,420"
2026-08-18 16:32:21,2026-08-14,NU,Nu Holdings Ltd.,Junqueira Cristina Helena Zingaretti,"US CEO, Chief Growth Officer",S - Sale,$15.80,-50000,11876913,0%,"-$790,000"
2026-08-18 16:32:09,2026-08-18,ELAN,Elanco Animal Health Inc,O'Neill Shiv,"GC, CORP SEC",P - Purchase,$23.58,3998,87832,+5%,"+$94,273"
2026-08-18 16:31:40,2026-08-17,UTHR,United Therapeutics Corp,Rothblatt Martine A,"CHAIRPERSON, CEO",S - Sale+OE,$506.59,-9500,668728,-1%,"-$4,812,568"
2026-08-18 16:30:46,2026-08-17,BWB,Bridgewater Bancshares Inc,Baack Jerry J.,CEO,S - Sale,$22.48,-10000,1126769,-1%,"-$224,813"
2026-08-18 16:30:33,2026-08-17,EXPE,"Expedia Group, Inc.",Dzielak Robert J,"GC, Sec'y",S - Sale+OE,$330.50,-2000,105335,-2%,"-$661,000"
2026-08-18 16:30:20,2026-08-17,SLNHP,"Soluna Holdings, Inc",Hirshfield Edward R,Dir,S - Sale,$12.34,-9007,0,-100%,"-$111,146"
2026-08-18 16:30:19,2026-08-14,FIGR,"Figure Technology Solutions, Inc.",Stevens David Todd,Chief Capital Officer,S - Sale+OE,$31.38,-47650,376599,-11%,"-$1,495,391"
2026-08-18 16:30:14,2026-08-14,AMBQ,"Ambiq Micro, Inc.",Esaka Fumihide,CEO,S - Sale+OE,$64.39,-13500,451189,-3%,"-$869,226"
2026-08-18 16:30:11,2026-08-14,CORT,Corcept Therapeutics Inc,Maduck Sean,See Remarks,S - Sale+OE,$114.49,-3664,119472,-3%,"-$419,491"
2026-08-18 16:30:09,2026-08-14,CORT,Corcept Therapeutics Inc,Wilson James N,Dir,S - Sale,$111.43,-10000,1474543,-1%,"-$1,114,261"
2026-08-18 16:30:08,2026-08-14,CGON,"Cg Oncology, Inc.",Post Leonard E,Dir,S - Sale+OE,$74.54,-1000,0,-100%,"-$74,540"
2026-08-18 16:30:06,2026-08-17,CORT,Corcept Therapeutics Inc,Robb Gary Charles,Chief Business Officer,S - Sale,$116.26,-10000,84284,-11%,"-$1,162,572"
2026-08-18 16:30:03,2026-08-14,DFIN,"Donnelley Financial Solutions, Inc.",Leib Daniel,CEO,S - Sale,$50.00,-213,621102,0%,"-$10,650"
2026-08-18 16:28:25,2026-08-14,TTWO,Take Two Interactive Software Inc,Siminoff Ellen F,Dir,S - Sale,$242.34,-334,11903,-3%,"-$80,942"
2026-08-18 16:27:43,2026-08-17,RSKD,Riskified Ltd.,Kumaraswami Ravi,Pres Worldwide Field Ops.,S - Sale,$6.24,-65000,1616246,-4%,"-$405,470"
2026-08-18 16:27:03,2026-08-17,CNP,Centerpoint Energy Inc,Fitch Laurie Lee,Dir,P - Purchase,$40.70,1000,12395,+9%,"+$40,700"
2026-08-18 16:26:41,2026-08-17,EAT,"Brinker International, Inc",Fuller Daniel S,"SVP, GC",S - Sale,$243.43,-9960,32138,-24%,"-$2,424,563"
2026-08-18 16:26:39,2026-08-18,ESNT,Essent Group Ltd.,Bhasin Vijay,"SVP, Chief Risk Officer",S - Sale,$70.00,-14175,184274,-7%,"-$992,250"
2026-08-18 16:26:38,2026-08-17,DLHC,Dlh Holdings Corp.,Mink Brook Asset Management LLC,10%,P - Purchase,$4.54,2000,2872553,0%,"+$9,076"
2026-08-18 16:26:30,2026-08-17,TDG,Transdigm Group Inc,Reiss Joel,Co-COO,S - Sale+OE,"$1,238.76",-3900,3600,-52%,"-$4,831,152"
2026-08-18 16:26:12,2026-08-17,TTWO,Take Two Interactive Software Inc,Srinivasan Laverne Evans,Dir,S - Sale,$245.01,-362,8357,-4%,"-$88,694"
2026-08-18 16:25:49,2026-08-17,QRVO,"Qorvo, Inc.",Chesley Philip,"SVP, High Performance Analog",S - Sale,$97.50,-5487,44021,-11%,"-$534,983"
2026-08-18 16:25:36,2026-08-14,AMD,Advanced Micro Devices Inc,Papermaster Mark D,"CTO, EVP",S - Sale+OE,$487.34,-7369,1728536,0%,"-$3,591,208"
2026-08-18 16:25:06,2026-08-17,EAT,"Brinker International, Inc",Hochman Kevin,"Pres, CEO",S - Sale,$243.15,-40000,144090,-22%,"-$9,726,000"
2026-08-18 16:25:05,2026-08-17,QRVO,"Qorvo, Inc.",Brown Grant,"SVP, CFO",S - Sale,$97.50,-5179,49268,-10%,"-$504,953"
2026-08-18 16:23:45,2026-08-14,NI,Nisource Inc.,Birmingham Melody,"EVP, Grp Pres, Utilities",S - Sale,$42.40,-37509,78527,-32%,"-$1,590,389"
2026-08-18 16:23:22,2026-08-17,TTWO,Take Two Interactive Software Inc,Sheresky Michael,Dir,S - Sale,$245.01,-127,65368,0%,"-$31,116"
2026-08-18 16:21:58,2026-08-17,LNC,Lincoln National Corp,Woodroffe Sean,"EVP, Ch Ppl Comms Ent Srvc Off",S - Sale,$45.28,-11000,119947,-8%,"-$498,080"
2026-08-18 16:20:56,2026-08-17,LLY,Eli Lilly & Co,Jonsson Patrik,"EVP, Pres, LLY Int'l",S - Sale,$0.18,-6500,54779,-11%,"-$1,175"
2026-08-18 16:20:52,2026-08-18,DAR,Darling Ingredients Inc.,Manzi Joseph,Chief Accounting Officer,S - Sale,$67.27,-1000,18969,-5%,"-$67,270"
2026-08-18 16:19:14,2026-08-17,BRCC,Brc Inc.,Kadenacy Stephen M,Dir,S - Sale,$0.82,-105000,1508193,-7%,"-$86,195"
2026-08-18 16:19:04,2026-08-14,MDB,"Mongodb, Inc.",Merriman Dwight A,Dir,S - Sale,$463.53,-16000,1495111,-1%,"-$7,416,407"
2026-08-18 16:18:58,2026-08-14,TW,Tradeweb Markets Inc.,Dixon Troy,"MD, Co-Head of Global Markets",S - Sale,$106.00,-3130,31863,-9%,"-$331,793"
2026-08-18 16:18:54,2026-08-17,LZ,"Legalzoom.Com, Inc.",Miller Nicole,GC,S - Sale,$5.51,-77475,943453,-8%,"-$426,887"
2026-08-18 16:18:13,2026-08-17,DAR,Darling Ingredients Inc.,Dudley Sandra,EVP Chief Strategy Officer,S - Sale+OE,$67.87,-6474,74232,-8%,"-$439,416"
2026-08-18 16:17:55,2026-08-17,AA,Alcoa Corp,Hastings Andrew,"EVP, Gen. Counsel",S - Sale,$50.90,-6000,37532,-14%,"-$305,412"
2026-08-18 16:17:50,2026-08-17,RLAY,"Relay Therapeutics, Inc.",Patel Sanjiv,"Pres, CEO",S - Sale,$20.33,-48199,1454602,-3%,"-$979,886"
2026-08-18 16:16:47,2026-08-17,BXSY,Bexil Investment Trust,Winmill & Co. Inc,"See ""Explanation of Responses""",P - Purchase,$18.04,7700,324582,+2%,"+$138,941"
2026-08-18 16:16:30,2026-08-17,UMBF,Umb Financial Corp,Terry Thomas S,Chief Credit Officer,S - Sale,$151.77,-5713,35777,-14%,"-$867,062"
2026-08-18 16:16:27,2026-08-14,RLAY,"Relay Therapeutics, Inc.",Catinazzo Thomas,CFO,S - Sale,$19.74,-17717,140568,-11%,"-$349,734"
