Stock,% of Portfolio,RecentActivity,Shares,ReportedPrice*,Value,Unnamed: 7,Current Price,+/-Reported Price,52Week Low,52Week High,Investor,Kvartal_Aktualizace
GPI - Group 1 Automotive,46.41,Add 28.07%,967000,$291.17,"$281,561,000",,$262.47,-9.86%,$260.95,$486.11,Greg Alexander - Conifer Management Updated 13 Aug 2026,Q2 2026
EQH - Equitable Holdings Inc.,30.38,,4200000,$43.88,"$184,296,000",,$52.69,20.08%,$34.72,$53.80,Greg Alexander - Conifer Management Updated 13 Aug 2026,Q2 2026
AIIR - Air Holdings Ltd,10.61,Buy,9666791,$6.66,"$64,381,000",,,,,,Greg Alexander - Conifer Management Updated 13 Aug 2026,Q2 2026
MNDY - monday.com Ltd.,4.77,,400000,$72.39,"$28,956,000",,$92.99,28.46%,$57.50,$220.80,Greg Alexander - Conifer Management Updated 13 Aug 2026,Q2 2026
RMNI - Rimini Street Inc.,4.15,,5913199,$4.26,"$25,190,000",,$4.99,17.14%,$2.87,$5.08,Greg Alexander - Conifer Management Updated 13 Aug 2026,Q2 2026
SDHC - Smith Douglas Homes Corp,3.67,,1433350,$15.54,"$22,274,000",,$14.20,-8.62%,$10.72,$23.49,Greg Alexander - Conifer Management Updated 13 Aug 2026,Q2 2026
JCI - Johnson Controls Intl. plc,4.27,Reduce 3.01%,55776006,$146.11,"$8,149,432,000",,$152.54,4.40%,$101.75,$157.06,Dodge & Cox Funds Updated 13 Aug 2026,Q2 2026
SCHW - Charles Schwab Corp.,3.72,Add 2.62%,76968323,$92.27,"$7,101,867,000",,$109.78,18.98%,$83.96,$110.00,Dodge & Cox Funds Updated 13 Aug 2026,Q2 2026
RTX - RTX Corp.,3.49,Reduce 1.02%,35113249,$189.73,"$6,662,037,000",,$220.66,16.30%,$148.90,$226.88,Dodge & Cox Funds Updated 13 Aug 2026,Q2 2026
CVS - CVS Health Corp.,2.71,Reduce 3.41%,50012765,$103.45,"$5,173,821,000",,$94.57,-8.58%,$63.26,$110.00,Dodge & Cox Funds Updated 13 Aug 2026,Q2 2026
MSFT - Microsoft Corp.,2.51,Add 7.33%,12836229,$373.02,"$4,788,170,000",,$496.35,33.06%,$349.20,$550.24,Dodge & Cox Funds Updated 13 Aug 2026,Q2 2026
BKNG - Booking Holdings Inc.,2.38,Add 2.40%,25536950,$178.24,"$4,551,706,000",,$214.09,20.11%,$149.76,$229.86,Dodge & Cox Funds Updated 13 Aug 2026,Q2 2026
HUM - Humana Inc.,2.28,Reduce 3.87%,10940380,$397.22,"$4,345,738,000",,$383.88,-3.36%,$161.90,$428.88,Dodge & Cox Funds Updated 13 Aug 2026,Q2 2026
GOOG - Alphabet Inc. CL C,2.21,Reduce 2.19%,11961097,$353.33,"$4,226,214,000",,$343.94,-2.66%,$196.90,$404.23,Dodge & Cox Funds Updated 13 Aug 2026,Q2 2026
MET - MetLife Inc.,2.15,Reduce 5.25%,48431150,$84.61,"$4,097,760,000",,$97.27,14.96%,$66.41,$100.93,Dodge & Cox Funds Updated 13 Aug 2026,Q2 2026
SUNB - Sunbelt Rentals Holdings Inc,2.15,Add 3.13%,54761610,$74.81,"$4,096,716,000",,$80.65,7.81%,$60.40,$85.78,Dodge & Cox Funds Updated 13 Aug 2026,Q2 2026
AMZN - Amazon.com Inc.,2.09,Add 10.58%,16708513,$238.34,"$3,982,307,000",,$265.88,11.55%,$196.00,$287.20,Dodge & Cox Funds Updated 13 Aug 2026,Q2 2026
GOOGL - Alphabet Inc.,2.0,Add 0.32%,10658860,$357.37,"$3,809,157,000",,$346.14,-3.14%,$196.04,$408.37,Dodge & Cox Funds Updated 13 Aug 2026,Q2 2026
UNH - United Health Group Inc.,1.98,Reduce 4.17%,9072258,$415.63,"$3,770,703,000",,$399.39,-3.91%,$254.51,$461.62,Dodge & Cox Funds Updated 13 Aug 2026,Q2 2026
META - Meta Platforms Inc.,1.92,Add 29.41%,6489255,$563.29,"$3,655,332,000",,$593.95,5.44%,$519.78,$793.65,Dodge & Cox Funds Updated 13 Aug 2026,Q2 2026
OXY - Occidental Petroleum,1.85,Reduce 1.78%,72764944,$48.57,"$3,534,193,000",,$57.72,18.84%,$38.44,$67.14,Dodge & Cox Funds Updated 13 Aug 2026,Q2 2026
TEL - TE Connectivity plc,1.79,Add 15.52%,16968886,$201.61,"$3,421,097,000",,$215.83,7.05%,$190.27,$251.59,Dodge & Cox Funds Updated 13 Aug 2026,Q2 2026
CI - Cigna Group,1.76,Add 5.35%,12173875,$275.68,"$3,356,094,000",,$277.40,0.62%,$235.50,$310.19,Dodge & Cox Funds Updated 13 Aug 2026,Q2 2026
REGN - Regeneron Pharmaceuticals,1.59,Add 9.26%,4871137,$623.54,"$3,037,349,000",,$807.02,29.43%,$538.87,$818.90,Dodge & Cox Funds Updated 13 Aug 2026,Q2 2026
GILD - Gilead Sciences,1.57,Reduce 2.36%,23677567,$126.34,"$2,991,424,000",,$137.21,8.60%,$106.44,$155.38,Dodge & Cox Funds Updated 13 Aug 2026,Q2 2026
IFF - International Flavors & Fragrances Inc.,1.54,Add 1.46%,37007037,$79.22,"$2,931,697,000",,$84.39,6.53%,$58.13,$89.32,Dodge & Cox Funds Updated 13 Aug 2026,Q2 2026
AON - Aon Plc,1.49,Add 5.88%,8593144,$331.69,"$2,850,260,000",,$355.30,7.12%,$303.10,$381.47,Dodge & Cox Funds Updated 13 Aug 2026,Q2 2026
CMCSA - Comcast Corp.,1.49,Add 2.47%,115903125,$24.55,"$2,845,422,000",,$26.08,6.23%,$21.28,$32.04,Dodge & Cox Funds Updated 13 Aug 2026,Q2 2026
APD - Air Products & Chemicals,1.44,Add 1.75%,9393493,$293.18,"$2,753,984,000",,$305.15,4.08%,$224.64,$314.87,Dodge & Cox Funds Updated 13 Aug 2026,Q2 2026
FTV - Fortive Corp.,1.41,Add 1.91%,43979772,$61.09,"$2,686,724,000",,$61.88,1.29%,$46.33,$64.56,Dodge & Cox Funds Updated 13 Aug 2026,Q2 2026
BN - Brookfield Corp.,1.37,Add 3.42%,61210651,$42.59,"$2,606,962,000",,$44.90,5.42%,$37.87,$49.40,Dodge & Cox Funds Updated 13 Aug 2026,Q2 2026
WFC - Wells Fargo,1.36,Add 0.51%,31328076,$82.64,"$2,588,952,000",,$88.28,6.82%,$72.36,$96.18,Dodge & Cox Funds Updated 13 Aug 2026,Q2 2026
GSK - GSK plc,1.32,Reduce 17.84%,48197514,$52.42,"$2,526,514,000",,$50.39,-3.87%,$37.21,$60.66,Dodge & Cox Funds Updated 13 Aug 2026,Q2 2026
FISV - Fiserv Inc.,1.29,Reduce 0.13%,50194946,$49.05,"$2,462,062,000",,$55.21,12.56%,$47.04,$140.42,Dodge & Cox Funds Updated 13 Aug 2026,Q2 2026
BUD - Anheuser-Busch InBev,1.27,Reduce 0.70%,29477348,$82.40,"$2,428,933,000",,$80.30,-2.55%,$56.78,$86.60,Dodge & Cox Funds Updated 13 Aug 2026,Q2 2026
GEHC - GE HealthCare Technologies Inc.,1.27,Add 20.93%,37864164,$64.01,"$2,423,685,000",,$73.72,15.17%,$58.72,$89.64,Dodge & Cox Funds Updated 13 Aug 2026,Q2 2026
BNY - Bank of New York Mellon Corp.,1.26,Reduce 29.03%,16608370,$144.61,"$2,401,736,000",,$162.15,12.13%,$97.96,$163.67,Dodge & Cox Funds Updated 13 Aug 2026,Q2 2026
ROP - Roper Technologies Inc.,1.25,Add 111.16%,7060583,$338.39,"$2,389,231,000",,$397.04,17.33%,$305.19,$540.19,Dodge & Cox Funds Updated 13 Aug 2026,Q2 2026
FDX - FedEx Corp.,1.19,Reduce 27.55%,7233269,$313.13,"$2,264,953,000",,$337.07,7.65%,$172.82,$344.07,Dodge & Cox Funds Updated 13 Aug 2026,Q2 2026
SBAC - SBA Communications Corp.,1.14,Add 2.01%,12323254,$176.46,"$2,174,561,000",,$186.88,5.91%,$161.43,$223.11,Dodge & Cox Funds Updated 13 Aug 2026,Q2 2026
AJG - Arthur J. Gallagher & Co.,1.13,Add 27.31%,9363634,$229.57,"$2,149,609,000",,$253.09,10.25%,$190.12,$310.73,Dodge & Cox Funds Updated 13 Aug 2026,Q2 2026
CHTR - Charter Communications,1.12,Add 2.77%,15032214,$142.21,"$2,137,731,000",,$156.28,9.89%,$111.55,$285.82,Dodge & Cox Funds Updated 13 Aug 2026,Q2 2026
WTW - Willis Towers Watson plc,1.1,Add 9.45%,8025392,$261.37,"$2,097,597,000",,$334.14,27.84%,$239.74,$349.37,Dodge & Cox Funds Updated 13 Aug 2026,Q2 2026
ZBH - Zimmer Biomet Holdings,1.09,Add 2.47%,24124735,$86.09,"$2,076,898,000",,$99.07,15.08%,$78.91,$107.16,Dodge & Cox Funds Updated 13 Aug 2026,Q2 2026
CARR - Carrier Global Corp.,1.06,Add 3.21%,27475603,$73.35,"$2,015,335,000",,$63.60,-13.29%,$49.67,$76.49,Dodge & Cox Funds Updated 13 Aug 2026,Q2 2026
BKR - Baker Hughes Co.,1.01,Reduce 2.84%,34854482,$55.50,"$1,934,424,000",,$63.46,14.34%,$41.31,$69.92,Dodge & Cox Funds Updated 13 Aug 2026,Q2 2026
FIS - Fidelity National Information Services,1.0,Reduce 0.01%,49069080,$38.88,"$1,907,806,000",,$43.70,12.40%,$37.42,$70.62,Dodge & Cox Funds Updated 13 Aug 2026,Q2 2026
V - Visa Inc.,0.97,Add 630554.95%,5417326,$343.09,"$1,858,630,000",,$362.90,5.77%,$292.74,$373.28,Dodge & Cox Funds Updated 13 Aug 2026,Q2 2026
COF - Capital One Financial,0.96,Add 3.91%,9117926,$200.62,"$1,829,238,000",,$223.88,11.59%,$174.23,$257.54,Dodge & Cox Funds Updated 13 Aug 2026,Q2 2026
TRU - TransUnion,0.91,Add 49.46%,24196211,$72.14,"$1,745,515,000",,$81.19,12.55%,$63.37,$95.04,Dodge & Cox Funds Updated 13 Aug 2026,Q2 2026
ELAN - Elanco Animal Health Inc.,0.87,Reduce 2.24%,67397025,$24.61,"$1,658,641,000",,$22.49,-8.61%,$17.11,$27.98,Dodge & Cox Funds Updated 13 Aug 2026,Q2 2026
UBS - UBS AG,0.87,Reduce 0.04%,33630342,$49.54,"$1,666,002,000",,$53.68,8.36%,$35.38,$55.15,Dodge & Cox Funds Updated 13 Aug 2026,Q2 2026
TMO - Thermo Fisher Scientific,0.8,Add 11767.36%,3054778,$501.36,"$1,531,543,000",,$595.87,18.85%,$434.83,$642.71,Dodge & Cox Funds Updated 13 Aug 2026,Q2 2026
HLN - Haleon Plc ADR,0.73,Add 2.32%,149934507,$9.33,"$1,398,889,000",,$9.79,4.93%,$8.59,$11.13,Dodge & Cox Funds Updated 13 Aug 2026,Q2 2026
INCY - Incyte Corp.,0.71,Reduce 2.41%,11957326,$113.36,"$1,355,482,000",,$120.15,5.99%,$81.09,$132.60,Dodge & Cox Funds Updated 13 Aug 2026,Q2 2026
SU - Suncor Energy Inc.,0.71,Reduce 3.41%,25366554,$53.68,"$1,361,677,000",,$65.22,21.50%,$36.86,$69.83,Dodge & Cox Funds Updated 13 Aug 2026,Q2 2026
LPLA - LPL Financial Holdings Inc.,0.68,Add 10.42%,4578679,$281.68,"$1,289,722,000",,$375.26,33.22%,$260.15,$399.35,Dodge & Cox Funds Updated 13 Aug 2026,Q2 2026
CPNG - Coupang Inc.,0.66,Add 0.26%,72194220,$17.37,"$1,254,014,000",,$16.31,-6.10%,$14.92,$34.08,Dodge & Cox Funds Updated 13 Aug 2026,Q2 2026
BAX - Baxter International Inc.,0.65,Add 1.98%,58386345,$21.32,"$1,244,797,000",,$27.07,26.97%,$15.72,$30.00,Dodge & Cox Funds Updated 13 Aug 2026,Q2 2026
D - Dominion Energy Inc.,0.65,Reduce 6.03%,18303470,$68.29,"$1,249,944,000",,$68.56,0.40%,$54.72,$72.99,Dodge & Cox Funds Updated 13 Aug 2026,Q2 2026
SNY - Sanofi Aventis,0.63,Reduce 4.80%,28088274,$42.66,"$1,198,246,000",,$43.81,2.70%,$40.89,$49.91,Dodge & Cox Funds Updated 13 Aug 2026,Q2 2026
AEP - American Electric Power,0.62,Reduce 0.75%,8674355,$136.81,"$1,186,739,000",,$125.16,-8.52%,$102.52,$139.52,Dodge & Cox Funds Updated 13 Aug 2026,Q2 2026
AVTR - Avantor Inc.,0.62,Add 0.31%,120020974,$9.90,"$1,188,208,000",,$13.81,39.49%,$7.27,$15.93,Dodge & Cox Funds Updated 13 Aug 2026,Q2 2026
SUI - Sun Communities Inc.,0.6,Reduce 33.40%,9500781,$119.91,"$1,139,239,000",,$119.93,0.02%,$113.81,$135.36,Dodge & Cox Funds Updated 13 Aug 2026,Q2 2026
ADM - Archer-Daniels-Midland,0.57,Reduce 9.99%,14182325,$76.40,"$1,083,530,000",,$80.41,5.25%,$54.34,$88.46,Dodge & Cox Funds Updated 13 Aug 2026,Q2 2026
FDXF - FedEx Freight Holding Co.,0.57,Buy,7182771,$151.00,"$1,084,598,000",,$149.15,-1.23%,$135.00,$200.00,Dodge & Cox Funds Updated 13 Aug 2026,Q2 2026
TDY - Teledyne Technologies,0.56,Add 0.53%,1612837,$666.90,"$1,075,601,000",,$674.11,1.08%,$483.02,$697.67,Dodge & Cox Funds Updated 13 Aug 2026,Q2 2026
TMUS - T-Mobile US Inc.,0.56,Add 2.89%,6335783,$167.73,"$1,062,701,000",,$182.53,8.82%,$165.66,$256.72,Dodge & Cox Funds Updated 13 Aug 2026,Q2 2026
RAL - Ralliant Corp.,0.54,Add 1.87%,14005203,$73.63,"$1,031,203,000",,$71.74,-2.57%,$37.20,$75.41,Dodge & Cox Funds Updated 13 Aug 2026,Q2 2026
BAP - Credicorp Ltd.,0.53,Reduce 23.34%,2614315,$389.58,"$1,018,485,000",,$377.14,-3.19%,$230.45,$413.25,Dodge & Cox Funds Updated 13 Aug 2026,Q2 2026
NVO - Novo Nordisk A S,0.51,Add 5.50%,20397110,$47.94,"$977,837,000",,$46.33,-3.36%,$34.58,$61.89,Dodge & Cox Funds Updated 13 Aug 2026,Q2 2026
BABA - Alibaba Group Holdings,0.5,Add 0.41%,9957970,$95.98,"$955,766,000",,$122.17,27.29%,$91.99,$190.92,Dodge & Cox Funds Updated 13 Aug 2026,Q2 2026
COP - ConocoPhillips,0.5,Reduce 3.94%,9266284,$103.96,"$963,323,000",,$124.52,19.78%,$83.51,$134.87,Dodge & Cox Funds Updated 13 Aug 2026,Q2 2026
CX - Cemex,0.5,Reduce 5.92%,80187637,$12.00,"$962,252,000",,$11.08,-7.67%,$8.37,$13.64,Dodge & Cox Funds Updated 13 Aug 2026,Q2 2026
HPQ - HP Inc.,0.49,Add 2.49%,42627828,$21.94,"$935,255,000",,$30.79,40.34%,$17.07,$30.87,Dodge & Cox Funds Updated 13 Aug 2026,Q2 2026
NBIX - Neurocrine Biosciences Inc.,0.49,Add 2.26%,5584707,$168.54,"$941,219,000",,$151.37,-10.19%,$122.14,$186.12,Dodge & Cox Funds Updated 13 Aug 2026,Q2 2026
BMRN - BioMarin Pharmaceutical Inc.,0.45,Add 1.94%,14844930,$57.22,"$849,427,000",,$68.59,19.87%,$49.26,$70.98,Dodge & Cox Funds Updated 13 Aug 2026,Q2 2026
FCNCA - First Citizens Bancshares,0.44,Add 2.83%,404215,$2080.79,"$841,087,000",,$2270.54,9.12%,$1618.56,$2289.99,Dodge & Cox Funds Updated 13 Aug 2026,Q2 2026
NSC - Norfolk Southern Corp.,0.41,Reduce 59.92%,2508128,$314.59,"$789,032,000",,$338.63,7.64%,$263.58,$357.18,Dodge & Cox Funds Updated 13 Aug 2026,Q2 2026
KKR - KKR & Co. L.P.,0.39,Buy,8060515,$91.78,"$739,794,000",,$116.44,26.87%,$82.35,$151.00,Dodge & Cox Funds Updated 13 Aug 2026,Q2 2026
TAP - Molson Coors Beverage Co.,0.39,Add 2.93%,19065434,$38.96,"$742,789,000",,$42.13,8.14%,$38.04,$53.62,Dodge & Cox Funds Updated 13 Aug 2026,Q2 2026
TIGO - Millicom Intl Cellular S.a.,0.39,Add 0.69%,8218532,$90.76,"$745,914,000",,$95.02,4.69%,$39.68,$107.13,Dodge & Cox Funds Updated 13 Aug 2026,Q2 2026
CE - Celanese Corp.,0.37,Reduce 0.41%,15282234,$46.00,"$702,983,000",,$44.01,-4.33%,$35.07,$70.65,Dodge & Cox Funds Updated 13 Aug 2026,Q2 2026
LIN - Linde plc,0.36,,1326590,$518.94,"$688,421,000",,$476.73,-8.13%,$385.26,$548.20,Dodge & Cox Funds Updated 13 Aug 2026,Q2 2026
TSM - Taiwan Semiconductor S.A.,0.36,Add 1236.52%,1440767,$477.57,"$688,067,000",,$432.89,-9.36%,$221.29,$479.00,Dodge & Cox Funds Updated 13 Aug 2026,Q2 2026
ADBE - Adobe Inc.,0.33,Add 24.82%,3114932,$205.02,"$638,623,000",,$268.36,30.89%,$190.12,$370.86,Dodge & Cox Funds Updated 13 Aug 2026,Q2 2026
GLPI - Gaming and Leisure Properties Inc.,0.32,Add 2.34%,13773135,$44.53,"$613,318,000",,$43.61,-2.07%,$39.81,$48.30,Dodge & Cox Funds Updated 13 Aug 2026,Q2 2026
MDT - Medtronic plc,0.32,Add 2.36%,7875898,$78.23,"$616,132,000",,$90.60,15.81%,$72.65,$103.76,Dodge & Cox Funds Updated 13 Aug 2026,Q2 2026
ALNY - Alnylam Pharmaceuticals,0.31,Add 1.35%,1955393,$301.03,"$588,632,000",,$226.45,-24.77%,$197.81,$495.55,Dodge & Cox Funds Updated 13 Aug 2026,Q2 2026
FOXA - Fox Corporation,0.31,Add 2.99%,11223096,$52.16,"$585,397,000",,$65.06,24.73%,$48.34,$76.02,Dodge & Cox Funds Updated 13 Aug 2026,Q2 2026
CTSH - Cognizant Technology Solutions,0.3,Add 1.89%,14542493,$38.73,"$563,231,000",,$59.33,53.19%,$37.08,$85.98,Dodge & Cox Funds Updated 13 Aug 2026,Q2 2026
XP - XP Inc.,0.28,Reduce 0.50%,32564312,$16.26,"$529,496,000",,$15.86,-2.46%,$14.80,$22.83,Dodge & Cox Funds Updated 13 Aug 2026,Q2 2026
MCHP - Microchip Technology,0.26,Reduce 9.73%,5533359,$91.20,"$504,642,000",,$78.70,-13.71%,$47.57,$105.38,Dodge & Cox Funds Updated 13 Aug 2026,Q2 2026
AEG - Aegon Ltd,0.2,Reduce 11.71%,44635184,$8.44,"$376,721,000",,$9.39,11.26%,$6.56,$9.61,Dodge & Cox Funds Updated 13 Aug 2026,Q2 2026
VFC - V.F. Corp.,0.2,Reduce 32.15%,22406175,$16.68,"$373,735,000",,$14.75,-11.57%,$12.02,$22.15,Dodge & Cox Funds Updated 13 Aug 2026,Q2 2026
BNTX - Biontech Se ADR,0.18,Add 0.02%,3677591,$93.05,"$342,200,000",,$91.91,-1.23%,$79.52,$124.00,Dodge & Cox Funds Updated 13 Aug 2026,Q2 2026
FOX - Fox Corporation CL B,0.18,Add 1.21%,7266093,$46.84,"$340,344,000",,$57.80,23.40%,$44.08,$67.81,Dodge & Cox Funds Updated 13 Aug 2026,Q2 2026
PDD - Pinduoduo Inc.,0.18,Add 0.27%,4550000,$76.28,"$347,074,000",,$84.65,10.97%,$71.94,$139.41,Dodge & Cox Funds Updated 13 Aug 2026,Q2 2026
YUMC - Yum China Holdings Inc.,0.18,Add 0.17%,8365562,$40.87,"$341,901,000",,$47.38,15.93%,$40.15,$57.69,Dodge & Cox Funds Updated 13 Aug 2026,Q2 2026
TRP - TC Energy,0.17,Reduce 43.38%,5034800,$66.29,"$333,757,000",,$62.94,-5.05%,$47.80,$70.90,Dodge & Cox Funds Updated 13 Aug 2026,Q2 2026
JD - JD.com Inc.,0.16,,12194648,$25.48,"$310,720,000",,$29.26,14.84%,$23.66,$35.59,Dodge & Cox Funds Updated 13 Aug 2026,Q2 2026
NWSA - News Corp.,0.16,Add 2.30%,12538190,$24.83,"$311,323,000",,$28.83,16.11%,$22.11,$31.48,Dodge & Cox Funds Updated 13 Aug 2026,Q2 2026
NTES - NetEase.com Inc.,0.15,Add 0.25%,2162476,$128.14,"$277,100,000",,$122.73,-4.22%,$105.44,$156.41,Dodge & Cox Funds Updated 13 Aug 2026,Q2 2026
GE - GE Aerospace,0.12,Reduce 18.96%,598052,$373.73,"$223,510,000",,$361.73,-3.21%,$262.47,$388.84,Dodge & Cox Funds Updated 13 Aug 2026,Q2 2026
COHR - Coherent Corp.,0.11,Reduce 2.64%,544160,$394.47,"$214,655,000",,$330.42,-16.24%,$84.35,$440.00,Dodge & Cox Funds Updated 13 Aug 2026,Q2 2026
HDB - HDFC Bank Ltd.,0.09,Add 17.41%,6678700,$25.83,"$172,511,000",,$23.19,-10.22%,$22.26,$37.19,Dodge & Cox Funds Updated 13 Aug 2026,Q2 2026
GEV - Ge Vernova Inc,0.08,Reduce 4.89%,122871,$1174.86,"$144,356,000",,$1058.04,-9.94%,$529.18,$1195.94,Dodge & Cox Funds Updated 13 Aug 2026,Q2 2026
VSNT - Versant Media Group Inc.,0.08,Reduce 0.86%,4472367,$36.01,"$161,050,000",,$38.64,7.30%,$26.61,$45.11,Dodge & Cox Funds Updated 13 Aug 2026,Q2 2026
GS - Goldman Sachs Group,0.07,Reduce 90.28%,134131,$1011.37,"$135,656,000",,$1046.27,3.45%,$691.63,$1153.99,Dodge & Cox Funds Updated 13 Aug 2026,Q2 2026
NVS - Novartis AG,0.06,Reduce 89.10%,759373,$156.72,"$119,009,000",,$151.82,-3.13%,$116.45,$165.46,Dodge & Cox Funds Updated 13 Aug 2026,Q2 2026
AXP - American Express,0.05,Reduce 2.24%,271279,$338.25,"$91,760,000",,$344.45,1.83%,$289.26,$384.36,Dodge & Cox Funds Updated 13 Aug 2026,Q2 2026
BAC - Bank of America Corp.,0.05,Reduce 4.26%,1741970,$56.98,"$99,257,000",,$64.06,12.43%,$45.79,$64.95,Dodge & Cox Funds Updated 13 Aug 2026,Q2 2026
FMS - Fresenius Medical Care AG & Co KCaG,0.05,,3826910,$22.61,"$86,526,000",,$23.65,4.60%,$19.24,$26.57,Dodge & Cox Funds Updated 13 Aug 2026,Q2 2026
CDNS - Cadence Design Systems,0.04,Reduce 1.25%,228012,$375.32,"$85,577,000",,$325.77,-13.20%,$262.75,$416.69,Dodge & Cox Funds Updated 13 Aug 2026,Q2 2026
UNP - Union Pacific,0.04,Reduce 0.02%,260902,$272.00,"$70,965,000",,$298.17,9.62%,$207.45,$315.99,Dodge & Cox Funds Updated 13 Aug 2026,Q2 2026
WMB - Williams Cos.,0.04,Reduce 2.27%,944450,$74.34,"$70,210,000",,$73.40,-1.26%,$54.10,$79.49,Dodge & Cox Funds Updated 13 Aug 2026,Q2 2026
DHR - Danaher Corp.,0.03,Add 1462.55%,257039,$190.48,"$48,961,000",,$204.57,7.40%,$160.60,$241.78,Dodge & Cox Funds Updated 13 Aug 2026,Q2 2026
FLUT - Flutter Entertainment Plc,0.03,,628878,$102.17,"$64,252,000",,$98.16,-3.92%,$89.71,$309.41,Dodge & Cox Funds Updated 13 Aug 2026,Q2 2026
LLY - Eli Lilly & Co.,0.03,Reduce 1.79%,41258,$1199.43,"$49,486,000",,$1214.36,1.24%,$639.97,$1249.45,Dodge & Cox Funds Updated 13 Aug 2026,Q2 2026
NESR - National Energy Services Reunited Corp.,0.03,Reduce 0.25%,1595994,$29.93,"$47,768,000",,$35.96,20.15%,$6.71,$36.77,Dodge & Cox Funds Updated 13 Aug 2026,Q2 2026
CAT - Caterpillar Inc.,0.02,Reduce 1.48%,39404,$1064.89,"$41,961,000",,$856.71,-19.55%,$401.84,$1071.47,Dodge & Cox Funds Updated 13 Aug 2026,Q2 2026
CVX - Chevron Corp.,0.02,Reduce 1.27%,202503,$165.76,"$33,567,000",,$197.51,19.15%,$143.75,$212.76,Dodge & Cox Funds Updated 13 Aug 2026,Q2 2026
JPM - JPMorgan Chase & Co.,0.02,Reduce 1.12%,117130,$327.33,"$38,340,000",,$363.49,11.05%,$276.43,$366.09,Dodge & Cox Funds Updated 13 Aug 2026,Q2 2026
TRV - Travelers Companies Inc.,0.02,Reduce 2.86%,90119,$330.12,"$29,750,000",,$370.29,12.17%,$249.31,$398.70,Dodge & Cox Funds Updated 13 Aug 2026,Q2 2026
ACMR - ACM Research Inc.,0.01,Reduce 2.92%,116392,$126.89,"$14,769,000",,$81.91,-35.45%,$24.14,$127.19,Dodge & Cox Funds Updated 13 Aug 2026,Q2 2026
AZN - AstraZeneca PLC,0.01,Reduce 2.65%,55949,$189.62,"$10,609,000",,$157.30,-17.04%,$90.90,$209.12,Dodge & Cox Funds Updated 13 Aug 2026,Q2 2026
CSCO - Cisco Systems,0.01,Reduce 15.90%,88409,$117.47,"$10,385,000",,$112.63,-4.12%,$64.42,$129.88,Dodge & Cox Funds Updated 13 Aug 2026,Q2 2026
DIS - Walt Disney Co.,0.01,Reduce 2.20%,261007,$96.25,"$25,122,000",,$104.35,8.42%,$91.48,$118.07,Dodge & Cox Funds Updated 13 Aug 2026,Q2 2026
IBM - International Business Machines,0.01,Reduce 1.27%,45995,$281.20,"$12,934,000",,$237.39,-15.58%,$197.77,$330.09,Dodge & Cox Funds Updated 13 Aug 2026,Q2 2026
KSPI - Jsc Kaspi.kz ADR,0.01,Add 20.26%,252826,$86.64,"$21,905,000",,$98.83,14.07%,$65.63,$99.60,Dodge & Cox Funds Updated 13 Aug 2026,Q2 2026
LBTYA - Liberty Global Ltd CL A,0.01,Add 14.24%,2444614,$11.00,"$26,891,000",,$10.46,-4.91%,$9.43,$13.52,Dodge & Cox Funds Updated 13 Aug 2026,Q2 2026
MRK - Merck & Co.,0.01,Reduce 0.22%,135750,$128.50,"$17,444,000",,$134.71,4.83%,$75.81,$135.05,Dodge & Cox Funds Updated 13 Aug 2026,Q2 2026
PG - Procter & Gamble,0.01,Reduce 0.06%,90706,$146.64,"$13,301,000",,$144.44,-1.50%,$134.62,$164.77,Dodge & Cox Funds Updated 13 Aug 2026,Q2 2026
TGT - Target Corp.,0.01,Reduce 1.06%,95639,$130.61,"$12,491,000",,$155.54,19.09%,$81.20,$155.71,Dodge & Cox Funds Updated 13 Aug 2026,Q2 2026
WMT - Walmart Inc.,0.01,Reduce 1.08%,172435,$113.26,"$19,530,000",,$115.35,1.85%,$94.85,$135.16,Dodge & Cox Funds Updated 13 Aug 2026,Q2 2026
XOM - ExxonMobil Holdings Corp.,0.01,,73858,$136.72,"$10,098,000",,$158.68,16.06%,$102.47,$175.22,Dodge & Cox Funds Updated 13 Aug 2026,Q2 2026
AAPL - Apple Inc.,0.0,Reduce 0.71%,31382,$289.37,"$9,081,000",,$304.33,5.17%,$222.96,$344.27,Dodge & Cox Funds Updated 13 Aug 2026,Q2 2026
ABBV - AbbVie Inc.,0.0,,10393,$251.61,"$2,615,000",,$249.80,-0.72%,$189.40,$267.47,Dodge & Cox Funds Updated 13 Aug 2026,Q2 2026
ABEV - Ambev S.A.,0.0,Reduce 17.50%,252700,$3.14,"$793,000",,$2.84,-9.55%,$2.08,$3.44,Dodge & Cox Funds Updated 13 Aug 2026,Q2 2026
ABT - Abbott Labs,0.0,,17324,$90.74,"$1,572,000",,$111.09,22.43%,$81.39,$134.38,Dodge & Cox Funds Updated 13 Aug 2026,Q2 2026
ADI - Analog Devices,0.0,Reduce 4.05%,19210,$397.19,"$7,630,000",,$382.21,-3.77%,$221.38,$445.91,Dodge & Cox Funds Updated 13 Aug 2026,Q2 2026
AFYA - Afya Ltd,0.0,,51287,$14.84,"$761,000",,$13.52,-8.89%,$12.45,$16.16,Dodge & Cox Funds Updated 13 Aug 2026,Q2 2026
ALL - Allstate Corp.,0.0,,2595,$237.76,"$617,000",,$259.51,9.15%,$185.28,$277.22,Dodge & Cox Funds Updated 13 Aug 2026,Q2 2026
AMG - Affiliated Managers Group,0.0,Buy,600,$338.33,"$203,000",,$368.84,9.02%,$214.97,$392.91,Dodge & Cox Funds Updated 13 Aug 2026,Q2 2026
AMGN - Amgen,0.0,Reduce 4.11%,12817,$362.10,"$4,641,000",,$417.46,15.29%,$264.02,$421.79,Dodge & Cox Funds Updated 13 Aug 2026,Q2 2026
AMP - Ameriprise Financial Inc.,0.0,,1500,$458.67,"$688,000",,$569.56,24.18%,$419.52,$569.56,Dodge & Cox Funds Updated 13 Aug 2026,Q2 2026
APA - APA Corp.,0.0,Reduce 9.30%,19500,$32.56,"$635,000",,$39.90,22.54%,$19.29,$45.04,Dodge & Cox Funds Updated 13 Aug 2026,Q2 2026
ARCO - Arcos Dorados Holdings Inc.,0.0,,112966,$8.06,"$911,000",,$8.12,0.74%,$6.38,$9.67,Dodge & Cox Funds Updated 13 Aug 2026,Q2 2026
ASR - Grupo Aeroportuario Sure SA de CV,0.0,Add 110.40%,2630,$306.84,"$807,000",,$268.05,-12.64%,$259.01,$374.42,Dodge & Cox Funds Updated 13 Aug 2026,Q2 2026
ATAT - Atour Lifestyle Holdings ADR,0.0,Add 62.16%,45652,$31.81,"$1,452,000",,$33.17,4.28%,$30.78,$42.49,Dodge & Cox Funds Updated 13 Aug 2026,Q2 2026
AVGO - Broadcom Inc.,0.0,,19290,$377.76,"$7,287,000",,$420.34,11.27%,$279.82,$494.22,Dodge & Cox Funds Updated 13 Aug 2026,Q2 2026
BIDU - Baidu Inc.,0.0,Reduce 5.45%,26006,$114.28,"$2,972,000",,$104.71,-8.37%,$84.82,$165.30,Dodge & Cox Funds Updated 13 Aug 2026,Q2 2026
BLK - BlackRock Inc.,0.0,,711,$962.03,"$684,000",,$1183.00,22.97%,$912.25,$1200.54,Dodge & Cox Funds Updated 13 Aug 2026,Q2 2026
BMY - Bristol-Myers Squibb,0.0,Reduce 99.08%,42361,$57.62,"$2,441,000",,$64.58,12.08%,$41.13,$68.10,Dodge & Cox Funds Updated 13 Aug 2026,Q2 2026
BRK.A - Berkshire Hathaway CL A,0.0,,4,$748750.00,"$2,995,000",,$759889.00,1.49%,$698000.00,$806102.81,Dodge & Cox Funds Updated 13 Aug 2026,Q2 2026
BRK.B - Berkshire Hathaway CL B,0.0,,11440,$500.35,"$5,724,000",,$506.45,1.22%,$464.01,$537.74,Dodge & Cox Funds Updated 13 Aug 2026,Q2 2026
BSX - Boston Scientific,0.0,Reduce 1.58%,87485,$42.68,"$3,734,000",,$51.79,21.34%,$42.20,$109.50,Dodge & Cox Funds Updated 13 Aug 2026,Q2 2026
CB - Chubb Limited,0.0,,722,$340.72,"$246,000",,$344.40,1.08%,$262.86,$365.91,Dodge & Cox Funds Updated 13 Aug 2026,Q2 2026
CL - Colgate-Palmolive,0.0,,14000,$91.71,"$1,284,000",,$92.84,1.23%,$73.21,$98.15,Dodge & Cox Funds Updated 13 Aug 2026,Q2 2026
CPA - Copa Holdings SA,0.0,Add 20.83%,7250,$155.59,"$1,128,000",,$136.74,-12.12%,$106.15,$160.47,Dodge & Cox Funds Updated 13 Aug 2026,Q2 2026
CTAS - Cintas Corp.,0.0,,1800,$170.00,"$306,000",,$201.22,18.36%,$160.72,$223.73,Dodge & Cox Funds Updated 13 Aug 2026,Q2 2026
CTVA - Corteva Inc.,0.0,Reduce 0.65%,20203,$84.69,"$1,711,000",,$75.52,-10.83%,$60.10,$90.97,Dodge & Cox Funds Updated 13 Aug 2026,Q2 2026
DD - DuPont de Nemours Inc.,0.0,Reduce 3.82%,4705,$135.60,"$638,000",,$144.13,6.29%,$84.87,$156.73,Dodge & Cox Funds Updated 13 Aug 2026,Q2 2026
DE - Deere & Co.,0.0,,12626,$634.33,"$8,009,000",,$613.22,-3.33%,$429.14,$670.49,Dodge & Cox Funds Updated 13 Aug 2026,Q2 2026
DELL - Dell Technologies Inc.,0.0,Reduce 8.73%,17250,$431.48,"$7,443,000",,$495.65,14.87%,$109.70,$500.62,Dodge & Cox Funds Updated 13 Aug 2026,Q2 2026
DEO - Diageo ADR,0.0,,11077,$80.35,"$890,000",,$94.91,18.12%,$71.73,$112.30,Dodge & Cox Funds Updated 13 Aug 2026,Q2 2026
DLO - DLocal Ltd,0.0,Add 37.58%,61500,$12.99,"$799,000",,$14.86,14.40%,$10.46,$16.50,Dodge & Cox Funds Updated 13 Aug 2026,Q2 2026
DOW - Dow Inc.,0.0,Reduce 6.17%,9114,$27.32,"$249,000",,$30.30,10.91%,$19.91,$42.31,Dodge & Cox Funds Updated 13 Aug 2026,Q2 2026
ELV - Elevance Health Inc.,0.0,,1300,$386.92,"$503,000",,$398.02,2.87%,$272.05,$436.24,Dodge & Cox Funds Updated 13 Aug 2026,Q2 2026
FUTU - Futu Holdings Ltd,0.0,Buy,4200,$93.81,"$394,000",,$47.90,-48.94%,$21.23,$72.20,Dodge & Cox Funds Updated 13 Aug 2026,Q2 2026
GIS - General Mills,0.0,,11200,$34.82,"$390,000",,$38.87,11.63%,$31.21,$48.32,Dodge & Cox Funds Updated 13 Aug 2026,Q2 2026
GLW - Corning Inc.,0.0,Reduce 4.57%,34665,$255.42,"$8,854,000",,$160.80,-37.04%,$62.68,$271.78,Dodge & Cox Funds Updated 13 Aug 2026,Q2 2026
GPC - Genuine Parts,0.0,Reduce 4.30%,4450,$117.98,"$525,000",,$135.11,14.52%,$89.80,$148.58,Dodge & Cox Funds Updated 13 Aug 2026,Q2 2026
GPRK - Geopark Ltd,0.0,,93045,$9.10,"$847,000",,$9.29,2.09%,$5.69,$11.87,Dodge & Cox Funds Updated 13 Aug 2026,Q2 2026
HD - Home Depot,0.0,Reduce 0.29%,22382,$352.69,"$7,894,000",,$341.29,-3.23%,$286.95,$418.06,Dodge & Cox Funds Updated 13 Aug 2026,Q2 2026
HON - Honeywell Int'l Inc.,0.0,Reduce 49.99%,4010,$223.94,"$898,000",,$234.67,4.79%,$186.58,$252.00,Dodge & Cox Funds Updated 13 Aug 2026,Q2 2026
HONA - Honeywell Aerospace Inc,0.0,Buy,4009,$221.00,"$886,000",,,,,,Dodge & Cox Funds Updated 13 Aug 2026,Q2 2026
HPE - Hewlett Packard Enterprise,0.0,Reduce 17.33%,63450,$45.11,"$2,862,000",,$60.36,33.81%,$19.62,$64.06,Dodge & Cox Funds Updated 13 Aug 2026,Q2 2026
IFS - Intercorp Financial Services,0.0,,17391,$56.98,"$991,000",,$54.72,-3.97%,$36.51,$61.38,Dodge & Cox Funds Updated 13 Aug 2026,Q2 2026
JBS - Jbs Nv A,0.0,Add 50.28%,67250,$11.85,"$797,000",,$13.33,12.49%,$11.45,$17.27,Dodge & Cox Funds Updated 13 Aug 2026,Q2 2026
JNJ - Johnson & Johnson,0.0,,20947,$253.97,"$5,320,000",,$261.50,2.96%,$168.49,$274.90,Dodge & Cox Funds Updated 13 Aug 2026,Q2 2026
JOYY - JOYY Inc.,0.0,Reduce 2.38%,41006,$65.99,"$2,706,000",,$72.14,9.32%,$44.97,$76.68,Dodge & Cox Funds Updated 13 Aug 2026,Q2 2026
KARO - Karooooo Ltd,0.0,Add 65.11%,69733,$49.36,"$3,442,000",,$63.09,27.82%,$40.30,$67.14,Dodge & Cox Funds Updated 13 Aug 2026,Q2 2026
KO - Coca Cola Co.,0.0,,24000,$81.25,"$1,950,000",,$87.44,7.62%,$64.04,$90.92,Dodge & Cox Funds Updated 13 Aug 2026,Q2 2026
LAUR - Laureate Education Inc.,0.0,Add 25.35%,27200,$36.32,"$988,000",,$37.43,3.06%,$24.98,$40.93,Dodge & Cox Funds Updated 13 Aug 2026,Q2 2026
LMT - Lockheed Martin Corp.,0.0,,775,$509.68,"$395,000",,$599.04,17.53%,$420.09,$687.50,Dodge & Cox Funds Updated 13 Aug 2026,Q2 2026
LVS - Las Vegas Sands Corp.,0.0,,28186,$46.19,"$1,302,000",,$45.63,-1.21%,$43.93,$69.24,Dodge & Cox Funds Updated 13 Aug 2026,Q2 2026
LYV - Live Nation Inc.,0.0,,1500,$183.33,"$275,000",,$185.79,1.34%,$125.34,$188.00,Dodge & Cox Funds Updated 13 Aug 2026,Q2 2026
MCD - McDonald's Corp.,0.0,,6425,$270.35,"$1,737,000",,$272.32,0.73%,$260.96,$337.56,Dodge & Cox Funds Updated 13 Aug 2026,Q2 2026
MCO - Moody's Corp.,0.0,,1213,$452.60,"$549,000",,$486.60,7.51%,$400.46,$544.40,Dodge & Cox Funds Updated 13 Aug 2026,Q2 2026
MDLZ - Mondelez International,0.0,,11840,$57.85,"$685,000",,$63.29,9.40%,$50.34,$66.65,Dodge & Cox Funds Updated 13 Aug 2026,Q2 2026
MELI - Mercadolibre Inc.,0.0,,1987,$1697.53,"$3,373,000",,$1825.00,7.51%,$1495.00,$2548.50,Dodge & Cox Funds Updated 13 Aug 2026,Q2 2026
MGM - MGM Resorts International,0.0,Reduce 7.69%,6000,$47.83,"$287,000",,$44.06,-7.88%,$29.19,$51.59,Dodge & Cox Funds Updated 13 Aug 2026,Q2 2026
MMM - 3M Co.,0.0,Reduce 1.54%,7558,$161.95,"$1,224,000",,$182.03,12.40%,$138.62,$184.90,Dodge & Cox Funds Updated 13 Aug 2026,Q2 2026
MO - Altria Group Inc.,0.0,,20500,$71.95,"$1,475,000",,$65.11,-9.51%,$53.01,$77.06,Dodge & Cox Funds Updated 13 Aug 2026,Q2 2026
MSI - Motorola Solutions Inc.,0.0,Reduce 3.46%,10866,$415.33,"$4,513,000",,$465.53,12.09%,$357.34,$493.57,Dodge & Cox Funds Updated 13 Aug 2026,Q2 2026
NEE - NextEra Energy Inc.,0.0,Reduce 2.54%,23000,$87.78,"$2,019,000",,$85.96,-2.07%,$67.81,$98.03,Dodge & Cox Funds Updated 13 Aug 2026,Q2 2026
NUE - Nucor Corp.,0.0,,6200,$222.74,"$1,381,000",,$272.28,22.24%,$130.11,$280.11,Dodge & Cox Funds Updated 13 Aug 2026,Q2 2026
NVDA - NVIDIA Corp.,0.0,,3400,$200.00,"$680,000",,$225.95,12.98%,$163.85,$236.26,Dodge & Cox Funds Updated 13 Aug 2026,Q2 2026
OTIS - Otis Worldwide Corp.,0.0,Reduce 13.31%,5210,$71.59,"$373,000",,$73.49,2.65%,$69.16,$94.00,Dodge & Cox Funds Updated 13 Aug 2026,Q2 2026
PAX - Patria Investments Ltd A,0.0,Add 119.96%,115700,$10.98,"$1,270,000",,$11.57,5.37%,$10.40,$17.11,Dodge & Cox Funds Updated 13 Aug 2026,Q2 2026
PBR - Petroleo Brasileiro,0.0,Reduce 3.85%,30000,$16.17,"$485,000",,$17.97,11.13%,$11.13,$22.07,Dodge & Cox Funds Updated 13 Aug 2026,Q2 2026
PEP - PepsiCo Inc.,0.0,,3075,$135.28,"$416,000",,$139.97,3.47%,$133.40,$168.19,Dodge & Cox Funds Updated 13 Aug 2026,Q2 2026
PFE - Pfizer Inc.,0.0,Reduce 0.85%,87814,$24.08,"$2,115,000",,$26.73,11.00%,$22.03,$27.79,Dodge & Cox Funds Updated 13 Aug 2026,Q2 2026
PH - Parker-Hannifin,0.0,,2500,$978.00,"$2,445,000",,$1056.97,8.07%,$710.89,$1099.94,Dodge & Cox Funds Updated 13 Aug 2026,Q2 2026
PM - Philip Morris Intl.,0.0,,16500,$180.91,"$2,985,000",,$188.52,4.21%,$138.43,$207.76,Dodge & Cox Funds Updated 13 Aug 2026,Q2 2026
AMZN - Amazon.com Inc.,16.48,Add 20.04%,3743854,$238.34,"$892,310,000",,$265.88,11.55%,$196.00,$287.20,Seth Klarman - Baupost Group Updated 13 Aug 2026,Q2 2026
ELV - Elevance Health Inc.,9.11,,1275154,$386.73,"$493,140,000",,$398.02,2.92%,$272.05,$436.24,Seth Klarman - Baupost Group Updated 13 Aug 2026,Q2 2026
QSR - Restaurant Brands International,9.04,Reduce 16.42%,6753112,$72.50,"$489,612,000",,$76.48,5.49%,$59.14,$81.22,Seth Klarman - Baupost Group Updated 13 Aug 2026,Q2 2026
GOOG - Alphabet Inc. CL C,8.95,Add 16.15%,1371931,$353.33,"$484,744,000",,$343.94,-2.66%,$196.90,$404.23,Seth Klarman - Baupost Group Updated 13 Aug 2026,Q2 2026
FERG - Ferguson Enterprises Inc.,6.36,Add 0.57%,1450594,$237.33,"$344,269,000",,$247.69,4.37%,$204.50,$269.59,Seth Klarman - Baupost Group Updated 13 Aug 2026,Q2 2026
GPC - Genuine Parts,6.13,Add 88.96%,2816178,$117.98,"$332,253,000",,$135.11,14.52%,$89.80,$148.58,Seth Klarman - Baupost Group Updated 13 Aug 2026,Q2 2026
UNP - Union Pacific,5.95,Reduce 23.08%,1185395,$272.00,"$322,427,000",,$298.17,9.62%,$207.45,$315.99,Seth Klarman - Baupost Group Updated 13 Aug 2026,Q2 2026
V - Visa Inc.,4.44,,701355,$343.09,"$240,628,000",,$362.90,5.77%,$292.74,$373.28,Seth Klarman - Baupost Group Updated 13 Aug 2026,Q2 2026
WCC - WESCO International Inc.,4.23,Reduce 53.87%,662881,$345.43,"$228,979,000",,$363.97,5.37%,$202.38,$385.37,Seth Klarman - Baupost Group Updated 13 Aug 2026,Q2 2026
AON - Aon Plc,4.21,Reduce 10.66%,687000,$331.69,"$227,871,000",,$355.30,7.12%,$303.10,$381.47,Seth Klarman - Baupost Group Updated 13 Aug 2026,Q2 2026
TFX - Teleflex,3.3,Reduce 11.66%,1409000,$126.76,"$178,605,000",,$136.60,7.76%,$99.63,$145.00,Seth Klarman - Baupost Group Updated 13 Aug 2026,Q2 2026
NCLH - Norwegian Cruise Line Hlgs Ltd.,3.01,Add 112.95%,7730000,$21.11,"$163,180,000",,$19.46,-7.82%,$14.53,$27.18,Seth Klarman - Baupost Group Updated 13 Aug 2026,Q2 2026
MOH - Molina Healthcare Inc.,2.68,,633609,$228.70,"$144,906,000",,$205.18,-10.28%,$121.06,$244.89,Seth Klarman - Baupost Group Updated 13 Aug 2026,Q2 2026
CME - CME Group,2.52,Buy,619000,$220.83,"$136,694,000",,$265.86,20.39%,$218.31,$319.84,Seth Klarman - Baupost Group Updated 13 Aug 2026,Q2 2026
HLF - Herbalife Nutrition Ltd.,2.25,,9259844,$13.15,"$121,767,000",,$12.12,-7.83%,$7.56,$20.40,Seth Klarman - Baupost Group Updated 13 Aug 2026,Q2 2026
EXP - Eagle Materials Inc.,2.21,Reduce 40.55%,530763,$225.00,"$119,422,000",,$208.63,-7.28%,$171.79,$245.53,Seth Klarman - Baupost Group Updated 13 Aug 2026,Q2 2026
GDS - GDS Holdings Ltd,2.09,Add 23.81%,3769818,$30.03,"$113,208,000",,$34.82,15.95%,$26.97,$48.61,Seth Klarman - Baupost Group Updated 13 Aug 2026,Q2 2026
COLD - Americold Realty Trust,1.98,Reduce 12.22%,6830230,$15.72,"$107,371,000",,$15.20,-3.31%,$9.59,$16.88,Seth Klarman - Baupost Group Updated 13 Aug 2026,Q2 2026
LBTYK - Liberty Global Ltd CL C,1.74,Reduce 36.23%,8543161,$11.00,"$93,975,000",,$10.15,-7.73%,$9.30,$13.12,Seth Klarman - Baupost Group Updated 13 Aug 2026,Q2 2026
AERO - Grupo Aeromexico Sab De Cv,1.62,,4880188,$18.00,"$87,843,000",,$15.97,-11.28%,$12.26,$23.05,Seth Klarman - Baupost Group Updated 13 Aug 2026,Q2 2026
AXTA - Axalta Coating Systems Ltd.,0.81,Buy,1274356,$34.22,"$43,608,000",,$37.10,8.42%,$24.94,$38.61,Seth Klarman - Baupost Group Updated 13 Aug 2026,Q2 2026
DNOW - NOW Inc.,0.67,Reduce 23.09%,2788000,$12.97,"$36,160,000",,$16.29,25.60%,$10.94,$17.26,Seth Klarman - Baupost Group Updated 13 Aug 2026,Q2 2026
PS - Pershing Square Inc.,0.24,Buy,392000,$32.86,"$12,881,000",,,,,,Seth Klarman - Baupost Group Updated 13 Aug 2026,Q2 2026
RPRX - Royalty Pharma plc,6.7,Reduce 1.23%,3598808,$56.07,"$201,785,000",,$58.38,4.12%,$33.57,$60.44,Samantha McLemore - Patient Capital Management Updated 13 Aug 2026,Q2 2026
C - Citigroup Inc.,6.53,Reduce 0.74%,1403477,$139.96,"$196,431,000",,$138.83,-0.81%,$88.80,$147.21,Samantha McLemore - Patient Capital Management Updated 13 Aug 2026,Q2 2026
GOOGL - Alphabet Inc.,6.24,Reduce 1.54%,525750,$357.37,"$187,888,000",,$346.14,-3.14%,$196.04,$408.37,Samantha McLemore - Patient Capital Management Updated 13 Aug 2026,Q2 2026
UNH - United Health Group Inc.,6.05,Add 0.14%,437773,$415.63,"$181,952,000",,$399.39,-3.91%,$254.51,$461.62,Samantha McLemore - Patient Capital Management Updated 13 Aug 2026,Q2 2026
AMZN - Amazon.com Inc.,5.39,Add 4.07%,681047,$238.34,"$162,321,000",,$265.88,11.55%,$196.00,$287.20,Samantha McLemore - Patient Capital Management Updated 13 Aug 2026,Q2 2026
NVDA - NVIDIA Corp.,4.72,Reduce 0.21%,709587,$200.09,"$141,981,000",,$225.95,12.92%,$163.85,$236.26,Samantha McLemore - Patient Capital Management Updated 13 Aug 2026,Q2 2026
CVS - CVS Health Corp.,4.25,Reduce 8.96%,1235505,$103.45,"$127,813,000",,$94.57,-8.58%,$63.26,$110.00,Samantha McLemore - Patient Capital Management Updated 13 Aug 2026,Q2 2026
NCLH - Norwegian Cruise Line Hlgs Ltd.,4.23,Add 4.87%,6029642,$21.11,"$127,286,000",,$19.46,-7.82%,$14.53,$27.18,Samantha McLemore - Patient Capital Management Updated 13 Aug 2026,Q2 2026
QXO - Qxo Inc,4.1,Add 5.29%,7136669,$17.28,"$123,322,000",,$14.93,-13.60%,$13.18,$27.61,Samantha McLemore - Patient Capital Management Updated 13 Aug 2026,Q2 2026
ET - Energy Transfer LP,3.86,Reduce 0.12%,6080678,$19.12,"$116,263,000",,$20.86,9.10%,$15.10,$21.05,Samantha McLemore - Patient Capital Management Updated 13 Aug 2026,Q2 2026
PPLI - People Inc.,3.72,Reduce 10.15%,2425558,$46.16,"$111,964,000",,$40.30,-12.69%,$29.56,$48.32,Samantha McLemore - Patient Capital Management Updated 13 Aug 2026,Q2 2026
PGEN - Precigen Inc.,3.61,Add 6.84%,19036976,$5.70,"$108,511,000",,$6.52,14.39%,$1.80,$7.32,Samantha McLemore - Patient Capital Management Updated 13 Aug 2026,Q2 2026
UAL - United Airlines Holdings Inc.,3.31,Reduce 0.07%,731523,$135.99,"$99,480,000",,$126.90,-6.68%,$84.64,$138.77,Samantha McLemore - Patient Capital Management Updated 13 Aug 2026,Q2 2026
CROX - Crocs Inc.,3.2,Reduce 5.15%,799426,$120.64,"$96,443,000",,$131.70,9.17%,$73.21,$141.28,Samantha McLemore - Patient Capital Management Updated 13 Aug 2026,Q2 2026
META - Meta Platforms Inc.,3.2,Reduce 0.17%,170790,$563.29,"$96,205,000",,$593.95,5.44%,$519.78,$793.65,Samantha McLemore - Patient Capital Management Updated 13 Aug 2026,Q2 2026
CHYM - Chime Financial Inc Cl A,2.78,Add 41.65%,4082489,$20.48,"$83,609,000",,$32.13,56.88%,$15.88,$33.41,Samantha McLemore - Patient Capital Management Updated 13 Aug 2026,Q2 2026
ADBE - Adobe Inc.,2.46,Add 21.48%,361126,$205.02,"$74,038,000",,$268.36,30.89%,$190.12,$370.86,Samantha McLemore - Patient Capital Management Updated 13 Aug 2026,Q2 2026
SDRL - Seadrill Ltd,2.45,Reduce 9.26%,1953355,$37.82,"$73,876,000",,$46.76,23.64%,$28.02,$55.47,Samantha McLemore - Patient Capital Management Updated 13 Aug 2026,Q2 2026
GPN - Global Payments Inc.,2.27,Buy,942310,$72.56,"$68,374,000",,$94.50,30.24%,$60.93,$94.50,Samantha McLemore - Patient Capital Management Updated 13 Aug 2026,Q2 2026
COIN - Coinbase Global Inc.,2.24,Add 7.34%,462016,$146.19,"$67,542,000",,$152.54,4.34%,$139.11,$402.16,Samantha McLemore - Patient Capital Management Updated 13 Aug 2026,Q2 2026
FBTC - Fidelity Wise Origin Bitcoin,2.07,Add 244.12%,1217595,$51.05,"$62,158,000",,$55.11,7.95%,$50.48,$110.25,Samantha McLemore - Patient Capital Management Updated 13 Aug 2026,Q2 2026
BIIB - Biogen Inc.,2.04,Reduce 25.29%,283697,$216.06,"$61,296,000",,$209.77,-2.91%,$129.40,$219.72,Samantha McLemore - Patient Capital Management Updated 13 Aug 2026,Q2 2026
ILMN - Illumina Inc.,2.02,Reduce 36.61%,345314,$175.83,"$60,717,000",,$192.60,9.54%,$88.00,$207.00,Samantha McLemore - Patient Capital Management Updated 13 Aug 2026,Q2 2026
GM - General Motors,1.62,Reduce 15.18%,631558,$77.08,"$48,681,000",,$86.64,12.40%,$53.67,$91.85,Samantha McLemore - Patient Capital Management Updated 13 Aug 2026,Q2 2026
UBS - UBS AG,1.57,Reduce 23.21%,953734,$49.56,"$47,267,000",,$53.68,8.31%,$35.38,$55.15,Samantha McLemore - Patient Capital Management Updated 13 Aug 2026,Q2 2026
FISV - Fiserv Inc.,1.55,Reduce 1.50%,953637,$49.05,"$46,776,000",,$55.21,12.56%,$47.04,$140.42,Samantha McLemore - Patient Capital Management Updated 13 Aug 2026,Q2 2026
EXPE - Expedia Group Inc.,1.43,Add 0.02%,167814,$255.88,"$42,941,000",,$328.83,28.51%,$184.55,$331.31,Samantha McLemore - Patient Capital Management Updated 13 Aug 2026,Q2 2026
OMF - OneMain Holdings,1.42,Reduce 10.11%,702369,$60.97,"$42,824,000",,$65.31,7.12%,$44.20,$68.16,Samantha McLemore - Patient Capital Management Updated 13 Aug 2026,Q2 2026
DAL - Delta Air Lines Inc.,1.34,Reduce 21.95%,431215,$93.66,"$40,388,000",,$91.65,-2.15%,$54.60,$95.44,Samantha McLemore - Patient Capital Management Updated 13 Aug 2026,Q2 2026
JD - JD.com Inc.,1.17,Reduce 1.55%,1377719,$25.48,"$35,104,000",,$29.26,14.84%,$23.66,$35.59,Samantha McLemore - Patient Capital Management Updated 13 Aug 2026,Q2 2026
SOFI - SoFi Technologies Inc.,0.9,Add 13.53%,1505629,$17.93,"$26,996,000",,$18.50,3.18%,$14.88,$32.73,Samantha McLemore - Patient Capital Management Updated 13 Aug 2026,Q2 2026
TEM - Tempus Ai Inc,0.77,Reduce 9.39%,400698,$57.93,"$23,212,000",,$54.99,-5.08%,$40.77,$104.32,Samantha McLemore - Patient Capital Management Updated 13 Aug 2026,Q2 2026
JPM - JPMorgan Chase & Co.,0.32,Reduce 0.01%,29360,$327.32,"$9,610,000",,$363.49,11.05%,$276.43,$366.09,Samantha McLemore - Patient Capital Management Updated 13 Aug 2026,Q2 2026
GENI - Genius Sports Ltd,0.16,Buy,812819,$6.06,"$4,926,000",,,,,,Samantha McLemore - Patient Capital Management Updated 13 Aug 2026,Q2 2026
NE - Noble Corp.,0.12,Reduce 92.58%,100000,$37.30,"$3,730,000",,$44.31,18.79%,$24.81,$54.39,Samantha McLemore - Patient Capital Management Updated 13 Aug 2026,Q2 2026
PLAY - Dave & Buster's Ent. Inc.,0.08,Reduce 82.28%,204022,$11.40,"$2,326,000",,$10.69,-6.23%,$9.40,$26.72,Samantha McLemore - Patient Capital Management Updated 13 Aug 2026,Q2 2026
APA - APA Corp.,0.05,,50000,$32.58,"$1,629,000",,$39.90,22.47%,$19.29,$45.04,Samantha McLemore - Patient Capital Management Updated 13 Aug 2026,Q2 2026
LEN.B - Lennar Corp. CL B,0.04,,12500,$88.72,"$1,109,000",,$85.91,-3.17%,$78.02,$134.56,Samantha McLemore - Patient Capital Management Updated 13 Aug 2026,Q2 2026
SPY - SPDR S&P 500 ETF Trust,0.03,Reduce 4.93%,1060,$747.17,"$792,000",,$778.23,4.16%,$626.01,$778.82,Samantha McLemore - Patient Capital Management Updated 13 Aug 2026,Q2 2026
LOAR - Loar Holdings Inc,47.15,,32050240,$80.61,"$2,583,570,000",,$74.43,-7.67%,$53.15,$83.43,David Abrams - Abrams Capital Management Updated 13 Aug 2026,Q2 2026
LAD - Lithia Motors Inc.,13.2,,2490534,$290.49,"$723,475,000",,$378.24,30.21%,$238.86,$438.67,David Abrams - Abrams Capital Management Updated 13 Aug 2026,Q2 2026
GOOGL - Alphabet Inc.,8.94,Reduce 26.55%,1370495,$357.37,"$489,774,000",,$346.14,-3.14%,$196.04,$408.37,David Abrams - Abrams Capital Management Updated 13 Aug 2026,Q2 2026
SGI - Somnigroup International Inc.,8.3,,5798776,$78.40,"$454,624,000",,$66.13,-15.65%,$60.23,$98.11,David Abrams - Abrams Capital Management Updated 13 Aug 2026,Q2 2026
ABG - Asbury Automotive Group Inc.,7.91,,2155492,$201.08,"$433,426,000",,$209.53,4.20%,$172.01,$263.38,David Abrams - Abrams Capital Management Updated 13 Aug 2026,Q2 2026
CPNG - Coupang Inc.,4.13,,13017964,$17.37,"$226,122,000",,$16.31,-6.10%,$14.92,$34.08,David Abrams - Abrams Capital Management Updated 13 Aug 2026,Q2 2026
WTW - Willis Towers Watson plc,3.44,,720779,$261.37,"$188,390,000",,$334.14,27.84%,$239.74,$349.37,David Abrams - Abrams Capital Management Updated 13 Aug 2026,Q2 2026
UHAL.B - U Haul Holding Co Non Voting,3.42,,3251469,$57.70,"$187,610,000",,$65.32,13.21%,$39.58,$66.90,David Abrams - Abrams Capital Management Updated 13 Aug 2026,Q2 2026
META - Meta Platforms Inc.,3.34,,325155,$563.29,"$183,157,000",,$593.95,5.44%,$519.78,$793.65,David Abrams - Abrams Capital Management Updated 13 Aug 2026,Q2 2026
NUVB - Nuvation Bio Inc.,0.13,,1270504,$5.68,"$7,216,000",,$6.16,8.45%,$2.34,$9.75,David Abrams - Abrams Capital Management Updated 13 Aug 2026,Q2 2026
UHAL - U-Haul Holding Co.,0.04,,36401,$65.44,"$2,382,000",,$74.61,14.01%,$41.95,$76.45,David Abrams - Abrams Capital Management Updated 13 Aug 2026,Q2 2026
ASML - ASML Holding NV,21.11,,118917,$1989.44,"$236,578,000",,$1861.52,-6.43%,$711.50,$1997.36,Triple Frond Partners Updated 13 Aug 2026,Q2 2026
TDG - TransDigm Group Inc.,12.67,,106544,$1332.04,"$141,921,000",,$1245.33,-6.51%,$1123.61,$1463.03,Triple Frond Partners Updated 13 Aug 2026,Q2 2026
MSFT - Microsoft Corp.,11.74,,352504,$373.02,"$131,491,000",,$496.35,33.06%,$349.20,$550.24,Triple Frond Partners Updated 13 Aug 2026,Q2 2026
AMZN - Amazon.com Inc.,9.2,Reduce 9.64%,432420,$238.34,"$103,063,000",,$265.88,11.55%,$196.00,$287.20,Triple Frond Partners Updated 13 Aug 2026,Q2 2026
GOOG - Alphabet Inc. CL C,9.19,Reduce 17.52%,291544,$353.33,"$103,011,000",,$343.94,-2.66%,$196.90,$404.23,Triple Frond Partners Updated 13 Aug 2026,Q2 2026
MA - Mastercard Inc.,8.04,,175472,$513.60,"$90,122,000",,$566.09,10.22%,$463.74,$598.04,Triple Frond Partners Updated 13 Aug 2026,Q2 2026
META - Meta Platforms Inc.,5.91,,117628,$563.29,"$66,259,000",,$593.95,5.44%,$519.78,$793.65,Triple Frond Partners Updated 13 Aug 2026,Q2 2026
TRU - TransUnion,5.27,,817828,$72.14,"$58,998,000",,$81.19,12.55%,$63.37,$95.04,Triple Frond Partners Updated 13 Aug 2026,Q2 2026
DASH - DoorDash Inc.,4.94,Buy,300246,$184.53,"$55,404,000",,$216.54,17.35%,$143.30,$285.50,Triple Frond Partners Updated 13 Aug 2026,Q2 2026
SPGI - S&P Global Inc.,4.24,Buy,116700,$407.26,"$47,527,000",,$422.09,3.64%,$360.90,$545.61,Triple Frond Partners Updated 13 Aug 2026,Q2 2026
LYV - Live Nation Inc.,3.24,Reduce 15.55%,198262,$183.11,"$36,304,000",,$185.79,1.46%,$125.34,$188.00,Triple Frond Partners Updated 13 Aug 2026,Q2 2026
CCC - CCC Intelligent Solutions Hldgs Inc.,2.49,,5413036,$5.16,"$27,931,000",,$7.04,36.43%,$4.08,$10.14,Triple Frond Partners Updated 13 Aug 2026,Q2 2026
CHTR - Charter Communications,1.95,,153725,$142.21,"$21,861,000",,$156.28,9.89%,$111.55,$285.82,Triple Frond Partners Updated 13 Aug 2026,Q2 2026
AZN - AstraZeneca PLC,19.03,Add 26.08%,9357390,$187.18,"$1,751,546,000",,$157.30,-15.96%,$90.90,$209.12,Sarah Ketterer - Causeway Capital Management Updated 13 Aug 2026,Q2 2026
CCL - Carnival Corp.,12.78,Add 11.04%,41190606,$28.57,"$1,176,816,000",,$28.58,0.04%,$23.21,$33.49,Sarah Ketterer - Causeway Capital Management Updated 13 Aug 2026,Q2 2026
DB - Deutsche Bank AG,10.8,Add 17.61%,29358318,$33.86,"$994,164,000",,$38.37,13.32%,$27.13,$39.01,Sarah Ketterer - Causeway Capital Management Updated 13 Aug 2026,Q2 2026
SW - Smurfit Westrock Plc,7.56,Reduce 3.39%,15039041,$46.26,"$695,706,000",,$49.97,8.02%,$32.08,$51.99,Sarah Ketterer - Causeway Capital Management Updated 13 Aug 2026,Q2 2026
CP - Canadian Pacific Kansas City,6.32,Reduce 23.67%,6711483,$86.67,"$581,661,000",,$93.92,8.37%,$67.98,$93.95,Sarah Ketterer - Causeway Capital Management Updated 13 Aug 2026,Q2 2026
TSM - Taiwan Semiconductor S.A.,2.76,Add 4.64%,532052,$477.57,"$254,092,000",,$432.89,-9.36%,$221.29,$479.00,Sarah Ketterer - Causeway Capital Management Updated 13 Aug 2026,Q2 2026
ALK - Alaska Air Group,1.8,Add 27.21%,3183163,$52.20,"$166,161,000",,$47.72,-8.58%,$33.03,$65.88,Sarah Ketterer - Causeway Capital Management Updated 13 Aug 2026,Q2 2026
CARR - Carrier Global Corp.,1.74,Add 3.60%,2178506,$73.35,"$159,793,000",,$63.60,-13.29%,$49.67,$76.49,Sarah Ketterer - Causeway Capital Management Updated 13 Aug 2026,Q2 2026
LYV - Live Nation Inc.,1.4,Add 34.17%,706301,$183.11,"$129,331,000",,$185.79,1.46%,$125.34,$188.00,Sarah Ketterer - Causeway Capital Management Updated 13 Aug 2026,Q2 2026
MRK - Merck & Co.,1.33,Add 11.79%,954932,$128.50,"$122,709,000",,$134.71,4.83%,$75.81,$135.05,Sarah Ketterer - Causeway Capital Management Updated 13 Aug 2026,Q2 2026
META - Meta Platforms Inc.,1.23,Add 39.13%,201459,$563.29,"$113,480,000",,$593.95,5.44%,$519.78,$793.65,Sarah Ketterer - Causeway Capital Management Updated 13 Aug 2026,Q2 2026
GOOG - Alphabet Inc. CL C,1.21,Reduce 6.25%,316217,$353.33,"$111,729,000",,$343.94,-2.66%,$196.90,$404.23,Sarah Ketterer - Causeway Capital Management Updated 13 Aug 2026,Q2 2026
BCS - Barclays plc ADR,1.16,Reduce 2.41%,3975718,$26.86,"$106,788,000",,$28.13,4.73%,$18.85,$28.37,Sarah Ketterer - Causeway Capital Management Updated 13 Aug 2026,Q2 2026
BAP - Credicorp Ltd.,1.08,Add 4.21%,255436,$389.58,"$99,513,000",,$377.14,-3.19%,$230.45,$413.25,Sarah Ketterer - Causeway Capital Management Updated 13 Aug 2026,Q2 2026
SAP - SAP SE,1.05,Add 38.11%,629801,$154.11,"$97,059,000",,$208.21,35.10%,$144.97,$276.56,Sarah Ketterer - Causeway Capital Management Updated 13 Aug 2026,Q2 2026
BABA - Alibaba Group Holdings,1.04,Reduce 6.91%,995040,$95.98,"$95,504,000",,$122.17,27.29%,$91.99,$190.92,Sarah Ketterer - Causeway Capital Management Updated 13 Aug 2026,Q2 2026
AXS - Axis Capital Holdings Ltd.,1.0,Add 5.39%,859727,$107.44,"$92,369,000",,$100.27,-6.67%,$86.98,$119.99,Sarah Ketterer - Causeway Capital Management Updated 13 Aug 2026,Q2 2026
EG - Everest Group Ltd,0.98,Add 1.08%,252702,$357.23,"$90,273,000",,$366.50,2.59%,$296.87,$401.07,Sarah Ketterer - Causeway Capital Management Updated 13 Aug 2026,Q2 2026
IR - Ingersoll Rand Inc.,0.92,Add 65.11%,1033693,$81.99,"$84,753,000",,$84.31,2.83%,$68.07,$100.91,Sarah Ketterer - Causeway Capital Management Updated 13 Aug 2026,Q2 2026
PHG - Koninklijke Philips Electronics NV,0.9,Add 24.66%,3061962,$27.19,"$83,255,000",,$27.35,0.59%,$23.85,$32.18,Sarah Ketterer - Causeway Capital Management Updated 13 Aug 2026,Q2 2026
NVO - Novo Nordisk A S,0.87,Add 42.87%,1677615,$47.94,"$80,425,000",,$46.33,-3.36%,$34.58,$61.89,Sarah Ketterer - Causeway Capital Management Updated 13 Aug 2026,Q2 2026
JLL - Jones Lang Lasalle Inc.,0.84,Add 33.27%,248252,$309.95,"$76,946,000",,$367.88,18.69%,$259.83,$373.29,Sarah Ketterer - Causeway Capital Management Updated 13 Aug 2026,Q2 2026
CFG - Citizens Financial Group Inc.,0.82,Add 2.72%,1077093,$70.07,"$75,472,000",,$74.20,5.89%,$46.50,$74.54,Sarah Ketterer - Causeway Capital Management Updated 13 Aug 2026,Q2 2026
NTES - NetEase.com Inc.,0.8,Buy,572412,$128.14,"$73,349,000",,$122.73,-4.22%,$105.44,$156.41,Sarah Ketterer - Causeway Capital Management Updated 13 Aug 2026,Q2 2026
DEO - Diageo ADR,0.78,Add 34.92%,899015,$80.38,"$72,263,000",,$94.91,18.08%,$71.73,$112.30,Sarah Ketterer - Causeway Capital Management Updated 13 Aug 2026,Q2 2026
BA - Boeing Co.,0.74,Reduce 0.28%,313048,$216.47,"$67,765,000",,$230.53,6.50%,$176.77,$254.35,Sarah Ketterer - Causeway Capital Management Updated 13 Aug 2026,Q2 2026
ZBH - Zimmer Biomet Holdings,0.74,Reduce 2.39%,788810,$86.09,"$67,909,000",,$99.07,15.08%,$78.91,$107.16,Sarah Ketterer - Causeway Capital Management Updated 13 Aug 2026,Q2 2026
C - Citigroup Inc.,0.7,Reduce 27.73%,458858,$139.96,"$64,222,000",,$138.83,-0.81%,$88.80,$147.21,Sarah Ketterer - Causeway Capital Management Updated 13 Aug 2026,Q2 2026
NWG - NatWest Group Plc,0.67,Add 16.70%,3487290,$17.63,"$61,481,000",,$19.32,9.59%,$13.00,$19.42,Sarah Ketterer - Causeway Capital Management Updated 13 Aug 2026,Q2 2026
BIIB - Biogen Inc.,0.65,Reduce 0.89%,278283,$216.06,"$60,126,000",,$209.77,-2.91%,$129.40,$219.72,Sarah Ketterer - Causeway Capital Management Updated 13 Aug 2026,Q2 2026
GFI - Gold Fields Ltd.,0.63,Add 4.84%,1713233,$33.59,"$57,547,000",,$39.62,17.95%,$28.11,$59.90,Sarah Ketterer - Causeway Capital Management Updated 13 Aug 2026,Q2 2026
ADI - Analog Devices,0.61,Reduce 29.62%,142050,$397.17,"$56,418,000",,$382.21,-3.77%,$221.38,$445.91,Sarah Ketterer - Causeway Capital Management Updated 13 Aug 2026,Q2 2026
AU - AngloGold Ashanti Ltd.,0.61,Reduce 23.45%,688027,$81.01,"$55,740,000",,$95.05,17.33%,$49.33,$125.48,Sarah Ketterer - Causeway Capital Management Updated 13 Aug 2026,Q2 2026
RELX - RELX plc,0.61,Reduce 23.59%,1762329,$31.67,"$55,813,000",,$34.53,9.03%,$26.84,$47.69,Sarah Ketterer - Causeway Capital Management Updated 13 Aug 2026,Q2 2026
ING - ING Group NV,0.58,Add 9.95%,1690687,$31.38,"$53,054,000",,$35.64,13.58%,$22.47,$35.77,Sarah Ketterer - Causeway Capital Management Updated 13 Aug 2026,Q2 2026
BAH - Booz Allen Hamilton Hldg Corp.,0.56,Reduce 0.87%,849966,$60.67,"$51,567,000",,$78.57,29.50%,$59.50,$109.82,Sarah Ketterer - Causeway Capital Management Updated 13 Aug 2026,Q2 2026
TXN - Texas Instruments,0.54,Reduce 19.26%,166496,$298.07,"$49,628,000",,$274.35,-7.96%,$150.20,$332.33,Sarah Ketterer - Causeway Capital Management Updated 13 Aug 2026,Q2 2026
DTE - DTE Energy Co.,0.53,Reduce 0.46%,320526,$152.37,"$48,838,000",,$139.08,-8.72%,$124.26,$155.75,Sarah Ketterer - Causeway Capital Management Updated 13 Aug 2026,Q2 2026
NGG - National Grid Plc Sp ADR,0.53,Add 9.56%,590240,$82.87,"$48,913,000",,$81.11,-2.12%,$64.85,$92.22,Sarah Ketterer - Causeway Capital Management Updated 13 Aug 2026,Q2 2026
PFE - Pfizer Inc.,0.5,Add 0.13%,1916801,$24.08,"$46,157,000",,$26.73,11.00%,$22.03,$27.79,Sarah Ketterer - Causeway Capital Management Updated 13 Aug 2026,Q2 2026
PBR.A - Petroleo Brasil Sp Pref ADR,0.49,Add 107.04%,3096624,$14.64,"$45,335,000",,$16.15,10.31%,$10.47,$19.88,Sarah Ketterer - Causeway Capital Management Updated 13 Aug 2026,Q2 2026
PUK - Prudential Plc ADR,0.49,Add 27.86%,1689218,$26.81,"$45,288,000",,$27.74,3.47%,$24.61,$33.59,Sarah Ketterer - Causeway Capital Management Updated 13 Aug 2026,Q2 2026
SNN - Smith & Nephew plc,0.49,Add 64.21%,1565167,$28.81,"$45,092,000",,$30.12,4.55%,$28.56,$37.90,Sarah Ketterer - Causeway Capital Management Updated 13 Aug 2026,Q2 2026
TAL - TAL Education Group,0.43,Add 18.60%,4125430,$9.57,"$39,480,000",,$11.51,20.27%,$8.88,$13.37,Sarah Ketterer - Causeway Capital Management Updated 13 Aug 2026,Q2 2026
SMIN - Ishares Msci India Small Cap,0.42,Add 15.09%,542849,$70.73,"$38,396,000",,$71.84,1.57%,$57.78,$74.41,Sarah Ketterer - Causeway Capital Management Updated 13 Aug 2026,Q2 2026
UNH - United Health Group Inc.,0.39,Add 21.68%,87447,$415.63,"$36,346,000",,$399.39,-3.91%,$254.51,$461.62,Sarah Ketterer - Causeway Capital Management Updated 13 Aug 2026,Q2 2026
DIS - Walt Disney Co.,0.38,Reduce 35.59%,360600,$96.25,"$34,708,000",,$104.35,8.42%,$91.48,$118.07,Sarah Ketterer - Causeway Capital Management Updated 13 Aug 2026,Q2 2026
BTI - British American Tobacco plc,0.37,Add 9.40%,547925,$61.76,"$33,840,000",,$57.24,-7.32%,$47.79,$66.38,Sarah Ketterer - Causeway Capital Management Updated 13 Aug 2026,Q2 2026
SNY - Sanofi Aventis,0.37,Reduce 24.47%,804056,$42.66,"$34,301,000",,$43.81,2.70%,$40.89,$49.91,Sarah Ketterer - Causeway Capital Management Updated 13 Aug 2026,Q2 2026
SMFG - Sumitomo Mitsui Spons ADR,0.36,Add 9.89%,1392610,$23.58,"$32,838,000",,$26.31,11.58%,$15.18,$26.67,Sarah Ketterer - Causeway Capital Management Updated 13 Aug 2026,Q2 2026
"VIST - Vista Oil & Gas, S.A.B. de C.V.",0.35,Add 126.91%,501275,$63.80,"$31,981,000",,$66.43,4.12%,$31.63,$81.44,Sarah Ketterer - Causeway Capital Management Updated 13 Aug 2026,Q2 2026
INDA - iShares MSCI India ETF,0.34,Add 36.87%,628500,$49.39,"$31,042,000",,$50.00,1.24%,$45.21,$55.50,Sarah Ketterer - Causeway Capital Management Updated 13 Aug 2026,Q2 2026
BSX - Boston Scientific,0.33,Buy,720339,$42.68,"$30,744,000",,$51.79,21.34%,$42.20,$109.50,Sarah Ketterer - Causeway Capital Management Updated 13 Aug 2026,Q2 2026
JD - JD.com Inc.,0.33,Buy,1199207,$25.48,"$30,556,000",,$29.26,14.84%,$23.66,$35.59,Sarah Ketterer - Causeway Capital Management Updated 13 Aug 2026,Q2 2026
VEA - Vanguard FTSE Developed ETF,0.33,Reduce 41.99%,427314,$71.25,"$30,446,000",,$73.59,3.28%,$56.19,$73.64,Sarah Ketterer - Causeway Capital Management Updated 13 Aug 2026,Q2 2026
BUD - Anheuser-Busch InBev,0.31,Reduce 40.07%,347657,$82.40,"$28,647,000",,$80.30,-2.55%,$56.78,$86.60,Sarah Ketterer - Causeway Capital Management Updated 13 Aug 2026,Q2 2026
PAGS - PagSeguro Digital Ltd.,0.31,Reduce 22.60%,3130268,$9.05,"$28,329,000",,$8.84,-2.32%,$7.88,$12.03,Sarah Ketterer - Causeway Capital Management Updated 13 Aug 2026,Q2 2026
BXP - BXP Inc.,0.27,Reduce 0.60%,378480,$66.31,"$25,097,000",,$69.33,4.55%,$48.54,$75.95,Sarah Ketterer - Causeway Capital Management Updated 13 Aug 2026,Q2 2026
HTHT - H World Group Ltd ADR,0.26,Buy,570437,$41.72,"$23,799,000",,$40.58,-2.73%,$30.82,$55.19,Sarah Ketterer - Causeway Capital Management Updated 13 Aug 2026,Q2 2026
OGC - Oceanagold Corp,0.25,Buy,911012,$25.06,"$22,827,000",,$28.28,12.85%,,,Sarah Ketterer - Causeway Capital Management Updated 13 Aug 2026,Q2 2026
CGAU - Centerra Gold Inc,0.22,Add 3.24%,1285398,$15.85,"$20,376,000",,$21.17,33.56%,$6.87,$22.30,Sarah Ketterer - Causeway Capital Management Updated 13 Aug 2026,Q2 2026
CTSH - Cognizant Technology Solutions,0.21,Reduce 67.10%,494846,$38.73,"$19,165,000",,$59.33,53.19%,$37.08,$85.98,Sarah Ketterer - Causeway Capital Management Updated 13 Aug 2026,Q2 2026
G - Genpact Ltd.,0.21,Reduce 63.55%,710380,$27.50,"$19,535,000",,$34.31,24.76%,$26.85,$48.12,Sarah Ketterer - Causeway Capital Management Updated 13 Aug 2026,Q2 2026
ZIM - Zim Integrated Shipping Serv,0.2,Reduce 21.93%,694474,$26.00,"$18,056,000",,$27.02,3.92%,$11.75,$29.30,Sarah Ketterer - Causeway Capital Management Updated 13 Aug 2026,Q2 2026
FSM - Fortuna Mining Corp.,0.19,Add 66.79%,2086645,$8.45,"$17,634,000",,$10.45,23.67%,$6.89,$13.85,Sarah Ketterer - Causeway Capital Management Updated 13 Aug 2026,Q2 2026
WB - Weibo Corp.,0.18,Reduce 13.08%,2317577,$7.26,"$16,826,000",,$7.62,4.96%,$7.09,$12.11,Sarah Ketterer - Causeway Capital Management Updated 13 Aug 2026,Q2 2026
ARCO - Arcos Dorados Holdings Inc.,0.17,Buy,1961513,$8.06,"$15,810,000",,$8.12,0.74%,$6.38,$9.67,Sarah Ketterer - Causeway Capital Management Updated 13 Aug 2026,Q2 2026
IBN - ICICI Bank Ltd.,0.14,Reduce 0.65%,447935,$29.03,"$13,004,000",,$29.50,1.62%,$24.87,$33.11,Sarah Ketterer - Causeway Capital Management Updated 13 Aug 2026,Q2 2026
VSS - Vanguard FTSE All Wo X Us Sc,0.14,Reduce 21.89%,80907,$154.29,"$12,483,000",,$159.92,3.65%,$132.72,$162.02,Sarah Ketterer - Causeway Capital Management Updated 13 Aug 2026,Q2 2026
TD - Toronto-Dominion Bank,0.13,Buy,97238,$121.55,"$11,819,000",,$123.14,1.31%,$70.42,$124.87,Sarah Ketterer - Causeway Capital Management Updated 13 Aug 2026,Q2 2026
CIB - Grupo Cibest SA ADR,0.12,Add 3.22%,136620,$79.43,"$10,852,000",,$97.02,22.15%,$46.44,$100.74,Sarah Ketterer - Causeway Capital Management Updated 13 Aug 2026,Q2 2026
FINV - Finvolution Group ADR,0.12,Reduce 4.80%,2285880,$4.79,"$10,949,000",,$4.53,-5.43%,$4.24,$9.15,Sarah Ketterer - Causeway Capital Management Updated 13 Aug 2026,Q2 2026
HDB - HDFC Bank Ltd.,0.11,Reduce 0.83%,395855,$25.83,"$10,225,000",,$23.19,-10.22%,$22.26,$37.19,Sarah Ketterer - Causeway Capital Management Updated 13 Aug 2026,Q2 2026
CM - Can Imperial Bk Of Commerce,0.1,Buy,83789,$115.11,"$9,645,000",,$122.37,6.31%,$70.29,$122.50,Sarah Ketterer - Causeway Capital Management Updated 13 Aug 2026,Q2 2026
BWLP - Bw Lpg Ltd,0.09,Add 2889.01%,457050,$17.44,"$7,972,000",,$22.47,28.84%,$10.58,$22.69,Sarah Ketterer - Causeway Capital Management Updated 13 Aug 2026,Q2 2026
CLS - Celestica Inc,0.08,Reduce 21.00%,19598,$364.58,"$7,145,000",,$352.90,-3.20%,$173.23,$474.03,Sarah Ketterer - Causeway Capital Management Updated 13 Aug 2026,Q2 2026
JOYY - JOYY Inc.,0.08,Reduce 85.44%,109297,$65.99,"$7,213,000",,$72.14,9.32%,$44.97,$76.68,Sarah Ketterer - Causeway Capital Management Updated 13 Aug 2026,Q2 2026
SU - Suncor Energy Inc.,0.08,Buy,138526,$53.78,"$7,450,000",,$65.22,21.27%,$36.86,$69.83,Sarah Ketterer - Causeway Capital Management Updated 13 Aug 2026,Q2 2026
KSA - Ishrs Msci Saudi Arabia ETF,0.07,Add 234.76%,177079,$37.31,"$6,607,000",,$37.89,1.55%,$35.27,$40.39,Sarah Ketterer - Causeway Capital Management Updated 13 Aug 2026,Q2 2026
TIGO - Millicom Intl Cellular S.a.,0.07,Reduce 68.41%,65932,$90.76,"$5,984,000",,$95.02,4.69%,$39.68,$107.13,Sarah Ketterer - Causeway Capital Management Updated 13 Aug 2026,Q2 2026
EEM - Ishares Msci Emerging Market,0.06,Buy,74974,$68.41,"$5,129,000",,$66.75,-2.43%,,,Sarah Ketterer - Causeway Capital Management Updated 13 Aug 2026,Q2 2026
INFY - Infosys Ltd.,0.06,Reduce 72.21%,526963,$10.49,"$5,528,000",,$12.36,17.83%,$10.30,$29.37,Sarah Ketterer - Causeway Capital Management Updated 13 Aug 2026,Q2 2026
EWT - Ishares Msci Taiwan ETF,0.05,Add 21.42%,45108,$108.61,"$4,899,000",,$107.81,-0.74%,$55.03,$112.78,Sarah Ketterer - Causeway Capital Management Updated 13 Aug 2026,Q2 2026
HAFN - Hafnia Ltd,0.05,Add 1182.81%,697424,$6.54,"$4,560,000",,$7.64,16.82%,$4.79,$9.18,Sarah Ketterer - Causeway Capital Management Updated 13 Aug 2026,Q2 2026
GLBE - Global E Online Ltd,0.04,Buy,102195,$34.73,"$3,549,000",,$42.12,21.28%,$15.63,$47.70,Sarah Ketterer - Causeway Capital Management Updated 13 Aug 2026,Q2 2026
MMYT - MakeMyTrip Ltd,0.04,Reduce 0.62%,64145,$53.29,"$3,418,000",,$60.90,14.28%,$32.67,$104.43,Sarah Ketterer - Causeway Capital Management Updated 13 Aug 2026,Q2 2026
STN - Stantec Inc.,0.04,Buy,56200,$68.95,"$3,875,000",,$74.02,7.35%,$40.79,$74.02,Sarah Ketterer - Causeway Capital Management Updated 13 Aug 2026,Q2 2026
IAG - IAMGOLD Corp.,0.03,Buy,172916,$15.86,"$2,743,000",,$17.77,12.04%,,,Sarah Ketterer - Causeway Capital Management Updated 13 Aug 2026,Q2 2026
MGA - Magna International Inc.,0.03,Buy,45900,$65.73,"$3,017,000",,$69.76,6.13%,$42.03,$71.96,Sarah Ketterer - Causeway Capital Management Updated 13 Aug 2026,Q2 2026
BP - BP plc,0.02,Reduce 95.38%,46059,$36.95,"$1,702,000",,$42.89,16.08%,$31.50,$47.72,Sarah Ketterer - Causeway Capital Management Updated 13 Aug 2026,Q2 2026
EFA - iShares MSCI EAFE ETF,0.02,Reduce 45.02%,20761,$103.90,"$2,157,000",,$108.73,4.65%,$87.06,$108.82,Sarah Ketterer - Causeway Capital Management Updated 13 Aug 2026,Q2 2026
VWO - Vanguard FTSE Emerging Marke,0.02,Add 376.05%,35556,$59.68,"$2,122,000",,$60.38,1.17%,$49.71,$61.52,Sarah Ketterer - Causeway Capital Management Updated 13 Aug 2026,Q2 2026
ACWI - iShares MSCI ACWI ETF,0.01,Reduce 50.13%,7691,$156.94,"$1,207,000",,$162.55,3.57%,$127.86,$162.60,Sarah Ketterer - Causeway Capital Management Updated 13 Aug 2026,Q2 2026
CNQ - Canadian Natural Resources,0.01,Buy,18400,$39.57,"$728,000",,$47.66,20.44%,$27.99,$50.44,Sarah Ketterer - Causeway Capital Management Updated 13 Aug 2026,Q2 2026
INTR - Inter & Co Inc Cl A,0.01,Buy,100618,$5.43,"$546,000",,$5.23,-3.68%,,,Sarah Ketterer - Causeway Capital Management Updated 13 Aug 2026,Q2 2026
ITRN - Ituran Location & Control Ltd.,0.01,,20439,$61.01,"$1,247,000",,$52.99,-13.15%,$30.68,$67.77,Sarah Ketterer - Causeway Capital Management Updated 13 Aug 2026,Q2 2026
MT - ArcelorMittal,0.01,Reduce 91.66%,22155,$60.21,"$1,334,000",,$73.35,21.82%,$31.50,$75.51,Sarah Ketterer - Causeway Capital Management Updated 13 Aug 2026,Q2 2026
NVDA - NVIDIA Corp.,0.01,Reduce 0.61%,3567,$200.17,"$714,000",,$225.95,12.88%,$163.85,$236.26,Sarah Ketterer - Causeway Capital Management Updated 13 Aug 2026,Q2 2026
ORLA-OLD - Orla Mining Ltd,0.01,Buy,52100,$9.77,"$509,000",,$9.45,-3.28%,$8.43,$21.95,Sarah Ketterer - Causeway Capital Management Updated 13 Aug 2026,Q2 2026
OTEX - Open Text Corp.,0.01,Buy,36500,$22.14,"$808,000",,$24.71,11.61%,$24.19,$45.47,Sarah Ketterer - Causeway Capital Management Updated 13 Aug 2026,Q2 2026
SCZ - Ishares Msci Eafe Small Cap,0.01,,7100,$82.25,"$584,000",,$86.97,5.74%,$71.06,$87.11,Sarah Ketterer - Causeway Capital Management Updated 13 Aug 2026,Q2 2026
VEU - Vanguard FTSE All World ex US ETF,0.01,Add 148.57%,15389,$83.76,"$1,289,000",,$85.78,2.41%,$66.53,$85.81,Sarah Ketterer - Causeway Capital Management Updated 13 Aug 2026,Q2 2026
WIT - Wipro Ltd ADR,0.01,Add 1.31%,448957,$2.25,"$1,010,000",,$1.96,-12.89%,$1.73,$2.98,Sarah Ketterer - Causeway Capital Management Updated 13 Aug 2026,Q2 2026
AAPL - Apple Inc.,0.0,Add 2.60%,947,$289.33,"$274,000",,$304.33,5.18%,$222.96,$344.27,Sarah Ketterer - Causeway Capital Management Updated 13 Aug 2026,Q2 2026
ALL - Allstate Corp.,0.0,Add 10.15%,1107,$237.58,"$263,000",,$259.51,9.23%,$185.28,$277.22,Sarah Ketterer - Causeway Capital Management Updated 13 Aug 2026,Q2 2026
AVGO - Broadcom Inc.,0.0,Reduce 4.86%,802,$377.81,"$303,000",,$420.34,11.26%,$279.82,$494.22,Sarah Ketterer - Causeway Capital Management Updated 13 Aug 2026,Q2 2026
B - Barrick Mining Corp.,0.0,Reduce 9.95%,6966,$36.75,"$256,000",,$40.85,11.16%,$22.91,$54.01,Sarah Ketterer - Causeway Capital Management Updated 13 Aug 2026,Q2 2026
BTG - B2Gold Corp.,0.0,,94491,$3.75,"$354,000",,$5.07,35.20%,$3.57,$6.23,Sarah Ketterer - Causeway Capital Management Updated 13 Aug 2026,Q2 2026
FIX - Comfort Systems USA Inc.,0.0,Reduce 11.96%,162,$1981.48,"$321,000",,$1737.67,-12.30%,$654.96,$2073.18,Sarah Ketterer - Causeway Capital Management Updated 13 Aug 2026,Q2 2026
GSK - GSK plc,0.0,Reduce 35.53%,7163,$52.35,"$375,000",,$50.39,-3.74%,$37.21,$60.66,Sarah Ketterer - Causeway Capital Management Updated 13 Aug 2026,Q2 2026
INMD - Inmode Ltd,0.0,Reduce 74.69%,18180,$14.63,"$266,000",,$15.20,3.90%,$12.72,$16.74,Sarah Ketterer - Causeway Capital Management Updated 13 Aug 2026,Q2 2026
INN - Summit Hotel Properties Inc.,0.0,Add 15.00%,17063,$7.03,"$120,000",,$6.07,-13.66%,$3.92,$7.17,Sarah Ketterer - Causeway Capital Management Updated 13 Aug 2026,Q2 2026
LRCX - Lam Research,0.0,Buy,816,$433.82,"$354,000",,$339.14,-21.82%,$93.59,$438.50,Sarah Ketterer - Causeway Capital Management Updated 13 Aug 2026,Q2 2026
MSFT - Microsoft Corp.,0.0,Reduce 22.28%,600,$373.33,"$224,000",,$496.35,32.95%,$349.20,$550.24,Sarah Ketterer - Causeway Capital Management Updated 13 Aug 2026,Q2 2026
NVS - Novartis AG,0.0,Add 0.94%,1501,$156.56,"$235,000",,$151.82,-3.03%,$116.45,$165.46,Sarah Ketterer - Causeway Capital Management Updated 13 Aug 2026,Q2 2026
PDS - Precision Drilling Corp.,0.0,,3291,$76.88,"$253,000",,$83.16,8.17%,$52.53,$103.80,Sarah Ketterer - Causeway Capital Management Updated 13 Aug 2026,Q2 2026
RNR - RenaissanceRe Holdings Ltd.,0.0,,994,$316.90,"$315,000",,$320.32,1.08%,$230.19,$335.97,Sarah Ketterer - Causeway Capital Management Updated 13 Aug 2026,Q2 2026
SHG - Shinhan Financial Group Company,0.0,Reduce 97.40%,6594,$63.24,"$417,000",,$75.06,18.69%,$46.26,$77.54,Sarah Ketterer - Causeway Capital Management Updated 13 Aug 2026,Q2 2026
SLM - SLM Corp.,0.0,Buy,8774,$25.99,"$228,000",,$27.73,6.69%,$17.55,$32.47,Sarah Ketterer - Causeway Capital Management Updated 13 Aug 2026,Q2 2026
TRMD - Torm Plc,0.0,Buy,11244,$25.79,"$290,000",,$29.47,14.27%,$16.97,$34.50,Sarah Ketterer - Causeway Capital Management Updated 13 Aug 2026,Q2 2026
VICI - VICI Properties Inc.,0.0,Buy,7985,$26.55,"$212,000",,$26.37,-0.68%,$25.82,$31.85,Sarah Ketterer - Causeway Capital Management Updated 13 Aug 2026,Q2 2026
GOOG - Alphabet Inc. CL C,12.07,Reduce 9.02%,3048077,$353.33,"$1,076,977,000",,$343.94,-2.66%,$196.90,$404.23,Thomas Russo - Gardner Russo & Quinn Updated 13 Aug 2026,Q2 2026
BRK.A - Berkshire Hathaway CL A,12.01,Reduce 1.92%,1432,$748849.86,"$1,072,353,000",,$759889.00,1.47%,$698000.00,$806102.81,Thomas Russo - Gardner Russo & Quinn Updated 13 Aug 2026,Q2 2026
PM - Philip Morris Intl.,9.18,Reduce 1.61%,4530846,$180.91,"$819,675,000",,$188.52,4.21%,$138.43,$207.76,Thomas Russo - Gardner Russo & Quinn Updated 13 Aug 2026,Q2 2026
MA - Mastercard Inc.,8.76,Reduce 2.11%,1522395,$513.60,"$781,902,000",,$566.09,10.22%,$463.74,$598.04,Thomas Russo - Gardner Russo & Quinn Updated 13 Aug 2026,Q2 2026
CFRHF - Compagnie Financiere Richemont SA,8.67,Reduce 2.96%,3345346,$231.27,"$773,662,000",,$250.73,8.41%,$155.64,$254.24,Thomas Russo - Gardner Russo & Quinn Updated 13 Aug 2026,Q2 2026
HKHHF - Heineken Holding NV,7.61,Reduce 2.15%,8905683,$76.32,"$679,640,000",,$85.68,12.26%,$65.04,$85.68,Thomas Russo - Gardner Russo & Quinn Updated 13 Aug 2026,Q2 2026
NSRGY - Nestle,6.11,Reduce 3.04%,5314898,$102.69,"$545,787,000",,$98.79,-3.80%,$84.60,$107.17,Thomas Russo - Gardner Russo & Quinn Updated 13 Aug 2026,Q2 2026
BRK.B - Berkshire Hathaway CL B,6.05,Reduce 2.80%,1079364,$500.39,"$540,103,000",,$506.45,1.21%,$464.01,$537.74,Thomas Russo - Gardner Russo & Quinn Updated 13 Aug 2026,Q2 2026
SUNB - Sunbelt Rentals Holdings Inc,4.96,Reduce 2.49%,5916003,$74.80,"$442,542,000",,$80.65,7.82%,$60.40,$85.78,Thomas Russo - Gardner Russo & Quinn Updated 13 Aug 2026,Q2 2026
NFLX - Netflix Inc.,4.57,Add 1.77%,5710088,$71.40,"$407,700,000",,$77.52,8.57%,$65.08,$126.71,Thomas Russo - Gardner Russo & Quinn Updated 13 Aug 2026,Q2 2026
MLM - Martin Marietta,4.56,Reduce 1.40%,705367,$576.70,"$406,785,000",,$547.80,-5.01%,$523.48,$709.08,Thomas Russo - Gardner Russo & Quinn Updated 13 Aug 2026,Q2 2026
UBER - Uber Technologies Inc.,4.11,Reduce 1.73%,5084015,$72.16,"$366,863,000",,$75.84,5.10%,$65.41,$101.99,Thomas Russo - Gardner Russo & Quinn Updated 13 Aug 2026,Q2 2026
ERFSF - Eurofins Scientific SE,3.6,Add 32.22%,4094034,$78.38,"$320,909,000",,$82.06,4.70%,$64.33,$85.34,Thomas Russo - Gardner Russo & Quinn Updated 13 Aug 2026,Q2 2026
DASH - DoorDash Inc.,2.45,Add 18.47%,1186104,$184.53,"$218,872,000",,$216.54,17.35%,$143.30,$285.50,Thomas Russo - Gardner Russo & Quinn Updated 13 Aug 2026,Q2 2026
PDRDF - Pernod Ricard,1.92,Reduce 5.17%,2351360,$73.01,"$171,675,000",,$78.54,7.57%,$65.28,$115.44,Thomas Russo - Gardner Russo & Quinn Updated 13 Aug 2026,Q2 2026
CMCSA - Comcast Corp.,0.6,Reduce 2.64%,2193660,$24.55,"$53,854,000",,$26.08,6.23%,$21.28,$32.04,Thomas Russo - Gardner Russo & Quinn Updated 13 Aug 2026,Q2 2026
BF.A - Brown-Forman Corp. CL A,0.49,Reduce 3.04%,1597815,$27.36,"$43,716,000",,$28.38,3.73%,$22.81,$30.87,Thomas Russo - Gardner Russo & Quinn Updated 13 Aug 2026,Q2 2026
V - Visa Inc.,0.34,Reduce 6.99%,87256,$343.09,"$29,937,000",,$362.90,5.77%,$292.74,$373.28,Thomas Russo - Gardner Russo & Quinn Updated 13 Aug 2026,Q2 2026
XOM - ExxonMobil Holdings Corp.,0.28,Reduce 6.57%,181200,$136.72,"$24,774,000",,$158.68,16.06%,$102.47,$175.22,Thomas Russo - Gardner Russo & Quinn Updated 13 Aug 2026,Q2 2026
BF.B - Brown-Forman Corp.,0.19,Reduce 3.09%,639282,$26.65,"$17,037,000",,$27.91,4.73%,$22.41,$31.11,Thomas Russo - Gardner Russo & Quinn Updated 13 Aug 2026,Q2 2026
BUDFF - Anheuser Busch Inbev SA NV,0.16,Reduce 6.91%,171294,$83.07,"$14,230,000",,$80.28,-3.36%,$57.09,$86.78,Thomas Russo - Gardner Russo & Quinn Updated 13 Aug 2026,Q2 2026
MO - Altria Group Inc.,0.12,Reduce 9.64%,148603,$71.95,"$10,692,000",,$65.11,-9.51%,$53.01,$77.06,Thomas Russo - Gardner Russo & Quinn Updated 13 Aug 2026,Q2 2026
CR - Crane Co,0.11,Reduce 5.77%,43937,$223.07,"$9,801,000",,$220.17,-1.30%,$159.36,$230.50,Thomas Russo - Gardner Russo & Quinn Updated 13 Aug 2026,Q2 2026
JPM - JPMorgan Chase & Co.,0.09,Reduce 83.39%,24719,$327.32,"$8,091,000",,$363.49,11.05%,$276.43,$366.09,Thomas Russo - Gardner Russo & Quinn Updated 13 Aug 2026,Q2 2026
MKL - Markel Group Inc.,0.09,Reduce 13.91%,4265,$1953.11,"$8,330,000",,$1830.96,-6.25%,$1719.41,$2207.59,Thomas Russo - Gardner Russo & Quinn Updated 13 Aug 2026,Q2 2026
UNP - Union Pacific,0.08,Reduce 6.50%,25841,$272.01,"$7,029,000",,$298.17,9.62%,$207.45,$315.99,Thomas Russo - Gardner Russo & Quinn Updated 13 Aug 2026,Q2 2026
DOV - Dover Corp.,0.05,Reduce 1.44%,18851,$224.29,"$4,228,000",,$206.96,-7.73%,$157.78,$236.42,Thomas Russo - Gardner Russo & Quinn Updated 13 Aug 2026,Q2 2026
COST - Costco Co.,0.04,Reduce 26.49%,3399,$935.57,"$3,180,000",,$956.87,2.28%,$840.35,$1094.76,Thomas Russo - Gardner Russo & Quinn Updated 13 Aug 2026,Q2 2026
GOOGL - Alphabet Inc.,0.04,Reduce 4.27%,11114,$357.39,"$3,972,000",,$346.14,-3.15%,$196.04,$408.37,Thomas Russo - Gardner Russo & Quinn Updated 13 Aug 2026,Q2 2026
ABBV - AbbVie Inc.,0.03,,12410,$251.65,"$3,123,000",,$249.80,-0.74%,$189.40,$267.47,Thomas Russo - Gardner Russo & Quinn Updated 13 Aug 2026,Q2 2026
WRBY - Warby Parker Inc.,0.03,,80000,$30.34,"$2,427,000",,$25.90,-14.63%,$14.96,$31.00,Thomas Russo - Gardner Russo & Quinn Updated 13 Aug 2026,Q2 2026
AKBLF - Alk Abello A s,0.02,Add 6.00%,53000,$37.36,"$1,980,000",,$37.92,1.50%,$27.51,$38.89,Thomas Russo - Gardner Russo & Quinn Updated 13 Aug 2026,Q2 2026
AXP - American Express,0.02,Reduce 20.97%,5125,$338.34,"$1,734,000",,$344.45,1.81%,$289.26,$384.36,Thomas Russo - Gardner Russo & Quinn Updated 13 Aug 2026,Q2 2026
COCXF - Lindt & Spruengli AG,0.02,,15,$119000.00,"$1,785,000",,$142302.63,19.58%,$108817.57,$142302.63,Thomas Russo - Gardner Russo & Quinn Updated 13 Aug 2026,Q2 2026
DLG.MI - De'Longhi SPA,0.02,Add 9.49%,42700,$42.46,"$1,813,000",,,,,,Thomas Russo - Gardner Russo & Quinn Updated 13 Aug 2026,Q2 2026
FLMNF - Fielmann Group Ag,0.02,,33000,$48.94,"$1,615,000",,$50.75,3.70%,$50.75,$62.66,Thomas Russo - Gardner Russo & Quinn Updated 13 Aug 2026,Q2 2026
FLUIF - Fluidra SA,0.02,,70000,$22.64,"$1,585,000",,$22.00,-2.83%,$22.00,$29.81,Thomas Russo - Gardner Russo & Quinn Updated 13 Aug 2026,Q2 2026
KNCRF - Konecranes Oyj,0.02,,52500,$30.72,"$1,613,000",,$30.29,-1.40%,$25.79,$35.01,Thomas Russo - Gardner Russo & Quinn Updated 13 Aug 2026,Q2 2026
LEVI - Levi Strauss & Co.,0.02,Add 1.21%,83725,$24.83,"$2,079,000",,$22.42,-9.71%,$17.50,$25.70,Thomas Russo - Gardner Russo & Quinn Updated 13 Aug 2026,Q2 2026
LRLCF - L'Oreal SA,0.02,,3705,$438.60,"$1,625,000",,$441.60,0.68%,$374.08,$477.54,Thomas Russo - Gardner Russo & Quinn Updated 13 Aug 2026,Q2 2026
LTSSF - Lotus Bakeries,0.02,,115,$13286.96,"$1,528,000",,$13636.36,2.63%,$8949.77,$13636.36,Thomas Russo - Gardner Russo & Quinn Updated 13 Aug 2026,Q2 2026
MKC - McCormick & Co.,0.02,Reduce 1.56%,37981,$50.42,"$1,915,000",,$54.50,8.09%,$44.42,$71.13,Thomas Russo - Gardner Russo & Quinn Updated 13 Aug 2026,Q2 2026
RTLLF - Rational Ag,0.02,,2200,$732.27,"$1,611,000",,$782.03,6.80%,$673.93,$859.22,Thomas Russo - Gardner Russo & Quinn Updated 13 Aug 2026,Q2 2026
SSPPF - Ssp Group Plc,0.02,,700000,$2.49,"$1,744,000",,$2.55,2.41%,$1.67,$2.55,Thomas Russo - Gardner Russo & Quinn Updated 13 Aug 2026,Q2 2026
VMC - Vulcan Materials,0.02,,7263,$295.06,"$2,143,000",,$278.06,-5.76%,$251.85,$329.81,Thomas Russo - Gardner Russo & Quinn Updated 13 Aug 2026,Q2 2026
WILLF - Demant A s,0.02,,41000,$41.02,"$1,682,000",,$44.88,9.41%,$28.08,$45.00,Thomas Russo - Gardner Russo & Quinn Updated 13 Aug 2026,Q2 2026
AAPL - Apple Inc.,0.01,Reduce 3.16%,4601,$289.28,"$1,331,000",,$304.33,5.20%,$222.96,$344.27,Thomas Russo - Gardner Russo & Quinn Updated 13 Aug 2026,Q2 2026
ABT - Abbott Labs,0.01,,11510,$90.70,"$1,044,000",,$111.09,22.48%,$81.39,$134.38,Thomas Russo - Gardner Russo & Quinn Updated 13 Aug 2026,Q2 2026
CABJF - Carlsberg A/S,0.01,Add 2.66%,10135,$131.03,"$1,328,000",,$133.26,1.70%,$89.69,$142.50,Thomas Russo - Gardner Russo & Quinn Updated 13 Aug 2026,Q2 2026
DVDCF - Davide Campari-Milano S.p.A.,0.01,Reduce 3.45%,195048,$6.23,"$1,215,000",,$7.00,12.36%,$6.07,$7.98,Thomas Russo - Gardner Russo & Quinn Updated 13 Aug 2026,Q2 2026
ECTXF - Electrolux Professional Ab B,0.01,,230000,$4.37,"$1,006,000",,$4.65,6.41%,$3.86,$5.94,Thomas Russo - Gardner Russo & Quinn Updated 13 Aug 2026,Q2 2026
FBLA - Fb Bancorp Inc,0.01,,50000,$15.06,"$753,000",,$15.73,4.45%,$11.36,$15.98,Thomas Russo - Gardner Russo & Quinn Updated 13 Aug 2026,Q2 2026
FULT - Fulton Financial Corp.,0.01,Reduce 9.60%,44250,$24.18,"$1,070,000",,$24.53,1.45%,$16.16,$25.23,Thomas Russo - Gardner Russo & Quinn Updated 13 Aug 2026,Q2 2026
HINKF - Heineken NV,0.01,,15131,$84.13,"$1,273,000",,$88.00,4.60%,$71.18,$93.41,Thomas Russo - Gardner Russo & Quinn Updated 13 Aug 2026,Q2 2026
HMRZF - Hennes & Mauritz Ab B Shs,0.01,,64000,$17.22,"$1,102,000",,$18.56,7.78%,$11.35,$19.70,Thomas Russo - Gardner Russo & Quinn Updated 13 Aug 2026,Q2 2026
HRI - HERC Holdings Inc.,0.01,,6450,$143.41,"$925,000",,$168.22,17.30%,$88.00,$186.52,Thomas Russo - Gardner Russo & Quinn Updated 13 Aug 2026,Q2 2026
HRL - Hormel Foods Corp.,0.01,Reduce 2.63%,18500,$24.81,"$459,000",,$24.52,-1.17%,$19.47,$27.88,Thomas Russo - Gardner Russo & Quinn Updated 13 Aug 2026,Q2 2026
JBTM - JBT Marel Corp.,0.01,,7250,$144.97,"$1,051,000",,$117.08,-19.24%,$113.58,$169.95,Thomas Russo - Gardner Russo & Quinn Updated 13 Aug 2026,Q2 2026
KMROF - Kalmar Oyj B Share,0.01,Add 1.85%,27500,$43.93,"$1,208,000",,,,,,Thomas Russo - Gardner Russo & Quinn Updated 13 Aug 2026,Q2 2026
KO - Coca Cola Co.,0.01,Reduce 5.18%,12350,$81.30,"$1,004,000",,$87.44,7.55%,$64.04,$90.92,Thomas Russo - Gardner Russo & Quinn Updated 13 Aug 2026,Q2 2026
LAMR - Lamar Advertising Co.,0.01,,5368,$155.92,"$837,000",,$155.69,-0.15%,$110.33,$166.33,Thomas Russo - Gardner Russo & Quinn Updated 13 Aug 2026,Q2 2026
MSFT - Microsoft Corp.,0.01,Add 1.13%,3584,$373.05,"$1,337,000",,$496.35,33.05%,$349.20,$550.24,Thomas Russo - Gardner Russo & Quinn Updated 13 Aug 2026,Q2 2026
NSRGF - Nestle Sa Reg,0.01,,11130,$102.96,"$1,146,000",,$98.26,-4.56%,$83.41,$107.88,Thomas Russo - Gardner Russo & Quinn Updated 13 Aug 2026,Q2 2026
PEP - PepsiCo Inc.,0.01,Reduce 0.98%,9115,$135.38,"$1,234,000",,$139.97,3.39%,$133.40,$168.19,Thomas Russo - Gardner Russo & Quinn Updated 13 Aug 2026,Q2 2026
PG - Procter & Gamble,0.01,Reduce 28.98%,6554,$146.63,"$961,000",,$144.44,-1.49%,$134.62,$164.77,Thomas Russo - Gardner Russo & Quinn Updated 13 Aug 2026,Q2 2026
PUIGF - Puig Brands SA B,0.01,,68000,$18.44,"$1,254,000",,$17.74,-3.80%,$16.15,$21.75,Thomas Russo - Gardner Russo & Quinn Updated 13 Aug 2026,Q2 2026
SWZ - Swiss Helvetia Fund Inc.,0.01,,97667,$5.94,"$580,000",,$5.96,0.34%,$5.84,$6.31,Thomas Russo - Gardner Russo & Quinn Updated 13 Aug 2026,Q2 2026
WFC - Wells Fargo,0.01,Add 0.01%,7451,$82.67,"$616,000",,$88.28,6.79%,$72.36,$96.18,Thomas Russo - Gardner Russo & Quinn Updated 13 Aug 2026,Q2 2026
WMT - Walmart Inc.,0.01,Reduce 13.09%,8465,$113.29,"$959,000",,$115.35,1.82%,$94.85,$135.16,Thomas Russo - Gardner Russo & Quinn Updated 13 Aug 2026,Q2 2026
YETI - YETI Holdings Inc.,0.01,,24000,$49.54,"$1,189,000",,$44.85,-9.47%,$31.66,$53.99,Thomas Russo - Gardner Russo & Quinn Updated 13 Aug 2026,Q2 2026
ZLDSF - Zalando Se,0.01,,28000,$29.00,"$812,000",,$32.35,11.55%,$22.73,$32.35,Thomas Russo - Gardner Russo & Quinn Updated 13 Aug 2026,Q2 2026
AMZN - Amazon.com Inc.,0.0,Reduce 10.00%,936,$238.25,"$223,000",,$265.88,11.60%,$196.00,$287.20,Thomas Russo - Gardner Russo & Quinn Updated 13 Aug 2026,Q2 2026
CAT - Caterpillar Inc.,0.0,Reduce 41.11%,265,$1064.15,"$282,000",,$856.71,-19.49%,$401.84,$1071.47,Thomas Russo - Gardner Russo & Quinn Updated 13 Aug 2026,Q2 2026
CIR.MI - Cir SPA,0.0,,251250,$0.80,"$200,000",,,,,,Thomas Russo - Gardner Russo & Quinn Updated 13 Aug 2026,Q2 2026
CVX - Chevron Corp.,0.0,,2470,$165.59,"$409,000",,$197.51,19.28%,$143.75,$212.76,Thomas Russo - Gardner Russo & Quinn Updated 13 Aug 2026,Q2 2026
DIS - Walt Disney Co.,0.0,Reduce 0.99%,2492,$96.31,"$240,000",,$104.35,8.35%,$91.48,$118.07,Thomas Russo - Gardner Russo & Quinn Updated 13 Aug 2026,Q2 2026
JNJ - Johnson & Johnson,0.0,Reduce 14.72%,1112,$253.60,"$282,000",,$261.50,3.12%,$168.49,$274.90,Thomas Russo - Gardner Russo & Quinn Updated 13 Aug 2026,Q2 2026
LTGIF - Lt Group Inc,0.0,,1775000,$0.24,"$432,000",,,,,,Thomas Russo - Gardner Russo & Quinn Updated 13 Aug 2026,Q2 2026
MCD - McDonald's Corp.,0.0,,947,$270.33,"$256,000",,$272.32,0.74%,$260.96,$337.56,Thomas Russo - Gardner Russo & Quinn Updated 13 Aug 2026,Q2 2026
MRK - Merck & Co.,0.0,Reduce 23.31%,1642,$128.50,"$211,000",,$134.71,4.83%,$75.81,$135.05,Thomas Russo - Gardner Russo & Quinn Updated 13 Aug 2026,Q2 2026
ORCL - Oracle Corp.,0.0,Reduce 24.58%,2715,$146.59,"$398,000",,$155.70,6.21%,$114.50,$341.82,Thomas Russo - Gardner Russo & Quinn Updated 13 Aug 2026,Q2 2026
OUT - Outfront Media Inc.,0.0,,13588,$32.75,"$445,000",,$30.00,-8.40%,$16.42,$34.63,Thomas Russo - Gardner Russo & Quinn Updated 13 Aug 2026,Q2 2026
PHJMF - Hanjaya Mandala Sampoerna,0.0,,5000000,$0.04,"$187,000",,$0.04,0.00%,$0.03,$0.07,Thomas Russo - Gardner Russo & Quinn Updated 13 Aug 2026,Q2 2026
UNM - Unum Group,0.0,Reduce 8.29%,3485,$89.53,"$312,000",,$93.05,3.93%,$66.66,$94.01,Thomas Russo - Gardner Russo & Quinn Updated 13 Aug 2026,Q2 2026
IBKR - Interactive Brokers Group Inc.,33.42,,1030740,$87.04,"$89,716,000",,$92.24,5.97%,$58.76,$97.84,Bryan Lawrence - Oakcliff Capital Updated 13 Aug 2026,Q2 2026
GOOG - Alphabet Inc. CL C,15.55,,118161,$353.33,"$41,750,000",,$343.94,-2.66%,$196.90,$404.23,Bryan Lawrence - Oakcliff Capital Updated 13 Aug 2026,Q2 2026
GIL - Gildan Activewear Inc.,13.1,,681689,$51.60,"$35,175,000",,$57.01,10.48%,$46.55,$73.05,Bryan Lawrence - Oakcliff Capital Updated 13 Aug 2026,Q2 2026
TDG - TransDigm Group Inc.,11.99,,24170,$1332.02,"$32,195,000",,$1245.33,-6.51%,$1123.61,$1463.03,Bryan Lawrence - Oakcliff Capital Updated 13 Aug 2026,Q2 2026
GWRE - Guidewire Software Inc.,7.27,Add 10.06%,158683,$123.05,"$19,526,000",,$180.88,47.00%,$102.30,$272.60,Bryan Lawrence - Oakcliff Capital Updated 13 Aug 2026,Q2 2026
MCO - Moody's Corp.,5.74,Buy,34000,$452.91,"$15,399,000",,$486.60,7.44%,$400.46,$544.40,Bryan Lawrence - Oakcliff Capital Updated 13 Aug 2026,Q2 2026
SGU - Star Gas Partners LP,5.26,,1099239,$12.84,"$14,114,000",,$12.58,-2.02%,$10.70,$13.33,Bryan Lawrence - Oakcliff Capital Updated 13 Aug 2026,Q2 2026
LEN - Lennar Corp.,3.98,,118000,$90.49,"$10,678,000",,$87.59,-3.20%,$79.83,$141.39,Bryan Lawrence - Oakcliff Capital Updated 13 Aug 2026,Q2 2026
NRP - Natural Resource Partners,3.69,,102057,$97.00,"$9,900,000",,$102.60,5.77%,$95.51,$127.10,Bryan Lawrence - Oakcliff Capital Updated 13 Aug 2026,Q2 2026
HCC - Warrior Met Coal Inc.,43.32,Reduce 3.69%,1744050,$81.16,"$141,547,000",,$94.59,16.55%,$54.46,$110.29,Mohnish Pabrai - Pabrai Investments Updated 13 Aug 2026,Q2 2026
RIG - Transocean Ltd.,30.53,Add 0.03%,20398659,$4.89,"$99,749,000",,$5.72,16.97%,$2.76,$7.66,Mohnish Pabrai - Pabrai Investments Updated 13 Aug 2026,Q2 2026
AMR - Alpha Metallurgical Resources Inc.,26.11,Reduce 10.79%,517194,$164.94,"$85,306,000",,$156.39,-5.18%,$133.64,$253.82,Mohnish Pabrai - Pabrai Investments Updated 13 Aug 2026,Q2 2026
KSPI - Jsc Kaspi.kz ADR,0.04,Buy,1702,$86.37,"$147,000",,$98.83,14.43%,$65.63,$99.60,Mohnish Pabrai - Pabrai Investments Updated 13 Aug 2026,Q2 2026
GE - GE Aerospace,35.61,,4030765,$373.73,"$1,506,418,000",,$361.73,-3.21%,$262.47,$388.84,Nelson Peltz - Trian Fund Management Updated 12 Aug 2026,Q2 2026
JHG-OLD - Janus Henderson Group,31.53,Reduce 19.50%,25654382,$52.00,"$1,334,028,000",,$51.98,-0.04%,$37.96,$53.76,Nelson Peltz - Trian Fund Management Updated 12 Aug 2026,Q2 2026
SOLV - Solventum Corp,15.02,,8236753,$77.15,"$635,465,000",,$86.36,11.94%,$62.38,$90.00,Nelson Peltz - Trian Fund Management Updated 12 Aug 2026,Q2 2026
FERG - Ferguson Enterprises Inc.,6.09,,1086357,$237.33,"$257,825,000",,$247.69,4.37%,$204.50,$269.59,Nelson Peltz - Trian Fund Management Updated 12 Aug 2026,Q2 2026
WEN - Wendy's Co.,5.97,Add 0.07%,30468434,$8.29,"$252,583,000",,$8.58,3.50%,$6.07,$10.14,Nelson Peltz - Trian Fund Management Updated 12 Aug 2026,Q2 2026
GEHC - GE HealthCare Technologies Inc.,4.67,Add 76194.36%,3085344,$64.01,"$197,493,000",,$73.72,15.17%,$58.72,$89.64,Nelson Peltz - Trian Fund Management Updated 12 Aug 2026,Q2 2026
IVZ - Invesco Ltd,1.01,Reduce 45.29%,1625472,$26.39,"$42,896,000",,$32.33,22.51%,$19.98,$32.55,Nelson Peltz - Trian Fund Management Updated 12 Aug 2026,Q2 2026
MICC - Magnum Ice Cream Co NV,0.1,,241042,$17.41,"$4,197,000",,$20.03,15.05%,$12.94,$20.03,Nelson Peltz - Trian Fund Management Updated 12 Aug 2026,Q2 2026
BRK.B - Berkshire Hathaway CL B,9.41,Reduce 2.60%,271600,$500.39,"$135,906,000",,$506.45,1.21%,$464.01,$537.74,Wallace Weitz - Weitz Investment Management Updated 12 Aug 2026,Q2 2026
GOOG - Alphabet Inc. CL C,6.56,Reduce 17.95%,268100,$353.33,"$94,728,000",,$343.94,-2.66%,$196.90,$404.23,Wallace Weitz - Weitz Investment Management Updated 12 Aug 2026,Q2 2026
DHR - Danaher Corp.,6.46,Add 2.46%,489500,$190.48,"$93,240,000",,$204.57,7.40%,$160.60,$241.78,Wallace Weitz - Weitz Investment Management Updated 12 Aug 2026,Q2 2026
V - Visa Inc.,6.3,,265330,$343.09,"$91,032,000",,$362.90,5.77%,$292.74,$373.28,Wallace Weitz - Weitz Investment Management Updated 12 Aug 2026,Q2 2026
MA - Mastercard Inc.,5.17,Reduce 1.12%,145350,$513.60,"$74,652,000",,$566.09,10.22%,$463.74,$598.04,Wallace Weitz - Weitz Investment Management Updated 12 Aug 2026,Q2 2026
AON - Aon Plc,4.91,,213860,$331.69,"$70,935,000",,$355.30,7.12%,$303.10,$381.47,Wallace Weitz - Weitz Investment Management Updated 12 Aug 2026,Q2 2026
VMC - Vulcan Materials,4.16,Reduce 4.86%,203800,$295.01,"$60,123,000",,$278.06,-5.75%,$251.85,$329.81,Wallace Weitz - Weitz Investment Management Updated 12 Aug 2026,Q2 2026
META - Meta Platforms Inc.,4.02,Reduce 2.60%,102960,$563.29,"$57,996,000",,$593.95,5.44%,$519.78,$793.65,Wallace Weitz - Weitz Investment Management Updated 12 Aug 2026,Q2 2026
TMO - Thermo Fisher Scientific,4.0,Reduce 4.79%,115200,$501.36,"$57,757,000",,$595.87,18.85%,$434.83,$642.71,Wallace Weitz - Weitz Investment Management Updated 12 Aug 2026,Q2 2026
IEX - IDEX Corp.,3.97,Reduce 4.50%,252400,$226.95,"$57,282,000",,$239.06,5.34%,$155.87,$243.80,Wallace Weitz - Weitz Investment Management Updated 12 Aug 2026,Q2 2026
MSFT - Microsoft Corp.,3.96,Reduce 9.59%,153200,$373.02,"$57,147,000",,$496.35,33.06%,$349.20,$550.24,Wallace Weitz - Weitz Investment Management Updated 12 Aug 2026,Q2 2026
HEI.A - HEICO Corp. CL A,3.65,Add 8.20%,204479,$257.91,"$52,737,000",,$273.35,5.99%,$199.25,$279.52,Wallace Weitz - Weitz Investment Management Updated 12 Aug 2026,Q2 2026
AMZN - Amazon.com Inc.,3.59,Reduce 2.25%,217500,$238.34,"$51,839,000",,$265.88,11.55%,$196.00,$287.20,Wallace Weitz - Weitz Investment Management Updated 12 Aug 2026,Q2 2026
TECH - Bio-Techne Corp.,2.66,Reduce 16.84%,543200,$70.65,"$38,377,000",,$72.24,2.25%,$43.12,$72.39,Wallace Weitz - Weitz Investment Management Updated 12 Aug 2026,Q2 2026
SIRI - SiriusXM Holdings Inc,2.43,Reduce 8.12%,1188000,$29.54,"$35,094,000",,$28.03,-5.11%,$19.15,$32.37,Wallace Weitz - Weitz Investment Management Updated 12 Aug 2026,Q2 2026
ADI - Analog Devices,2.34,Reduce 19.86%,85225,$397.17,"$33,849,000",,$382.21,-3.77%,$221.38,$445.91,Wallace Weitz - Weitz Investment Management Updated 12 Aug 2026,Q2 2026
EFX - Equifax Inc.,2.11,Add 2.33%,191980,$158.72,"$30,471,000",,$185.78,17.05%,$150.75,$269.54,Wallace Weitz - Weitz Investment Management Updated 12 Aug 2026,Q2 2026
LH - Labcorp Holdings Inc.,1.92,,99050,$280.00,"$27,734,000",,$322.52,15.19%,$242.59,$323.97,Wallace Weitz - Weitz Investment Management Updated 12 Aug 2026,Q2 2026
MLM - Martin Marietta,1.89,Add 19.09%,47370,$576.69,"$27,318,000",,$547.80,-5.01%,$523.48,$709.08,Wallace Weitz - Weitz Investment Management Updated 12 Aug 2026,Q2 2026
GPN - Global Payments Inc.,1.76,Add 4.48%,350000,$72.56,"$25,396,000",,$94.50,30.24%,$60.93,$94.50,Wallace Weitz - Weitz Investment Management Updated 12 Aug 2026,Q2 2026
TXN - Texas Instruments,1.61,Reduce 51.34%,77900,$298.07,"$23,220,000",,$274.35,-7.96%,$150.20,$332.33,Wallace Weitz - Weitz Investment Management Updated 12 Aug 2026,Q2 2026
LBRDK - Liberty Broadband Corp. CL C,1.33,,576000,$33.26,"$19,158,000",,$36.77,10.55%,$26.25,$65.73,Wallace Weitz - Weitz Investment Management Updated 12 Aug 2026,Q2 2026
IDXX - IDEXX Laboratories,1.29,,35300,$526.43,"$18,583,000",,$563.26,7.00%,$518.55,$769.98,Wallace Weitz - Weitz Investment Management Updated 12 Aug 2026,Q2 2026
ACIW - ACI Worldwide Inc.,1.28,,367700,$50.29,"$18,492,000",,$53.04,5.47%,$38.05,$61.08,Wallace Weitz - Weitz Investment Management Updated 12 Aug 2026,Q2 2026
PRM - Perimeter Solutions SA,1.11,Reduce 11.50%,450817,$35.65,"$16,072,000",,$34.55,-3.09%,$17.74,$38.17,Wallace Weitz - Weitz Investment Management Updated 12 Aug 2026,Q2 2026
MELI - Mercadolibre Inc.,1.08,Add 15.00%,9200,$1697.39,"$15,616,000",,$1825.00,7.52%,$1495.00,$2548.50,Wallace Weitz - Weitz Investment Management Updated 12 Aug 2026,Q2 2026
ACN - Accenture,1.03,Reduce 29.88%,119700,$124.44,"$14,895,000",,$178.85,43.72%,$116.75,$285.21,Wallace Weitz - Weitz Investment Management Updated 12 Aug 2026,Q2 2026
IR - Ingersoll Rand Inc.,0.92,Add 21.37%,161670,$81.99,"$13,255,000",,$84.31,2.83%,$68.07,$100.91,Wallace Weitz - Weitz Investment Management Updated 12 Aug 2026,Q2 2026
CSGP - CoStar Group Inc.,0.83,Reduce 18.15%,423181,$28.32,"$11,984,000",,$32.54,14.90%,$25.89,$91.89,Wallace Weitz - Weitz Investment Management Updated 12 Aug 2026,Q2 2026
EEFT - Euronet Worldwide Inc.,0.81,,160000,$73.19,"$11,710,000",,$73.98,1.08%,$62.50,$98.52,Wallace Weitz - Weitz Investment Management Updated 12 Aug 2026,Q2 2026
ASML - ASML Holding NV,0.76,,5500,$1989.45,"$10,942,000",,$1861.52,-6.43%,$711.50,$1997.36,Wallace Weitz - Weitz Investment Management Updated 12 Aug 2026,Q2 2026
LKQ - LKQ Corp.,0.74,,408000,$26.33,"$10,743,000",,$24.86,-5.58%,$21.17,$36.34,Wallace Weitz - Weitz Investment Management Updated 12 Aug 2026,Q2 2026
NFLX - Netflix Inc.,0.73,Buy,147200,$71.40,"$10,510,000",,$77.52,8.57%,$65.08,$126.71,Wallace Weitz - Weitz Investment Management Updated 12 Aug 2026,Q2 2026
TSM - Taiwan Semiconductor S.A.,0.66,,20000,$477.55,"$9,551,000",,$432.89,-9.35%,$221.29,$479.00,Wallace Weitz - Weitz Investment Management Updated 12 Aug 2026,Q2 2026
COF - Capital One Financial,0.56,Buy,40000,$200.63,"$8,025,000",,$223.88,11.59%,$174.23,$257.54,Wallace Weitz - Weitz Investment Management Updated 12 Aug 2026,Q2 2026
ORCL - Oracle Corp.,0.56,,55000,$146.55,"$8,060,000",,$155.70,6.24%,$114.50,$341.82,Wallace Weitz - Weitz Investment Management Updated 12 Aug 2026,Q2 2026
CRM - Salesforce.com,0.53,Reduce 39.51%,49300,$156.65,"$7,723,000",,$199.60,27.42%,$146.32,$267.75,Wallace Weitz - Weitz Investment Management Updated 12 Aug 2026,Q2 2026
NVDA - NVIDIA Corp.,0.48,,35000,$200.09,"$7,003,000",,$225.95,12.92%,$163.85,$236.26,Wallace Weitz - Weitz Investment Management Updated 12 Aug 2026,Q2 2026
VLTO - Veralto Corp.,0.48,Add 93.75%,77500,$88.68,"$6,873,000",,$97.22,9.63%,$79.91,$109.53,Wallace Weitz - Weitz Investment Management Updated 12 Aug 2026,Q2 2026
RGEN - Repligen Corp.,0.39,Add 60.00%,40800,$136.45,"$5,567,000",,$168.01,23.13%,$100.99,$175.77,Wallace Weitz - Weitz Investment Management Updated 12 Aug 2026,Q2 2026
LBRDA - Liberty Broadband Corp. CL A,0.29,Reduce 4.81%,123750,$33.28,"$4,118,000",,$36.73,10.37%,$26.14,$65.40,Wallace Weitz - Weitz Investment Management Updated 12 Aug 2026,Q2 2026
LIN - Linde plc,0.26,Reduce 1.39%,7100,$518.87,"$3,684,000",,$476.73,-8.12%,$385.26,$548.20,Wallace Weitz - Weitz Investment Management Updated 12 Aug 2026,Q2 2026
MTD - Mettler-Toledo International Inc.,0.23,Buy,2550,$1277.65,"$3,258,000",,$1428.70,11.82%,$1023.05,$1525.17,Wallace Weitz - Weitz Investment Management Updated 12 Aug 2026,Q2 2026
POOL - Pool Corp.,0.22,,15000,$214.93,"$3,224,000",,$201.05,-6.46%,$172.68,$330.05,Wallace Weitz - Weitz Investment Management Updated 12 Aug 2026,Q2 2026
SPGI - S&P Global Inc.,0.2,Add 1.42%,7150,$407.27,"$2,912,000",,$422.09,3.64%,$360.90,$545.61,Wallace Weitz - Weitz Investment Management Updated 12 Aug 2026,Q2 2026
APH - Amphenol Corp.,0.11,,9200,$176.30,"$1,622,000",,$167.36,-5.07%,$104.00,$178.52,Wallace Weitz - Weitz Investment Management Updated 12 Aug 2026,Q2 2026
FERG - Ferguson Enterprises Inc.,0.09,,5200,$237.31,"$1,234,000",,$247.69,4.37%,$204.50,$269.59,Wallace Weitz - Weitz Investment Management Updated 12 Aug 2026,Q2 2026
FTV - Fortive Corp.,0.09,Reduce 3.33%,21750,$61.10,"$1,329,000",,$61.88,1.28%,$46.33,$64.56,Wallace Weitz - Weitz Investment Management Updated 12 Aug 2026,Q2 2026
CMCSA - Comcast Corp.,0.08,,47000,$24.55,"$1,154,000",,$26.08,6.23%,$21.28,$32.04,Wallace Weitz - Weitz Investment Management Updated 12 Aug 2026,Q2 2026
CHTR - Charter Communications,0.01,,650,$141.54,"$92,000",,$156.28,10.41%,$111.55,$285.82,Wallace Weitz - Weitz Investment Management Updated 12 Aug 2026,Q2 2026
TDW - Tidewater Inc.,9.95,Add 1.40%,934121,$66.63,"$62,240,000",,$91.11,36.74%,$46.65,$93.13,Third Avenue Management Updated 12 Aug 2026,Q2 2026
BCC - Boise Cascade Company,7.47,Add 7.13%,602086,$77.63,"$46,740,000",,$83.96,8.15%,$64.57,$91.43,Third Avenue Management Updated 12 Aug 2026,Q2 2026
VAL - Valaris plc,5.99,Add 1.60%,516313,$72.60,"$37,484,000",,$85.18,17.33%,$43.53,$114.12,Third Avenue Management Updated 12 Aug 2026,Q2 2026
RHI - Robert Half International,5.93,Add 33.68%,1208336,$30.70,"$37,096,000",,$43.41,41.40%,$21.36,$44.18,Third Avenue Management Updated 12 Aug 2026,Q2 2026
HOG - Harley-Davidson,5.79,Add 1.24%,1480880,$24.46,"$36,222,000",,$27.75,13.45%,$16.96,$30.44,Third Avenue Management Updated 12 Aug 2026,Q2 2026
HCC - Warrior Met Coal Inc.,3.7,Reduce 21.59%,285398,$81.16,"$23,163,000",,$94.59,16.55%,$54.46,$110.29,Third Avenue Management Updated 12 Aug 2026,Q2 2026
FPH - Five Point Holdings LLC,3.11,Reduce 4.27%,3696155,$5.27,"$19,479,000",,$5.20,-1.33%,$4.60,$6.64,Third Avenue Management Updated 12 Aug 2026,Q2 2026
CBRE - CBRE Group,2.93,Reduce 0.32%,135896,$134.69,"$18,304,000",,$151.16,12.23%,$121.69,$174.27,Third Avenue Management Updated 12 Aug 2026,Q2 2026
BN - Brookfield Corp.,2.69,Reduce 17.98%,394929,$42.59,"$16,820,000",,$44.90,5.42%,$37.87,$49.40,Third Avenue Management Updated 12 Aug 2026,Q2 2026
UHAL.B - U Haul Holding Co Non Voting,2.62,Reduce 0.18%,283872,$57.70,"$16,379,000",,$65.32,13.21%,$39.58,$66.90,Third Avenue Management Updated 12 Aug 2026,Q2 2026
PLD - Prologis Inc.,2.27,Reduce 16.77%,104823,$135.47,"$14,200,000",,$141.02,4.10%,$100.80,$153.35,Third Avenue Management Updated 12 Aug 2026,Q2 2026
LEN.B - Lennar Corp. CL B,2.12,Add 4.77%,149658,$88.71,"$13,276,000",,$85.91,-3.16%,$78.02,$134.56,Third Avenue Management Updated 12 Aug 2026,Q2 2026
PHM - PulteGroup Inc.,2.09,Reduce 0.02%,95111,$137.21,"$13,050,000",,$130.34,-5.01%,$108.26,$143.88,Third Avenue Management Updated 12 Aug 2026,Q2 2026
ECPG - Encore Capital Group Inc.,1.94,Reduce 8.98%,129717,$93.29,"$12,101,000",,$100.86,8.11%,$39.95,$101.80,Third Avenue Management Updated 12 Aug 2026,Q2 2026
DHI - D.R. Horton,1.8,Reduce 6.27%,69205,$162.88,"$11,272,000",,$149.43,-8.26%,$130.96,$182.36,Third Avenue Management Updated 12 Aug 2026,Q2 2026
UMBF - UMB Financial Corp.,1.79,,78245,$142.76,"$11,170,000",,$150.58,5.48%,$102.27,$151.14,Third Avenue Management Updated 12 Aug 2026,Q2 2026
SUI - Sun Communities Inc.,1.75,Reduce 0.00%,91454,$119.91,"$10,966,000",,$119.93,0.02%,$113.81,$135.36,Third Avenue Management Updated 12 Aug 2026,Q2 2026
ROG - Rogers Corp.,1.61,Reduce 59.22%,61584,$163.73,"$10,083,000",,$137.78,-15.85%,$72.49,$169.00,Third Avenue Management Updated 12 Aug 2026,Q2 2026
JLL - Jones Lang Lasalle Inc.,1.59,Reduce 1.09%,32053,$309.96,"$9,935,000",,$367.88,18.69%,$259.83,$373.29,Third Avenue Management Updated 12 Aug 2026,Q2 2026
FNF - Fidelity National Financial Inc.,1.46,Reduce 0.17%,193119,$47.16,"$9,107,000",,$48.72,3.31%,$42.32,$57.15,Third Avenue Management Updated 12 Aug 2026,Q2 2026
SKY - Skyline Champion Corp.,1.42,Reduce 0.18%,100576,$88.12,"$8,863,000",,$95.57,8.45%,$63.69,$99.17,Third Avenue Management Updated 12 Aug 2026,Q2 2026
FSV - Firstservice Corp,1.41,Add 22.79%,61951,$142.11,"$8,804,000",,$141.01,-0.77%,$119.15,$208.07,Third Avenue Management Updated 12 Aug 2026,Q2 2026
AMH - American Homes 4 Rent,1.4,Reduce 0.18%,262058,$33.52,"$8,784,000",,$34.40,2.63%,$26.95,$35.07,Third Avenue Management Updated 12 Aug 2026,Q2 2026
OSG - Octave Specialty Group Inc.,1.34,Add 0.05%,1341879,$6.24,"$8,373,000",,$4.68,-25.00%,$3.88,$10.38,Third Avenue Management Updated 12 Aug 2026,Q2 2026
BKD - Brookdale Senior Living Inc.,1.27,Add 6.72%,494826,$16.09,"$7,962,000",,$12.86,-20.07%,$7.11,$17.09,Third Avenue Management Updated 12 Aug 2026,Q2 2026
PB - Prosperity Bancshares Inc.,1.19,,102168,$73.03,"$7,461,000",,$74.57,2.11%,$59.51,$75.87,Third Avenue Management Updated 12 Aug 2026,Q2 2026
ICFI - ICF International Inc.,1.15,Add 37.86%,98893,$72.86,"$7,205,000",,$88.89,22.00%,$58.71,$100.97,Third Avenue Management Updated 12 Aug 2026,Q2 2026
SUPN - Supernus Pharmaceuticals,1.14,,152724,$46.51,"$7,103,000",,$47.36,1.83%,$41.01,$59.68,Third Avenue Management Updated 12 Aug 2026,Q2 2026
ALG - Alamo Group Inc.,1.11,Add 23.11%,42265,$164.49,"$6,952,000",,$164.93,0.27%,$145.46,$231.56,Third Avenue Management Updated 12 Aug 2026,Q2 2026
COLL - Collegium Pharmaceutical Inc.,1.06,Add 17.73%,182645,$36.20,"$6,612,000",,$28.42,-21.49%,$25.47,$50.79,Third Avenue Management Updated 12 Aug 2026,Q2 2026
CPRX-OLD - Catalyst Pharmaceuticals Inc.,1.06,,210161,$31.43,"$6,605,000",,$31.50,0.22%,$19.05,$32.56,Third Avenue Management Updated 12 Aug 2026,Q2 2026
MYRG - MYR Group Inc.,1.05,Reduce 54.66%,13066,$500.38,"$6,538,000",,$332.94,-33.46%,$171.51,$503.57,Third Avenue Management Updated 12 Aug 2026,Q2 2026
BATRA - Atlanta Braves Holdings Inc. Series A,1.01,Reduce 31.96%,111880,$56.31,"$6,300,000",,$56.62,0.55%,$41.50,$58.37,Third Avenue Management Updated 12 Aug 2026,Q2 2026
TMHC-OLD - Taylor Morrison Home Corp.,0.99,Buy,85941,$71.74,"$6,165,000",,$72.46,1.00%,$54.15,$72.50,Third Avenue Management Updated 12 Aug 2026,Q2 2026
ITIC - Investors Title Co.,0.96,,21894,$273.68,"$5,992,000",,$279.70,2.20%,$208.91,$297.31,Third Avenue Management Updated 12 Aug 2026,Q2 2026
PBF - PBF Energy Inc.,0.95,,131050,$45.52,"$5,965,000",,$74.00,62.57%,$21.09,$74.74,Third Avenue Management Updated 12 Aug 2026,Q2 2026
WCC - WESCO International Inc.,0.94,Reduce 11.85%,16963,$345.46,"$5,860,000",,$363.97,5.36%,$202.38,$385.37,Third Avenue Management Updated 12 Aug 2026,Q2 2026
KALU - Kaiser Aluminum Corp.,0.93,Reduce 0.11%,29848,$195.62,"$5,839,000",,$182.97,-6.47%,$71.41,$199.89,Third Avenue Management Updated 12 Aug 2026,Q2 2026
UNF - UniFirst Corp.,0.88,Reduce 26.84%,20802,$264.45,"$5,501,000",,$288.97,9.27%,$146.95,$306.67,Third Avenue Management Updated 12 Aug 2026,Q2 2026
QLYS - Qualys Inc.,0.86,,39120,$137.50,"$5,379,000",,$194.55,41.49%,$74.51,$201.54,Third Avenue Management Updated 12 Aug 2026,Q2 2026
CET - Central Securities Corp.,0.85,,101812,$52.45,"$5,340,000",,$55.00,4.86%,$46.26,$55.99,Third Avenue Management Updated 12 Aug 2026,Q2 2026
FLG - Flagstar Financial Inc.,0.79,,331241,$14.94,"$4,949,000",,$14.28,-4.42%,$10.55,$15.44,Third Avenue Management Updated 12 Aug 2026,Q2 2026
OCFC - OceanFirst Financial Corp.,0.77,,246662,$19.53,"$4,817,000",,$19.44,-0.46%,$15.67,$20.12,Third Avenue Management Updated 12 Aug 2026,Q2 2026
SD - SandRidge Energy Inc.,0.77,Add 6.57%,352558,$13.70,"$4,830,000",,$13.99,2.12%,$10.12,$17.94,Third Avenue Management Updated 12 Aug 2026,Q2 2026
FR - First Industrial Realty Trust Inc.,0.76,Reduce 4.34%,77498,$61.30,"$4,751,000",,$63.36,3.36%,$46.46,$69.88,Third Avenue Management Updated 12 Aug 2026,Q2 2026
LXU - LSB Industries Inc.,0.66,,381096,$10.81,"$4,120,000",,$9.86,-8.79%,$7.51,$17.22,Third Avenue Management Updated 12 Aug 2026,Q2 2026
SBSI - Southside Bancshares Inc.,0.66,,116879,$35.19,"$4,113,000",,$32.88,-6.56%,$25.41,$36.20,Third Avenue Management Updated 12 Aug 2026,Q2 2026
BXC - BlueLinx Holdings Inc.,0.64,,64369,$61.88,"$3,983,000",,$88.42,42.89%,$44.78,$93.80,Third Avenue Management Updated 12 Aug 2026,Q2 2026
MMS - MAXIMUS Inc.,0.64,Buy,74085,$53.76,"$3,983,000",,$55.56,3.35%,$52.73,$99.00,Third Avenue Management Updated 12 Aug 2026,Q2 2026
HKHGF - Hongkong Land Holdings Ltd,0.63,Buy,550300,$7.12,"$3,918,000",,,,,,Third Avenue Management Updated 12 Aug 2026,Q2 2026
WY - Weyerhaeuser Co.,0.62,Reduce 0.17%,162097,$23.94,"$3,881,000",,$24.89,3.97%,$20.60,$27.28,Third Avenue Management Updated 12 Aug 2026,Q2 2026
CRAI - CRA International Inc.,0.47,Buy,20819,$142.32,"$2,963,000",,$171.16,20.26%,$131.66,$225.67,Third Avenue Management Updated 12 Aug 2026,Q2 2026
FRPH - FRP Holdings Inc.,0.43,,107160,$24.99,"$2,678,000",,$22.13,-11.44%,$20.53,$26.99,Third Avenue Management Updated 12 Aug 2026,Q2 2026
COMP - Compass Inc.,0.37,,187469,$12.33,"$2,311,000",,$13.32,8.03%,$6.37,$13.96,Third Avenue Management Updated 12 Aug 2026,Q2 2026
BATRK - Atlanta Braves Holdings Inc. Series C,0.22,Reduce 0.29%,26027,$51.91,"$1,351,000",,$53.21,2.50%,$37.76,$53.59,Third Avenue Management Updated 12 Aug 2026,Q2 2026
TEVA - Teva Pharmaceutical Industries Ltd.,3.97,Reduce 2.09%,3804497,$33.88,"$128,896,000",,$36.82,8.68%,$16.67,$37.35,Harry Burn - Sound Shore Updated 12 Aug 2026,Q2 2026
LUV - Southwest Airlines,3.87,Add 21.96%,2441564,$51.42,"$125,545,000",,$45.15,-12.19%,$28.88,$54.63,Harry Burn - Sound Shore Updated 12 Aug 2026,Q2 2026
BAC - Bank of America Corp.,3.58,Reduce 1.32%,2038298,$56.98,"$116,142,000",,$64.06,12.43%,$45.79,$64.95,Harry Burn - Sound Shore Updated 12 Aug 2026,Q2 2026
AAL - American Airlines Group Inc.,3.31,Buy,5952846,$18.07,"$107,568,000",,$15.06,-16.66%,$10.09,$18.79,Harry Burn - Sound Shore Updated 12 Aug 2026,Q2 2026
BRK.B - Berkshire Hathaway CL B,3.14,Add 2.21%,203903,$500.39,"$102,031,000",,$506.45,1.21%,$464.01,$537.74,Harry Burn - Sound Shore Updated 12 Aug 2026,Q2 2026
QCOM - QUALCOMM Inc.,3.12,Add 28.96%,547812,$184.79,"$101,230,000",,$164.57,-10.94%,$121.54,$258.96,Harry Burn - Sound Shore Updated 12 Aug 2026,Q2 2026
ELV - Elevance Health Inc.,2.9,Buy,243452,$386.73,"$94,150,000",,$398.02,2.92%,$272.05,$436.24,Harry Burn - Sound Shore Updated 12 Aug 2026,Q2 2026
DIS - Walt Disney Co.,2.87,Reduce 0.27%,967830,$96.25,"$93,154,000",,$104.35,8.42%,$91.48,$118.07,Harry Burn - Sound Shore Updated 12 Aug 2026,Q2 2026
OC - Owens Corning,2.86,Reduce 1.30%,584629,$158.96,"$92,933,000",,$156.33,-1.65%,$95.63,$159.88,Harry Burn - Sound Shore Updated 12 Aug 2026,Q2 2026
PFE - Pfizer Inc.,2.83,Add 33.09%,3820117,$24.08,"$91,988,000",,$26.73,11.00%,$22.03,$27.79,Harry Burn - Sound Shore Updated 12 Aug 2026,Q2 2026
VST - Vistra Corp.,2.82,Add 20.35%,577385,$158.63,"$91,591,000",,$147.14,-7.24%,$132.47,$218.91,Harry Burn - Sound Shore Updated 12 Aug 2026,Q2 2026
TEL - TE Connectivity plc,2.78,Buy,447360,$201.61,"$90,192,000",,$215.83,7.05%,$190.27,$251.59,Harry Burn - Sound Shore Updated 12 Aug 2026,Q2 2026
QXO - Qxo Inc,2.77,Add 32.28%,5198401,$17.28,"$89,828,000",,$14.93,-13.60%,$13.18,$27.61,Harry Burn - Sound Shore Updated 12 Aug 2026,Q2 2026
BA - Boeing Co.,2.71,Add 14.66%,407058,$216.47,"$88,116,000",,$230.53,6.50%,$176.77,$254.35,Harry Burn - Sound Shore Updated 12 Aug 2026,Q2 2026
C - Citigroup Inc.,2.65,Reduce 20.42%,615635,$139.96,"$86,164,000",,$138.83,-0.81%,$88.80,$147.21,Harry Burn - Sound Shore Updated 12 Aug 2026,Q2 2026
UPS - United Parcel Service,2.65,Add 10.12%,801772,$107.50,"$86,190,000",,$105.38,-1.97%,$78.17,$118.73,Harry Burn - Sound Shore Updated 12 Aug 2026,Q2 2026
INCY - Incyte Corp.,2.64,Reduce 1.32%,757723,$113.36,"$85,895,000",,$120.15,5.99%,$81.09,$132.60,Harry Burn - Sound Shore Updated 12 Aug 2026,Q2 2026
SW - Smurfit Westrock Plc,2.61,Add 21.65%,1835817,$46.26,"$84,925,000",,$49.97,8.02%,$32.08,$51.99,Harry Burn - Sound Shore Updated 12 Aug 2026,Q2 2026
AMZN - Amazon.com Inc.,2.57,Reduce 7.59%,350136,$238.34,"$83,451,000",,$265.88,11.55%,$196.00,$287.20,Harry Burn - Sound Shore Updated 12 Aug 2026,Q2 2026
EQT - EQT Corp.,2.56,Add 26.69%,1565288,$53.17,"$83,226,000",,$53.94,1.45%,$47.79,$67.84,Harry Burn - Sound Shore Updated 12 Aug 2026,Q2 2026
GOOGL - Alphabet Inc.,2.56,Reduce 8.96%,232766,$357.37,"$83,184,000",,$346.14,-3.14%,$196.04,$408.37,Harry Burn - Sound Shore Updated 12 Aug 2026,Q2 2026
BP - BP plc,2.55,Add 34.08%,2241317,$36.95,"$82,817,000",,$42.89,16.08%,$31.50,$47.72,Harry Burn - Sound Shore Updated 12 Aug 2026,Q2 2026
TMO - Thermo Fisher Scientific,2.55,Buy,165318,$501.36,"$82,884,000",,$595.87,18.85%,$434.83,$642.71,Harry Burn - Sound Shore Updated 12 Aug 2026,Q2 2026
OMC - Omnicom Group,2.53,Add 34.00%,1129610,$72.83,"$82,269,000",,$87.82,20.58%,$64.98,$87.82,Harry Burn - Sound Shore Updated 12 Aug 2026,Q2 2026
NXPI - NXP Semiconductors NV,2.48,Reduce 30.18%,286699,$281.03,"$80,571,000",,$232.95,-17.11%,$180.63,$338.80,Harry Burn - Sound Shore Updated 12 Aug 2026,Q2 2026
REGN - Regeneron Pharmaceuticals,2.44,Reduce 15.88%,126994,$623.54,"$79,186,000",,$807.02,29.43%,$538.87,$818.90,Harry Burn - Sound Shore Updated 12 Aug 2026,Q2 2026
GM - General Motors,2.43,Reduce 1.27%,1024187,$77.08,"$78,944,000",,$86.64,12.40%,$53.67,$91.85,Harry Burn - Sound Shore Updated 12 Aug 2026,Q2 2026
PEG - Public Serv. Enterprise Inc.,2.42,Reduce 1.54%,969513,$81.16,"$78,686,000",,$75.81,-6.59%,$74.20,$86.18,Harry Burn - Sound Shore Updated 12 Aug 2026,Q2 2026
MHK - Mohawk Industries,2.37,Reduce 1.28%,634336,$121.33,"$76,964,000",,$139.28,14.79%,$92.99,$143.13,Harry Burn - Sound Shore Updated 12 Aug 2026,Q2 2026
WFC - Wells Fargo,2.27,Reduce 1.27%,890946,$82.64,"$73,628,000",,$88.28,6.82%,$72.36,$96.18,Harry Burn - Sound Shore Updated 12 Aug 2026,Q2 2026
GEHC - GE HealthCare Technologies Inc.,2.21,Reduce 6.17%,1119193,$64.01,"$71,640,000",,$73.72,15.17%,$58.72,$89.64,Harry Burn - Sound Shore Updated 12 Aug 2026,Q2 2026
CSX - CSX Corp.,2.15,Reduce 26.46%,1472441,$47.53,"$69,985,000",,$50.25,5.72%,$31.48,$53.60,Harry Burn - Sound Shore Updated 12 Aug 2026,Q2 2026
NFG - National Fuel Gas,2.15,Buy,902778,$77.21,"$69,703,000",,$81.43,5.47%,$74.64,$96.03,Harry Burn - Sound Shore Updated 12 Aug 2026,Q2 2026
ZBH - Zimmer Biomet Holdings,2.11,Reduce 24.48%,794602,$86.09,"$68,407,000",,$99.07,15.08%,$78.91,$107.16,Harry Burn - Sound Shore Updated 12 Aug 2026,Q2 2026
GPC - Genuine Parts,2.1,Buy,579343,$117.98,"$68,351,000",,$135.11,14.52%,$89.80,$148.58,Harry Burn - Sound Shore Updated 12 Aug 2026,Q2 2026
ORCL - Oracle Corp.,2.05,Buy,454708,$146.55,"$66,637,000",,$155.70,6.24%,$114.50,$341.82,Harry Burn - Sound Shore Updated 12 Aug 2026,Q2 2026
MDT - Medtronic plc,2.02,Add 1.62%,838573,$78.23,"$65,602,000",,$90.60,15.81%,$72.65,$103.76,Harry Burn - Sound Shore Updated 12 Aug 2026,Q2 2026
KD - Kyndryl Holdings Inc,0.87,Reduce 39.62%,2504350,$11.31,"$28,324,000",,$13.59,20.16%,$10.10,$33.90,Harry Burn - Sound Shore Updated 12 Aug 2026,Q2 2026
PKG - Packaging Corp. of America,0.45,Add 11.46%,61025,$238.28,"$14,541,000",,$257.19,7.94%,$187.92,$259.00,Harry Burn - Sound Shore Updated 12 Aug 2026,Q2 2026
CVX - Chevron Corp.,0.07,Add 36.73%,13475,$165.79,"$2,234,000",,$197.51,19.13%,$143.75,$212.76,Harry Burn - Sound Shore Updated 12 Aug 2026,Q2 2026
BRK.A - Berkshire Hathaway CL A,29.73,,86,$748848.84,"$64,401,000",,$759889.00,1.47%,$698000.00,$806102.81,Francis Chou - Chou Associates Updated 12 Aug 2026,Q2 2026
GOOG - Alphabet Inc. CL C,11.81,,72390,$353.34,"$25,578,000",,$343.94,-2.66%,$196.90,$404.23,Francis Chou - Chou Associates Updated 12 Aug 2026,Q2 2026
SYF - Synchrony Financial,7.84,,223202,$76.05,"$16,975,000",,$80.35,5.65%,$62.56,$87.67,Francis Chou - Chou Associates Updated 12 Aug 2026,Q2 2026
OXY - Occidental Petroleum,7.02,,313000,$48.57,"$15,202,000",,$57.72,18.84%,$38.44,$67.14,Francis Chou - Chou Associates Updated 12 Aug 2026,Q2 2026
SIRI - SiriusXM Holdings Inc,5.59,,409589,$29.54,"$12,099,000",,$28.03,-5.11%,$19.15,$32.37,Francis Chou - Chou Associates Updated 12 Aug 2026,Q2 2026
AAPL - Apple Inc.,5.34,Reduce 9.09%,40000,$289.35,"$11,574,000",,$304.33,5.18%,$222.96,$344.27,Francis Chou - Chou Associates Updated 12 Aug 2026,Q2 2026
ALLY - Ally Financial Inc.,4.78,,225525,$45.95,"$10,363,000",,$44.64,-2.85%,$35.43,$46.96,Francis Chou - Chou Associates Updated 12 Aug 2026,Q2 2026
STLA - Stellantis N.V.,3.69,,1394194,$5.74,"$8,003,000",,$5.38,-6.27%,$5.25,$12.22,Francis Chou - Chou Associates Updated 12 Aug 2026,Q2 2026
JEF - Jefferies Financial Group Inc.,3.44,,149237,$49.98,"$7,459,000",,$55.88,11.80%,$35.26,$69.47,Francis Chou - Chou Associates Updated 12 Aug 2026,Q2 2026
PYPL - PayPal Holdings Inc.,3.34,,167400,$43.18,"$7,228,000",,$60.50,40.11%,$38.22,$78.53,Francis Chou - Chou Associates Updated 12 Aug 2026,Q2 2026
WFC - Wells Fargo,2.27,,59542,$82.65,"$4,921,000",,$88.28,6.81%,$72.36,$96.18,Francis Chou - Chou Associates Updated 12 Aug 2026,Q2 2026
C - Citigroup Inc.,2.11,,32695,$139.96,"$4,576,000",,$138.83,-0.81%,$88.80,$147.21,Francis Chou - Chou Associates Updated 12 Aug 2026,Q2 2026
BABA - Alibaba Group Holdings,1.86,,41900,$95.99,"$4,022,000",,$122.17,27.27%,$91.99,$190.92,Francis Chou - Chou Associates Updated 12 Aug 2026,Q2 2026
GM - General Motors,1.85,,52000,$77.08,"$4,008,000",,$86.64,12.40%,$53.67,$91.85,Francis Chou - Chou Associates Updated 12 Aug 2026,Q2 2026
BAC - Bank of America Corp.,1.32,,50000,$56.98,"$2,849,000",,$64.06,12.43%,$45.79,$64.95,Francis Chou - Chou Associates Updated 12 Aug 2026,Q2 2026
CASH - Meta Financial Group Inc.,1.1,,27389,$87.04,"$2,384,000",,$86.34,-0.80%,$65.75,$101.20,Francis Chou - Chou Associates Updated 12 Aug 2026,Q2 2026
POOL - Pool Corp.,1.06,,10636,$214.93,"$2,286,000",,$201.05,-6.46%,$172.68,$330.05,Francis Chou - Chou Associates Updated 12 Aug 2026,Q2 2026
MBI - MBIA Inc.,0.97,,321000,$6.52,"$2,093,000",,$5.08,-22.09%,$4.84,$8.26,Francis Chou - Chou Associates Updated 12 Aug 2026,Q2 2026
KHC - Kraft Heinz Co.,0.76,,69500,$23.63,"$1,642,000",,$25.20,6.64%,$20.66,$28.09,Francis Chou - Chou Associates Updated 12 Aug 2026,Q2 2026
BRK.B - Berkshire Hathaway CL B,0.72,,3100,$500.32,"$1,551,000",,$506.45,1.23%,$464.01,$537.74,Francis Chou - Chou Associates Updated 12 Aug 2026,Q2 2026
AGO - Assured Guaranty Ltd.,0.63,,16990,$80.16,"$1,362,000",,$76.19,-4.95%,$72.76,$91.53,Francis Chou - Chou Associates Updated 12 Aug 2026,Q2 2026
CYD - China Yuchai Intl Ltd.,0.51,,23364,$47.42,"$1,108,000",,$46.07,-2.85%,$27.74,$60.28,Francis Chou - Chou Associates Updated 12 Aug 2026,Q2 2026
MEOH - Methanex Corp.,0.43,,20000,$46.20,"$924,000",,$54.05,16.99%,$31.63,$66.53,Francis Chou - Chou Associates Updated 12 Aug 2026,Q2 2026
MCO - Moody's Corp.,0.31,,1500,$452.67,"$679,000",,$486.60,7.50%,$400.46,$544.40,Francis Chou - Chou Associates Updated 12 Aug 2026,Q2 2026
ATKR - Atkore International Group Inc.,0.3,,8400,$76.07,"$639,000",,$93.93,23.48%,$53.51,$94.09,Francis Chou - Chou Associates Updated 12 Aug 2026,Q2 2026
MGA - Magna International Inc.,0.3,,10000,$65.70,"$657,000",,$69.76,6.18%,$42.03,$71.96,Francis Chou - Chou Associates Updated 12 Aug 2026,Q2 2026
HPQ - HP Inc.,0.27,,26500,$21.92,"$581,000",,$30.79,40.47%,$17.07,$30.87,Francis Chou - Chou Associates Updated 12 Aug 2026,Q2 2026
IMO - Imperial Oil Ltd.,0.26,,5000,$112.20,"$561,000",,$132.05,17.69%,$80.68,$138.75,Francis Chou - Chou Associates Updated 12 Aug 2026,Q2 2026
LPX - Louisiana-Pacific Corp.,0.21,,5886,$78.66,"$463,000",,$74.57,-5.20%,$66.12,$101.39,Francis Chou - Chou Associates Updated 12 Aug 2026,Q2 2026
RYAAY - Ryanair Holdings PLC,0.18,,5937,$64.68,"$384,000",,$59.20,-8.47%,$53.14,$73.75,Francis Chou - Chou Associates Updated 12 Aug 2026,Q2 2026
VTS - Vitesse Energy Inc.,0.01,Buy,1293,$15.47,"$20,000",,$16.17,4.52%,$15.00,$24.64,Francis Chou - Chou Associates Updated 12 Aug 2026,Q2 2026
ALC - Alcon Inc.,15.19,Add 3.84%,9683004,$67.33,"$651,941,000",,$73.18,8.69%,$61.84,$89.98,AKO Capital Updated 12 Aug 2026,Q2 2026
SUNB - Sunbelt Rentals Holdings Inc,10.59,Add 90.72%,6074817,$74.81,"$454,457,000",,$80.65,7.81%,$60.40,$85.78,AKO Capital Updated 12 Aug 2026,Q2 2026
V - Visa Inc.,7.87,Reduce 17.00%,985126,$343.09,"$337,987,000",,$362.90,5.77%,$292.74,$373.28,AKO Capital Updated 12 Aug 2026,Q2 2026
RACE - Ferrari NV,7.66,Reduce 4.33%,886360,$371.11,"$328,940,000",,$411.78,10.96%,$308.95,$498.75,AKO Capital Updated 12 Aug 2026,Q2 2026
GE - GE Aerospace,6.72,Reduce 22.61%,771417,$373.73,"$288,302,000",,$361.73,-3.21%,$262.47,$388.84,AKO Capital Updated 12 Aug 2026,Q2 2026
AMZN - Amazon.com Inc.,6.34,Reduce 34.04%,1141835,$238.34,"$272,145,000",,$265.88,11.55%,$196.00,$287.20,AKO Capital Updated 12 Aug 2026,Q2 2026
ADI - Analog Devices,5.71,Reduce 40.08%,616881,$397.17,"$245,007,000",,$382.21,-3.77%,$221.38,$445.91,AKO Capital Updated 12 Aug 2026,Q2 2026
MSFT - Microsoft Corp.,5.46,Reduce 14.55%,628224,$373.02,"$234,340,000",,$496.35,33.06%,$349.20,$550.24,AKO Capital Updated 12 Aug 2026,Q2 2026
CSCO - Cisco Systems,5.4,Reduce 35.22%,1971628,$117.46,"$231,587,000",,$112.63,-4.11%,$64.42,$129.88,AKO Capital Updated 12 Aug 2026,Q2 2026
CP - Canadian Pacific Kansas City,4.9,Reduce 11.71%,2426027,$86.65,"$210,215,000",,$93.92,8.39%,$67.98,$93.95,AKO Capital Updated 12 Aug 2026,Q2 2026
MCO - Moody's Corp.,4.52,Reduce 16.23%,427920,$452.92,"$193,814,000",,$486.60,7.44%,$400.46,$544.40,AKO Capital Updated 12 Aug 2026,Q2 2026
APD - Air Products & Chemicals,3.78,Add 137.13%,553359,$293.18,"$162,234,000",,$305.15,4.08%,$224.64,$314.87,AKO Capital Updated 12 Aug 2026,Q2 2026
FICO - Fair Isaac Corp.,2.88,Reduce 18.55%,103619,$1194.78,"$123,802,000",,$1101.36,-7.82%,$870.01,$1998.01,AKO Capital Updated 12 Aug 2026,Q2 2026
ICE - Intercontinental Exchange Inc.,2.88,Reduce 46.27%,1003510,$123.11,"$123,542,000",,$154.51,25.51%,$121.79,$181.33,AKO Capital Updated 12 Aug 2026,Q2 2026
WMB - Williams Cos.,2.57,Reduce 16.32%,1486116,$74.34,"$110,478,000",,$73.40,-1.26%,$54.10,$79.49,AKO Capital Updated 12 Aug 2026,Q2 2026
MA - Mastercard Inc.,2.27,Add 22.08%,189941,$513.60,"$97,554,000",,$566.09,10.22%,$463.74,$598.04,AKO Capital Updated 12 Aug 2026,Q2 2026
WAT - Waters Corp.,1.78,Reduce 75.11%,203356,$375.04,"$76,267,000",,$415.63,10.82%,$282.77,$419.21,AKO Capital Updated 12 Aug 2026,Q2 2026
CSL - Carlisle Companies,1.62,Reduce 4.95%,191414,$362.75,"$69,435,000",,$379.20,4.53%,$291.67,$430.31,AKO Capital Updated 12 Aug 2026,Q2 2026
LIN - Linde plc,0.78,Reduce 51.88%,64789,$518.95,"$33,622,000",,$476.73,-8.14%,$385.26,$548.20,AKO Capital Updated 12 Aug 2026,Q2 2026
EFX - Equifax Inc.,0.5,Reduce 66.70%,134439,$158.72,"$21,338,000",,$185.78,17.05%,$150.75,$269.54,AKO Capital Updated 12 Aug 2026,Q2 2026
CPRT - Copart Inc.,0.43,Add 139.57%,656567,$28.19,"$18,509,000",,$29.44,4.43%,$26.81,$50.11,AKO Capital Updated 12 Aug 2026,Q2 2026
SYK - Stryker Corp.,0.15,Reduce 91.75%,20624,$314.83,"$6,493,000",,$340.90,8.28%,$280.25,$392.86,AKO Capital Updated 12 Aug 2026,Q2 2026
CNQ - Canadian Natural Resources,8.04,Reduce 0.48%,16462508,$39.50,"$650,269,000",,$47.66,20.66%,$27.99,$50.44,Yacktman Asset Management Updated 11 Aug 2026,Q2 2026
BRK.B - Berkshire Hathaway CL B,7.19,Add 268.76%,1161530,$500.39,"$581,218,000",,$506.45,1.21%,$464.01,$537.74,Yacktman Asset Management Updated 11 Aug 2026,Q2 2026
GOOG - Alphabet Inc. CL C,4.93,Add 0.23%,1129129,$353.33,"$398,955,000",,$343.94,-2.66%,$196.90,$404.23,Yacktman Asset Management Updated 11 Aug 2026,Q2 2026
SCHW - Charles Schwab Corp.,4.68,Add 5.04%,4101552,$92.27,"$378,450,000",,$109.78,18.98%,$83.96,$110.00,Yacktman Asset Management Updated 11 Aug 2026,Q2 2026
MSFT - Microsoft Corp.,4.65,Add 1.65%,1009284,$373.02,"$376,483,000",,$496.35,33.06%,$349.20,$550.24,Yacktman Asset Management Updated 11 Aug 2026,Q2 2026
UHAL.B - U Haul Holding Co Non Voting,4.42,Add 2.46%,6197210,$57.70,"$357,579,000",,$65.32,13.21%,$39.58,$66.90,Yacktman Asset Management Updated 11 Aug 2026,Q2 2026
JNJ - Johnson & Johnson,3.96,Add 0.85%,1259977,$253.97,"$319,996,000",,$261.50,2.96%,$168.49,$274.90,Yacktman Asset Management Updated 11 Aug 2026,Q2 2026
PG - Procter & Gamble,3.56,Add 1.68%,1963488,$146.64,"$287,926,000",,$144.44,-1.50%,$134.62,$164.77,Yacktman Asset Management Updated 11 Aug 2026,Q2 2026
PEP - PepsiCo Inc.,3.47,Add 2.21%,2072843,$135.40,"$280,663,000",,$139.97,3.38%,$133.40,$168.19,Yacktman Asset Management Updated 11 Aug 2026,Q2 2026
FOX - Fox Corporation CL B,3.27,Add 1.50%,5649828,$46.84,"$264,638,000",,$57.80,23.40%,$44.08,$67.81,Yacktman Asset Management Updated 11 Aug 2026,Q2 2026
RS - Reliance Steel & Aluminum,3.23,Add 0.78%,698566,$373.60,"$260,984,000",,$424.49,13.62%,$257.21,$433.82,Yacktman Asset Management Updated 11 Aug 2026,Q2 2026
NWSA - News Corp.,2.32,Add 2.25%,7554958,$24.83,"$187,590,000",,$28.83,16.11%,$22.11,$31.48,Yacktman Asset Management Updated 11 Aug 2026,Q2 2026
FANG - Diamondback Energy Inc.,2.2,Add 1.01%,1014114,$175.78,"$178,261,000",,$198.80,13.10%,$131.86,$213.34,Yacktman Asset Management Updated 11 Aug 2026,Q2 2026
KO - Coca Cola Co.,2.14,Add 1.38%,2127657,$81.27,"$172,915,000",,$87.44,7.59%,$64.04,$90.92,Yacktman Asset Management Updated 11 Aug 2026,Q2 2026
COP - ConocoPhillips,2.06,Add 1.55%,1606025,$103.96,"$166,962,000",,$124.52,19.78%,$83.51,$134.87,Yacktman Asset Management Updated 11 Aug 2026,Q2 2026
EOG - EOG Resources,1.99,Add 1.78%,1243536,$129.73,"$161,324,000",,$141.72,9.24%,$99.12,$149.59,Yacktman Asset Management Updated 11 Aug 2026,Q2 2026
STT - State Street Corp.,1.93,Add 1.16%,919740,$169.60,"$155,988,000",,$190.18,12.13%,$102.75,$192.51,Yacktman Asset Management Updated 11 Aug 2026,Q2 2026
KVUE - Kenvue Inc,1.9,Add 1.49%,8051004,$19.11,"$153,855,000",,$19.21,0.52%,$13.38,$20.95,Yacktman Asset Management Updated 11 Aug 2026,Q2 2026
TSN - Tyson Foods,1.83,Add 2.55%,2578970,$57.25,"$147,646,000",,$56.49,-1.33%,$49.30,$68.90,Yacktman Asset Management Updated 11 Aug 2026,Q2 2026
EBAY - eBay Inc.,1.74,Reduce 17.42%,1262742,$111.75,"$141,111,000",,$104.34,-6.63%,$77.56,$118.98,Yacktman Asset Management Updated 11 Aug 2026,Q2 2026
INGR - Ingredion Inc.,1.72,Add 2.16%,1471409,$94.71,"$139,357,000",,$105.36,11.24%,$93.62,$126.59,Yacktman Asset Management Updated 11 Aug 2026,Q2 2026
TLN - Talen Energy Corp,1.71,Reduce 0.03%,359800,$384.26,"$138,257,000",,$360.33,-6.23%,$301.45,$451.28,Yacktman Asset Management Updated 11 Aug 2026,Q2 2026
DIS - Walt Disney Co.,1.64,Add 2.11%,1375972,$96.25,"$132,437,000",,$104.35,8.42%,$91.48,$118.07,Yacktman Asset Management Updated 11 Aug 2026,Q2 2026
ELV - Elevance Health Inc.,1.63,Add 1.70%,339985,$386.73,"$131,482,000",,$398.02,2.92%,$272.05,$436.24,Yacktman Asset Management Updated 11 Aug 2026,Q2 2026
INTU - Intuit Inc.,1.59,Add 6561.40%,491278,$261.00,"$128,224,000",,$356.51,36.59%,$251.72,$713.52,Yacktman Asset Management Updated 11 Aug 2026,Q2 2026
CTSH - Cognizant Technology Solutions,1.51,Add 4.73%,3150565,$38.73,"$122,021,000",,$59.33,53.19%,$37.08,$85.98,Yacktman Asset Management Updated 11 Aug 2026,Q2 2026
AWI - Armstrong World Industries Inc.,1.5,Add 1.75%,754944,$160.42,"$121,108,000",,$182.78,13.94%,$150.00,$204.82,Yacktman Asset Management Updated 11 Aug 2026,Q2 2026
BR - Broadridge Financial Solutions,1.49,Buy,878522,$136.95,"$120,314,000",,$170.74,24.67%,$133.83,$260.02,Yacktman Asset Management Updated 11 Aug 2026,Q2 2026
LHX - L3Harris Technologies Inc.,1.49,Add 1.38%,413504,$290.59,"$120,160,000",,$288.15,-0.84%,$262.68,$376.39,Yacktman Asset Management Updated 11 Aug 2026,Q2 2026
EWY - iShares MSCI South Korea ETF,1.39,Reduce 43.14%,557535,$201.90,"$112,566,000",,$179.14,-11.27%,$69.37,$220.89,Yacktman Asset Management Updated 11 Aug 2026,Q2 2026
LMT - Lockheed Martin Corp.,1.36,Add 1.28%,216359,$509.46,"$110,226,000",,$599.04,17.58%,$420.09,$687.50,Yacktman Asset Management Updated 11 Aug 2026,Q2 2026
SYY - Sysco Corp.,1.34,Add 4.75%,1293545,$83.58,"$108,114,000",,$83.65,0.08%,$67.23,$90.56,Yacktman Asset Management Updated 11 Aug 2026,Q2 2026
NOC - Northrop Grumman Corp.,1.24,Add 1.72%,197521,$509.31,"$100,599,000",,$575.60,13.02%,$479.02,$770.61,Yacktman Asset Management Updated 11 Aug 2026,Q2 2026
PYPL - PayPal Holdings Inc.,1.24,Add 1.16%,2317304,$43.18,"$100,061,000",,$60.50,40.11%,$38.22,$78.53,Yacktman Asset Management Updated 11 Aug 2026,Q2 2026
OLN - Olin Corp.,1.03,Add 2.86%,4209403,$19.82,"$83,430,000",,$19.08,-3.73%,$17.73,$30.25,Yacktman Asset Management Updated 11 Aug 2026,Q2 2026
DAR - Darling Ingredients Inc.,0.96,Add 0.95%,1417062,$54.62,"$77,400,000",,$65.02,19.04%,$29.15,$66.02,Yacktman Asset Management Updated 11 Aug 2026,Q2 2026
CL - Colgate-Palmolive,0.9,Add 0.19%,790900,$91.68,"$72,510,000",,$92.84,1.27%,$73.21,$98.15,Yacktman Asset Management Updated 11 Aug 2026,Q2 2026
UNH - United Health Group Inc.,0.88,Add 1.96%,171768,$415.63,"$71,392,000",,$399.39,-3.91%,$254.51,$461.62,Yacktman Asset Management Updated 11 Aug 2026,Q2 2026
BRBR - BellRing Brands Inc. CL A,0.84,Add 251.34%,5263000,$12.94,"$68,103,000",,$10.89,-15.84%,$7.82,$43.02,Yacktman Asset Management Updated 11 Aug 2026,Q2 2026
FOXA - Fox Corporation,0.76,Reduce 0.28%,1185089,$52.16,"$61,814,000",,$65.06,24.73%,$48.34,$76.02,Yacktman Asset Management Updated 11 Aug 2026,Q2 2026
FDS - FactSet Research Systems,0.65,Add 1.66%,229620,$230.08,"$52,831,000",,$287.38,24.90%,$183.16,$381.24,Yacktman Asset Management Updated 11 Aug 2026,Q2 2026
AVTR - Avantor Inc.,0.58,Add 0.53%,4770000,$9.90,"$47,223,000",,$13.81,39.49%,$7.27,$15.93,Yacktman Asset Management Updated 11 Aug 2026,Q2 2026
CMCSA - Comcast Corp.,0.36,Add 0.26%,1170500,$24.55,"$28,736,000",,$26.08,6.23%,$21.28,$32.04,Yacktman Asset Management Updated 11 Aug 2026,Q2 2026
MAS - Masco Corp.,0.29,Add 16.90%,286085,$81.37,"$23,279,000",,$74.65,-8.26%,$57.76,$83.64,Yacktman Asset Management Updated 11 Aug 2026,Q2 2026
BIL - SPDR Bloomberg 1 3 Month T B,0.27,Add 11.43%,236353,$91.64,"$21,659,000",,$91.51,-0.14%,$88.19,$91.51,Yacktman Asset Management Updated 11 Aug 2026,Q2 2026
DVN - Devon Energy Corp.,0.26,Add 11.35%,510913,$41.32,"$21,111,000",,$44.43,7.53%,$30.89,$52.34,Yacktman Asset Management Updated 11 Aug 2026,Q2 2026
UHAL - U-Haul Holding Co.,0.26,Add 0.00%,325376,$65.44,"$21,293,000",,$74.61,14.01%,$41.95,$76.45,Yacktman Asset Management Updated 11 Aug 2026,Q2 2026
LEGH - Legacy Housing Corp.,0.24,Add 6.85%,754009,$26.27,"$19,808,000",,$29.45,12.11%,$18.29,$31.34,Yacktman Asset Management Updated 11 Aug 2026,Q2 2026
UL - Unilever PLC,0.18,Add 20.53%,241192,$60.12,"$14,500,000",,$62.65,4.21%,$53.97,$73.09,Yacktman Asset Management Updated 11 Aug 2026,Q2 2026
EMBC - Embecta Corp,0.17,Add 17.54%,4315952,$3.26,"$14,070,000",,$5.07,55.52%,$2.76,$15.08,Yacktman Asset Management Updated 11 Aug 2026,Q2 2026
BNY - Bank of New York Mellon Corp.,0.12,Reduce 82.00%,64400,$144.61,"$9,313,000",,$162.15,12.13%,$97.96,$163.67,Yacktman Asset Management Updated 11 Aug 2026,Q2 2026
WFC - Wells Fargo,0.11,Add 4.35%,104803,$82.64,"$8,661,000",,$88.28,6.82%,$72.36,$96.18,Yacktman Asset Management Updated 11 Aug 2026,Q2 2026
FICO - Fair Isaac Corp.,0.09,,6157,$1194.74,"$7,356,000",,$1101.36,-7.82%,$870.01,$1998.01,Yacktman Asset Management Updated 11 Aug 2026,Q2 2026
EAF - GrafTech International Ltd.,0.08,Add 7.67%,1149267,$5.91,"$6,792,000",,$7.95,34.52%,$4.92,$20.32,Yacktman Asset Management Updated 11 Aug 2026,Q2 2026
MSCI - MSCI Inc.,0.08,,10900,$560.00,"$6,104,000",,$572.76,2.28%,$497.32,$644.77,Yacktman Asset Management Updated 11 Aug 2026,Q2 2026
GS - Goldman Sachs Group,0.07,Add 2.06%,5200,$1011.35,"$5,259,000",,$1046.27,3.45%,$691.63,$1153.99,Yacktman Asset Management Updated 11 Aug 2026,Q2 2026
MA - Mastercard Inc.,0.07,,11670,$513.62,"$5,994,000",,$566.09,10.22%,$463.74,$598.04,Yacktman Asset Management Updated 11 Aug 2026,Q2 2026
MCO - Moody's Corp.,0.07,,12405,$452.88,"$5,618,000",,$486.60,7.45%,$400.46,$544.40,Yacktman Asset Management Updated 11 Aug 2026,Q2 2026
CLX - Clorox Co.,0.06,,48095,$95.44,"$4,590,000",,$107.10,12.22%,$83.72,$125.83,Yacktman Asset Management Updated 11 Aug 2026,Q2 2026
AON - Aon Plc,0.05,,12915,$331.71,"$4,284,000",,$355.30,7.11%,$303.10,$381.47,Yacktman Asset Management Updated 11 Aug 2026,Q2 2026
CPRT - Copart Inc.,0.05,Add 23.97%,136675,$28.19,"$3,853,000",,$29.44,4.43%,$26.81,$50.11,Yacktman Asset Management Updated 11 Aug 2026,Q2 2026
VRSK - Verisk Analytics Inc.,0.05,Add 43.42%,21190,$179.52,"$3,804,000",,$183.97,2.48%,$155.52,$273.70,Yacktman Asset Management Updated 11 Aug 2026,Q2 2026
SPY - SPDR S&P 500 ETF Trust,0.03,Reduce 5.57%,3558,$746.77,"$2,657,000",,$778.23,4.21%,$626.01,$778.82,Yacktman Asset Management Updated 11 Aug 2026,Q2 2026
NTRS - Northern Trust Corp.,0.02,,9500,$173.79,"$1,651,000",,$190.28,9.49%,$119.17,$192.25,Yacktman Asset Management Updated 11 Aug 2026,Q2 2026
TDY - Teledyne Technologies,0.02,Add 8.00%,2700,$667.04,"$1,801,000",,$674.11,1.06%,$483.02,$697.67,Yacktman Asset Management Updated 11 Aug 2026,Q2 2026
AMPY - Amplify Energy Corp.,0.01,Reduce 2.38%,205000,$3.98,"$816,000",,$4.92,23.62%,$3.65,$6.79,Yacktman Asset Management Updated 11 Aug 2026,Q2 2026
CRMT - America's Car Mart Inc.,0.01,Add 5.13%,205000,$2.79,"$572,000",,$3.21,15.05%,$1.38,$47.93,Yacktman Asset Management Updated 11 Aug 2026,Q2 2026
PM - Philip Morris Intl.,0.01,Reduce 15.25%,5000,$181.00,"$905,000",,$188.52,4.15%,$138.43,$207.76,Yacktman Asset Management Updated 11 Aug 2026,Q2 2026
VZ - Verizon Communications,0.01,,20000,$42.35,"$847,000",,$48.10,13.58%,$36.55,$50.06,Yacktman Asset Management Updated 11 Aug 2026,Q2 2026
CATO - Cato Corp. CL A,0.0,,105445,$3.24,"$342,000",,$3.37,4.01%,$2.59,$4.92,Yacktman Asset Management Updated 11 Aug 2026,Q2 2026
MO - Altria Group Inc.,0.0,,4200,$71.90,"$302,000",,$65.11,-9.44%,$53.01,$77.06,Yacktman Asset Management Updated 11 Aug 2026,Q2 2026
NWS - News Corp. CL B,0.0,,8140,$28.01,"$228,000",,$32.86,17.32%,$25.40,$35.31,Yacktman Asset Management Updated 11 Aug 2026,Q2 2026
RDI - Reading International Inc.,0.0,,265000,$1.28,"$339,000",,$1.48,15.63%,$0.94,$1.65,Yacktman Asset Management Updated 11 Aug 2026,Q2 2026
V - Visa Inc.,0.0,,732,$342.90,"$251,000",,$362.90,5.83%,$292.74,$373.28,Yacktman Asset Management Updated 11 Aug 2026,Q2 2026
COF - Capital One Financial,7.13,Reduce 3.15%,8270946,$200.63,"$1,659,420,000",,$223.88,11.59%,$174.23,$257.54,Christopher Davis - Davis Advisors Updated 11 Aug 2026,Q2 2026
USB - U.S. Bancorp,5.56,Reduce 3.53%,21453510,$60.41,"$1,295,910,000",,$65.18,7.90%,$43.76,$65.49,Christopher Davis - Davis Advisors Updated 11 Aug 2026,Q2 2026
CVS - CVS Health Corp.,5.27,Reduce 3.05%,11865916,$103.46,"$1,227,594,000",,$94.57,-8.59%,$63.26,$110.00,Christopher Davis - Davis Advisors Updated 11 Aug 2026,Q2 2026
VTRS - Viatris Inc.,5.13,Reduce 3.81%,75232254,$15.88,"$1,194,790,000",,$16.13,1.57%,$9.17,$18.39,Christopher Davis - Davis Advisors Updated 11 Aug 2026,Q2 2026
MGM - MGM Resorts International,4.91,Reduce 1.61%,23903317,$47.81,"$1,142,791,000",,$44.06,-7.84%,$29.19,$51.59,Christopher Davis - Davis Advisors Updated 11 Aug 2026,Q2 2026
GOOGL - Alphabet Inc.,4.51,Reduce 5.09%,2937160,$357.38,"$1,049,690,000",,$346.14,-3.15%,$196.04,$408.37,Christopher Davis - Davis Advisors Updated 11 Aug 2026,Q2 2026
DVN - Devon Energy Corp.,4.49,Buy,25297991,$41.32,"$1,045,194,000",,$44.43,7.53%,$30.89,$52.34,Christopher Davis - Davis Advisors Updated 11 Aug 2026,Q2 2026
AMZN - Amazon.com Inc.,4.38,Add 24.84%,4276176,$238.35,"$1,019,230,000",,$265.88,11.55%,$196.00,$287.20,Christopher Davis - Davis Advisors Updated 11 Aug 2026,Q2 2026
META - Meta Platforms Inc.,3.99,Reduce 4.13%,1648172,$563.49,"$928,730,000",,$593.95,5.41%,$519.78,$793.65,Christopher Davis - Davis Advisors Updated 11 Aug 2026,Q2 2026
MKL - Markel Group Inc.,3.41,Add 6.08%,406759,$1953.00,"$794,400,000",,$1830.96,-6.25%,$1719.41,$2207.59,Christopher Davis - Davis Advisors Updated 11 Aug 2026,Q2 2026
TXN - Texas Instruments,3.12,Reduce 14.46%,2437486,$298.07,"$726,549,000",,$274.35,-7.96%,$150.20,$332.33,Christopher Davis - Davis Advisors Updated 11 Aug 2026,Q2 2026
TSN - Tyson Foods,3.11,Reduce 3.34%,12653717,$57.25,"$724,483,000",,$56.49,-1.33%,$49.30,$68.90,Christopher Davis - Davis Advisors Updated 11 Aug 2026,Q2 2026
WFC - Wells Fargo,2.84,Reduce 2.22%,8008728,$82.65,"$661,901,000",,$88.28,6.81%,$72.36,$96.18,Christopher Davis - Davis Advisors Updated 11 Aug 2026,Q2 2026
BRK.A - Berkshire Hathaway CL A,2.79,Reduce 5.96%,868,$748859.45,"$650,010,000",,$759889.00,1.47%,$698000.00,$806102.81,Christopher Davis - Davis Advisors Updated 11 Aug 2026,Q2 2026
CI - Cigna Group,2.67,Add 0.87%,2253424,$275.69,"$621,244,000",,$277.40,0.62%,$235.50,$310.19,Christopher Davis - Davis Advisors Updated 11 Aug 2026,Q2 2026
JBS - Jbs Nv A,2.54,Add 90.58%,50016236,$11.85,"$592,692,000",,$13.33,12.49%,$11.45,$17.27,Christopher Davis - Davis Advisors Updated 11 Aug 2026,Q2 2026
UNH - United Health Group Inc.,2.28,Add 2.18%,1274650,$415.67,"$529,839,000",,$399.39,-3.92%,$254.51,$461.62,Christopher Davis - Davis Advisors Updated 11 Aug 2026,Q2 2026
TECK - Teck Resources,2.14,Reduce 20.98%,8363497,$59.46,"$497,289,000",,$63.47,6.74%,$30.75,$71.15,Christopher Davis - Davis Advisors Updated 11 Aug 2026,Q2 2026
SOLV - Solventum Corp,2.09,Reduce 0.36%,6307729,$77.16,"$486,686,000",,$86.36,11.92%,$62.38,$90.00,Christopher Davis - Davis Advisors Updated 11 Aug 2026,Q2 2026
LYB - LyondellBasell Industries,1.97,Add 55.43%,8698852,$52.65,"$457,994,000",,$62.43,18.58%,$39.52,$83.07,Christopher Davis - Davis Advisors Updated 11 Aug 2026,Q2 2026
CB - Chubb Limited,1.68,Reduce 3.96%,1148090,$340.77,"$391,231,000",,$344.40,1.07%,$262.86,$365.91,Christopher Davis - Davis Advisors Updated 11 Aug 2026,Q2 2026
BRK.B - Berkshire Hathaway CL B,1.59,Reduce 1.52%,738433,$500.40,"$369,514,000",,$506.45,1.21%,$464.01,$537.74,Christopher Davis - Davis Advisors Updated 11 Aug 2026,Q2 2026
TCOM - Trip.com Group Ltd,1.5,Add 33.66%,8761371,$39.84,"$349,053,000",,$45.03,13.03%,$38.04,$78.99,Christopher Davis - Davis Advisors Updated 11 Aug 2026,Q2 2026
DGX - Quest Diagnostics,1.42,Reduce 3.84%,1555612,$212.00,"$329,782,000",,$236.38,11.50%,$168.97,$240.13,Christopher Davis - Davis Advisors Updated 11 Aug 2026,Q2 2026
OC - Owens Corning,1.42,Reduce 0.94%,2081213,$158.90,"$330,714,000",,$156.33,-1.62%,$95.63,$159.88,Christopher Davis - Davis Advisors Updated 11 Aug 2026,Q2 2026
PINS - Pinterest Inc.,1.14,Add 1.41%,12574721,$21.03,"$264,483,000",,$23.35,11.03%,$13.84,$38.57,Christopher Davis - Davis Advisors Updated 11 Aug 2026,Q2 2026
AGCO - AGCO Corp.,1.06,Reduce 1.35%,2058488,$119.68,"$246,362,000",,$99.70,-16.69%,$98.75,$143.11,Christopher Davis - Davis Advisors Updated 11 Aug 2026,Q2 2026
YMM - Full Truck Alliance Spn ADR,0.96,Reduce 3.91%,27639082,$8.12,"$224,429,000",,$8.84,8.87%,$7.38,$13.69,Christopher Davis - Davis Advisors Updated 11 Aug 2026,Q2 2026
QSR - Restaurant Brands International,0.87,Reduce 22.19%,2800345,$72.51,"$203,046,000",,$76.48,5.48%,$59.14,$81.22,Christopher Davis - Davis Advisors Updated 11 Aug 2026,Q2 2026
GOOG - Alphabet Inc. CL C,0.86,Reduce 16.73%,564274,$353.37,"$199,395,000",,$343.94,-2.67%,$196.90,$404.23,Christopher Davis - Davis Advisors Updated 11 Aug 2026,Q2 2026
COP - ConocoPhillips,0.84,Add 0.11%,1877583,$103.96,"$195,190,000",,$124.52,19.78%,$83.51,$134.87,Christopher Davis - Davis Advisors Updated 11 Aug 2026,Q2 2026
SE - Sea Ltd,0.83,Add 8.76%,2011812,$95.83,"$192,792,000",,$123.86,29.25%,$77.05,$199.30,Christopher Davis - Davis Advisors Updated 11 Aug 2026,Q2 2026
DUSA - Davis Select Us Equity ETF,0.82,,3400745,$56.18,"$191,054,000",,$57.20,1.82%,$45.98,$58.53,Christopher Davis - Davis Advisors Updated 11 Aug 2026,Q2 2026
APP - Applovin Corp.,0.7,Reduce 6.04%,315539,$515.69,"$162,719,000",,$314.55,-39.00%,$303.17,$745.61,Christopher Davis - Davis Advisors Updated 11 Aug 2026,Q2 2026
JPM - JPMorgan Chase & Co.,0.67,Reduce 14.39%,476389,$327.33,"$155,936,000",,$363.49,11.05%,$276.43,$366.09,Christopher Davis - Davis Advisors Updated 11 Aug 2026,Q2 2026
FITB - Fifth Third Bancorp,0.65,Reduce 4.60%,2684183,$56.37,"$151,307,000",,$58.10,3.07%,$39.08,$59.50,Christopher Davis - Davis Advisors Updated 11 Aug 2026,Q2 2026
WCC - WESCO International Inc.,0.54,Reduce 4.49%,363915,$344.87,"$125,503,000",,$363.97,5.54%,$202.38,$385.37,Christopher Davis - Davis Advisors Updated 11 Aug 2026,Q2 2026
PNC - PNC Financial Services,0.52,Reduce 8.46%,496066,$246.22,"$122,141,000",,$255.47,3.76%,$172.82,$258.13,Christopher Davis - Davis Advisors Updated 11 Aug 2026,Q2 2026
DINT - Davis Select International,0.48,,3915748,$28.50,"$111,599,000",,$30.14,5.75%,$25.64,$30.75,Christopher Davis - Davis Advisors Updated 11 Aug 2026,Q2 2026
PPLI - People Inc.,0.47,Reduce 0.80%,2394024,$46.16,"$110,507,000",,$40.30,-12.69%,$29.56,$48.32,Christopher Davis - Davis Advisors Updated 11 Aug 2026,Q2 2026
DFNL - Davis Select Financial ETF,0.45,,2130666,$49.36,"$105,180,000",,$52.67,6.71%,$42.56,$52.98,Christopher Davis - Davis Advisors Updated 11 Aug 2026,Q2 2026
DWLD - Davis Select Worldwide ETF,0.38,,1935585,$46.24,"$89,501,000",,$47.68,3.11%,$41.72,$49.48,Christopher Davis - Davis Advisors Updated 11 Aug 2026,Q2 2026
NTES - NetEase.com Inc.,0.34,Add 45.01%,612955,$128.14,"$78,544,000",,$122.73,-4.22%,$105.44,$156.41,Christopher Davis - Davis Advisors Updated 11 Aug 2026,Q2 2026
AMAT - Applied Materials,0.32,Reduce 91.44%,102521,$722.53,"$74,074,000",,$549.88,-23.90%,$153.78,$739.67,Christopher Davis - Davis Advisors Updated 11 Aug 2026,Q2 2026
RNR - RenaissanceRe Holdings Ltd.,0.32,Reduce 8.81%,234528,$316.90,"$74,322,000",,$320.32,1.08%,$230.19,$335.97,Christopher Davis - Davis Advisors Updated 11 Aug 2026,Q2 2026
AXP - American Express,0.3,Reduce 10.00%,209821,$338.25,"$70,972,000",,$344.45,1.83%,$289.26,$384.36,Christopher Davis - Davis Advisors Updated 11 Aug 2026,Q2 2026
RKT - Rocket Companies Inc.,0.3,Reduce 7.47%,4463148,$15.75,"$70,295,000",,$15.11,-4.06%,$12.17,$24.36,Christopher Davis - Davis Advisors Updated 11 Aug 2026,Q2 2026
L - Loews Corp.,0.27,Reduce 11.22%,545211,$113.21,"$61,723,000",,$112.69,-0.46%,$94.09,$121.01,Christopher Davis - Davis Advisors Updated 11 Aug 2026,Q2 2026
NTB - Bank of N.T. Butterfield & Son Ltd,0.26,Reduce 5.68%,1012140,$59.50,"$60,222,000",,$63.63,6.94%,$39.10,$63.99,Christopher Davis - Davis Advisors Updated 11 Aug 2026,Q2 2026
BAC - Bank of America Corp.,0.24,Reduce 14.36%,992776,$56.98,"$56,568,000",,$64.06,12.43%,$45.79,$64.95,Christopher Davis - Davis Advisors Updated 11 Aug 2026,Q2 2026
BNY - Bank of New York Mellon Corp.,0.23,Reduce 30.23%,366448,$144.61,"$52,992,000",,$162.15,12.13%,$97.96,$163.67,Christopher Davis - Davis Advisors Updated 11 Aug 2026,Q2 2026
CHYM - Chime Financial Inc Cl A,0.21,Reduce 8.17%,2331776,$20.48,"$47,755,000",,$32.13,56.88%,$15.88,$33.41,Christopher Davis - Davis Advisors Updated 11 Aug 2026,Q2 2026
EG - Everest Group Ltd,0.19,Reduce 10.28%,126423,$357.23,"$45,162,000",,$366.50,2.59%,$296.87,$401.07,Christopher Davis - Davis Advisors Updated 11 Aug 2026,Q2 2026
VALE - Vale SA,0.19,Reduce 0.05%,2929850,$15.04,"$44,065,000",,$13.78,-8.38%,$9.35,$17.94,Christopher Davis - Davis Advisors Updated 11 Aug 2026,Q2 2026
MSFT - Microsoft Corp.,0.15,Add 18.45%,92973,$373.28,"$34,705,000",,$496.35,32.97%,$349.20,$550.24,Christopher Davis - Davis Advisors Updated 11 Aug 2026,Q2 2026
NVDA - NVIDIA Corp.,0.13,Add 36.26%,154727,$200.03,"$30,950,000",,$225.95,12.96%,$163.85,$236.26,Christopher Davis - Davis Advisors Updated 11 Aug 2026,Q2 2026
BEKE - KE Holdings Inc.,0.12,Reduce 0.06%,1850782,$14.53,"$26,892,000",,$16.90,16.31%,$13.81,$20.60,Christopher Davis - Davis Advisors Updated 11 Aug 2026,Q2 2026
FISV - Fiserv Inc.,0.11,Reduce 8.33%,539839,$49.05,"$26,479,000",,$55.21,12.56%,$47.04,$140.42,Christopher Davis - Davis Advisors Updated 11 Aug 2026,Q2 2026
SCHW - Charles Schwab Corp.,0.11,Reduce 6.79%,289871,$92.27,"$26,746,000",,$109.78,18.98%,$83.96,$110.00,Christopher Davis - Davis Advisors Updated 11 Aug 2026,Q2 2026
STT - State Street Corp.,0.11,Reduce 2.78%,147966,$169.60,"$25,095,000",,$190.18,12.13%,$102.75,$192.51,Christopher Davis - Davis Advisors Updated 11 Aug 2026,Q2 2026
PLD - Prologis Inc.,0.1,Reduce 2.21%,178556,$135.47,"$24,189,000",,$141.02,4.10%,$100.80,$153.35,Christopher Davis - Davis Advisors Updated 11 Aug 2026,Q2 2026
EQIX - Equinix Inc.,0.09,Reduce 9.00%,19313,$1042.41,"$20,132,000",,$1074.33,3.06%,$713.19,$1124.00,Christopher Davis - Davis Advisors Updated 11 Aug 2026,Q2 2026
JCI - Johnson Controls Intl. plc,0.09,Reduce 27.06%,141422,$146.08,"$20,659,000",,$152.54,4.42%,$101.75,$157.06,Christopher Davis - Davis Advisors Updated 11 Aug 2026,Q2 2026
BXP - BXP Inc.,0.07,Reduce 2.17%,232050,$66.31,"$15,387,000",,$69.33,4.55%,$48.54,$75.95,Christopher Davis - Davis Advisors Updated 11 Aug 2026,Q2 2026
CUZ - Cousins Properties,0.07,Reduce 2.19%,573605,$29.98,"$17,197,000",,$29.88,-0.33%,$20.52,$32.95,Christopher Davis - Davis Advisors Updated 11 Aug 2026,Q2 2026
ADBE - Adobe Inc.,0.06,Add 50.41%,67894,$205.16,"$13,929,000",,$268.36,30.81%,$190.12,$370.86,Christopher Davis - Davis Advisors Updated 11 Aug 2026,Q2 2026
BRX - Brixmor Property Group Inc.,0.06,Reduce 15.27%,477150,$31.53,"$15,045,000",,$29.96,-4.98%,$23.87,$32.86,Christopher Davis - Davis Advisors Updated 11 Aug 2026,Q2 2026
DLR - Digital Realty Trust Inc.,0.06,Reduce 7.10%,73280,$179.59,"$13,160,000",,$198.40,10.47%,$144.28,$207.47,Christopher Davis - Davis Advisors Updated 11 Aug 2026,Q2 2026
DOC - Healthpeak Properties Inc.,0.06,Reduce 2.20%,631026,$21.40,"$13,504,000",,$20.81,-2.76%,$15.12,$22.95,Christopher Davis - Davis Advisors Updated 11 Aug 2026,Q2 2026
MTB - M&T Bank Corp.,0.06,Reduce 3.70%,58072,$238.01,"$13,822,000",,$253.92,6.68%,$170.99,$255.50,Christopher Davis - Davis Advisors Updated 11 Aug 2026,Q2 2026
AMH - American Homes 4 Rent,0.05,Add 17.47%,325590,$33.52,"$10,914,000",,$34.40,2.63%,$26.95,$35.07,Christopher Davis - Davis Advisors Updated 11 Aug 2026,Q2 2026
AVB - AvalonBay Communities,0.05,Reduce 25.11%,59890,$188.70,"$11,301,000",,$184.66,-2.14%,$157.12,$198.63,Christopher Davis - Davis Advisors Updated 11 Aug 2026,Q2 2026
CDP - Copt Defense Properties,0.05,Reduce 2.17%,292700,$36.39,"$10,651,000",,$37.24,2.34%,$26.26,$38.90,Christopher Davis - Davis Advisors Updated 11 Aug 2026,Q2 2026
ORCL - Oracle Corp.,0.05,Reduce 6.83%,74923,$146.47,"$10,974,000",,$155.70,6.30%,$114.50,$341.82,Christopher Davis - Davis Advisors Updated 11 Aug 2026,Q2 2026
PSA - Public Storage,0.05,Reduce 8.53%,37740,$318.31,"$12,013,000",,$328.11,3.08%,$251.62,$335.55,Christopher Davis - Davis Advisors Updated 11 Aug 2026,Q2 2026
SNPS - Synopsys Inc.,0.05,Reduce 3.67%,24962,$446.36,"$11,142,000",,$414.00,-7.25%,$366.00,$628.89,Christopher Davis - Davis Advisors Updated 11 Aug 2026,Q2 2026
SPG - Simon Property Group Inc.,0.05,Reduce 2.26%,49318,$223.65,"$11,030,000",,$221.80,-0.83%,$161.43,$238.50,Christopher Davis - Davis Advisors Updated 11 Aug 2026,Q2 2026
AMT - American Tower Corp.,0.04,Reduce 2.12%,63250,$163.57,"$10,346,000",,$174.89,6.92%,$160.06,$206.80,Christopher Davis - Davis Advisors Updated 11 Aug 2026,Q2 2026
CPT - Camden Property Trust,0.04,Reduce 2.15%,86120,$114.49,"$9,860,000",,$110.60,-3.40%,$94.30,$119.81,Christopher Davis - Davis Advisors Updated 11 Aug 2026,Q2 2026
DAR - Darling Ingredients Inc.,0.04,Reduce 9.08%,170846,$54.67,"$9,340,000",,$65.02,18.93%,$29.15,$66.02,Christopher Davis - Davis Advisors Updated 11 Aug 2026,Q2 2026
EGP - EastGroup Properties SBI,0.04,Reduce 2.18%,51230,$202.54,"$10,376,000",,$203.93,0.69%,$155.45,$226.71,Christopher Davis - Davis Advisors Updated 11 Aug 2026,Q2 2026
ESS - Essex Property Trust,0.04,Add 70.04%,28501,$291.60,"$8,311,000",,$288.20,-1.17%,$233.85,$303.35,Christopher Davis - Davis Advisors Updated 11 Aug 2026,Q2 2026
NOAH - Noah Holdings Ltd,0.04,Reduce 5.59%,964486,$9.99,"$9,635,000",,$8.60,-13.91%,$8.14,$11.17,Christopher Davis - Davis Advisors Updated 11 Aug 2026,Q2 2026
REG - Regency Centers Corp.,0.04,Reduce 16.08%,116340,$79.74,"$9,277,000",,$76.90,-3.56%,$65.10,$83.66,Christopher Davis - Davis Advisors Updated 11 Aug 2026,Q2 2026
SAP - SAP SE,0.04,Reduce 80.93%,60529,$154.21,"$9,334,000",,$208.21,35.02%,$144.97,$276.56,Christopher Davis - Davis Advisors Updated 11 Aug 2026,Q2 2026
SHO - Sunstone Hotel Investors Inc.,0.04,Reduce 2.20%,870120,$11.45,"$9,963,000",,$10.89,-4.89%,$8.46,$11.98,Christopher Davis - Davis Advisors Updated 11 Aug 2026,Q2 2026
TFC - Truist Financial Corp.,0.04,Reduce 7.30%,208391,$49.82,"$10,382,000",,$53.07,6.52%,$39.50,$55.05,Christopher Davis - Davis Advisors Updated 11 Aug 2026,Q2 2026
VTR - Ventas Inc.,0.04,Reduce 2.15%,111420,$88.80,"$9,894,000",,$90.29,1.68%,$64.72,$101.60,Christopher Davis - Davis Advisors Updated 11 Aug 2026,Q2 2026
CHCT - Community Healthcare Trust Inc.,0.03,Reduce 2.17%,322890,$18.28,"$5,902,000",,$15.23,-16.68%,$12.11,$19.17,Christopher Davis - Davis Advisors Updated 11 Aug 2026,Q2 2026
EQR - Equity Residential,0.03,Reduce 13.15%,91855,$67.93,"$6,240,000",,$66.16,-2.61%,$56.30,$71.50,Christopher Davis - Davis Advisors Updated 11 Aug 2026,Q2 2026
JD - JD.com Inc.,0.03,Reduce 0.05%,283280,$25.48,"$7,218,000",,$29.26,14.84%,$23.66,$35.59,Christopher Davis - Davis Advisors Updated 11 Aug 2026,Q2 2026
REXR - Rexford Industrial Realty Inc.,0.03,Reduce 8.42%,191960,$33.50,"$6,431,000",,$36.43,8.75%,$31.48,$42.76,Christopher Davis - Davis Advisors Updated 11 Aug 2026,Q2 2026
SBAC - SBA Communications Corp.,0.03,Buy,40700,$176.46,"$7,182,000",,$186.88,5.91%,$161.43,$223.11,Christopher Davis - Davis Advisors Updated 11 Aug 2026,Q2 2026
TRNO - Terreno Realty Corp.,0.03,Reduce 2.18%,111037,$64.77,"$7,192,000",,$68.73,6.11%,$51.67,$78.94,Christopher Davis - Davis Advisors Updated 11 Aug 2026,Q2 2026
ANGI - Angi Inc.,0.02,Reduce 1.72%,932653,$5.95,"$5,549,000",,$4.73,-20.50%,$4.26,$18.77,Christopher Davis - Davis Advisors Updated 11 Aug 2026,Q2 2026
ARE - Alexandria RE Equities Inc.,0.02,Reduce 55.50%,80467,$52.85,"$4,253,000",,$48.37,-8.48%,$38.90,$83.17,Christopher Davis - Davis Advisors Updated 11 Aug 2026,Q2 2026
CUBE - CubeSmart,0.02,Reduce 2.16%,90280,$39.77,"$3,590,000",,$41.93,5.43%,$33.77,$43.26,Christopher Davis - Davis Advisors Updated 11 Aug 2026,Q2 2026
DEI - Douglas Emmett Inc.,0.02,Reduce 2.16%,301580,$11.80,"$3,559,000",,$11.87,0.59%,$8.79,$15.90,Christopher Davis - Davis Advisors Updated 11 Aug 2026,Q2 2026
EXR - Extra Space Storage Inc.,0.02,Reduce 2.13%,27535,$145.31,"$4,001,000",,$149.00,2.54%,$121.45,$158.88,Christopher Davis - Davis Advisors Updated 11 Aug 2026,Q2 2026
FRMI - Fermi Inc.,0.02,Add 47.65%,451400,$9.16,"$4,135,000",,$6.76,-26.20%,$4.47,$36.99,Christopher Davis - Davis Advisors Updated 11 Aug 2026,Q2 2026
HPP - Hudson Pacific Properties Inc.,0.02,Reduce 2.15%,315236,$15.19,"$4,788,000",,$14.55,-4.21%,$5.26,$21.70,Christopher Davis - Davis Advisors Updated 11 Aug 2026,Q2 2026
JLL - Jones Lang Lasalle Inc.,0.02,Reduce 0.81%,12295,$309.96,"$3,811,000",,$367.88,18.69%,$259.83,$373.29,Christopher Davis - Davis Advisors Updated 11 Aug 2026,Q2 2026
O - Realty Income Corp.,0.02,Reduce 2.31%,92720,$61.96,"$5,745,000",,$63.17,1.95%,$53.78,$66.87,Christopher Davis - Davis Advisors Updated 11 Aug 2026,Q2 2026
SUI - Sun Communities Inc.,0.02,Reduce 2.19%,42480,$119.92,"$5,094,000",,$119.93,0.01%,$113.81,$135.36,Christopher Davis - Davis Advisors Updated 11 Aug 2026,Q2 2026
VICI - VICI Properties Inc.,0.02,Reduce 2.19%,215360,$26.55,"$5,718,000",,$26.37,-0.68%,$25.82,$31.85,Christopher Davis - Davis Advisors Updated 11 Aug 2026,Q2 2026
CBRE - CBRE Group,0.01,Reduce 0.86%,25390,$134.70,"$3,420,000",,$151.16,12.22%,$121.69,$174.27,Christopher Davis - Davis Advisors Updated 11 Aug 2026,Q2 2026
LRCX - Lam Research,0.01,,2780,$433.45,"$1,205,000",,$339.14,-21.76%,$93.59,$438.50,Christopher Davis - Davis Advisors Updated 11 Aug 2026,Q2 2026
MAA - Mid-America Apt Communties,0.01,Reduce 54.39%,21900,$138.95,"$3,043,000",,$134.79,-2.99%,$117.48,$142.76,Christopher Davis - Davis Advisors Updated 11 Aug 2026,Q2 2026
TSM - Taiwan Semiconductor S.A.,0.01,Reduce 44.72%,3980,$477.64,"$1,901,000",,$432.89,-9.37%,$221.29,$479.00,Christopher Davis - Davis Advisors Updated 11 Aug 2026,Q2 2026
CCK - Crown Holdings,0.0,Reduce 36.17%,5470,$111.88,"$612,000",,$119.23,6.57%,$88.12,$122.91,Christopher Davis - Davis Advisors Updated 11 Aug 2026,Q2 2026
IVE - Ishares S&P 500 Value ETF,0.0,Reduce 71.71%,3288,$227.19,"$747,000",,$237.76,4.65%,$197.23,$238.09,Christopher Davis - Davis Advisors Updated 11 Aug 2026,Q2 2026
JAN - Janus Living Inc Cl A 1,0.0,Add 250.00%,35000,$28.74,"$1,006,000",,$29.99,4.35%,$22.58,$32.83,Christopher Davis - Davis Advisors Updated 11 Aug 2026,Q2 2026
EG - Everest Group Ltd,11.28,Reduce 23.86%,1036906,$357.23,"$370,414,000",,$366.50,2.59%,$296.87,$401.07,Vulcan Value Partners Updated 10 Aug 2026,Q2 2026
MSFT - Microsoft Corp.,11.21,Reduce 11.01%,986905,$373.02,"$368,135,000",,$496.35,33.06%,$349.20,$550.24,Vulcan Value Partners Updated 10 Aug 2026,Q2 2026
RYAN - Ryan Specialty Holdings Inc,9.09,Add 19.97%,7912669,$37.76,"$298,782,000",,$42.79,13.32%,$29.07,$60.28,Vulcan Value Partners Updated 10 Aug 2026,Q2 2026
MA - Mastercard Inc.,7.86,Add 31.26%,502961,$513.60,"$258,321,000",,$566.09,10.22%,$463.74,$598.04,Vulcan Value Partners Updated 10 Aug 2026,Q2 2026
AMZN - Amazon.com Inc.,7.2,Reduce 37.79%,992758,$238.34,"$236,614,000",,$265.88,11.55%,$196.00,$287.20,Vulcan Value Partners Updated 10 Aug 2026,Q2 2026
TDG - TransDigm Group Inc.,6.91,Reduce 7.49%,170429,$1332.04,"$227,018,000",,$1245.33,-6.51%,$1123.61,$1463.03,Vulcan Value Partners Updated 10 Aug 2026,Q2 2026
ARES - Ares Management LP,6.45,Add 12.50%,1902580,$111.31,"$211,776,000",,$149.55,34.35%,$93.57,$188.31,Vulcan Value Partners Updated 10 Aug 2026,Q2 2026
TRU - TransUnion,5.94,Reduce 15.59%,2707249,$72.14,"$195,301,000",,$81.19,12.55%,$63.37,$95.04,Vulcan Value Partners Updated 10 Aug 2026,Q2 2026
GOOG - Alphabet Inc. CL C,5.8,Reduce 20.26%,539472,$353.33,"$190,612,000",,$343.94,-2.66%,$196.90,$404.23,Vulcan Value Partners Updated 10 Aug 2026,Q2 2026
V - Visa Inc.,4.84,Reduce 27.55%,463268,$343.09,"$158,943,000",,$362.90,5.77%,$292.74,$373.28,Vulcan Value Partners Updated 10 Aug 2026,Q2 2026
TPG - Tpg Inc,2.92,Add 18.92%,2361862,$40.55,"$95,774,000",,$54.71,34.92%,$36.46,$68.57,Vulcan Value Partners Updated 10 Aug 2026,Q2 2026
MEDP - Medpace Holdings Inc.,2.28,Reduce 30.20%,141743,$529.59,"$75,066,000",,$587.64,10.96%,$373.00,$677.90,Vulcan Value Partners Updated 10 Aug 2026,Q2 2026
ELV - Elevance Health Inc.,1.83,Reduce 47.48%,155873,$386.73,"$60,281,000",,$398.02,2.92%,$272.05,$436.24,Vulcan Value Partners Updated 10 Aug 2026,Q2 2026
NOW - ServiceNow Inc.,1.74,Add 7.68%,574811,$99.28,"$57,067,000",,$126.52,27.44%,$81.24,$194.73,Vulcan Value Partners Updated 10 Aug 2026,Q2 2026
IQV - IQVIA Holdings Inc.,1.53,Add 4.74%,259856,$193.22,"$50,209,000",,$241.64,25.06%,$154.50,$251.36,Vulcan Value Partners Updated 10 Aug 2026,Q2 2026
KMX - CarMax Inc.,1.47,Reduce 58.61%,912638,$52.89,"$48,269,000",,$59.87,13.20%,$30.26,$62.56,Vulcan Value Partners Updated 10 Aug 2026,Q2 2026
FISV - Fiserv Inc.,1.33,Reduce 18.33%,893965,$49.05,"$43,849,000",,$55.21,12.56%,$47.04,$140.42,Vulcan Value Partners Updated 10 Aug 2026,Q2 2026
NICE - Nice Ltd Spon ADR,1.32,Reduce 16.41%,478421,$90.85,"$43,465,000",,$103.80,14.25%,$83.10,$153.68,Vulcan Value Partners Updated 10 Aug 2026,Q2 2026
HEI.A - HEICO Corp. CL A,1.21,Reduce 13.86%,153718,$257.91,"$39,645,000",,$273.35,5.99%,$199.25,$279.52,Vulcan Value Partners Updated 10 Aug 2026,Q2 2026
JLL - Jones Lang Lasalle Inc.,0.91,Reduce 12.13%,96258,$309.95,"$29,835,000",,$367.88,18.69%,$259.83,$373.29,Vulcan Value Partners Updated 10 Aug 2026,Q2 2026
UNH - United Health Group Inc.,0.85,Reduce 92.63%,67309,$415.64,"$27,976,000",,$399.39,-3.91%,$254.51,$461.62,Vulcan Value Partners Updated 10 Aug 2026,Q2 2026
CRM - Salesforce.com,0.78,Reduce 16.66%,164013,$156.66,"$25,694,000",,$199.60,27.41%,$146.32,$267.75,Vulcan Value Partners Updated 10 Aug 2026,Q2 2026
ABM - ABM Industries,0.6,Reduce 28.83%,448559,$44.24,"$19,844,000",,$48.16,8.86%,$36.45,$49.80,Vulcan Value Partners Updated 10 Aug 2026,Q2 2026
CIGI - Colliers International Group Inc.,0.6,Reduce 17.00%,211910,$93.79,"$19,875,000",,$105.21,12.18%,$88.24,$171.06,Vulcan Value Partners Updated 10 Aug 2026,Q2 2026
MLKN - MillerKnoll Inc.,0.52,Reduce 36.72%,838151,$20.46,"$17,149,000",,$23.91,16.86%,$13.34,$24.71,Vulcan Value Partners Updated 10 Aug 2026,Q2 2026
QRVO - Qorvo Inc.,0.51,Reduce 32.55%,181315,$93.27,"$16,911,000",,$98.65,5.77%,$74.92,$109.49,Vulcan Value Partners Updated 10 Aug 2026,Q2 2026
EFX - Equifax Inc.,0.44,Buy,90748,$158.73,"$14,404,000",,$185.78,17.04%,$150.75,$269.54,Vulcan Value Partners Updated 10 Aug 2026,Q2 2026
G - Genpact Ltd.,0.44,Reduce 26.57%,521587,$27.50,"$14,344,000",,$34.31,24.76%,$26.85,$48.12,Vulcan Value Partners Updated 10 Aug 2026,Q2 2026
SARO - Standardaero Inc,0.41,Reduce 37.20%,450287,$29.95,"$13,484,000",,$27.31,-8.81%,$23.83,$34.48,Vulcan Value Partners Updated 10 Aug 2026,Q2 2026
PRG - PROG Holdings Inc.,0.4,Reduce 50.37%,281066,$46.61,"$13,100,000",,$42.89,-7.98%,$25.57,$47.73,Vulcan Value Partners Updated 10 Aug 2026,Q2 2026
FBIN - Fortune Brands Innovations Inc.,0.36,Reduce 37.48%,214798,$54.90,"$11,792,000",,$48.60,-11.48%,$32.11,$64.07,Vulcan Value Partners Updated 10 Aug 2026,Q2 2026
BMI - Badger Meter Inc.,0.31,Buy,68684,$148.38,"$10,191,000",,$130.78,-11.86%,$111.72,$202.32,Vulcan Value Partners Updated 10 Aug 2026,Q2 2026
LFUS - Littelfuse Inc.,0.24,Reduce 77.66%,17448,$455.35,"$7,945,000",,$450.63,-1.04%,$231.99,$500.57,Vulcan Value Partners Updated 10 Aug 2026,Q2 2026
ITRN - Ituran Location & Control Ltd.,0.23,Reduce 74.88%,124028,$61.01,"$7,567,000",,$52.99,-13.15%,$30.68,$67.77,Vulcan Value Partners Updated 10 Aug 2026,Q2 2026
VEEV - Veeva Systems Inc.,0.11,Buy,21240,$177.45,"$3,769,000",,$249.16,40.41%,$148.05,$310.50,Vulcan Value Partners Updated 10 Aug 2026,Q2 2026
IWD - Ishares Russell 1000 Value E,0.05,Buy,7011,$249.47,"$1,749,000",,$258.52,3.63%,$194.47,$259.19,Vulcan Value Partners Updated 10 Aug 2026,Q2 2026
CNH - CNH Industrial NV,17.11,Reduce 0.17%,20115883,$11.23,"$225,901,000",,$10.41,-7.30%,$8.91,$13.18,Tweedy Browne Updated 07 Aug 2026,Q2 2026
IONS - Ionis Pharmaceuticals Inc.,13.7,Add 0.21%,2280311,$79.29,"$180,806,000",,$55.71,-29.74%,$41.54,$86.74,Tweedy Browne Updated 07 Aug 2026,Q2 2026
KOF - Coca-Cola FEMSA S A CV,9.34,Reduce 0.81%,1160570,$106.25,"$123,311,000",,$109.26,2.83%,$76.77,$113.87,Tweedy Browne Updated 07 Aug 2026,Q2 2026
BRK.A - Berkshire Hathaway CL A,8.17,,144,$748847.22,"$107,834,000",,$759889.00,1.47%,$698000.00,$806102.81,Tweedy Browne Updated 07 Aug 2026,Q2 2026
JNJ - Johnson & Johnson,3.88,Reduce 8.13%,201644,$253.97,"$51,212,000",,$261.50,2.96%,$168.49,$274.90,Tweedy Browne Updated 07 Aug 2026,Q2 2026
GOOGL - Alphabet Inc.,3.83,Reduce 28.77%,141282,$357.37,"$50,490,000",,$346.14,-3.14%,$196.04,$408.37,Tweedy Browne Updated 07 Aug 2026,Q2 2026
BRK.B - Berkshire Hathaway CL B,3.7,Add 0.22%,97625,$500.39,"$48,851,000",,$506.45,1.21%,$464.01,$537.74,Tweedy Browne Updated 07 Aug 2026,Q2 2026
ALV - Autoliv Inc.,3.37,Reduce 0.07%,383314,$116.17,"$44,530,000",,$121.22,4.35%,$98.41,$132.17,Tweedy Browne Updated 07 Aug 2026,Q2 2026
WFC - Wells Fargo,3.11,Reduce 3.67%,497011,$82.64,"$41,073,000",,$88.28,6.82%,$72.36,$96.18,Tweedy Browne Updated 07 Aug 2026,Q2 2026
ZTS - Zoetis Inc.,3.03,Buy,556056,$71.86,"$39,958,000",,$74.95,4.30%,$70.98,$157.46,Tweedy Browne Updated 07 Aug 2026,Q2 2026
NVST - Envista Holdings Corp.,2.87,Reduce 0.11%,1435248,$26.35,"$37,819,000",,$28.00,6.26%,$18.77,$30.42,Tweedy Browne Updated 07 Aug 2026,Q2 2026
TFC - Truist Financial Corp.,2.06,Reduce 2.01%,546256,$49.82,"$27,214,000",,$53.07,6.52%,$39.50,$55.05,Tweedy Browne Updated 07 Aug 2026,Q2 2026
UNF - UniFirst Corp.,2.03,Reduce 0.12%,101553,$264.46,"$26,857,000",,$288.97,9.27%,$146.95,$306.67,Tweedy Browne Updated 07 Aug 2026,Q2 2026
UHAL.B - U Haul Holding Co Non Voting,2.02,Reduce 0.11%,462827,$57.70,"$26,705,000",,$65.32,13.21%,$39.58,$66.90,Tweedy Browne Updated 07 Aug 2026,Q2 2026
AXP - American Express,1.61,Reduce 0.42%,62719,$338.25,"$21,215,000",,$344.45,1.83%,$289.26,$384.36,Tweedy Browne Updated 07 Aug 2026,Q2 2026
BAC - Bank of America Corp.,1.57,Reduce 0.14%,364776,$56.98,"$20,785,000",,$64.06,12.43%,$45.79,$64.95,Tweedy Browne Updated 07 Aug 2026,Q2 2026
VRTX - Vertex Pharmaceuticals,1.51,Reduce 0.66%,40121,$496.72,"$19,929,000",,$518.55,4.39%,$374.17,$546.17,Tweedy Browne Updated 07 Aug 2026,Q2 2026
AZO - AutoZone Inc.,1.34,Reduce 0.09%,5530,$3196.02,"$17,674,000",,$3048.49,-4.62%,$2902.20,$4388.11,Tweedy Browne Updated 07 Aug 2026,Q2 2026
BNY - Bank of New York Mellon Corp.,1.12,Reduce 6.16%,102246,$144.61,"$14,786,000",,$162.15,12.13%,$97.96,$163.67,Tweedy Browne Updated 07 Aug 2026,Q2 2026
JAZZ - Jazz Pharmaceuticals plc,1.1,Reduce 0.10%,60149,$240.97,"$14,494,000",,$245.61,1.93%,$112.49,$265.05,Tweedy Browne Updated 07 Aug 2026,Q2 2026
NVS - Novartis AG,0.84,Reduce 0.25%,71125,$156.72,"$11,147,000",,$151.82,-3.13%,$116.45,$165.46,Tweedy Browne Updated 07 Aug 2026,Q2 2026
USB - U.S. Bancorp,0.83,Reduce 1.28%,181896,$60.40,"$10,987,000",,$65.18,7.91%,$43.76,$65.49,Tweedy Browne Updated 07 Aug 2026,Q2 2026
DEO - Diageo ADR,0.77,Reduce 0.03%,126176,$80.38,"$10,142,000",,$94.91,18.08%,$71.73,$112.30,Tweedy Browne Updated 07 Aug 2026,Q2 2026
TTE - TotalEnergies SE,0.69,Reduce 0.42%,117108,$77.76,"$9,106,000",,$87.18,12.11%,$56.15,$93.00,Tweedy Browne Updated 07 Aug 2026,Q2 2026
UNP - Union Pacific,0.4,,19185,$271.98,"$5,218,000",,$298.17,9.63%,$207.45,$315.99,Tweedy Browne Updated 07 Aug 2026,Q2 2026
DIS - Walt Disney Co.,0.33,Buy,44975,$96.25,"$4,329,000",,$104.35,8.42%,$91.48,$118.07,Tweedy Browne Updated 07 Aug 2026,Q2 2026
GSK - GSK plc,0.32,Reduce 0.32%,81527,$52.42,"$4,274,000",,$50.39,-3.87%,$37.21,$60.66,Tweedy Browne Updated 07 Aug 2026,Q2 2026
GL - Globe Life Inc.,0.3,Reduce 19.65%,22364,$178.68,"$3,996,000",,$182.02,1.87%,$127.06,$191.55,Tweedy Browne Updated 07 Aug 2026,Q2 2026
KT - KT Corp.,0.29,Add 33.32%,222892,$17.28,"$3,852,000",,$18.95,9.66%,$17.13,$24.58,Tweedy Browne Updated 07 Aug 2026,Q2 2026
BNS - Bank of Nova Scotia,0.28,Buy,42479,$86.89,"$3,691,000",,$90.68,4.36%,$53.95,$90.78,Tweedy Browne Updated 07 Aug 2026,Q2 2026
CSCO - Cisco Systems,0.26,Reduce 46.74%,29397,$117.46,"$3,453,000",,$112.63,-4.11%,$64.42,$129.88,Tweedy Browne Updated 07 Aug 2026,Q2 2026
FDX - FedEx Corp.,0.26,Reduce 85.45%,10774,$313.16,"$3,374,000",,$337.07,7.64%,$172.82,$344.07,Tweedy Browne Updated 07 Aug 2026,Q2 2026
COP - ConocoPhillips,0.25,Add 4.66%,32137,$103.96,"$3,341,000",,$124.52,19.78%,$83.51,$134.87,Tweedy Browne Updated 07 Aug 2026,Q2 2026
PNC - PNC Financial Services,0.25,Add 40.35%,13214,$246.25,"$3,254,000",,$255.47,3.74%,$172.82,$258.13,Tweedy Browne Updated 07 Aug 2026,Q2 2026
PGR - Progressive Corp.,0.23,,13711,$218.44,"$2,995,000",,$209.06,-4.29%,$187.79,$239.38,Tweedy Browne Updated 07 Aug 2026,Q2 2026
GIII - G-III Apparel Group,0.22,Add 41.60%,85600,$33.71,"$2,886,000",,$33.92,0.62%,$24.45,$37.54,Tweedy Browne Updated 07 Aug 2026,Q2 2026
UL - Unilever PLC,0.22,Reduce 5.05%,49084,$60.12,"$2,951,000",,$62.65,4.21%,$53.97,$73.09,Tweedy Browne Updated 07 Aug 2026,Q2 2026
ARW - Arrow Electronics,0.21,Add 10.02%,12839,$213.41,"$2,740,000",,$209.50,-1.83%,$101.79,$237.33,Tweedy Browne Updated 07 Aug 2026,Q2 2026
DINO - HF Sinclair Corp.,0.21,Add 30.99%,38922,$69.65,"$2,711,000",,$91.84,31.86%,$42.12,$93.64,Tweedy Browne Updated 07 Aug 2026,Q2 2026
HAFN - Hafnia Ltd,0.21,Add 9.94%,414383,$6.64,"$2,752,000",,$7.64,15.06%,$4.79,$9.18,Tweedy Browne Updated 07 Aug 2026,Q2 2026
ARLP - Alliance Resource Partners LP,0.2,Add 54.26%,111658,$23.98,"$2,678,000",,$24.87,3.71%,$20.15,$28.08,Tweedy Browne Updated 07 Aug 2026,Q2 2026
REZI - Resideo Technologies Inc.,0.2,Add 15.10%,84748,$31.10,"$2,636,000",,$21.31,-31.48%,$18.88,$32.01,Tweedy Browne Updated 07 Aug 2026,Q2 2026
ALSN - Allison Transmission Holdings,0.19,Add 37.95%,21791,$112.75,"$2,457,000",,$123.02,9.11%,$75.38,$137.28,Tweedy Browne Updated 07 Aug 2026,Q2 2026
ELV - Elevance Health Inc.,0.19,Add 33.80%,6417,$386.79,"$2,482,000",,$398.02,2.90%,$272.05,$436.24,Tweedy Browne Updated 07 Aug 2026,Q2 2026
EVTC - EVERTEC Inc.,0.19,Buy,88487,$27.78,"$2,458,000",,$31.76,14.33%,$21.73,$37.44,Tweedy Browne Updated 07 Aug 2026,Q2 2026
VSNT - Versant Media Group Inc.,0.19,Add 83.97%,69343,$36.01,"$2,497,000",,$38.64,7.30%,$26.61,$45.11,Tweedy Browne Updated 07 Aug 2026,Q2 2026
CROX - Crocs Inc.,0.18,Add 36.86%,19181,$120.64,"$2,314,000",,$131.70,9.17%,$73.21,$141.28,Tweedy Browne Updated 07 Aug 2026,Q2 2026
NTR - Nutrien Ltd.,0.18,Add 9.34%,37327,$62.98,"$2,351,000",,$67.19,6.68%,$51.72,$83.98,Tweedy Browne Updated 07 Aug 2026,Q2 2026
ABG - Asbury Automotive Group Inc.,0.16,Add 42.08%,10305,$201.07,"$2,072,000",,$209.53,4.21%,$172.01,$263.38,Tweedy Browne Updated 07 Aug 2026,Q2 2026
ALLY - Ally Financial Inc.,0.16,Add 41.11%,47288,$45.95,"$2,173,000",,$44.64,-2.85%,$35.43,$46.96,Tweedy Browne Updated 07 Aug 2026,Q2 2026
BMY - Bristol-Myers Squibb,0.16,Add 43.63%,37570,$57.63,"$2,165,000",,$64.58,12.06%,$41.13,$68.10,Tweedy Browne Updated 07 Aug 2026,Q2 2026
CI - Cigna Group,0.16,Add 42.21%,7644,$275.64,"$2,107,000",,$277.40,0.64%,$235.50,$310.19,Tweedy Browne Updated 07 Aug 2026,Q2 2026
HTLD - Heartland Express,0.16,Add 9.05%,138119,$15.22,"$2,102,000",,$12.80,-15.90%,$6.96,$16.61,Tweedy Browne Updated 07 Aug 2026,Q2 2026
LULU - Lululemon Athletica Inc.,0.16,Buy,17963,$114.18,"$2,051,000",,$120.25,5.32%,$104.44,$225.98,Tweedy Browne Updated 07 Aug 2026,Q2 2026
PSX - Phillips 66,0.16,Reduce 0.69%,12282,$169.03,"$2,076,000",,$231.43,36.92%,$115.58,$231.43,Tweedy Browne Updated 07 Aug 2026,Q2 2026
WU - Western Union Co.,0.16,Add 57.08%,272476,$7.70,"$2,098,000",,$7.46,-3.12%,$6.27,$9.78,Tweedy Browne Updated 07 Aug 2026,Q2 2026
CAG - Conagra Brands Inc.,0.15,Buy,146196,$13.46,"$1,968,000",,$15.39,14.34%,$12.39,$19.59,Tweedy Browne Updated 07 Aug 2026,Q2 2026
SIRI - SiriusXM Holdings Inc,0.15,Add 41.83%,66492,$29.54,"$1,964,000",,$28.03,-5.11%,$19.15,$32.37,Tweedy Browne Updated 07 Aug 2026,Q2 2026
TDW - Tidewater Inc.,0.15,Add 14.03%,29555,$66.62,"$1,969,000",,$91.11,36.76%,$46.65,$93.13,Tweedy Browne Updated 07 Aug 2026,Q2 2026
THO - Thor Industries,0.15,Buy,26526,$75.17,"$1,994,000",,$78.56,4.51%,$69.23,$121.16,Tweedy Browne Updated 07 Aug 2026,Q2 2026
MTDR - Matador Resources Co.,0.14,Add 33.99%,37901,$49.79,"$1,887,000",,$51.46,3.35%,$35.98,$65.88,Tweedy Browne Updated 07 Aug 2026,Q2 2026
UPS - United Parcel Service,0.14,Add 7.19%,16630,$107.52,"$1,788,000",,$105.38,-1.99%,$78.17,$118.73,Tweedy Browne Updated 07 Aug 2026,Q2 2026
AAP - Advance Auto Parts,0.13,Add 12.19%,27118,$62.21,"$1,687,000",,$57.76,-7.15%,$37.33,$64.62,Tweedy Browne Updated 07 Aug 2026,Q2 2026
BLDR - Builders FirstSource Inc.,0.13,Buy,19598,$89.50,"$1,754,000",,$73.94,-17.39%,$65.10,$151.03,Tweedy Browne Updated 07 Aug 2026,Q2 2026
GLOB - Globant S.A.,0.13,Buy,61306,$28.94,"$1,774,000",,$41.28,42.64%,$27.56,$79.67,Tweedy Browne Updated 07 Aug 2026,Q2 2026
HP - Helmerich & Payne,0.13,Add 8.34%,52236,$32.74,"$1,710,000",,$42.87,30.94%,$16.80,$43.25,Tweedy Browne Updated 07 Aug 2026,Q2 2026
SHOE - Shoe Carnival Inc.,0.13,Buy,116763,$14.83,"$1,732,000",,$15.39,3.78%,$14.00,$25.61,Tweedy Browne Updated 07 Aug 2026,Q2 2026
TAP - Molson Coors Beverage Co.,0.13,Add 40.79%,44702,$38.97,"$1,742,000",,$42.13,8.11%,$38.04,$53.62,Tweedy Browne Updated 07 Aug 2026,Q2 2026
UNH - United Health Group Inc.,0.13,Add 11.51%,4089,$415.75,"$1,700,000",,$399.39,-3.94%,$254.51,$461.62,Tweedy Browne Updated 07 Aug 2026,Q2 2026
ASGN - ASGN Inc.,0.12,Buy,87577,$17.87,"$1,565,000",,,,,,Tweedy Browne Updated 07 Aug 2026,Q2 2026
BZH - Beazer Homes USA,0.12,Add 7.74%,54435,$28.05,"$1,527,000",,$33.19,18.32%,$17.83,$34.54,Tweedy Browne Updated 07 Aug 2026,Q2 2026
CNC - Centene Corp.,0.12,Add 32.53%,25121,$64.21,"$1,613,000",,$65.99,2.77%,$26.23,$69.36,Tweedy Browne Updated 07 Aug 2026,Q2 2026
LKQ - LKQ Corp.,0.12,Add 45.54%,62066,$26.33,"$1,634,000",,$24.86,-5.58%,$21.17,$36.34,Tweedy Browne Updated 07 Aug 2026,Q2 2026
LW - Lamb Weston Hldgs Inc.,0.12,Add 43.59%,37275,$43.19,"$1,610,000",,$54.24,25.58%,$37.02,$65.06,Tweedy Browne Updated 07 Aug 2026,Q2 2026
DVN - Devon Energy Corp.,0.11,Add 33.27%,34147,$41.32,"$1,411,000",,$44.43,7.53%,$30.89,$52.34,Tweedy Browne Updated 07 Aug 2026,Q2 2026
KVUE - Kenvue Inc,0.11,Add 78.33%,72949,$19.11,"$1,394,000",,$19.21,0.52%,$13.38,$20.95,Tweedy Browne Updated 07 Aug 2026,Q2 2026
LPG - Dorian LPG Ltd,0.11,Add 12.46%,39902,$34.79,"$1,388,000",,$45.95,32.08%,$22.18,$47.88,Tweedy Browne Updated 07 Aug 2026,Q2 2026
AMN - AMN Healthcare Services,0.09,Add 33.39%,37299,$32.36,"$1,207,000",,$34.03,5.16%,$14.97,$37.22,Tweedy Browne Updated 07 Aug 2026,Q2 2026
BSM - Black Stone Minerals L.P.,0.09,Add 7.97%,83530,$13.97,"$1,167,000",,$14.27,2.15%,$10.79,$14.81,Tweedy Browne Updated 07 Aug 2026,Q2 2026
EMR - Emerson Electric,0.09,Reduce 2.24%,8743,$143.20,"$1,252,000",,$163.29,14.03%,$122.14,$166.35,Tweedy Browne Updated 07 Aug 2026,Q2 2026
VZ - Verizon Communications,0.08,Reduce 0.39%,23878,$42.34,"$1,011,000",,$48.10,13.60%,$36.55,$50.06,Tweedy Browne Updated 07 Aug 2026,Q2 2026
CMCSA - Comcast Corp.,0.06,Reduce 0.53%,31330,$24.55,"$769,000",,$26.08,6.23%,$21.28,$32.04,Tweedy Browne Updated 07 Aug 2026,Q2 2026
HLN - Haleon Plc ADR,0.05,Reduce 0.98%,72035,$9.33,"$672,000",,$9.79,4.93%,$8.59,$11.13,Tweedy Browne Updated 07 Aug 2026,Q2 2026
OEC - Orion SA,0.05,Add 48.10%,90520,$6.63,"$600,000",,$6.45,-2.71%,$4.28,$10.73,Tweedy Browne Updated 07 Aug 2026,Q2 2026
FMC - FMC Corp.,0.04,Add 42.29%,43935,$11.49,"$505,000",,$10.08,-12.27%,$9.95,$39.44,Tweedy Browne Updated 07 Aug 2026,Q2 2026
BABA - Alibaba Group Holdings,0.03,Reduce 2.46%,3960,$95.96,"$380,000",,$122.17,27.31%,$91.99,$190.92,Tweedy Browne Updated 07 Aug 2026,Q2 2026
FDXF - FedEx Freight Holding Co.,0.03,Buy,2206,$150.95,"$333,000",,$149.15,-1.19%,$135.00,$200.00,Tweedy Browne Updated 07 Aug 2026,Q2 2026
BAX - Baxter International Inc.,0.02,Reduce 2.67%,9479,$21.31,"$202,000",,$27.07,27.03%,$15.72,$30.00,Tweedy Browne Updated 07 Aug 2026,Q2 2026
CNXC - Concentrix Corp.,0.02,Reduce 1.41%,13431,$22.41,"$301,000",,$24.85,10.89%,$18.81,$55.22,Tweedy Browne Updated 07 Aug 2026,Q2 2026
INTC - Intel Corp.,0.02,Buy,1500,$139.33,"$209,000",,$104.81,-24.78%,$21.36,$142.35,Tweedy Browne Updated 07 Aug 2026,Q2 2026
MICC - Magnum Ice Cream Co NV,0.02,Reduce 3.26%,11654,$17.42,"$203,000",,$20.03,14.98%,$12.94,$20.03,Tweedy Browne Updated 07 Aug 2026,Q2 2026
MGA - Magna International Inc.,6.54,Reduce 5.71%,23882824,$93.26,"$2,227,312,000",,$69.76,-25.20%,$42.03,$71.96,Richard Pzena - Pzena Investment Management Updated 07 Aug 2026,Q2 2026
HUM - Humana Inc.,5.13,Reduce 19.52%,4403136,$397.22,"$1,749,013,000",,$383.88,-3.36%,$161.90,$428.88,Richard Pzena - Pzena Investment Management Updated 07 Aug 2026,Q2 2026
BAX - Baxter International Inc.,4.09,Add 1.19%,65295393,$21.32,"$1,392,098,000",,$27.07,26.97%,$15.72,$30.00,Richard Pzena - Pzena Investment Management Updated 07 Aug 2026,Q2 2026
CVS - CVS Health Corp.,3.57,Reduce 14.55%,11769536,$103.45,"$1,217,558,000",,$94.57,-8.58%,$63.26,$110.00,Richard Pzena - Pzena Investment Management Updated 07 Aug 2026,Q2 2026
DG - Dollar General,3.45,Add 48.20%,10222060,$115.11,"$1,176,662,000",,$122.16,6.12%,$93.78,$156.68,Richard Pzena - Pzena Investment Management Updated 07 Aug 2026,Q2 2026
SWKS - Skyworks Solutions Inc.,3.18,Reduce 0.84%,15973040,$67.80,"$1,082,972,000",,$70.08,3.36%,$51.48,$88.05,Richard Pzena - Pzena Investment Management Updated 07 Aug 2026,Q2 2026
CTSH - Cognizant Technology Solutions,3.02,Add 30.93%,26529172,$38.73,"$1,027,475,000",,$59.33,53.19%,$37.08,$85.98,Richard Pzena - Pzena Investment Management Updated 07 Aug 2026,Q2 2026
BMY - Bristol-Myers Squibb,2.88,Reduce 0.52%,17007044,$57.62,"$979,945,000",,$64.58,12.08%,$41.13,$68.10,Richard Pzena - Pzena Investment Management Updated 07 Aug 2026,Q2 2026
TSN - Tyson Foods,2.86,Reduce 0.81%,17016651,$57.25,"$974,203,000",,$56.49,-1.33%,$49.30,$68.90,Richard Pzena - Pzena Investment Management Updated 07 Aug 2026,Q2 2026
CRBG - Corebridge Financial Inc.,2.84,Add 24.94%,33789727,$28.63,"$967,399,000",,$34.21,19.49%,$21.90,$34.81,Richard Pzena - Pzena Investment Management Updated 07 Aug 2026,Q2 2026
PPG - PPG Industries,2.78,Add 4.40%,7807438,$121.29,"$946,964,000",,$114.59,-5.52%,$91.35,$130.99,Richard Pzena - Pzena Investment Management Updated 07 Aug 2026,Q2 2026
MET - MetLife Inc.,2.76,Reduce 1.53%,11130983,$84.61,"$941,793,000",,$97.27,14.96%,$66.41,$100.93,Richard Pzena - Pzena Investment Management Updated 07 Aug 2026,Q2 2026
COF - Capital One Financial,2.71,Add 0.30%,4593920,$200.62,"$921,632,000",,$223.88,11.59%,$174.23,$257.54,Richard Pzena - Pzena Investment Management Updated 07 Aug 2026,Q2 2026
UBS - UBS AG,2.66,Reduce 14.84%,22604129,$40.06,"$905,521,000",,$53.68,34.00%,$35.38,$55.15,Richard Pzena - Pzena Investment Management Updated 07 Aug 2026,Q2 2026
LEA - Lear Corp.,2.61,Reduce 1.78%,6638413,$134.06,"$889,946,000",,$122.04,-8.97%,$94.25,$150.00,Richard Pzena - Pzena Investment Management Updated 07 Aug 2026,Q2 2026
GPN - Global Payments Inc.,2.49,Add 0.65%,11691625,$72.56,"$848,344,000",,$94.50,30.24%,$60.93,$94.50,Richard Pzena - Pzena Investment Management Updated 07 Aug 2026,Q2 2026
C - Citigroup Inc.,2.28,Reduce 32.13%,5548789,$139.96,"$776,609,000",,$138.83,-0.81%,$88.80,$147.21,Richard Pzena - Pzena Investment Management Updated 07 Aug 2026,Q2 2026
WFC - Wells Fargo,2.14,Add 0.62%,8827468,$82.64,"$729,502,000",,$88.28,6.82%,$72.36,$96.18,Richard Pzena - Pzena Investment Management Updated 07 Aug 2026,Q2 2026
DOX - Amdocs Ltd.,2.07,Add 10.28%,13985330,$50.54,"$706,818,000",,$58.60,15.95%,$49.24,$85.74,Richard Pzena - Pzena Investment Management Updated 07 Aug 2026,Q2 2026
SSNC - SS&C Technologies Holdings Inc.,2.01,Add 13.79%,11036568,$62.05,"$684,819,000",,$82.02,32.18%,$61.40,$89.82,Richard Pzena - Pzena Investment Management Updated 07 Aug 2026,Q2 2026
NOV - Nov Inc.,1.98,Reduce 3.09%,36376087,$18.55,"$674,776,000",,$20.69,11.54%,$11.73,$21.46,Richard Pzena - Pzena Investment Management Updated 07 Aug 2026,Q2 2026
ACN - Accenture,1.88,Add 113.75%,5142176,$124.44,"$639,893,000",,$178.85,43.72%,$116.75,$285.21,Richard Pzena - Pzena Investment Management Updated 07 Aug 2026,Q2 2026
PVH - PVH Corp.,1.31,Add 3.77%,5986677,$74.26,"$444,570,000",,$81.45,9.68%,$59.58,$100.75,Richard Pzena - Pzena Investment Management Updated 07 Aug 2026,Q2 2026
LKQ - LKQ Corp.,1.17,Add 142.94%,15142285,$26.33,"$398,696,000",,$24.86,-5.58%,$21.17,$36.34,Richard Pzena - Pzena Investment Management Updated 07 Aug 2026,Q2 2026
CDW - CDW Corp.,1.09,Add 136.56%,2638900,$140.64,"$371,135,000",,$140.11,-0.38%,$96.55,$168.93,Richard Pzena - Pzena Investment Management Updated 07 Aug 2026,Q2 2026
BAC - Bank of America Corp.,1.06,Reduce 1.75%,6310363,$56.98,"$359,564,000",,$64.06,12.43%,$45.79,$64.95,Richard Pzena - Pzena Investment Management Updated 07 Aug 2026,Q2 2026
DOW - Dow Inc.,1.0,Reduce 33.99%,12507011,$27.36,"$342,192,000",,$30.30,10.75%,$19.91,$42.31,Richard Pzena - Pzena Investment Management Updated 07 Aug 2026,Q2 2026
FMS - Fresenius Medical Care AG & Co KCaG,1.0,Reduce 0.40%,14992081,$22.61,"$338,971,000",,$23.65,4.60%,$19.24,$26.57,Richard Pzena - Pzena Investment Management Updated 07 Aug 2026,Q2 2026
BAP - Credicorp Ltd.,0.96,Reduce 8.28%,836569,$389.58,"$325,911,000",,$377.14,-3.19%,$230.45,$413.25,Richard Pzena - Pzena Investment Management Updated 07 Aug 2026,Q2 2026
VOYA - Voya Financial Inc.,0.94,Reduce 3.91%,3529646,$90.53,"$319,539,000",,$100.83,11.38%,$64.13,$103.85,Richard Pzena - Pzena Investment Management Updated 07 Aug 2026,Q2 2026
NWL - Newell Brands Inc.,0.87,Add 0.39%,47990664,$6.14,"$294,663,000",,$6.12,-0.33%,$2.91,$7.13,Richard Pzena - Pzena Investment Management Updated 07 Aug 2026,Q2 2026
UHS - Universal Health Services Inc.,0.86,Add 2.99%,1969327,$148.69,"$292,819,000",,$172.46,15.99%,$140.08,$245.55,Richard Pzena - Pzena Investment Management Updated 07 Aug 2026,Q2 2026
AVT - Avnet Inc.,0.81,Reduce 45.18%,3120395,$88.82,"$277,153,000",,$96.32,8.44%,$43.52,$100.00,Richard Pzena - Pzena Investment Management Updated 07 Aug 2026,Q2 2026
AAP - Advance Auto Parts,0.8,Add 2.06%,4389501,$62.22,"$273,115,000",,$57.76,-7.17%,$37.33,$64.62,Richard Pzena - Pzena Investment Management Updated 07 Aug 2026,Q2 2026
KSPI - Jsc Kaspi.kz ADR,0.78,Add 14.95%,3071888,$86.64,"$266,148,000",,$98.83,14.07%,$65.63,$99.60,Richard Pzena - Pzena Investment Management Updated 07 Aug 2026,Q2 2026
DAL - Delta Air Lines Inc.,0.72,Reduce 6.73%,2618707,$93.66,"$245,268,000",,$91.65,-2.15%,$54.60,$95.44,Richard Pzena - Pzena Investment Management Updated 07 Aug 2026,Q2 2026
EQH - Equitable Holdings Inc.,0.72,Add 24.58%,5561804,$43.88,"$244,052,000",,$52.69,20.08%,$34.72,$53.80,Richard Pzena - Pzena Investment Management Updated 07 Aug 2026,Q2 2026
MDT - Medtronic plc,0.72,Reduce 0.29%,3147999,$78.23,"$246,268,000",,$90.60,15.81%,$72.65,$103.76,Richard Pzena - Pzena Investment Management Updated 07 Aug 2026,Q2 2026
GL - Globe Life Inc.,0.71,Add 32.11%,1355811,$178.68,"$242,256,000",,$182.02,1.87%,$127.06,$191.55,Richard Pzena - Pzena Investment Management Updated 07 Aug 2026,Q2 2026
WDAY - Workday Inc.,0.71,Buy,1971270,$122.42,"$241,323,000",,$206.55,68.72%,$110.36,$249.85,Richard Pzena - Pzena Investment Management Updated 07 Aug 2026,Q2 2026
SPB - Spectrum Brands Holdings Inc.,0.61,Add 3.52%,2420808,$85.75,"$207,584,000",,$90.18,5.17%,$48.98,$99.06,Richard Pzena - Pzena Investment Management Updated 07 Aug 2026,Q2 2026
MICC - Magnum Ice Cream Co NV,0.59,Add 87.60%,13199616,$15.24,"$201,109,000",,$20.03,31.43%,$12.94,$20.03,Richard Pzena - Pzena Investment Management Updated 07 Aug 2026,Q2 2026
SHEL - Shell plc,0.59,Reduce 19.25%,2581244,$77.54,"$200,150,000",,$89.92,15.97%,$67.38,$94.05,Richard Pzena - Pzena Investment Management Updated 07 Aug 2026,Q2 2026
RHI - Robert Half International,0.56,Add 4.28%,6222305,$30.70,"$191,025,000",,$43.41,41.40%,$21.36,$44.18,Richard Pzena - Pzena Investment Management Updated 07 Aug 2026,Q2 2026
ZTO - ZTO Express,0.48,Reduce 1.86%,7322331,$22.38,"$163,874,000",,$22.92,2.41%,$17.19,$25.97,Richard Pzena - Pzena Investment Management Updated 07 Aug 2026,Q2 2026
MBC - Masterbrand Inc,0.46,Add 301.93%,15329483,$10.29,"$157,740,000",,$9.28,-9.82%,$6.61,$14.22,Richard Pzena - Pzena Investment Management Updated 07 Aug 2026,Q2 2026
CI - Cigna Group,0.45,Reduce 2.84%,562036,$275.68,"$154,942,000",,$277.40,0.62%,$235.50,$310.19,Richard Pzena - Pzena Investment Management Updated 07 Aug 2026,Q2 2026
CSCO - Cisco Systems,0.44,Reduce 2.09%,1281329,$117.46,"$150,505,000",,$112.63,-4.11%,$64.42,$129.88,Richard Pzena - Pzena Investment Management Updated 07 Aug 2026,Q2 2026
PFE - Pfizer Inc.,0.42,Add 0.57%,5958922,$24.08,"$143,491,000",,$26.73,11.00%,$22.03,$27.79,Richard Pzena - Pzena Investment Management Updated 07 Aug 2026,Q2 2026
MHK - Mohawk Industries,0.41,Reduce 0.87%,1142841,$121.33,"$138,661,000",,$139.28,14.79%,$92.99,$143.13,Richard Pzena - Pzena Investment Management Updated 07 Aug 2026,Q2 2026
HAL - Halliburton Co.,0.39,Reduce 3.48%,3925702,$33.95,"$133,278,000",,$32.92,-3.03%,$20.10,$43.41,Richard Pzena - Pzena Investment Management Updated 07 Aug 2026,Q2 2026
BEKE - KE Holdings Inc.,0.38,Buy,8877643,$14.53,"$128,992,000",,$16.90,16.31%,$13.81,$20.60,Richard Pzena - Pzena Investment Management Updated 07 Aug 2026,Q2 2026
CNO - CNO Financial Group Inc.,0.37,Reduce 1.18%,2441665,$50.98,"$124,476,000",,$54.73,7.36%,$36.75,$57.59,Richard Pzena - Pzena Investment Management Updated 07 Aug 2026,Q2 2026
KT - KT Corp.,0.37,Add 1.55%,7286500,$17.28,"$125,911,000",,$18.95,9.66%,$17.13,$24.58,Richard Pzena - Pzena Investment Management Updated 07 Aug 2026,Q2 2026
GLOB - Globant S.A.,0.33,Add 30.01%,3859718,$28.94,"$111,700,000",,$41.28,42.64%,$27.56,$79.67,Richard Pzena - Pzena Investment Management Updated 07 Aug 2026,Q2 2026
TEL - TE Connectivity plc,0.33,Reduce 8.00%,555637,$201.61,"$112,022,000",,$215.83,7.05%,$190.27,$251.59,Richard Pzena - Pzena Investment Management Updated 07 Aug 2026,Q2 2026
JPM - JPMorgan Chase & Co.,0.32,Reduce 0.94%,334094,$327.33,"$109,359,000",,$363.49,11.05%,$276.43,$366.09,Richard Pzena - Pzena Investment Management Updated 07 Aug 2026,Q2 2026
ST - Sensata Technologies Holding,0.32,Reduce 35.33%,2251907,$47.74,"$107,506,000",,$45.33,-5.05%,$27.92,$53.75,Richard Pzena - Pzena Investment Management Updated 07 Aug 2026,Q2 2026
MS - Morgan Stanley,0.28,Reduce 4.59%,454492,$209.04,"$95,007,000",,$218.69,4.62%,$137.90,$230.98,Richard Pzena - Pzena Investment Management Updated 07 Aug 2026,Q2 2026
G - Genpact Ltd.,0.27,Add 353.46%,3319546,$27.50,"$91,288,000",,$34.31,24.76%,$26.85,$48.12,Richard Pzena - Pzena Investment Management Updated 07 Aug 2026,Q2 2026
ARCO - Arcos Dorados Holdings Inc.,0.26,Add 0.59%,10804358,$8.06,"$87,083,000",,$8.12,0.74%,$6.38,$9.67,Richard Pzena - Pzena Investment Management Updated 07 Aug 2026,Q2 2026
FITB - Fifth Third Bancorp,0.26,Reduce 3.12%,1584757,$56.37,"$89,333,000",,$58.10,3.07%,$39.08,$59.50,Richard Pzena - Pzena Investment Management Updated 07 Aug 2026,Q2 2026
DIS - Walt Disney Co.,0.25,Add 879.28%,883495,$96.25,"$85,036,000",,$104.35,8.42%,$91.48,$118.07,Richard Pzena - Pzena Investment Management Updated 07 Aug 2026,Q2 2026
ELV - Elevance Health Inc.,0.25,Add 2.00%,224575,$386.73,"$86,850,000",,$398.02,2.92%,$272.05,$436.24,Richard Pzena - Pzena Investment Management Updated 07 Aug 2026,Q2 2026
STZ - Constellation Brands,0.24,Add 0.59%,599314,$139.09,"$83,359,000",,$135.48,-2.60%,$123.82,$166.32,Richard Pzena - Pzena Investment Management Updated 07 Aug 2026,Q2 2026
XOM - ExxonMobil Holdings Corp.,0.24,Reduce 4.49%,589449,$136.72,"$80,589,000",,$158.68,16.06%,$102.47,$175.22,Richard Pzena - Pzena Investment Management Updated 07 Aug 2026,Q2 2026
ABM - ABM Industries,0.23,Add 18.73%,1808203,$44.24,"$79,995,000",,$48.16,8.86%,$36.45,$49.80,Richard Pzena - Pzena Investment Management Updated 07 Aug 2026,Q2 2026
OLN - Olin Corp.,0.23,Reduce 12.22%,3890204,$19.82,"$77,104,000",,$19.08,-3.73%,$17.73,$30.25,Richard Pzena - Pzena Investment Management Updated 07 Aug 2026,Q2 2026
CNXC - Concentrix Corp.,0.22,Add 15.99%,3413879,$22.41,"$76,488,000",,$24.85,10.89%,$18.81,$55.22,Richard Pzena - Pzena Investment Management Updated 07 Aug 2026,Q2 2026
ONB - Old National Bancorp,0.22,Add 5.56%,2843497,$25.90,"$73,647,000",,$27.01,4.29%,$19.04,$27.36,Richard Pzena - Pzena Investment Management Updated 07 Aug 2026,Q2 2026
PLOW - Douglas Dynamics,0.22,Reduce 13.08%,1384680,$53.95,"$74,703,000",,$41.79,-22.54%,$27.89,$55.00,Richard Pzena - Pzena Investment Management Updated 07 Aug 2026,Q2 2026
TFX - Teleflex,0.22,Reduce 13.72%,603206,$126.76,"$76,462,000",,$136.60,7.76%,$99.63,$145.00,Richard Pzena - Pzena Investment Management Updated 07 Aug 2026,Q2 2026
GPC - Genuine Parts,0.21,Add 3.11%,591970,$117.98,"$69,841,000",,$135.11,14.52%,$89.80,$148.58,Richard Pzena - Pzena Investment Management Updated 07 Aug 2026,Q2 2026
HSIC - Henry Schein Inc.,0.21,Reduce 3.03%,860733,$83.52,"$71,888,000",,$89.59,7.27%,$61.95,$92.18,Richard Pzena - Pzena Investment Management Updated 07 Aug 2026,Q2 2026
ADNT - Adient plc,0.2,Add 3.73%,3771026,$18.38,"$69,311,000",,$19.73,7.34%,$17.68,$27.32,Richard Pzena - Pzena Investment Management Updated 07 Aug 2026,Q2 2026
COLB - Columbia Banking System Inc.,0.2,Add 4.73%,2129322,$32.05,"$68,245,000",,$32.38,1.03%,$22.94,$33.68,Richard Pzena - Pzena Investment Management Updated 07 Aug 2026,Q2 2026
MMI - Marcus & Millichap Inc.,0.2,Add 6.37%,2141001,$31.17,"$66,735,000",,$31.49,1.03%,$24.20,$33.04,Richard Pzena - Pzena Investment Management Updated 07 Aug 2026,Q2 2026
NOK - Nokia Corp.,0.2,Reduce 92.10%,5010906,$13.28,"$66,545,000",,$10.63,-19.95%,$4.04,$17.36,Richard Pzena - Pzena Investment Management Updated 07 Aug 2026,Q2 2026
WSFS - WSFS Financial Corp.,0.2,Add 1.13%,888496,$76.73,"$68,174,000",,$81.44,6.14%,$49.37,$82.74,Richard Pzena - Pzena Investment Management Updated 07 Aug 2026,Q2 2026
OSK - Oshkosh Corp.,0.19,Reduce 5.26%,415766,$153.48,"$63,812,000",,$151.78,-1.11%,$116.25,$179.20,Richard Pzena - Pzena Investment Management Updated 07 Aug 2026,Q2 2026
ASB - Associated Banc-Corp,0.18,Add 3.50%,1990243,$30.77,"$61,240,000",,$32.15,4.48%,$23.23,$32.39,Richard Pzena - Pzena Investment Management Updated 07 Aug 2026,Q2 2026
GOOGL - Alphabet Inc.,0.18,,171157,$357.37,"$61,166,000",,$346.14,-3.14%,$196.04,$408.37,Richard Pzena - Pzena Investment Management Updated 07 Aug 2026,Q2 2026
MLKN - MillerKnoll Inc.,0.18,Add 51.96%,3032700,$20.46,"$62,049,000",,$23.91,16.86%,$13.34,$24.71,Richard Pzena - Pzena Investment Management Updated 07 Aug 2026,Q2 2026
KFY - Korn Ferry,0.17,Add 8.81%,867680,$66.58,"$57,770,000",,$84.31,26.63%,$57.98,$85.69,Richard Pzena - Pzena Investment Management Updated 07 Aug 2026,Q2 2026
SCSC - ScanSource Inc.,0.17,Add 21.52%,1109743,$52.09,"$57,807,000",,$52.72,1.21%,$33.76,$59.60,Richard Pzena - Pzena Investment Management Updated 07 Aug 2026,Q2 2026
AEBI - Aebi Schmidt Holding Ag,0.16,Add 5.07%,4319337,$12.55,"$54,208,000",,$13.87,10.52%,$8.89,$15.90,Richard Pzena - Pzena Investment Management Updated 07 Aug 2026,Q2 2026
HUN - Huntsman Corp.,0.16,Reduce 11.26%,5161672,$10.62,"$54,817,000",,$10.35,-2.54%,$7.15,$16.09,Richard Pzena - Pzena Investment Management Updated 07 Aug 2026,Q2 2026
RF - Regions Financial Corp.,0.16,,1839825,$30.20,"$55,563,000",,$31.66,4.83%,$22.04,$32.47,Richard Pzena - Pzena Investment Management Updated 07 Aug 2026,Q2 2026
WGO - Winnebago Industries Inc.,0.16,Add 72.11%,1709531,$31.24,"$53,406,000",,$32.59,4.32%,$26.80,$49.03,Richard Pzena - Pzena Investment Management Updated 07 Aug 2026,Q2 2026
REZI - Resideo Technologies Inc.,0.15,Add 22.49%,1686765,$31.10,"$52,458,000",,$21.31,-31.48%,$18.88,$32.01,Richard Pzena - Pzena Investment Management Updated 07 Aug 2026,Q2 2026
KOP - Koppers Holdings Inc.,0.14,Reduce 12.25%,1061285,$44.90,"$47,652,000",,$46.14,2.76%,$24.82,$53.00,Richard Pzena - Pzena Investment Management Updated 07 Aug 2026,Q2 2026
MBUU - Malibu Boats Inc.,0.14,Add 5.70%,1794261,$27.43,"$49,217,000",,$29.24,6.60%,$23.84,$39.65,Richard Pzena - Pzena Investment Management Updated 07 Aug 2026,Q2 2026
TGT - Target Corp.,0.14,Add 0.03%,373503,$130.61,"$48,783,000",,$155.54,19.09%,$81.20,$155.71,Richard Pzena - Pzena Investment Management Updated 07 Aug 2026,Q2 2026
HR - Healthcare Realty Trust Inc.,0.13,,2225430,$20.17,"$44,887,000",,$19.26,-4.51%,$15.34,$21.77,Richard Pzena - Pzena Investment Management Updated 07 Aug 2026,Q2 2026
MSM - MSC Industrial Direct,0.13,Reduce 15.96%,373664,$118.95,"$44,447,000",,$121.03,1.75%,$76.68,$130.46,Richard Pzena - Pzena Investment Management Updated 07 Aug 2026,Q2 2026
VREX - Varex Imaging Corp.,0.13,Add 8.82%,4344381,$10.43,"$45,312,000",,$18.50,77.37%,$9.09,$18.63,Richard Pzena - Pzena Investment Management Updated 07 Aug 2026,Q2 2026
CBRE - CBRE Group,0.12,Add 1.30%,305781,$134.69,"$41,186,000",,$151.16,12.23%,$121.69,$174.27,Richard Pzena - Pzena Investment Management Updated 07 Aug 2026,Q2 2026
HDB - HDFC Bank Ltd.,0.12,Add 6.18%,1613476,$25.83,"$41,676,000",,$23.19,-10.22%,$22.26,$37.19,Richard Pzena - Pzena Investment Management Updated 07 Aug 2026,Q2 2026
HVT - Haverty Furniture,0.12,Add 7.07%,1563451,$25.53,"$39,915,000",,$28.72,12.50%,$19.04,$29.83,Richard Pzena - Pzena Investment Management Updated 07 Aug 2026,Q2 2026
SHG - Shinhan Financial Group Company,0.12,Reduce 3.07%,669474,$63.25,"$42,344,000",,$75.06,18.67%,$46.26,$77.54,Richard Pzena - Pzena Investment Management Updated 07 Aug 2026,Q2 2026
DNOW - NOW Inc.,0.11,Reduce 6.52%,2893482,$12.97,"$37,528,000",,$16.29,25.60%,$10.94,$17.26,Richard Pzena - Pzena Investment Management Updated 07 Aug 2026,Q2 2026
GCO - Genesco Inc.,0.11,Add 1.68%,1098722,$33.77,"$37,104,000",,$35.35,4.68%,$21.93,$43.60,Richard Pzena - Pzena Investment Management Updated 07 Aug 2026,Q2 2026
GD - General Dynamics,0.11,Add 1.03%,108574,$354.24,"$38,461,000",,$392.56,10.82%,$305.43,$400.00,Richard Pzena - Pzena Investment Management Updated 07 Aug 2026,Q2 2026
HCA - HCA Healthcare Inc.,0.11,Add 2.48%,96598,$389.89,"$37,663,000",,$411.50,5.54%,$353.99,$554.58,Richard Pzena - Pzena Investment Management Updated 07 Aug 2026,Q2 2026
KEY - KeyCorp,0.11,Reduce 3.73%,1597019,$23.05,"$36,811,000",,$23.04,-0.04%,$15.97,$24.07,Richard Pzena - Pzena Investment Management Updated 07 Aug 2026,Q2 2026
UVSP - Univest Financial Corp.,0.11,Reduce 0.93%,834628,$43.75,"$36,515,000",,$42.99,-1.74%,$27.34,$45.22,Richard Pzena - Pzena Investment Management Updated 07 Aug 2026,Q2 2026
AIG - American International Group,0.1,Add 1.53%,456619,$74.53,"$34,032,000",,$76.14,2.16%,$70.36,$86.21,Richard Pzena - Pzena Investment Management Updated 07 Aug 2026,Q2 2026
BFH - Bread Financial Holdings Inc.,0.1,Reduce 46.64%,327448,$108.35,"$35,479,000",,$111.62,3.02%,$53.34,$114.12,Richard Pzena - Pzena Investment Management Updated 07 Aug 2026,Q2 2026
DRH - DiamondRock Hospitality Co.,0.1,Reduce 0.18%,2829560,$12.18,"$34,464,000",,$12.27,0.74%,$7.25,$13.79,Richard Pzena - Pzena Investment Management Updated 07 Aug 2026,Q2 2026
NVST - Envista Holdings Corp.,0.09,Reduce 27.86%,1157273,$26.35,"$30,494,000",,$28.00,6.26%,$18.77,$30.42,Richard Pzena - Pzena Investment Management Updated 07 Aug 2026,Q2 2026
OEC - Orion SA,0.09,Add 3.74%,4771969,$6.63,"$31,638,000",,$6.45,-2.71%,$4.28,$10.73,Richard Pzena - Pzena Investment Management Updated 07 Aug 2026,Q2 2026
SOLV - Solventum Corp,0.09,Reduce 5.03%,417770,$77.15,"$32,231,000",,$86.36,11.94%,$62.38,$90.00,Richard Pzena - Pzena Investment Management Updated 07 Aug 2026,Q2 2026
ARW - Arrow Electronics,0.08,Reduce 40.69%,125168,$213.41,"$26,712,000",,$209.50,-1.83%,$101.79,$237.33,Richard Pzena - Pzena Investment Management Updated 07 Aug 2026,Q2 2026
HOFT - Hooker Furniture Corp.,0.08,Add 11.89%,1542623,$17.83,"$27,505,000",,$14.82,-16.88%,$8.38,$18.09,Richard Pzena - Pzena Investment Management Updated 07 Aug 2026,Q2 2026
MYE - Myers Indus,0.08,Reduce 39.20%,781014,$35.31,"$27,578,000",,$33.18,-6.03%,$15.25,$37.45,Richard Pzena - Pzena Investment Management Updated 07 Aug 2026,Q2 2026
USNA - USANA Health Sciences,0.08,Add 8.72%,1205587,$21.35,"$25,739,000",,$13.67,-35.97%,$13.51,$32.32,Richard Pzena - Pzena Investment Management Updated 07 Aug 2026,Q2 2026
LDOS - Leidos Holdings,0.07,Reduce 0.04%,247849,$102.97,"$25,521,000",,$142.76,38.64%,$98.86,$204.08,Richard Pzena - Pzena Investment Management Updated 07 Aug 2026,Q2 2026
WCC - WESCO International Inc.,0.07,Reduce 37.05%,71494,$345.43,"$24,696,000",,$363.97,5.37%,$202.38,$385.37,Richard Pzena - Pzena Investment Management Updated 07 Aug 2026,Q2 2026
HELE - Helen of Troy Ltd.,0.06,Reduce 11.11%,676577,$29.07,"$19,668,000",,$29.89,2.82%,$13.85,$30.68,Richard Pzena - Pzena Investment Management Updated 07 Aug 2026,Q2 2026
TBI - TrueBlue Inc.,0.06,Add 7.63%,3090808,$6.97,"$21,543,000",,$9.96,42.90%,$3.18,$10.74,Richard Pzena - Pzena Investment Management Updated 07 Aug 2026,Q2 2026
UVV - Universal Corp.,0.06,Add 10.32%,363477,$52.17,"$18,963,000",,$45.13,-13.49%,$44.47,$57.51,Richard Pzena - Pzena Investment Management Updated 07 Aug 2026,Q2 2026
ABEV - Ambev S.A.,0.03,Reduce 20.72%,3739889,$3.14,"$11,743,000",,$2.84,-9.55%,$2.08,$3.44,Richard Pzena - Pzena Investment Management Updated 07 Aug 2026,Q2 2026
MAN - ManpowerGroup,0.03,,351121,$33.77,"$11,857,000",,$58.67,73.73%,$24.58,$58.67,Richard Pzena - Pzena Investment Management Updated 07 Aug 2026,Q2 2026
BABA - Alibaba Group Holdings,0.01,Reduce 5.89%,26761,$96.00,"$2,569,000",,$122.17,27.26%,$91.99,$190.92,Richard Pzena - Pzena Investment Management Updated 07 Aug 2026,Q2 2026
BIDU - Baidu Inc.,0.01,Reduce 14.95%,41474,$114.29,"$4,740,000",,$104.71,-8.38%,$84.82,$165.30,Richard Pzena - Pzena Investment Management Updated 07 Aug 2026,Q2 2026
HSBC - HSBC Holdings plc,0.01,Reduce 1.65%,23555,$95.10,"$2,240,000",,$103.95,9.31%,$61.00,$107.92,Richard Pzena - Pzena Investment Management Updated 07 Aug 2026,Q2 2026
ING - ING Group NV,0.01,Add 17.60%,94897,$31.38,"$2,978,000",,$35.64,13.58%,$22.47,$35.77,Richard Pzena - Pzena Investment Management Updated 07 Aug 2026,Q2 2026
KNX - Knight-Swift Transportation,0.01,Reduce 95.28%,59406,$77.87,"$4,626,000",,$73.38,-5.77%,$38.26,$82.86,Richard Pzena - Pzena Investment Management Updated 07 Aug 2026,Q2 2026
TSM - Taiwan Semiconductor S.A.,0.01,Reduce 78.65%,4054,$477.55,"$1,936,000",,$432.89,-9.35%,$221.29,$479.00,Richard Pzena - Pzena Investment Management Updated 07 Aug 2026,Q2 2026
ADBE - Adobe Inc.,0.0,Add 8.32%,1094,$204.75,"$224,000",,$268.36,31.07%,$190.12,$370.86,Richard Pzena - Pzena Investment Management Updated 07 Aug 2026,Q2 2026
ADSK - Autodesk Inc.,0.0,Add 47.94%,1506,$194.56,"$293,000",,$255.26,31.20%,$185.50,$329.09,Richard Pzena - Pzena Investment Management Updated 07 Aug 2026,Q2 2026
BCS - Barclays plc ADR,0.0,Add 14.74%,20525,$26.85,"$551,000",,$28.13,4.77%,$18.85,$28.37,Richard Pzena - Pzena Investment Management Updated 07 Aug 2026,Q2 2026
CRM - Salesforce.com,0.0,Buy,1502,$156.46,"$235,000",,$199.60,27.57%,$146.32,$267.75,Richard Pzena - Pzena Investment Management Updated 07 Aug 2026,Q2 2026
DOCU - DocuSign Inc.,0.0,,4510,$44.35,"$200,000",,$62.47,40.86%,$40.16,$86.65,Richard Pzena - Pzena Investment Management Updated 07 Aug 2026,Q2 2026
EQNR - Equinor ASA,0.0,Reduce 5.75%,38188,$31.40,"$1,199,000",,$40.55,29.14%,$21.74,$43.02,Richard Pzena - Pzena Investment Management Updated 07 Aug 2026,Q2 2026
EXPE - Expedia Group Inc.,0.0,Buy,1060,$255.66,"$271,000",,$328.83,28.62%,$184.55,$331.31,Richard Pzena - Pzena Investment Management Updated 07 Aug 2026,Q2 2026
GE - GE Aerospace,0.0,,736,$373.64,"$275,000",,$361.73,-3.19%,$262.47,$388.84,Richard Pzena - Pzena Investment Management Updated 07 Aug 2026,Q2 2026
GEV - Ge Vernova Inc,0.0,Buy,184,$1173.91,"$216,000",,$1058.04,-9.87%,$529.18,$1195.94,Richard Pzena - Pzena Investment Management Updated 07 Aug 2026,Q2 2026
GSK - GSK plc,0.0,Add 30.20%,24507,$52.43,"$1,285,000",,$50.39,-3.89%,$37.21,$60.66,Richard Pzena - Pzena Investment Management Updated 07 Aug 2026,Q2 2026
HALO - Halozyme Therapeutics,0.0,,4049,$78.29,"$317,000",,$100.28,28.09%,$61.23,$104.78,Richard Pzena - Pzena Investment Management Updated 07 Aug 2026,Q2 2026
KB - Kb Financial Group Inc ADR,0.0,Reduce 59.84%,7640,$104.97,"$802,000",,$119.25,13.60%,$76.31,$125.66,Richard Pzena - Pzena Investment Management Updated 07 Aug 2026,Q2 2026
MRK - Merck & Co.,0.0,,2511,$128.63,"$323,000",,$134.71,4.73%,$75.81,$135.05,Richard Pzena - Pzena Investment Management Updated 07 Aug 2026,Q2 2026
MSFT - Microsoft Corp.,0.0,Reduce 0.92%,755,$373.51,"$282,000",,$496.35,32.89%,$349.20,$550.24,Richard Pzena - Pzena Investment Management Updated 07 Aug 2026,Q2 2026
MT - ArcelorMittal,0.0,Reduce 55.57%,8180,$60.27,"$493,000",,$73.35,21.70%,$31.50,$75.51,Richard Pzena - Pzena Investment Management Updated 07 Aug 2026,Q2 2026
NVDA - NVIDIA Corp.,0.0,Buy,1445,$200.00,"$289,000",,$225.95,12.98%,$163.85,$236.26,Richard Pzena - Pzena Investment Management Updated 07 Aug 2026,Q2 2026
ORCL - Oracle Corp.,0.0,Buy,2076,$146.44,"$304,000",,$155.70,6.32%,$114.50,$341.82,Richard Pzena - Pzena Investment Management Updated 07 Aug 2026,Q2 2026
PBR.A - Petroleo Brasil Sp Pref ADR,0.0,Reduce 73.02%,53138,$14.64,"$778,000",,$16.15,10.31%,$10.47,$19.88,Richard Pzena - Pzena Investment Management Updated 07 Aug 2026,Q2 2026
PHG - Koninklijke Philips Electronics NV,0.0,Add 15.85%,48243,$27.20,"$1,312,000",,$27.35,0.55%,$23.85,$32.18,Richard Pzena - Pzena Investment Management Updated 07 Aug 2026,Q2 2026
QRVO - Qorvo Inc.,0.0,Buy,3045,$93.27,"$284,000",,$98.65,5.77%,$74.92,$109.49,Richard Pzena - Pzena Investment Management Updated 07 Aug 2026,Q2 2026
SAP - SAP SE,0.0,Buy,6554,$154.10,"$1,010,000",,$208.21,35.11%,$144.97,$276.56,Richard Pzena - Pzena Investment Management Updated 07 Aug 2026,Q2 2026
SMFG - Sumitomo Mitsui Spons ADR,0.0,Add 14.67%,37322,$23.58,"$880,000",,$26.31,11.58%,$15.18,$26.67,Richard Pzena - Pzena Investment Management Updated 07 Aug 2026,Q2 2026
SNY - Sanofi Aventis,0.0,Add 32.55%,25302,$42.64,"$1,079,000",,$43.81,2.74%,$40.89,$49.91,Richard Pzena - Pzena Investment Management Updated 07 Aug 2026,Q2 2026
STT - State Street Corp.,0.0,Buy,1231,$169.78,"$209,000",,$190.18,12.02%,$102.75,$192.51,Richard Pzena - Pzena Investment Management Updated 07 Aug 2026,Q2 2026
TAK - Takeda Pharmaceutical Co. Ltd,0.0,Add 33.36%,37820,$16.02,"$606,000",,$17.39,8.55%,$12.99,$18.90,Richard Pzena - Pzena Investment Management Updated 07 Aug 2026,Q2 2026
TOST - Toast Inc.,0.0,Buy,10945,$27.78,"$304,000",,$35.12,26.42%,$22.26,$45.64,Richard Pzena - Pzena Investment Management Updated 07 Aug 2026,Q2 2026
TTE - TotalEnergies SE,0.0,Reduce 0.01%,22131,$68.05,"$1,506,000",,$87.18,28.11%,$56.15,$93.00,Richard Pzena - Pzena Investment Management Updated 07 Aug 2026,Q2 2026
VALE - Vale SA,0.0,Reduce 68.70%,59077,$15.05,"$889,000",,$13.78,-8.44%,$9.35,$17.94,Richard Pzena - Pzena Investment Management Updated 07 Aug 2026,Q2 2026
WBS - Webster Financial Corp.,0.0,Reduce 99.22%,3189,$76.51,"$244,000",,$79.00,3.25%,$51.49,$79.60,Richard Pzena - Pzena Investment Management Updated 07 Aug 2026,Q2 2026
ZBRA - Zebra Technologies Corp.,0.0,Buy,1359,$263.43,"$358,000",,$381.73,44.91%,$199.05,$386.23,Richard Pzena - Pzena Investment Management Updated 07 Aug 2026,Q2 2026
GOOGL - Alphabet Inc.,6.91,Reduce 44.99%,797098,$357.37,"$284,859,000",,$346.14,-3.14%,$196.04,$408.37,Jensen Investment Management Updated 07 Aug 2026,Q2 2026
MSFT - Microsoft Corp.,6.67,Reduce 37.05%,737144,$373.02,"$274,969,000",,$496.35,33.06%,$349.20,$550.24,Jensen Investment Management Updated 07 Aug 2026,Q2 2026
AMZN - Amazon.com Inc.,6.09,Reduce 13.55%,1054136,$238.34,"$251,243,000",,$265.88,11.55%,$196.00,$287.20,Jensen Investment Management Updated 07 Aug 2026,Q2 2026
AAPL - Apple Inc.,6.04,Reduce 46.05%,860969,$289.36,"$249,130,000",,$304.33,5.17%,$222.96,$344.27,Jensen Investment Management Updated 07 Aug 2026,Q2 2026
NVDA - NVIDIA Corp.,5.81,Reduce 26.63%,1197487,$200.09,"$239,605,000",,$225.95,12.92%,$163.85,$236.26,Jensen Investment Management Updated 07 Aug 2026,Q2 2026
KLAC - KLA Corp.,5.78,Reduce 52.28%,790391,$301.71,"$238,469,000",,$210.66,-30.18%,$82.87,$307.37,Jensen Investment Management Updated 07 Aug 2026,Q2 2026
SHW - Sherwin-Williams,4.5,Reduce 13.93%,539035,$344.32,"$185,601,000",,$360.20,4.61%,$289.86,$376.95,Jensen Investment Management Updated 07 Aug 2026,Q2 2026
SYK - Stryker Corp.,4.5,Reduce 15.32%,589670,$314.84,"$185,652,000",,$340.90,8.28%,$280.25,$392.86,Jensen Investment Management Updated 07 Aug 2026,Q2 2026
LLY - Eli Lilly & Co.,4.47,Reduce 33.35%,153735,$1199.43,"$184,394,000",,$1214.36,1.24%,$639.97,$1249.45,Jensen Investment Management Updated 07 Aug 2026,Q2 2026
MA - Mastercard Inc.,4.33,Reduce 29.17%,347714,$513.60,"$178,586,000",,$566.09,10.22%,$463.74,$598.04,Jensen Investment Management Updated 07 Aug 2026,Q2 2026
MRSH - Marsh,3.98,Reduce 14.45%,984904,$166.67,"$164,154,000",,$188.00,12.80%,$155.72,$209.50,Jensen Investment Management Updated 07 Aug 2026,Q2 2026
AVGO - Broadcom Inc.,3.59,Reduce 12.02%,392082,$377.75,"$148,109,000",,$420.34,11.27%,$279.82,$494.22,Jensen Investment Management Updated 07 Aug 2026,Q2 2026
WM - Waste Management Inc.,3.41,Reduce 3.11%,631052,$222.88,"$140,649,000",,$224.76,0.84%,$191.77,$247.15,Jensen Investment Management Updated 07 Aug 2026,Q2 2026
PG - Procter & Gamble,3.06,Reduce 13.73%,860442,$146.64,"$126,175,000",,$144.44,-1.50%,$134.62,$164.77,Jensen Investment Management Updated 07 Aug 2026,Q2 2026
CDNS - Cadence Design Systems,2.81,Reduce 39.00%,308555,$375.32,"$115,807,000",,$325.77,-13.20%,$262.75,$416.69,Jensen Investment Management Updated 07 Aug 2026,Q2 2026
MSI - Motorola Solutions Inc.,2.81,Add 64.45%,278721,$415.29,"$115,750,000",,$465.53,12.10%,$357.34,$493.57,Jensen Investment Management Updated 07 Aug 2026,Q2 2026
APH - Amphenol Corp.,2.63,Add 172.74%,614660,$176.32,"$108,377,000",,$167.36,-5.08%,$104.00,$178.52,Jensen Investment Management Updated 07 Aug 2026,Q2 2026
ABT - Abbott Labs,1.95,Reduce 40.43%,885262,$90.74,"$80,329,000",,$111.09,22.43%,$81.39,$134.38,Jensen Investment Management Updated 07 Aug 2026,Q2 2026
VEEV - Veeva Systems Inc.,1.93,Reduce 20.65%,449489,$177.47,"$79,771,000",,$249.16,40.40%,$148.05,$310.50,Jensen Investment Management Updated 07 Aug 2026,Q2 2026
TJX - TJX Companies Inc.,1.85,Add 2072.63%,503180,$151.50,"$76,232,000",,$153.04,1.02%,$130.83,$170.00,Jensen Investment Management Updated 07 Aug 2026,Q2 2026
VRSK - Verisk Analytics Inc.,1.65,Reduce 21.26%,379127,$179.53,"$68,065,000",,$183.97,2.47%,$155.52,$273.70,Jensen Investment Management Updated 07 Aug 2026,Q2 2026
META - Meta Platforms Inc.,1.49,Reduce 67.92%,109456,$563.29,"$61,656,000",,$593.95,5.44%,$519.78,$793.65,Jensen Investment Management Updated 07 Aug 2026,Q2 2026
MCD - McDonald's Corp.,1.48,Reduce 18.35%,225570,$270.31,"$60,974,000",,$272.32,0.74%,$260.96,$337.56,Jensen Investment Management Updated 07 Aug 2026,Q2 2026
EFX - Equifax Inc.,1.43,Reduce 52.68%,370551,$158.72,"$58,814,000",,$185.78,17.05%,$150.75,$269.54,Jensen Investment Management Updated 07 Aug 2026,Q2 2026
CTAS - Cintas Corp.,1.38,Buy,333630,$170.08,"$56,744,000",,$201.22,18.31%,$160.72,$223.73,Jensen Investment Management Updated 07 Aug 2026,Q2 2026
IDXX - IDEXX Laboratories,1.35,Add 2861.04%,105709,$526.44,"$55,649,000",,$563.26,6.99%,$518.55,$769.98,Jensen Investment Management Updated 07 Aug 2026,Q2 2026
BR - Broadridge Financial Solutions,1.26,Reduce 55.58%,380126,$136.95,"$52,058,000",,$170.74,24.67%,$133.83,$260.02,Jensen Investment Management Updated 07 Aug 2026,Q2 2026
CPRT - Copart Inc.,0.85,Reduce 22.44%,1243675,$28.19,"$35,059,000",,$29.44,4.43%,$26.81,$50.11,Jensen Investment Management Updated 07 Aug 2026,Q2 2026
ADP - Automatic Data Processing Inc.,0.45,Reduce 21.36%,82492,$223.95,"$18,474,000",,$274.87,22.74%,$186.74,$301.70,Jensen Investment Management Updated 07 Aug 2026,Q2 2026
ORCL - Oracle Corp.,0.42,Reduce 1.98%,118394,$146.55,"$17,351,000",,$155.70,6.24%,$114.50,$341.82,Jensen Investment Management Updated 07 Aug 2026,Q2 2026
ECL - Ecolab Inc.,0.39,Reduce 0.72%,58436,$278.61,"$16,281,000",,$276.11,-0.90%,$242.49,$307.61,Jensen Investment Management Updated 07 Aug 2026,Q2 2026
JGRW - Jensen Quality Growth ETF,0.36,Reduce 5.20%,544862,$27.12,"$14,777,000",,$28.61,5.49%,$23.56,$28.96,Jensen Investment Management Updated 07 Aug 2026,Q2 2026
WAT - Waters Corp.,0.35,Reduce 0.52%,38566,$375.05,"$14,464,000",,$415.63,10.82%,$282.77,$419.21,Jensen Investment Management Updated 07 Aug 2026,Q2 2026
CL - Colgate-Palmolive,0.26,Reduce 2.88%,115229,$91.68,"$10,564,000",,$92.84,1.27%,$73.21,$98.15,Jensen Investment Management Updated 07 Aug 2026,Q2 2026
EMR - Emerson Electric,0.26,Reduce 1.07%,73691,$143.15,"$10,549,000",,$163.29,14.07%,$122.14,$166.35,Jensen Investment Management Updated 07 Aug 2026,Q2 2026
PEP - PepsiCo Inc.,0.26,Reduce 1.73%,79927,$135.40,"$10,822,000",,$139.97,3.38%,$133.40,$168.19,Jensen Investment Management Updated 07 Aug 2026,Q2 2026
KO - Coca Cola Co.,0.22,Add 0.02%,111668,$81.27,"$9,075,000",,$87.44,7.59%,$64.04,$90.92,Jensen Investment Management Updated 07 Aug 2026,Q2 2026
AON - Aon Plc,0.21,Add 0.86%,25789,$331.69,"$8,554,000",,$355.30,7.12%,$303.10,$381.47,Jensen Investment Management Updated 07 Aug 2026,Q2 2026
TSM - Taiwan Semiconductor S.A.,0.18,Reduce 3.31%,15884,$477.59,"$7,586,000",,$432.89,-9.36%,$221.29,$479.00,Jensen Investment Management Updated 07 Aug 2026,Q2 2026
ADBE - Adobe Inc.,0.17,Reduce 0.85%,33545,$205.01,"$6,877,000",,$268.36,30.90%,$190.12,$370.86,Jensen Investment Management Updated 07 Aug 2026,Q2 2026
ACN - Accenture,0.16,Reduce 10.44%,52235,$124.44,"$6,500,000",,$178.85,43.72%,$116.75,$285.21,Jensen Investment Management Updated 07 Aug 2026,Q2 2026
CCK - Crown Holdings,0.14,Reduce 7.59%,52583,$111.82,"$5,880,000",,$119.23,6.63%,$88.12,$122.91,Jensen Investment Management Updated 07 Aug 2026,Q2 2026
CLX - Clorox Co.,0.11,Add 3.55%,47805,$95.45,"$4,563,000",,$107.10,12.21%,$83.72,$125.83,Jensen Investment Management Updated 07 Aug 2026,Q2 2026
LH - Labcorp Holdings Inc.,0.11,Reduce 13.15%,16050,$280.00,"$4,494,000",,$322.52,15.19%,$242.59,$323.97,Jensen Investment Management Updated 07 Aug 2026,Q2 2026
MMM - 3M Co.,0.11,Reduce 0.04%,27618,$161.92,"$4,472,000",,$182.03,12.42%,$138.62,$184.90,Jensen Investment Management Updated 07 Aug 2026,Q2 2026
CTSH - Cognizant Technology Solutions,0.1,Reduce 2.40%,103867,$38.73,"$4,023,000",,$59.33,53.19%,$37.08,$85.98,Jensen Investment Management Updated 07 Aug 2026,Q2 2026
EHC - Encompass Health Corp.,0.1,Reduce 22.50%,39260,$101.07,"$3,968,000",,$123.74,22.43%,$92.41,$127.50,Jensen Investment Management Updated 07 Aug 2026,Q2 2026
GWW - W.W. Grainger Inc.,0.09,Reduce 12.99%,2732,$1360.54,"$3,717,000",,$1316.58,-3.23%,$901.22,$1417.14,Jensen Investment Management Updated 07 Aug 2026,Q2 2026
MSCI - MSCI Inc.,0.09,Reduce 17.29%,6410,$560.06,"$3,590,000",,$572.76,2.27%,$497.32,$644.77,Jensen Investment Management Updated 07 Aug 2026,Q2 2026
ROST - Ross Stores Inc.,0.09,Reduce 23.39%,16872,$212.84,"$3,591,000",,$244.34,14.80%,$142.48,$257.00,Jensen Investment Management Updated 07 Aug 2026,Q2 2026
TROW - T. Rowe Price Group,0.09,,31950,$113.68,"$3,632,000",,$111.43,-1.98%,$84.21,$122.00,Jensen Investment Management Updated 07 Aug 2026,Q2 2026
FFIV - F5 Networks,0.08,Reduce 43.92%,7470,$415.93,"$3,107,000",,$420.90,1.19%,$223.76,$435.00,Jensen Investment Management Updated 07 Aug 2026,Q2 2026
KEYS - Keysight Technologies Inc.,0.08,Reduce 46.19%,9127,$350.06,"$3,195,000",,$354.64,1.31%,$152.85,$374.96,Jensen Investment Management Updated 07 Aug 2026,Q2 2026
KR - Kroger Co.,0.08,Reduce 5.85%,62390,$55.54,"$3,465,000",,$57.34,3.24%,$54.15,$76.18,Jensen Investment Management Updated 07 Aug 2026,Q2 2026
LEVI - Levi Strauss & Co.,0.08,Reduce 8.12%,128120,$24.83,"$3,181,000",,$22.42,-9.71%,$17.50,$25.70,Jensen Investment Management Updated 07 Aug 2026,Q2 2026
RTX - RTX Corp.,0.08,Reduce 0.12%,17586,$189.75,"$3,337,000",,$220.66,16.29%,$148.90,$226.88,Jensen Investment Management Updated 07 Aug 2026,Q2 2026
ABBV - AbbVie Inc.,0.07,Reduce 0.72%,11064,$251.63,"$2,784,000",,$249.80,-0.73%,$189.40,$267.47,Jensen Investment Management Updated 07 Aug 2026,Q2 2026
CHD - Church & Dwight,0.07,Reduce 8.13%,31740,$96.88,"$3,075,000",,$101.22,4.48%,$80.54,$105.70,Jensen Investment Management Updated 07 Aug 2026,Q2 2026
GNTX - Gentex Corp.,0.07,Reduce 18.77%,108470,$25.27,"$2,741,000",,$23.71,-6.17%,$20.26,$28.80,Jensen Investment Management Updated 07 Aug 2026,Q2 2026
NKE - NIKE Inc.,0.07,Reduce 4.78%,71344,$41.05,"$2,929,000",,$41.35,0.73%,$40.00,$78.02,Jensen Investment Management Updated 07 Aug 2026,Q2 2026
TSCO - Tractor Supply,0.07,Reduce 8.12%,89840,$31.61,"$2,840,000",,$36.11,14.24%,$28.36,$61.84,Jensen Investment Management Updated 07 Aug 2026,Q2 2026
G - Genpact Ltd.,0.05,Reduce 20.79%,73655,$27.51,"$2,026,000",,$34.31,24.72%,$26.85,$48.12,Jensen Investment Management Updated 07 Aug 2026,Q2 2026
INTU - Intuit Inc.,0.05,Reduce 92.73%,7526,$260.96,"$1,964,000",,$356.51,36.61%,$251.72,$713.52,Jensen Investment Management Updated 07 Aug 2026,Q2 2026
JNJ - Johnson & Johnson,0.05,Reduce 9.93%,8797,$253.95,"$2,234,000",,$261.50,2.97%,$168.49,$274.90,Jensen Investment Management Updated 07 Aug 2026,Q2 2026
TTC - Toro Co.,0.05,Reduce 8.11%,21423,$97.42,"$2,087,000",,$97.21,-0.22%,$66.72,$104.28,Jensen Investment Management Updated 07 Aug 2026,Q2 2026
URI - United Rentals,0.05,Reduce 12.39%,1902,$1133.02,"$2,155,000",,$1126.01,-0.62%,$698.94,$1177.15,Jensen Investment Management Updated 07 Aug 2026,Q2 2026
APD - Air Products & Chemicals,0.04,Reduce 28.64%,5491,$293.21,"$1,610,000",,$305.15,4.07%,$224.64,$314.87,Jensen Investment Management Updated 07 Aug 2026,Q2 2026
OMC - Omnicom Group,0.04,,22054,$72.82,"$1,606,000",,$87.82,20.60%,$64.98,$87.82,Jensen Investment Management Updated 07 Aug 2026,Q2 2026
DCI - Donaldson Co.,0.03,Reduce 41.93%,13490,$89.77,"$1,211,000",,$95.75,6.66%,$72.25,$112.42,Jensen Investment Management Updated 07 Aug 2026,Q2 2026
DOX - Amdocs Ltd.,0.03,Add 21.55%,21660,$50.55,"$1,095,000",,$58.60,15.92%,$49.24,$85.74,Jensen Investment Management Updated 07 Aug 2026,Q2 2026
NDSN - Nordson Corp.,0.03,Reduce 37.63%,4360,$301.61,"$1,315,000",,$308.80,2.38%,$208.76,$315.68,Jensen Investment Management Updated 07 Aug 2026,Q2 2026
BAH - Booz Allen Hamilton Hldg Corp.,0.02,Reduce 8.09%,12730,$60.64,"$772,000",,$78.57,29.57%,$59.50,$109.82,Jensen Investment Management Updated 07 Aug 2026,Q2 2026
FICO - Fair Isaac Corp.,0.02,Reduce 40.80%,740,$1194.59,"$884,000",,$1101.36,-7.80%,$870.01,$1998.01,Jensen Investment Management Updated 07 Aug 2026,Q2 2026
LIN - Linde plc,0.02,,1290,$518.60,"$669,000",,$476.73,-8.07%,$385.26,$548.20,Jensen Investment Management Updated 07 Aug 2026,Q2 2026
RACE - Ferrari NV,0.02,,2682,$372.11,"$998,000",,$411.78,10.66%,$308.95,$498.75,Jensen Investment Management Updated 07 Aug 2026,Q2 2026
BDX - Becton Dickinson,0.01,Reduce 4.67%,2040,$151.47,"$309,000",,$182.21,20.29%,$125.19,$185.01,Jensen Investment Management Updated 07 Aug 2026,Q2 2026
CPB - Campbell's Co.,0.01,Reduce 30.82%,21735,$22.27,"$484,000",,$23.14,3.91%,$19.23,$32.13,Jensen Investment Management Updated 07 Aug 2026,Q2 2026
GIS - General Mills,0.01,Reduce 29.69%,12546,$34.83,"$437,000",,$38.87,11.60%,$31.21,$48.32,Jensen Investment Management Updated 07 Aug 2026,Q2 2026
GPC - Genuine Parts,0.01,,2674,$117.80,"$315,000",,$135.11,14.69%,$89.80,$148.58,Jensen Investment Management Updated 07 Aug 2026,Q2 2026
HD - Home Depot,0.01,Reduce 45.49%,797,$352.57,"$281,000",,$341.29,-3.20%,$286.95,$418.06,Jensen Investment Management Updated 07 Aug 2026,Q2 2026
MANH - Manhattan Associates,0.01,Reduce 8.14%,4060,$139.16,"$565,000",,$201.28,44.64%,$119.06,$220.72,Jensen Investment Management Updated 07 Aug 2026,Q2 2026
TXN - Texas Instruments,0.01,Reduce 10.86%,1247,$298.32,"$372,000",,$274.35,-8.03%,$150.20,$332.33,Jensen Investment Management Updated 07 Aug 2026,Q2 2026
UNH - United Health Group Inc.,0.01,Reduce 42.39%,859,$415.60,"$357,000",,$399.39,-3.90%,$254.51,$461.62,Jensen Investment Management Updated 07 Aug 2026,Q2 2026
BRK.B - Berkshire Hathaway CL B,32.27,Add 0.96%,1119075,$500.39,"$559,974,000",,$506.45,1.21%,$464.01,$537.74,Steven Check - Check Capital Management Updated 05 Aug 2026,Q2 2026
GOOG - Alphabet Inc. CL C,13.6,Reduce 3.28%,667772,$353.33,"$235,944,000",,$343.94,-2.66%,$196.90,$404.23,Steven Check - Check Capital Management Updated 05 Aug 2026,Q2 2026
BN - Brookfield Corp.,10.82,Add 0.67%,4409171,$42.59,"$187,787,000",,$44.90,5.42%,$37.87,$49.40,Steven Check - Check Capital Management Updated 05 Aug 2026,Q2 2026
MKL - Markel Group Inc.,8.91,Add 3.02%,79209,$1953.01,"$154,696,000",,$1830.96,-6.25%,$1719.41,$2207.59,Steven Check - Check Capital Management Updated 05 Aug 2026,Q2 2026
AER - AerCap Holdings N.V.,6.79,Reduce 1.20%,807867,$145.78,"$117,771,000",,$148.69,2.00%,$110.92,$158.38,Steven Check - Check Capital Management Updated 05 Aug 2026,Q2 2026
FCNCA - First Citizens Bancshares,5.32,Add 0.65%,44355,$2080.78,"$92,293,000",,$2270.54,9.12%,$1618.56,$2289.99,Steven Check - Check Capital Management Updated 05 Aug 2026,Q2 2026
SIRI - SiriusXM Holdings Inc,4.98,Reduce 0.50%,2927799,$29.54,"$86,487,000",,$28.03,-5.11%,$19.15,$32.37,Steven Check - Check Capital Management Updated 05 Aug 2026,Q2 2026
LKQ - LKQ Corp.,2.86,Reduce 1.60%,1886416,$26.33,"$49,669,000",,$24.86,-5.58%,$21.17,$36.34,Steven Check - Check Capital Management Updated 05 Aug 2026,Q2 2026
AMZN - Amazon.com Inc.,2.83,Add 0.97%,206057,$238.34,"$49,112,000",,$265.88,11.55%,$196.00,$287.20,Steven Check - Check Capital Management Updated 05 Aug 2026,Q2 2026
CMPR - Cimpress plc,2.77,Add 0.22%,472485,$101.70,"$48,052,000",,$97.71,-3.92%,$56.34,$106.58,Steven Check - Check Capital Management Updated 05 Aug 2026,Q2 2026
DIS - Walt Disney Co.,2.5,Add 2.65%,450174,$96.25,"$43,329,000",,$104.35,8.42%,$91.48,$118.07,Steven Check - Check Capital Management Updated 05 Aug 2026,Q2 2026
HSY - Hershey Co.,2.08,Add 6.74%,205272,$175.45,"$36,015,000",,$185.92,5.97%,$157.94,$237.65,Steven Check - Check Capital Management Updated 05 Aug 2026,Q2 2026
JEF - Jefferies Financial Group Inc.,1.98,Add 0.84%,685910,$49.98,"$34,282,000",,$55.88,11.80%,$35.26,$69.47,Steven Check - Check Capital Management Updated 05 Aug 2026,Q2 2026
BRK.A - Berkshire Hathaway CL A,1.21,Reduce 3.45%,28,$748857.14,"$20,968,000",,$759889.00,1.47%,$698000.00,$806102.81,Steven Check - Check Capital Management Updated 05 Aug 2026,Q2 2026
W - Wayfair Inc.,0.9,Add 0.64%,169025,$92.42,"$15,621,000",,$101.13,9.42%,$55.60,$119.98,Steven Check - Check Capital Management Updated 05 Aug 2026,Q2 2026
FRFHF - Fairfax Financial Holdings Ltd.,0.19,Add 803.65%,1979,$1644.26,"$3,254,000",,$1647.42,0.19%,$1500.00,$1933.22,Steven Check - Check Capital Management Updated 05 Aug 2026,Q2 2026
GOOG - Alphabet Inc. CL C,4.32,Reduce 1.19%,7316252,$353.33,"$2,585,052,000",,$343.94,-2.66%,$196.90,$404.23,First Eagle Investment Management Updated 05 Aug 2026,Q2 2026
BDX - Becton Dickinson,3.5,Add 15.82%,13815335,$151.33,"$2,090,675,000",,$182.21,20.41%,$125.19,$185.01,First Eagle Investment Management Updated 05 Aug 2026,Q2 2026
META - Meta Platforms Inc.,3.03,Add 0.76%,3217353,$563.29,"$1,812,303,000",,$593.95,5.44%,$519.78,$793.65,First Eagle Investment Management Updated 05 Aug 2026,Q2 2026
TSM - Taiwan Semiconductor S.A.,2.99,Reduce 4.01%,3745597,$477.57,"$1,788,784,000",,$432.89,-9.36%,$221.29,$479.00,First Eagle Investment Management Updated 05 Aug 2026,Q2 2026
FMX - Fomento Economico Mexicano,2.78,Add 0.82%,13008276,$127.90,"$1,663,759,000",,$116.67,-8.78%,$77.32,$141.47,First Eagle Investment Management Updated 05 Aug 2026,Q2 2026
ELV - Elevance Health Inc.,2.71,Add 1.35%,4188196,$386.73,"$1,619,701,000",,$398.02,2.92%,$272.05,$436.24,First Eagle Investment Management Updated 05 Aug 2026,Q2 2026
WPM - Wheaton Precious Metals Corp.,2.67,Add 0.41%,14215147,$112.32,"$1,596,645,000",,$132.10,17.61%,$90.36,$165.25,First Eagle Investment Management Updated 05 Aug 2026,Q2 2026
IMO - Imperial Oil Ltd.,2.55,Reduce 2.73%,13590697,$112.17,"$1,524,486,000",,$132.05,17.72%,$80.68,$138.75,First Eagle Investment Management Updated 05 Aug 2026,Q2 2026
SLB - Schlumberger Ltd.,2.25,Add 1.89%,28913733,$46.49,"$1,344,199,000",,$52.07,12.00%,$31.05,$58.51,First Eagle Investment Management Updated 05 Aug 2026,Q2 2026
BNY - Bank of New York Mellon Corp.,2.24,Reduce 6.09%,9266915,$144.61,"$1,340,088,000",,$162.15,12.13%,$97.96,$163.67,First Eagle Investment Management Updated 05 Aug 2026,Q2 2026
HCA - HCA Healthcare Inc.,2.15,Add 1.26%,3295565,$389.89,"$1,284,908,000",,$411.50,5.54%,$353.99,$554.58,First Eagle Investment Management Updated 05 Aug 2026,Q2 2026
ORCL - Oracle Corp.,2.09,Add 0.97%,8516878,$146.55,"$1,248,148,000",,$155.70,6.24%,$114.50,$341.82,First Eagle Investment Management Updated 05 Aug 2026,Q2 2026
WY - Weyerhaeuser Co.,2.05,Add 10.55%,51179282,$23.94,"$1,225,232,000",,$24.89,3.97%,$20.60,$27.28,First Eagle Investment Management Updated 05 Aug 2026,Q2 2026
WTW - Willis Towers Watson plc,1.96,Add 3.15%,4475860,$261.37,"$1,169,855,000",,$334.14,27.84%,$239.74,$349.37,First Eagle Investment Management Updated 05 Aug 2026,Q2 2026
ADP - Automatic Data Processing Inc.,1.94,Add 81.56%,5173929,$223.95,"$1,158,702,000",,$274.87,22.74%,$186.74,$301.70,First Eagle Investment Management Updated 05 Aug 2026,Q2 2026
CRM - Salesforce.com,1.91,Add 19.14%,7306034,$156.66,"$1,144,563,000",,$199.60,27.41%,$146.32,$267.75,First Eagle Investment Management Updated 05 Aug 2026,Q2 2026
FNV - Franco Nevada Corp.,1.84,Reduce 0.02%,5273317,$208.45,"$1,099,219,000",,$231.18,10.90%,$172.08,$284.60,First Eagle Investment Management Updated 05 Aug 2026,Q2 2026
ABEV - Ambev S.A.,1.83,Add 0.67%,349323217,$3.14,"$1,096,875,000",,$2.84,-9.55%,$2.08,$3.44,First Eagle Investment Management Updated 05 Aug 2026,Q2 2026
NEM - Newmont Corp.,1.81,Reduce 3.76%,11570326,$93.40,"$1,080,668,000",,$114.02,22.08%,$66.49,$134.29,First Eagle Investment Management Updated 05 Aug 2026,Q2 2026
WDAY - Workday Inc.,1.81,Add 15.98%,8824517,$122.42,"$1,080,297,000",,$206.55,68.72%,$110.36,$249.85,First Eagle Investment Management Updated 05 Aug 2026,Q2 2026
MDT - Medtronic plc,1.8,Add 37.23%,13783983,$78.23,"$1,078,321,000",,$90.60,15.81%,$72.65,$103.76,First Eagle Investment Management Updated 05 Aug 2026,Q2 2026
PM - Philip Morris Intl.,1.79,Add 0.56%,5925468,$180.91,"$1,071,977,000",,$188.52,4.21%,$138.43,$207.76,First Eagle Investment Management Updated 05 Aug 2026,Q2 2026
OKE - ONEOK Inc.,1.72,Add 1.33%,11834827,$86.94,"$1,028,920,000",,$93.01,6.98%,$61.67,$94.93,First Eagle Investment Management Updated 05 Aug 2026,Q2 2026
CMCSA - Comcast Corp.,1.57,Add 1.04%,38172985,$24.55,"$937,147,000",,$26.08,6.23%,$21.28,$32.04,First Eagle Investment Management Updated 05 Aug 2026,Q2 2026
GLD - SPDR Gold Trust,1.53,Add 1.46%,2491623,$368.38,"$917,863,000",,$398.64,8.21%,$305.19,$509.70,First Eagle Investment Management Updated 05 Aug 2026,Q2 2026
BKNG - Booking Holdings Inc.,1.47,Buy,4916494,$178.24,"$876,316,000",,$214.09,20.11%,$149.76,$229.86,First Eagle Investment Management Updated 05 Aug 2026,Q2 2026
AEM - Agnico-Eagle Mines Ltd.,1.35,Reduce 0.01%,5192638,$155.22,"$805,996,000",,$179.87,15.88%,$128.83,$254.61,First Eagle Investment Management Updated 05 Aug 2026,Q2 2026
PPG - PPG Industries,1.32,Add 1.16%,6509824,$121.29,"$789,576,000",,$114.59,-5.52%,$91.35,$130.99,First Eagle Investment Management Updated 05 Aug 2026,Q2 2026
BIO - Bio-Rad Laboratories Inc.,1.28,Add 0.13%,2606219,$293.61,"$765,212,000",,$359.79,22.54%,$236.73,$362.42,First Eagle Investment Management Updated 05 Aug 2026,Q2 2026
BRO - Brown & Brown Inc.,1.26,Add 32.92%,11727514,$64.15,"$752,320,000",,$71.46,11.40%,$53.69,$97.36,First Eagle Investment Management Updated 05 Aug 2026,Q2 2026
CL - Colgate-Palmolive,1.26,Add 1.10%,8205699,$91.68,"$752,299,000",,$92.84,1.27%,$73.21,$98.15,First Eagle Investment Management Updated 05 Aug 2026,Q2 2026
IFF - International Flavors & Fragrances Inc.,1.25,Add 1.02%,9409698,$79.22,"$745,437,000",,$84.39,6.53%,$58.13,$89.32,First Eagle Investment Management Updated 05 Aug 2026,Q2 2026
B - Barrick Mining Corp.,1.22,Reduce 3.17%,19918298,$36.73,"$731,599,000",,$40.85,11.22%,$22.91,$54.01,First Eagle Investment Management Updated 05 Aug 2026,Q2 2026
MSFT - Microsoft Corp.,1.21,Add 46.42%,1940215,$373.02,"$723,739,000",,$496.35,33.06%,$349.20,$550.24,First Eagle Investment Management Updated 05 Aug 2026,Q2 2026
CHRW - C.H. Robinson Worldwide,1.15,Reduce 36.43%,3642453,$188.34,"$686,020,000",,$150.69,-19.99%,$116.37,$210.33,First Eagle Investment Management Updated 05 Aug 2026,Q2 2026
UHS - Universal Health Services Inc.,1.13,Add 2.95%,4554670,$148.69,"$677,234,000",,$172.46,15.99%,$140.08,$245.55,First Eagle Investment Management Updated 05 Aug 2026,Q2 2026
EQR - Equity Residential,1.08,Add 0.63%,9529108,$67.93,"$647,312,000",,$66.16,-2.61%,$56.30,$71.50,First Eagle Investment Management Updated 05 Aug 2026,Q2 2026
BXP - BXP Inc.,1.05,Add 1.31%,9467247,$66.31,"$627,773,000",,$69.33,4.55%,$48.54,$75.95,First Eagle Investment Management Updated 05 Aug 2026,Q2 2026
NTR - Nutrien Ltd.,1.05,Reduce 0.18%,9971263,$62.95,"$627,691,000",,$67.19,6.74%,$51.72,$83.98,First Eagle Investment Management Updated 05 Aug 2026,Q2 2026
AXP - American Express,0.95,Add 1.05%,1680147,$338.25,"$568,310,000",,$344.45,1.83%,$289.26,$384.36,First Eagle Investment Management Updated 05 Aug 2026,Q2 2026
NOV - Nov Inc.,0.95,Reduce 15.72%,30684691,$18.55,"$569,201,000",,$20.69,11.54%,$11.73,$21.46,First Eagle Investment Management Updated 05 Aug 2026,Q2 2026
EXR - Extra Space Storage Inc.,0.94,Add 1.00%,3876997,$145.30,"$563,328,000",,$149.00,2.55%,$121.45,$158.88,First Eagle Investment Management Updated 05 Aug 2026,Q2 2026
USB - U.S. Bancorp,0.92,Add 1.16%,9123058,$60.40,"$551,033,000",,$65.18,7.91%,$43.76,$65.49,First Eagle Investment Management Updated 05 Aug 2026,Q2 2026
FISV - Fiserv Inc.,0.89,Add 44.86%,10857773,$49.05,"$532,574,000",,$55.21,12.56%,$47.04,$140.42,First Eagle Investment Management Updated 05 Aug 2026,Q2 2026
OMC - Omnicom Group,0.89,Add 0.55%,7343209,$72.83,"$534,806,000",,$87.82,20.58%,$64.98,$87.82,First Eagle Investment Management Updated 05 Aug 2026,Q2 2026
DG - Dollar General,0.87,Add 1.00%,4500001,$115.11,"$517,995,000",,$122.16,6.12%,$93.78,$156.68,First Eagle Investment Management Updated 05 Aug 2026,Q2 2026
DIS - Walt Disney Co.,0.87,Add 2.31%,5375293,$96.25,"$517,372,000",,$104.35,8.42%,$91.48,$118.07,First Eagle Investment Management Updated 05 Aug 2026,Q2 2026
NE - Noble Corp.,0.87,Add 2.91%,13957162,$37.30,"$520,602,000",,$44.31,18.79%,$24.81,$54.39,First Eagle Investment Management Updated 05 Aug 2026,Q2 2026
CHTR - Charter Communications,0.85,Add 0.20%,3587347,$142.21,"$510,156,000",,$156.28,9.89%,$111.55,$285.82,First Eagle Investment Management Updated 05 Aug 2026,Q2 2026
WAT - Waters Corp.,0.84,Reduce 15.24%,1335108,$375.04,"$500,719,000",,$415.63,10.82%,$282.77,$419.21,First Eagle Investment Management Updated 05 Aug 2026,Q2 2026
CSL - Carlisle Companies,0.75,Add 55.65%,1234540,$362.75,"$447,829,000",,$379.20,4.53%,$291.67,$430.31,First Eagle Investment Management Updated 05 Aug 2026,Q2 2026
CFR - Cullen Frost Bankers,0.72,Add 22.59%,2777658,$154.52,"$429,204,000",,$168.66,9.15%,$116.34,$170.29,First Eagle Investment Management Updated 05 Aug 2026,Q2 2026
BRK.A - Berkshire Hathaway CL A,0.71,,565,$748849.56,"$423,100,000",,$759889.00,1.47%,$698000.00,$806102.81,First Eagle Investment Management Updated 05 Aug 2026,Q2 2026
FNF - Fidelity National Financial Inc.,0.71,Add 1.09%,8977002,$47.16,"$423,356,000",,$48.72,3.31%,$42.32,$57.15,First Eagle Investment Management Updated 05 Aug 2026,Q2 2026
MICC - Magnum Ice Cream Co NV,0.67,Add 1.37%,23021501,$17.40,"$400,637,000",,$20.03,15.11%,$12.94,$20.03,First Eagle Investment Management Updated 05 Aug 2026,Q2 2026
IPGP - IPG Photonics Corp.,0.65,Reduce 27.31%,3338881,$117.32,"$391,717,000",,$85.22,-27.36%,$71.38,$155.82,First Eagle Investment Management Updated 05 Aug 2026,Q2 2026
CMI - Cummins Inc.,0.64,Reduce 30.03%,536868,$713.21,"$382,900,000",,$632.14,-11.37%,$385.21,$737.76,First Eagle Investment Management Updated 05 Aug 2026,Q2 2026
DE - Deere & Co.,0.57,Add 0.72%,536879,$634.33,"$340,558,000",,$613.22,-3.33%,$429.14,$670.49,First Eagle Investment Management Updated 05 Aug 2026,Q2 2026
EXPD - Expeditors Int'l,0.55,Reduce 66.01%,2020988,$162.98,"$329,381,000",,$186.02,14.14%,$111.78,$187.74,First Eagle Investment Management Updated 05 Aug 2026,Q2 2026
HCC - Warrior Met Coal Inc.,0.53,Buy,3879058,$81.16,"$314,824,000",,$94.59,16.55%,$54.46,$110.29,First Eagle Investment Management Updated 05 Aug 2026,Q2 2026
AGI - Alamos Gold Inc.,0.31,,6169791,$30.29,"$186,875,000",,$32.82,8.35%,$25.27,$55.30,First Eagle Investment Management Updated 05 Aug 2026,Q2 2026
GOOGL - Alphabet Inc.,0.31,Reduce 56.69%,518922,$357.37,"$185,447,000",,$346.14,-3.14%,$196.04,$408.37,First Eagle Investment Management Updated 05 Aug 2026,Q2 2026
CCU - Compania Cervecerias Unidas SA,0.3,Reduce 0.01%,16119532,$11.20,"$180,538,000",,$11.65,4.02%,$10.56,$15.15,First Eagle Investment Management Updated 05 Aug 2026,Q2 2026
RGLD - Royal Gold Inc.,0.29,Reduce 6.08%,861786,$199.61,"$172,021,000",,$225.90,13.17%,$165.09,$304.97,First Eagle Investment Management Updated 05 Aug 2026,Q2 2026
DEI - Douglas Emmett Inc.,0.28,Add 0.00%,13958328,$11.80,"$164,708,000",,$11.87,0.59%,$8.79,$15.90,First Eagle Investment Management Updated 05 Aug 2026,Q2 2026
FERG - Ferguson Enterprises Inc.,0.26,Add 4.07%,659054,$237.33,"$156,413,000",,$247.69,4.37%,$204.50,$269.59,First Eagle Investment Management Updated 05 Aug 2026,Q2 2026
KGC - Kinross Gold Corp.,0.25,Reduce 10.17%,6414993,$23.62,"$151,522,000",,$26.79,13.42%,$18.55,$39.01,First Eagle Investment Management Updated 05 Aug 2026,Q2 2026
AU - AngloGold Ashanti Ltd.,0.2,,1490679,$80.89,"$120,581,000",,$95.05,17.51%,$49.33,$125.48,First Eagle Investment Management Updated 05 Aug 2026,Q2 2026
GFI - Gold Fields Ltd.,0.2,,3535804,$33.59,"$118,768,000",,$39.62,17.95%,$28.11,$59.90,First Eagle Investment Management Updated 05 Aug 2026,Q2 2026
BTI - British American Tobacco plc,0.18,Add 3.02%,1718852,$61.76,"$106,156,000",,$57.24,-7.32%,$47.79,$66.38,First Eagle Investment Management Updated 05 Aug 2026,Q2 2026
PAAS - Pan American Silver Corp.,0.18,,2417389,$44.79,"$108,263,000",,$47.21,5.40%,$30.29,$69.58,First Eagle Investment Management Updated 05 Aug 2026,Q2 2026
BIL - SPDR Bloomberg 1 3 Month T B,0.17,Reduce 21.00%,1077155,$91.64,"$98,711,000",,$91.51,-0.14%,$88.19,$91.51,First Eagle Investment Management Updated 05 Aug 2026,Q2 2026
SHEL - Shell plc,0.14,Add 1.54%,1073265,$77.54,"$83,221,000",,$89.92,15.97%,$67.38,$94.05,First Eagle Investment Management Updated 05 Aug 2026,Q2 2026
EPD - Enterprise Products Partners LP,0.12,Add 0.85%,1958036,$36.76,"$71,977,000",,$38.10,3.65%,$28.18,$39.58,First Eagle Investment Management Updated 05 Aug 2026,Q2 2026
ORLA-OLD - Orla Mining Ltd,0.08,,4767826,$9.77,"$46,581,000",,$9.45,-3.28%,$8.43,$21.95,First Eagle Investment Management Updated 05 Aug 2026,Q2 2026
UCTT - Ultra Clean Holdings Inc.,0.08,Reduce 19.85%,347930,$142.59,"$49,612,000",,$94.34,-33.84%,$21.49,$144.22,First Eagle Investment Management Updated 05 Aug 2026,Q2 2026
UL - Unilever PLC,0.08,Add 4.54%,842507,$60.12,"$50,652,000",,$62.65,4.21%,$53.97,$73.09,First Eagle Investment Management Updated 05 Aug 2026,Q2 2026
COHU - Cohu Inc.,0.07,Add 15.71%,548533,$73.91,"$40,542,000",,$59.10,-20.04%,$18.67,$74.60,First Eagle Investment Management Updated 05 Aug 2026,Q2 2026
DEO - Diageo ADR,0.07,Add 248.10%,554155,$80.38,"$44,543,000",,$94.91,18.08%,$71.73,$112.30,First Eagle Investment Management Updated 05 Aug 2026,Q2 2026
HLN - Haleon Plc ADR,0.07,Add 4.77%,4224856,$9.33,"$39,418,000",,$9.79,4.93%,$8.59,$11.13,First Eagle Investment Management Updated 05 Aug 2026,Q2 2026
KOF - Coca-Cola FEMSA S A CV,0.07,,392739,$106.25,"$41,729,000",,$109.26,2.83%,$76.77,$113.87,First Eagle Investment Management Updated 05 Aug 2026,Q2 2026
LYG - Lloyds TSB Grp Plc ADR,0.07,Reduce 5.43%,7001757,$5.83,"$40,820,000",,$6.21,6.52%,$4.05,$6.24,First Eagle Investment Management Updated 05 Aug 2026,Q2 2026
NG - NovaGold Resources,0.07,Reduce 18.40%,7485429,$5.97,"$44,688,000",,$7.78,30.32%,$5.08,$14.40,First Eagle Investment Management Updated 05 Aug 2026,Q2 2026
SIMO - Silicon Motion Technol ADR,0.07,Reduce 25.35%,125737,$333.33,"$41,912,000",,$251.74,-24.48%,$70.38,$354.28,First Eagle Investment Management Updated 05 Aug 2026,Q2 2026
VSH - Vishay Intertechnology,0.07,Reduce 23.26%,816213,$53.78,"$43,895,000",,$33.66,-37.41%,$11.60,$69.47,First Eagle Investment Management Updated 05 Aug 2026,Q2 2026
AEIS - Advanced Energy Industries,0.06,Add 11.88%,91535,$372.86,"$34,130,000",,$334.60,-10.26%,$143.13,$397.32,First Eagle Investment Management Updated 05 Aug 2026,Q2 2026
BHE - Benchmark Electronics,0.06,Add 18.34%,350964,$98.67,"$34,629,000",,$80.95,-17.96%,$35.59,$100.41,First Eagle Investment Management Updated 05 Aug 2026,Q2 2026
BKD - Brookdale Senior Living Inc.,0.06,Add 23.30%,2300347,$16.09,"$37,012,000",,$12.86,-20.07%,$7.11,$17.09,First Eagle Investment Management Updated 05 Aug 2026,Q2 2026
BRK.B - Berkshire Hathaway CL B,0.06,Add 17.40%,67626,$500.40,"$33,840,000",,$506.45,1.21%,$464.01,$537.74,First Eagle Investment Management Updated 05 Aug 2026,Q2 2026
BTG - B2Gold Corp.,0.06,,9702684,$3.75,"$36,359,000",,$5.07,35.20%,$3.57,$6.23,First Eagle Investment Management Updated 05 Aug 2026,Q2 2026
HNGE - Hinge Health Inc A,0.06,Add 27.66%,430142,$83.00,"$35,702,000",,$87.81,5.80%,$30.08,$93.13,First Eagle Investment Management Updated 05 Aug 2026,Q2 2026
MTRN - Materion Corp.,0.06,Add 17.02%,119300,$297.39,"$35,479,000",,$285.53,-3.99%,$107.43,$304.58,First Eagle Investment Management Updated 05 Aug 2026,Q2 2026
NPO - EnPro Industries,0.06,Add 29.02%,90130,$376.92,"$33,972,000",,$338.29,-10.25%,$201.26,$390.42,First Eagle Investment Management Updated 05 Aug 2026,Q2 2026
RELX - RELX plc,0.06,Add 29.76%,1040886,$31.67,"$32,965,000",,$34.53,9.03%,$26.84,$47.69,First Eagle Investment Management Updated 05 Aug 2026,Q2 2026
VECO - Veeco Instruments,0.06,Add 18.52%,463853,$75.80,"$35,160,000",,$53.87,-28.93%,$23.31,$86.63,First Eagle Investment Management Updated 05 Aug 2026,Q2 2026
ABCB - Ameris Bancorp,0.05,Add 32.92%,328929,$90.26,"$29,689,000",,$89.19,-1.19%,$68.22,$93.22,First Eagle Investment Management Updated 05 Aug 2026,Q2 2026
DCO - Ducommun Inc.,0.05,Add 14.70%,176376,$185.21,"$32,667,000",,$199.89,7.93%,$84.76,$210.39,First Eagle Investment Management Updated 05 Aug 2026,Q2 2026
IBP - Installed Building Products,0.05,Add 99.81%,127563,$229.84,"$29,319,000",,$246.93,7.44%,$192.75,$345.54,First Eagle Investment Management Updated 05 Aug 2026,Q2 2026
KALU - Kaiser Aluminum Corp.,0.05,Add 24.98%,138431,$195.64,"$27,082,000",,$182.97,-6.48%,$71.41,$199.89,First Eagle Investment Management Updated 05 Aug 2026,Q2 2026
LINC - Lincoln Educational Services Corp.,0.05,Reduce 10.17%,615530,$49.90,"$30,715,000",,$30.64,-38.60%,$17.29,$56.34,First Eagle Investment Management Updated 05 Aug 2026,Q2 2026
ONTO - Onto Innovation Inc.,0.05,Add 84.48%,79294,$378.45,"$30,009,000",,$339.78,-10.22%,$101.00,$386.46,First Eagle Investment Management Updated 05 Aug 2026,Q2 2026
PLXS - Plexus Corp.,0.05,Add 36.33%,92077,$300.67,"$27,685,000",,$265.80,-11.60%,$126.86,$307.06,First Eagle Investment Management Updated 05 Aug 2026,Q2 2026
ROG - Rogers Corp.,0.05,Add 42.82%,188268,$163.73,"$30,825,000",,$137.78,-15.85%,$72.49,$169.00,First Eagle Investment Management Updated 05 Aug 2026,Q2 2026
TTMI - TTM Technologies Inc.,0.05,Reduce 29.87%,157414,$187.02,"$29,439,000",,$141.18,-24.51%,$39.20,$223.83,First Eagle Investment Management Updated 05 Aug 2026,Q2 2026
AMBQ - Ambiq Micro Inc,0.04,Reduce 12.43%,244394,$88.30,"$21,580,000",,$65.31,-26.04%,$22.12,$91.61,First Eagle Investment Management Updated 05 Aug 2026,Q2 2026
CAE - CAE Inc.,0.04,Reduce 1.68%,919313,$25.01,"$22,995,000",,$26.34,5.32%,$22.76,$34.24,First Eagle Investment Management Updated 05 Aug 2026,Q2 2026
CECO - CECO Environmental Corp.,0.04,Add 13.12%,274322,$90.74,"$24,892,000",,$76.73,-15.44%,$42.78,$101.24,First Eagle Investment Management Updated 05 Aug 2026,Q2 2026
CMC - Commercial Metals,0.04,Add 22.70%,350366,$62.75,"$21,985,000",,$72.14,14.96%,$52.46,$84.32,First Eagle Investment Management Updated 05 Aug 2026,Q2 2026
DORM - Dorman Products,0.04,Add 73.68%,158642,$136.45,"$21,647,000",,$133.05,-2.49%,$98.45,$166.89,First Eagle Investment Management Updated 05 Aug 2026,Q2 2026
GHM - Graham Corp.,0.04,Reduce 9.93%,194113,$123.79,"$24,029,000",,$111.24,-10.14%,$46.58,$125.82,First Eagle Investment Management Updated 05 Aug 2026,Q2 2026
HLIT - Harmonic Inc.,0.04,Add 22.46%,1446133,$16.33,"$23,615,000",,$13.13,-19.60%,$8.47,$17.68,First Eagle Investment Management Updated 05 Aug 2026,Q2 2026
HRI - HERC Holdings Inc.,0.04,Add 56.84%,155319,$143.34,"$22,263,000",,$168.22,17.36%,$88.00,$186.52,First Eagle Investment Management Updated 05 Aug 2026,Q2 2026
KWR - Quaker Chemical,0.04,Add 72.39%,162974,$158.87,"$25,892,000",,$171.90,8.20%,$111.37,$181.69,First Eagle Investment Management Updated 05 Aug 2026,Q2 2026
LPX - Louisiana-Pacific Corp.,0.04,Add 25.83%,291803,$78.66,"$22,953,000",,$74.57,-5.20%,$66.12,$101.39,First Eagle Investment Management Updated 05 Aug 2026,Q2 2026
MAMA - Mama's Creations Inc,0.04,Add 12.74%,1379289,$17.85,"$24,620,000",,$17.04,-4.54%,$7.90,$21.00,First Eagle Investment Management Updated 05 Aug 2026,Q2 2026
MRVI - Maravai LifeSciences Holdings Inc.,0.04,Add 45.44%,3671287,$6.24,"$22,909,000",,$5.90,-5.45%,$2.28,$7.44,First Eagle Investment Management Updated 05 Aug 2026,Q2 2026
ONB - Old National Bancorp,0.04,Add 41.65%,986998,$25.90,"$25,563,000",,$27.01,4.29%,$19.04,$27.36,First Eagle Investment Management Updated 05 Aug 2026,Q2 2026
PNTG - Pennant Group Inc.,0.04,Add 32.37%,570500,$36.95,"$21,080,000",,$38.83,5.09%,$22.26,$42.69,First Eagle Investment Management Updated 05 Aug 2026,Q2 2026
RELY - Remitly Global Inc,0.04,Add 29.02%,1072754,$22.41,"$24,040,000",,$25.30,12.90%,$12.08,$27.15,First Eagle Investment Management Updated 05 Aug 2026,Q2 2026
SBCF - Seacoast Banking Corp. of Florida,0.04,Add 28.21%,647565,$33.25,"$21,532,000",,$35.89,7.94%,$27.30,$36.02,First Eagle Investment Management Updated 05 Aug 2026,Q2 2026
SPB - Spectrum Brands Holdings Inc.,0.04,Add 24.48%,289122,$85.75,"$24,792,000",,$90.18,5.17%,$48.98,$99.06,First Eagle Investment Management Updated 05 Aug 2026,Q2 2026
TEL - TE Connectivity plc,0.04,Add 3.82%,109839,$201.61,"$22,145,000",,$215.83,7.05%,$190.27,$251.59,First Eagle Investment Management Updated 05 Aug 2026,Q2 2026
UTI - Universal Technical Institute,0.04,Add 20.78%,570235,$42.77,"$24,389,000",,$26.18,-38.79%,$21.29,$51.34,First Eagle Investment Management Updated 05 Aug 2026,Q2 2026
ABM - ABM Industries,0.03,Add 36.56%,400085,$44.24,"$17,700,000",,$48.16,8.86%,$36.45,$49.80,First Eagle Investment Management Updated 05 Aug 2026,Q2 2026
ACA - Arcosa Inc.,0.03,Add 0.95%,127840,$145.29,"$18,574,000",,$145.17,-0.08%,$88.87,$146.87,First Eagle Investment Management Updated 05 Aug 2026,Q2 2026
ADTN - ADTRAN Holdings Inc.,0.03,Reduce 8.78%,1248507,$13.90,"$17,354,000",,$8.10,-41.73%,$7.11,$19.98,First Eagle Investment Management Updated 05 Aug 2026,Q2 2026
AIN - Albany International,0.03,Add 32.86%,272129,$74.50,"$20,274,000",,$63.94,-14.17%,$40.54,$77.00,First Eagle Investment Management Updated 05 Aug 2026,Q2 2026
AMRC - Ameresco Inc. CL A,0.03,Add 34.89%,749081,$27.60,"$20,674,000",,$27.80,0.72%,$18.38,$44.93,First Eagle Investment Management Updated 05 Aug 2026,Q2 2026
ASTE - Astec Industries,0.03,Add 4.36%,271600,$61.19,"$16,619,000",,$42.41,-30.69%,$40.16,$65.33,First Eagle Investment Management Updated 05 Aug 2026,Q2 2026
ASYS - Amtech Systems Inc.,0.03,Add 1.92%,848426,$23.08,"$19,582,000",,$16.07,-30.37%,$4.60,$25.71,First Eagle Investment Management Updated 05 Aug 2026,Q2 2026
ATRO - Astronics Corp.,0.03,Add 0.21%,192726,$81.26,"$15,661,000",,$93.45,15.00%,$32.54,$99.89,First Eagle Investment Management Updated 05 Aug 2026,Q2 2026
AX - Axos Financial Inc.,0.03,Add 29.58%,213312,$97.39,"$20,775,000",,$101.15,3.86%,$74.89,$105.74,First Eagle Investment Management Updated 05 Aug 2026,Q2 2026
AXGN - AxoGen Inc.,0.03,Reduce 3.81%,341077,$46.19,"$15,755,000",,$47.87,3.64%,$13.64,$49.90,First Eagle Investment Management Updated 05 Aug 2026,Q2 2026
AXS - Axis Capital Holdings Ltd.,0.03,Add 67.44%,151949,$107.44,"$16,325,000",,$100.27,-6.67%,$86.98,$119.99,First Eagle Investment Management Updated 05 Aug 2026,Q2 2026
BCC - Boise Cascade Company,0.03,Add 13.45%,193208,$77.63,"$14,998,000",,$83.96,8.15%,$64.57,$91.43,First Eagle Investment Management Updated 05 Aug 2026,Q2 2026
BDC - Belden Inc.,0.03,Add 41.77%,145409,$119.91,"$17,436,000",,$138.25,15.29%,$98.00,$159.86,First Eagle Investment Management Updated 05 Aug 2026,Q2 2026
CBT - Cabot Corp.,0.03,Add 52.54%,208450,$90.82,"$18,931,000",,$86.43,-4.83%,$57.26,$94.53,First Eagle Investment Management Updated 05 Aug 2026,Q2 2026
CDNA - CareDx Inc.,0.03,Add 4.02%,598497,$28.50,"$17,057,000",,$47.41,66.35%,$11.27,$49.76,First Eagle Investment Management Updated 05 Aug 2026,Q2 2026
CENX - Century Aluminum Co.,0.03,Add 122.19%,362360,$46.01,"$16,672,000",,$47.17,2.52%,$20.91,$70.43,First Eagle Investment Management Updated 05 Aug 2026,Q2 2026
CHEF - Chefs' Warehouse,0.03,Add 8.39%,181519,$96.10,"$17,444,000",,$111.65,16.18%,$53.20,$117.33,First Eagle Investment Management Updated 05 Aug 2026,Q2 2026
CON - Concentra Group Holdings Par,0.03,Add 62.09%,648059,$29.75,"$19,280,000",,$34.83,17.08%,$18.39,$35.15,First Eagle Investment Management Updated 05 Aug 2026,Q2 2026
CVLG - Covenant Transportation Group Inc. CL A,0.03,Add 44.64%,358932,$44.18,"$15,858,000",,$34.97,-20.85%,$17.87,$49.88,First Eagle Investment Management Updated 05 Aug 2026,Q2 2026
CYRX - CryoPort Inc.,0.03,Add 70.70%,1271424,$15.70,"$19,961,000",,$15.25,-2.87%,$7.61,$16.89,First Eagle Investment Management Updated 05 Aug 2026,Q2 2026
DGII - Digi International,0.03,Add 17.01%,203259,$74.95,"$15,234,000",,$84.67,12.97%,$32.07,$86.84,First Eagle Investment Management Updated 05 Aug 2026,Q2 2026
ESI - Element Solutions Inc.,0.03,Add 548.85%,366600,$47.75,"$17,505,000",,$39.07,-18.18%,$22.69,$49.25,First Eagle Investment Management Updated 05 Aug 2026,Q2 2026
EXTR - Extreme Networks Inc.,0.03,Add 66.77%,582916,$32.37,"$18,869,000",,$24.42,-24.56%,$13.48,$33.73,First Eagle Investment Management Updated 05 Aug 2026,Q2 2026
FLOC - Flowco Holdings Inc Cl A,0.03,Add 36.86%,778565,$21.34,"$16,615,000",,$22.89,7.26%,$13.86,$28.26,First Eagle Investment Management Updated 05 Aug 2026,Q2 2026
FLYW - Flywire Corp Voting,0.03,Add 44.05%,1153637,$17.57,"$20,269,000",,$18.22,3.70%,$10.55,$18.98,First Eagle Investment Management Updated 05 Aug 2026,Q2 2026
FORM - FormFactor Inc.,0.03,Reduce 40.99%,106137,$159.93,"$16,975,000",,$132.67,-17.04%,$27.00,$160.27,First Eagle Investment Management Updated 05 Aug 2026,Q2 2026
FUL - H.B. Fuller Co.,0.03,Add 48.45%,339343,$58.29,"$19,780,000",,$60.14,3.17%,$48.30,$68.05,First Eagle Investment Management Updated 05 Aug 2026,Q2 2026
GFF - Griffon Corp.,0.03,Buy,170157,$97.53,"$16,595,000",,$105.83,8.51%,$64.49,$108.57,First Eagle Investment Management Updated 05 Aug 2026,Q2 2026
GLNG - Golar LNG Ltd.,0.03,Add 29.86%,360322,$49.84,"$17,958,000",,$51.60,3.53%,$34.66,$57.50,First Eagle Investment Management Updated 05 Aug 2026,Q2 2026
GTES - Gates Industrial Corp.,0.03,Add 542.87%,536800,$27.97,"$15,014,000",,$27.83,-0.50%,$20.88,$30.34,First Eagle Investment Management Updated 05 Aug 2026,Q2 2026
HD - Home Depot,0.03,Add 3.82%,52776,$352.68,"$18,613,000",,$341.29,-3.23%,$286.95,$418.06,First Eagle Investment Management Updated 05 Aug 2026,Q2 2026
HSTM - HealthStream Inc.,0.03,Add 39.04%,591898,$27.25,"$16,129,000",,$28.99,6.39%,$19.44,$31.11,First Eagle Investment Management Updated 05 Aug 2026,Q2 2026
IIIN - Insteel Industries Inc.,0.03,Add 34.26%,511454,$30.20,"$15,446,000",,$32.60,7.95%,$24.32,$38.54,First Eagle Investment Management Updated 05 Aug 2026,Q2 2026
IIIV - I3 Verticals Inc. CL A,0.03,Add 89.20%,723009,$21.36,"$15,443,000",,$16.78,-21.44%,$16.00,$33.97,First Eagle Investment Management Updated 05 Aug 2026,Q2 2026
KRE - SPDR S&P Regional Banking,0.03,Add 34.32%,236569,$74.85,"$17,707,000",,$77.67,3.77%,$56.53,$78.35,First Eagle Investment Management Updated 05 Aug 2026,Q2 2026
LAD - Lithia Motors Inc.,0.03,Add 50.97%,65976,$290.48,"$19,165,000",,$378.24,30.21%,$238.86,$438.67,First Eagle Investment Management Updated 05 Aug 2026,Q2 2026
LFST - Lifestance Health Group Inc,0.03,Reduce 2.95%,1562966,$10.71,"$16,739,000",,$12.27,14.57%,$4.77,$12.43,First Eagle Investment Management Updated 05 Aug 2026,Q2 2026
LOCO - El Pollo Loco Holdings Inc.,0.03,Add 73.09%,995799,$16.96,"$16,889,000",,$15.33,-9.61%,$8.99,$17.40,First Eagle Investment Management Updated 05 Aug 2026,Q2 2026
LPG - Dorian LPG Ltd,0.03,Add 41.65%,559425,$34.78,"$19,457,000",,$45.95,32.12%,$22.18,$47.88,First Eagle Investment Management Updated 05 Aug 2026,Q2 2026
LXU - LSB Industries Inc.,0.03,Add 30.77%,1418900,$10.81,"$15,338,000",,$9.86,-8.79%,$7.51,$17.22,First Eagle Investment Management Updated 05 Aug 2026,Q2 2026
MUR - Murphy Oil,0.03,Add 141.46%,497400,$32.56,"$16,195,000",,$34.81,6.91%,$21.22,$42.97,First Eagle Investment Management Updated 05 Aug 2026,Q2 2026
NGS - Natural Gas Services Group Inc.,0.03,Add 21.07%,347685,$43.14,"$14,999,000",,$36.80,-14.70%,$23.72,$44.61,First Eagle Investment Management Updated 05 Aug 2026,Q2 2026
NVGS - Navigator Holdings Ltd.,0.03,Add 32.05%,1030819,$18.63,"$19,204,000",,$20.76,11.43%,$13.93,$24.29,First Eagle Investment Management Updated 05 Aug 2026,Q2 2026
OIS - Oil States International Inc.,0.03,Reduce 1.86%,2005677,$8.01,"$16,065,000",,$8.82,10.11%,$4.89,$14.50,First Eagle Investment Management Updated 05 Aug 2026,Q2 2026
PKOH - Park Ohio Holdings Corp.,0.03,Reduce 0.71%,477847,$38.45,"$18,373,000",,$49.57,28.92%,$17.73,$53.30,First Eagle Investment Management Updated 05 Aug 2026,Q2 2026
SLP - Simulations Plus Inc.,0.03,Add 44.27%,1070582,$18.31,"$19,603,000",,$18.31,0.00%,$11.09,$21.01,First Eagle Investment Management Updated 05 Aug 2026,Q2 2026
SMBK - SmartFinancial Inc.,0.03,Add 42.54%,319339,$46.92,"$14,983,000",,$52.68,12.28%,$32.74,$54.14,First Eagle Investment Management Updated 05 Aug 2026,Q2 2026
STNG - Scorpio Tankers Inc.,0.03,Reduce 2.70%,228718,$69.26,"$15,841,000",,$78.78,13.75%,$43.56,$86.86,First Eagle Investment Management Updated 05 Aug 2026,Q2 2026
TITN - Titan Machinery Inc.,0.03,Reduce 1.78%,786899,$21.12,"$16,619,000",,$18.17,-13.97%,$13.21,$25.00,First Eagle Investment Management Updated 05 Aug 2026,Q2 2026
TKR - Timken Co.,0.03,Add 54.93%,142297,$145.32,"$20,679,000",,$131.10,-9.79%,$69.80,$146.37,First Eagle Investment Management Updated 05 Aug 2026,Q2 2026
TMHC-OLD - Taylor Morrison Home Corp.,0.03,Reduce 5.23%,227601,$71.74,"$16,328,000",,$72.46,1.00%,$54.15,$72.50,First Eagle Investment Management Updated 05 Aug 2026,Q2 2026
TRN - Trinity Industries,0.03,Add 11.48%,463319,$34.58,"$16,021,000",,$29.33,-15.18%,$24.06,$38.31,First Eagle Investment Management Updated 05 Aug 2026,Q2 2026
TRNS - Transcat Inc.,0.03,Add 13.49%,173697,$92.77,"$16,114,000",,$95.73,3.19%,$50.23,$98.36,First Eagle Investment Management Updated 05 Aug 2026,Q2 2026
TXN - Texas Instruments,0.03,Reduce 98.57%,52464,$298.07,"$15,638,000",,$274.35,-7.96%,$150.20,$332.33,First Eagle Investment Management Updated 05 Aug 2026,Q2 2026
UNH - United Health Group Inc.,0.03,Add 3.82%,42364,$415.61,"$17,607,000",,$399.39,-3.90%,$254.51,$461.62,First Eagle Investment Management Updated 05 Aug 2026,Q2 2026
VLY - Valley National Bancorp,0.03,Add 15.08%,1118000,$14.65,"$16,379,000",,$15.02,2.53%,$9.31,$15.20,First Eagle Investment Management Updated 05 Aug 2026,Q2 2026
WCC - WESCO International Inc.,0.03,Add 3.11%,52748,$345.43,"$18,221,000",,$363.97,5.37%,$202.38,$385.37,First Eagle Investment Management Updated 05 Aug 2026,Q2 2026
ACLS - Axcelis Technologies,0.02,Reduce 28.47%,71925,$189.45,"$13,626,000",,$143.17,-24.43%,$73.60,$193.78,First Eagle Investment Management Updated 05 Aug 2026,Q2 2026
ACN - Accenture,0.02,Add 31.41%,118592,$124.44,"$14,757,000",,$178.85,43.72%,$116.75,$285.21,First Eagle Investment Management Updated 05 Aug 2026,Q2 2026
AIR - AAR Corp.,0.02,Add 26.67%,81059,$142.93,"$11,586,000",,$143.97,0.73%,$71.67,$154.00,First Eagle Investment Management Updated 05 Aug 2026,Q2 2026
ARLO - Arlo Technologies Inc.,0.02,Add 713.19%,752200,$13.48,"$10,140,000",,$14.33,6.31%,$11.05,$19.94,First Eagle Investment Management Updated 05 Aug 2026,Q2 2026
AVBH - Avidbank Holdings Inc,0.02,Add 43.93%,284040,$33.03,"$9,382,000",,$32.97,-0.18%,$23.25,$34.18,First Eagle Investment Management Updated 05 Aug 2026,Q2 2026
BKH - Black Hills,0.02,Add 38.22%,177990,$74.40,"$13,242,000",,$73.99,-0.55%,$56.42,$77.95,First Eagle Investment Management Updated 05 Aug 2026,Q2 2026
BRZE - Braze Inc A,0.02,Add 284.74%,609814,$21.69,"$13,227,000",,$29.14,34.35%,$15.26,$37.33,First Eagle Investment Management Updated 05 Aug 2026,Q2 2026
CAKE - Cheesecake Factory,0.02,Reduce 9.49%,133591,$79.54,"$10,626,000",,$112.71,41.70%,$42.54,$117.97,First Eagle Investment Management Updated 05 Aug 2026,Q2 2026
CCRN-OLD - Cross Country Healthcare,0.02,Add 26.72%,747281,$13.21,"$9,872,000",,$13.25,0.30%,$7.43,$14.99,First Eagle Investment Management Updated 05 Aug 2026,Q2 2026
CENTA - Central Garden & Pet,0.02,Add 11.33%,289938,$38.77,"$11,241,000",,$38.65,-0.31%,$25.97,$40.80,First Eagle Investment Management Updated 05 Aug 2026,Q2 2026
CEVA - CEVA Inc.,0.02,Buy,209117,$47.16,"$9,862,000",,$30.35,-35.64%,$17.02,$51.60,First Eagle Investment Management Updated 05 Aug 2026,Q2 2026
COLB - Columbia Banking System Inc.,0.02,Add 67.95%,384600,$32.05,"$12,326,000",,$32.38,1.03%,$22.94,$33.68,First Eagle Investment Management Updated 05 Aug 2026,Q2 2026
CTOS - Custom Truck One Source Inc.,0.02,Add 12.53%,861753,$11.81,"$10,178,000",,$10.45,-11.52%,$5.18,$12.23,First Eagle Investment Management Updated 05 Aug 2026,Q2 2026
DCOM - Dime Community Bancshares,0.02,Add 23.22%,331660,$40.65,"$13,482,000",,$41.10,1.11%,$25.09,$41.97,First Eagle Investment Management Updated 05 Aug 2026,Q2 2026
DIN - Dine Brands Global Inc.,0.02,Buy,296323,$35.90,"$10,638,000",,$34.83,-2.98%,$19.76,$39.19,First Eagle Investment Management Updated 05 Aug 2026,Q2 2026
DV - DoubleVerify Holdings Inc.,0.02,Add 82.68%,1160000,$10.84,"$12,574,000",,$13.31,22.79%,$7.64,$16.44,First Eagle Investment Management Updated 05 Aug 2026,Q2 2026
DY - Dycom Industries,0.02,Reduce 10.69%,28037,$505.58,"$14,175,000",,$413.02,-18.31%,$233.00,$566.47,First Eagle Investment Management Updated 05 Aug 2026,Q2 2026
ENSG - Ensign Group,0.02,Add 5080.43%,64600,$160.31,"$10,356,000",,$183.12,14.23%,$141.52,$217.84,First Eagle Investment Management Updated 05 Aug 2026,Q2 2026
FIP - Ftai Infrastructure Inc,0.02,Add 8.79%,2747562,$4.64,"$12,749,000",,$4.63,-0.22%,$3.06,$6.61,First Eagle Investment Management Updated 05 Aug 2026,Q2 2026
FLS - Flowserve Corp.,0.02,Add 58.74%,177409,$74.16,"$13,157,000",,$80.89,9.07%,$48.28,$91.86,First Eagle Investment Management Updated 05 Aug 2026,Q2 2026
LLY - Eli Lilly & Co.,6.89,Reduce 27.08%,666912,$1199.43,"$799,914,000",,$1214.36,1.24%,$639.97,$1249.45,Polen Capital Management Updated 04 Aug 2026,Q2 2026
NVDA - NVIDIA Corp.,6.86,Reduce 3.07%,3978446,$200.09,"$796,047,000",,$225.95,12.92%,$163.85,$236.26,Polen Capital Management Updated 04 Aug 2026,Q2 2026
MSFT - Microsoft Corp.,6.74,Reduce 26.26%,2098613,$373.02,"$782,824,000",,$496.35,33.06%,$349.20,$550.24,Polen Capital Management Updated 04 Aug 2026,Q2 2026
GOOG - Alphabet Inc. CL C,6.59,Reduce 26.52%,2165218,$353.33,"$765,036,000",,$343.94,-2.66%,$196.90,$404.23,Polen Capital Management Updated 04 Aug 2026,Q2 2026
AVGO - Broadcom Inc.,6.38,Reduce 27.33%,1960209,$377.75,"$740,469,000",,$420.34,11.27%,$279.82,$494.22,Polen Capital Management Updated 04 Aug 2026,Q2 2026
AMZN - Amazon.com Inc.,5.77,Reduce 27.89%,2809953,$238.34,"$669,724,000",,$265.88,11.55%,$196.00,$287.20,Polen Capital Management Updated 04 Aug 2026,Q2 2026
V - Visa Inc.,5.34,Reduce 26.17%,1805617,$343.09,"$619,489,000",,$362.90,5.77%,$292.74,$373.28,Polen Capital Management Updated 04 Aug 2026,Q2 2026
MA - Mastercard Inc.,5.05,Reduce 25.91%,1141958,$513.60,"$586,509,000",,$566.09,10.22%,$463.74,$598.04,Polen Capital Management Updated 04 Aug 2026,Q2 2026
NOW - ServiceNow Inc.,4.59,Reduce 26.13%,5370172,$99.28,"$533,151,000",,$126.52,27.44%,$81.24,$194.73,Polen Capital Management Updated 04 Aug 2026,Q2 2026
ORCL - Oracle Corp.,4.51,Reduce 28.86%,3574259,$146.55,"$523,808,000",,$155.70,6.24%,$114.50,$341.82,Polen Capital Management Updated 04 Aug 2026,Q2 2026
SHOP - Shopify Inc.,4.5,Reduce 27.42%,4577524,$114.18,"$522,662,000",,$157.57,38.00%,$94.00,$182.19,Polen Capital Management Updated 04 Aug 2026,Q2 2026
MSCI - MSCI Inc.,3.24,Reduce 27.73%,671797,$560.04,"$376,233,000",,$572.76,2.27%,$497.32,$644.77,Polen Capital Management Updated 04 Aug 2026,Q2 2026
LRCX - Lam Research,3.21,Reduce 18.54%,859036,$433.33,"$372,246,000",,$339.14,-21.74%,$93.59,$438.50,Polen Capital Management Updated 04 Aug 2026,Q2 2026
SBUX - Starbucks Corp.,3.13,Reduce 29.76%,3550773,$102.19,"$362,854,000",,$109.28,6.94%,$76.49,$110.29,Polen Capital Management Updated 04 Aug 2026,Q2 2026
IDXX - IDEXX Laboratories,2.41,Reduce 23.49%,532384,$526.44,"$280,268,000",,$563.26,6.99%,$518.55,$769.98,Polen Capital Management Updated 04 Aug 2026,Q2 2026
GE - GE Aerospace,2.22,Buy,690493,$373.73,"$258,058,000",,$361.73,-3.21%,$262.47,$388.84,Polen Capital Management Updated 04 Aug 2026,Q2 2026
CSGP - CoStar Group Inc.,2.14,Reduce 30.32%,8759314,$28.32,"$248,064,000",,$32.54,14.90%,$25.89,$91.89,Polen Capital Management Updated 04 Aug 2026,Q2 2026
TSM - Taiwan Semiconductor S.A.,2.06,Add 186.92%,501210,$477.57,"$239,363,000",,$432.89,-9.36%,$221.29,$479.00,Polen Capital Management Updated 04 Aug 2026,Q2 2026
ABNB - Airbnb Inc.,2.03,Reduce 27.44%,1649884,$143.10,"$236,098,000",,$184.74,29.10%,$110.81,$187.12,Polen Capital Management Updated 04 Aug 2026,Q2 2026
GEV - Ge Vernova Inc,1.99,Buy,196612,$1174.86,"$230,991,000",,$1058.04,-9.94%,$529.18,$1195.94,Polen Capital Management Updated 04 Aug 2026,Q2 2026
META - Meta Platforms Inc.,1.6,Reduce 30.86%,329573,$563.29,"$185,645,000",,$593.95,5.44%,$519.78,$793.65,Polen Capital Management Updated 04 Aug 2026,Q2 2026
ISRG - Intuitive Surgical Inc.,1.53,Reduce 26.18%,447944,$397.68,"$178,139,000",,$400.49,0.71%,$328.57,$603.88,Polen Capital Management Updated 04 Aug 2026,Q2 2026
ATI - Allegheny Technologies Inc.,1.39,Buy,819236,$197.10,"$161,471,000",,$228.81,16.09%,$70.42,$243.57,Polen Capital Management Updated 04 Aug 2026,Q2 2026
HWM - Howmet Aerospace Inc.,1.06,Buy,457124,$268.86,"$122,902,000",,$282.03,4.90%,$169.10,$309.85,Polen Capital Management Updated 04 Aug 2026,Q2 2026
EME - Emcor Group,0.74,Buy,103123,$829.88,"$85,580,000",,$835.08,0.63%,$564.01,$951.47,Polen Capital Management Updated 04 Aug 2026,Q2 2026
IWF - iShares Russell 1000 Growth ETF,0.66,Reduce 62.29%,613639,$124.17,"$76,196,000",,$125.93,1.42%,$102.14,$129.03,Polen Capital Management Updated 04 Aug 2026,Q2 2026
ROL - Rollins Inc.,0.57,Reduce 26.94%,1590903,$41.74,"$66,404,000",,$36.36,-12.89%,$36.17,$65.40,Polen Capital Management Updated 04 Aug 2026,Q2 2026
AON - Aon Plc,0.47,Reduce 87.89%,164035,$331.69,"$54,409,000",,$355.30,7.12%,$303.10,$381.47,Polen Capital Management Updated 04 Aug 2026,Q2 2026
MELI - Mercadolibre Inc.,0.38,Reduce 24.75%,25926,$1697.37,"$44,006,000",,$1825.00,7.52%,$1495.00,$2548.50,Polen Capital Management Updated 04 Aug 2026,Q2 2026
UBER - Uber Technologies Inc.,0.35,Reduce 80.46%,570063,$72.16,"$41,136,000",,$75.84,5.10%,$65.41,$101.99,Polen Capital Management Updated 04 Aug 2026,Q2 2026
SPOT - Spotify Technology S.A.,0.32,Reduce 24.06%,81578,$459.13,"$37,455,000",,$497.33,8.32%,$405.00,$748.30,Polen Capital Management Updated 04 Aug 2026,Q2 2026
ASML - ASML Holding NV,0.26,Reduce 4.01%,15427,$1989.50,"$30,692,000",,$1861.52,-6.43%,$711.50,$1997.36,Polen Capital Management Updated 04 Aug 2026,Q2 2026
ZTS - Zoetis Inc.,0.2,Reduce 92.41%,320420,$71.86,"$23,025,000",,$74.95,4.30%,$70.98,$157.46,Polen Capital Management Updated 04 Aug 2026,Q2 2026
ACN - Accenture,0.16,Reduce 88.72%,152800,$124.44,"$19,014,000",,$178.85,43.72%,$116.75,$285.21,Polen Capital Management Updated 04 Aug 2026,Q2 2026
ACWI - iShares MSCI ACWI ETF,0.16,Reduce 60.66%,120540,$156.97,"$18,921,000",,$162.55,3.55%,$127.86,$162.60,Polen Capital Management Updated 04 Aug 2026,Q2 2026
SNPS - Synopsys Inc.,0.16,Reduce 93.85%,41267,$446.07,"$18,408,000",,$414.00,-7.19%,$366.00,$628.89,Polen Capital Management Updated 04 Aug 2026,Q2 2026
DOCN - DigitalOcean Holdings Inc.,0.14,Add 5.35%,101350,$157.03,"$15,915,000",,$133.37,-15.07%,$29.62,$187.50,Polen Capital Management Updated 04 Aug 2026,Q2 2026
WULF - Terawulf Inc,0.12,Add 429.39%,563139,$24.70,"$13,910,000",,$16.36,-33.77%,$5.26,$29.84,Polen Capital Management Updated 04 Aug 2026,Q2 2026
BE - Bloom Energy Corp.,0.11,Reduce 39.26%,40838,$302.71,"$12,362,000",,$237.75,-21.46%,$40.56,$351.28,Polen Capital Management Updated 04 Aug 2026,Q2 2026
CECO - CECO Environmental Corp.,0.11,Reduce 3.67%,137977,$90.74,"$12,520,000",,$76.73,-15.44%,$42.78,$101.24,Polen Capital Management Updated 04 Aug 2026,Q2 2026
BELFB - Bel Fuse Inc. CL B,0.09,Reduce 24.21%,32845,$333.05,"$10,939,000",,$289.46,-13.09%,$124.25,$335.20,Polen Capital Management Updated 04 Aug 2026,Q2 2026
GOOGL - Alphabet Inc.,0.09,Reduce 1.37%,27810,$357.39,"$9,939,000",,$346.14,-3.15%,$196.04,$408.37,Polen Capital Management Updated 04 Aug 2026,Q2 2026
NU - Nu Holdings Ltd,0.09,Reduce 38.16%,752747,$13.36,"$10,057,000",,$13.92,4.19%,$11.20,$18.98,Polen Capital Management Updated 04 Aug 2026,Q2 2026
LASR - nLight Inc.,0.08,Add 48.62%,133448,$69.62,"$9,291,000",,$50.64,-27.26%,$24.87,$86.95,Polen Capital Management Updated 04 Aug 2026,Q2 2026
AGX - Argan Inc.,0.07,Reduce 43.20%,10214,$798.51,"$8,156,000",,$566.74,-29.03%,$196.06,$805.09,Polen Capital Management Updated 04 Aug 2026,Q2 2026
FROG - JFrog Ltd,0.07,Add 360.06%,93117,$90.87,"$8,462,000",,$93.89,3.32%,$34.05,$99.22,Polen Capital Management Updated 04 Aug 2026,Q2 2026
MOD - Modine Mfg.,0.07,Add 1.01%,29335,$267.02,"$7,833,000",,$204.58,-23.38%,$111.18,$323.25,Polen Capital Management Updated 04 Aug 2026,Q2 2026
POWL - Powell Industries,0.07,Reduce 44.37%,29181,$286.35,"$8,356,000",,$207.18,-27.65%,$78.37,$327.89,Polen Capital Management Updated 04 Aug 2026,Q2 2026
AMPX - Amprius Technologies Inc,0.06,Add 10.29%,465598,$13.86,"$6,453,000",,$12.04,-13.13%,$6.36,$24.23,Polen Capital Management Updated 04 Aug 2026,Q2 2026
BKD - Brookdale Senior Living Inc.,0.06,Add 7.30%,451082,$16.09,"$7,258,000",,$12.86,-20.07%,$7.11,$17.09,Polen Capital Management Updated 04 Aug 2026,Q2 2026
BWXT - BWX Technologies Inc.,0.06,Reduce 3.01%,36974,$194.65,"$7,197,000",,$170.19,-12.57%,$156.77,$241.50,Polen Capital Management Updated 04 Aug 2026,Q2 2026
CCJ - Cameco Corp.,0.06,Add 241.26%,68968,$101.87,"$7,026,000",,$97.82,-3.98%,$68.77,$135.24,Polen Capital Management Updated 04 Aug 2026,Q2 2026
SEI - Solaris Energy Infrastructure Inc.,0.06,Reduce 4.00%,80324,$80.46,"$6,463,000",,$60.98,-24.21%,$24.32,$86.19,Polen Capital Management Updated 04 Aug 2026,Q2 2026
SPHR - Sphere Entertainment Co.,0.06,Reduce 20.22%,38529,$173.04,"$6,667,000",,$174.24,0.69%,$38.22,$177.86,Polen Capital Management Updated 04 Aug 2026,Q2 2026
VSEC - VSE Corp.,0.06,Reduce 28.99%,29853,$228.49,"$6,821,000",,$235.91,3.25%,$154.36,$247.85,Polen Capital Management Updated 04 Aug 2026,Q2 2026
YOU - Clear Secure Inc.,0.06,Reduce 9.68%,131773,$55.73,"$7,344,000",,$45.88,-17.67%,$29.03,$69.07,Polen Capital Management Updated 04 Aug 2026,Q2 2026
AEHR - Aehr Test Systems,0.05,Reduce 16.67%,66157,$96.06,"$6,355,000",,$126.54,31.73%,$16.38,$133.35,Polen Capital Management Updated 04 Aug 2026,Q2 2026
DLO - DLocal Ltd,0.05,Reduce 0.61%,456087,$13.00,"$5,927,000",,$14.86,14.31%,$10.46,$16.50,Polen Capital Management Updated 04 Aug 2026,Q2 2026
IESC - IES Holdings Inc.,0.05,Reduce 39.14%,7275,$734.71,"$5,345,000",,$762.62,3.80%,$309.51,$816.51,Polen Capital Management Updated 04 Aug 2026,Q2 2026
REAL - RealReal Inc.,0.05,Add 123.81%,496556,$11.79,"$5,854,000",,$11.07,-6.11%,$7.21,$17.39,Polen Capital Management Updated 04 Aug 2026,Q2 2026
TWST - Twist Bioscience Corp.,0.05,Add 130.10%,55310,$102.87,"$5,690,000",,$124.44,20.97%,$23.30,$125.66,Polen Capital Management Updated 04 Aug 2026,Q2 2026
VICR - Vicor Corp.,0.05,Add 7.37%,14924,$379.79,"$5,668,000",,$230.63,-39.27%,$45.44,$382.65,Polen Capital Management Updated 04 Aug 2026,Q2 2026
VUG - Vanguard Growth ETF,0.05,Reduce 23.89%,73200,$86.13,"$6,305,000",,$89.85,4.32%,$69.56,$90.50,Polen Capital Management Updated 04 Aug 2026,Q2 2026
CRS - Carpenter Technology,0.04,Reduce 45.65%,6756,$616.79,"$4,167,000",,$537.41,-12.87%,$227.57,$625.99,Polen Capital Management Updated 04 Aug 2026,Q2 2026
FTK - Flotek Industries Inc.,0.04,Add 607.27%,195504,$23.52,"$4,598,000",,$35.21,49.70%,$10.95,$39.67,Polen Capital Management Updated 04 Aug 2026,Q2 2026
GH - Guardant Health Inc.,0.04,Reduce 1.02%,34372,$150.03,"$5,157,000",,$160.66,7.09%,$53.40,$176.58,Polen Capital Management Updated 04 Aug 2026,Q2 2026
LPTH - LightPath Technologies Inc. CL A,0.04,Add 297.79%,314476,$16.35,"$5,142,000",,$13.30,-18.65%,$3.36,$18.94,Polen Capital Management Updated 04 Aug 2026,Q2 2026
NFLX - Netflix Inc.,0.04,Reduce 18.19%,68139,$71.40,"$4,865,000",,$77.52,8.57%,$65.08,$126.71,Polen Capital Management Updated 04 Aug 2026,Q2 2026
PL - Planet Labs PBC,0.04,Reduce 30.25%,149211,$33.13,"$4,943,000",,$24.82,-25.08%,$6.10,$51.76,Polen Capital Management Updated 04 Aug 2026,Q2 2026
RXT - Rackspace Technology Inc.,0.04,Buy,709189,$6.53,"$4,631,000",,$4.38,-32.92%,$0.39,$8.60,Polen Capital Management Updated 04 Aug 2026,Q2 2026
SAP - SAP SE,0.04,Reduce 56.85%,28773,$154.10,"$4,434,000",,$208.21,35.11%,$144.97,$276.56,Polen Capital Management Updated 04 Aug 2026,Q2 2026
SITM - SiTime Corp.,0.04,Reduce 21.77%,5555,$745.63,"$4,142,000",,$696.96,-6.53%,$204.61,$901.81,Polen Capital Management Updated 04 Aug 2026,Q2 2026
VPG - Vishay Precision Group,0.04,Add 34.95%,32744,$149.92,"$4,909,000",,$68.84,-54.08%,$26.74,$151.78,Polen Capital Management Updated 04 Aug 2026,Q2 2026
AIR - AAR Corp.,0.03,Add 45.37%,23561,$142.95,"$3,368,000",,$143.97,0.71%,$71.67,$154.00,Polen Capital Management Updated 04 Aug 2026,Q2 2026
APLD - Applied Digital Corp,0.03,Buy,98328,$37.30,"$3,668,000",,$30.84,-17.32%,$13.16,$50.73,Polen Capital Management Updated 04 Aug 2026,Q2 2026
ASTE - Astec Industries,0.03,Add 26.69%,52160,$61.20,"$3,192,000",,$42.41,-30.70%,$40.16,$65.33,Polen Capital Management Updated 04 Aug 2026,Q2 2026
ATRO - Astronics Corp.,0.03,Reduce 7.15%,39379,$81.26,"$3,200,000",,$93.45,15.00%,$32.54,$99.89,Polen Capital Management Updated 04 Aug 2026,Q2 2026
AXTI - AXT Inc.,0.03,Add 6.76%,52707,$72.08,"$3,799,000",,$78.95,9.53%,$2.05,$143.16,Polen Capital Management Updated 04 Aug 2026,Q2 2026
AZN - AstraZeneca PLC,0.03,Reduce 28.51%,18621,$188.71,"$3,514,000",,$157.30,-16.64%,$90.90,$209.12,Polen Capital Management Updated 04 Aug 2026,Q2 2026
BFLY - Butterfly Network Inc,0.03,Add 18.27%,480502,$8.42,"$4,046,000",,$9.13,8.43%,$1.34,$10.05,Polen Capital Management Updated 04 Aug 2026,Q2 2026
BW - Babcock & Wilcox Enterprises,0.03,Reduce 8.13%,249411,$14.10,"$3,517,000",,$9.48,-32.77%,$1.40,$22.03,Polen Capital Management Updated 04 Aug 2026,Q2 2026
CPA - Copa Holdings SA,0.03,Buy,18948,$155.58,"$2,948,000",,$136.74,-12.11%,$106.15,$160.47,Polen Capital Management Updated 04 Aug 2026,Q2 2026
EVC - Entravision Communications Corp. CL A,0.03,Buy,236939,$13.04,"$3,090,000",,$9.02,-30.83%,$1.88,$13.74,Polen Capital Management Updated 04 Aug 2026,Q2 2026
JOBY - Joby Aviation Inc.,0.03,Add 12.69%,332157,$8.92,"$2,963,000",,$8.23,-7.74%,$6.63,$19.98,Polen Capital Management Updated 04 Aug 2026,Q2 2026
LFUS - Littelfuse Inc.,0.03,Add 41.48%,7016,$455.39,"$3,195,000",,$450.63,-1.05%,$231.99,$500.57,Polen Capital Management Updated 04 Aug 2026,Q2 2026
LIND - Lindblad Expeditions Hldgs Inc.,0.03,Add 12.52%,114915,$28.24,"$3,245,000",,$34.41,21.85%,$11.37,$34.95,Polen Capital Management Updated 04 Aug 2026,Q2 2026
LTH - Life Time Group Holdings Inc,0.03,Add 89.48%,76705,$40.84,"$3,133,000",,$44.28,8.42%,$24.14,$47.24,Polen Capital Management Updated 04 Aug 2026,Q2 2026
SPY - SPDR S&P 500 ETF Trust,0.03,Add 6.95%,4018,$746.89,"$3,001,000",,$778.23,4.20%,$626.01,$778.82,Polen Capital Management Updated 04 Aug 2026,Q2 2026
TIGO - Millicom Intl Cellular S.a.,0.03,Reduce 6.91%,33602,$90.77,"$3,050,000",,$95.02,4.68%,$39.68,$107.13,Polen Capital Management Updated 04 Aug 2026,Q2 2026
TME - Tencent Music Entertainment Grp,0.03,Reduce 0.75%,407182,$8.35,"$3,400,000",,$8.60,2.99%,$7.94,$26.00,Polen Capital Management Updated 04 Aug 2026,Q2 2026
TSHA - Taysha Gene Therapies Inc,0.03,Add 53.00%,489219,$6.81,"$3,332,000",,$6.01,-11.75%,$2.71,$7.30,Polen Capital Management Updated 04 Aug 2026,Q2 2026
TSLA - Tesla Inc.,0.03,Add 21.80%,8974,$420.55,"$3,774,000",,$338.95,-19.40%,$297.38,$498.83,Polen Capital Management Updated 04 Aug 2026,Q2 2026
VECO - Veeco Instruments,0.03,Add 301.68%,48314,$75.80,"$3,662,000",,$53.87,-28.93%,$23.31,$86.63,Polen Capital Management Updated 04 Aug 2026,Q2 2026
WTW - Willis Towers Watson plc,0.03,Reduce 33.77%,12833,$261.36,"$3,354,000",,$334.14,27.85%,$239.74,$349.37,Polen Capital Management Updated 04 Aug 2026,Q2 2026
AAOI - Applied Optoelectronics Inc,0.02,Add 29.23%,19272,$148.14,"$2,855,000",,$136.09,-8.13%,$18.50,$233.67,Polen Capital Management Updated 04 Aug 2026,Q2 2026
ACWX - iShares MSCI ACWI EX U.S. ETF,0.02,Add 8.10%,27755,$76.09,"$2,112,000",,$77.95,2.44%,$60.24,$78.12,Polen Capital Management Updated 04 Aug 2026,Q2 2026
ADPT - Adaptive Biotechnologies Corp.,0.02,Reduce 11.71%,102457,$21.45,"$2,198,000",,$24.65,14.92%,$11.92,$26.16,Polen Capital Management Updated 04 Aug 2026,Q2 2026
AKTS - Aktis Oncology Inc,0.02,Buy,63514,$32.23,"$2,047,000",,$23.93,-25.75%,$14.72,$34.19,Polen Capital Management Updated 04 Aug 2026,Q2 2026
AZZ - AZZ Inc.,0.02,Add 20.27%,17364,$155.03,"$2,692,000",,$150.27,-3.07%,$92.36,$161.93,Polen Capital Management Updated 04 Aug 2026,Q2 2026
BLLN - Billiontoone Inc Cl A,0.02,Buy,16975,$120.00,"$2,037,000",,$94.61,-21.16%,$61.96,$150.44,Polen Capital Management Updated 04 Aug 2026,Q2 2026
CAKE - Cheesecake Factory,0.02,Add 34.14%,33297,$79.53,"$2,648,000",,$112.71,41.72%,$42.54,$117.97,Polen Capital Management Updated 04 Aug 2026,Q2 2026
CALY - Callaway Golf Co.,0.02,Add 107.31%,146013,$18.79,"$2,744,000",,$16.67,-11.28%,$8.39,$20.28,Polen Capital Management Updated 04 Aug 2026,Q2 2026
CDNL - Cardinal Infrastructure Gr A,0.02,Buy,30787,$94.20,"$2,900,000",,$35.16,-62.68%,$21.98,$96.40,Polen Capital Management Updated 04 Aug 2026,Q2 2026
CVNA - Carvana Co.,0.02,Add 2.08%,37504,$65.83,"$2,469,000",,$74.54,13.23%,$54.46,$97.38,Polen Capital Management Updated 04 Aug 2026,Q2 2026
DRTS - Alpha Tau Medical Ltd,0.02,Buy,220751,$12.58,"$2,777,000",,$14.56,15.74%,$3.00,$14.67,Polen Capital Management Updated 04 Aug 2026,Q2 2026
ESTA - Establishment Labs Hldg Inc.,0.02,Reduce 7.33%,22541,$85.80,"$1,934,000",,$76.20,-11.19%,$33.75,$97.59,Polen Capital Management Updated 04 Aug 2026,Q2 2026
FIVN - Five9 Inc.,0.02,Buy,117256,$21.32,"$2,500,000",,$33.37,56.52%,$13.29,$34.58,Polen Capital Management Updated 04 Aug 2026,Q2 2026
FPS - Forgent Power Solutions Inc,0.02,Buy,50328,$55.85,"$2,811,000",,$37.90,-32.14%,$25.95,$66.00,Polen Capital Management Updated 04 Aug 2026,Q2 2026
GHM - Graham Corp.,0.02,Reduce 11.01%,15852,$123.77,"$1,962,000",,$111.24,-10.12%,$46.58,$125.82,Polen Capital Management Updated 04 Aug 2026,Q2 2026
KN - Knowles Corp.,0.02,Buy,58485,$41.48,"$2,426,000",,$38.14,-8.05%,$20.08,$42.93,Polen Capital Management Updated 04 Aug 2026,Q2 2026
MAMA - Mama's Creations Inc,0.02,Add 53.65%,100497,$17.85,"$1,794,000",,$17.04,-4.54%,$7.90,$21.00,Polen Capital Management Updated 04 Aug 2026,Q2 2026
MEC - Mayville Engineering Co. Inc.,0.02,Buy,61827,$37.46,"$2,316,000",,$23.31,-37.77%,$12.25,$38.76,Polen Capital Management Updated 04 Aug 2026,Q2 2026
MIRM - Mirum Pharmaceuticals Inc.,0.02,Add 1.79%,20899,$117.09,"$2,447,000",,$99.49,-15.03%,$63.23,$130.00,Polen Capital Management Updated 04 Aug 2026,Q2 2026
NOVT - Novanta Inc.,0.02,Buy,13366,$162.28,"$2,169,000",,$167.87,3.44%,$98.27,$176.38,Polen Capital Management Updated 04 Aug 2026,Q2 2026
ONON - On Holding AG,0.02,Reduce 33.29%,58741,$35.43,"$2,081,000",,$31.20,-11.94%,$30.11,$51.08,Polen Capital Management Updated 04 Aug 2026,Q2 2026
OPY - Oppenheimer Holdings Inc. CL A,0.02,Reduce 0.45%,26834,$105.54,"$2,832,000",,$115.11,9.07%,$62.71,$123.24,Polen Capital Management Updated 04 Aug 2026,Q2 2026
OUT - Outfront Media Inc.,0.02,Add 17.39%,60351,$32.76,"$1,977,000",,$30.00,-8.42%,$16.42,$34.63,Polen Capital Management Updated 04 Aug 2026,Q2 2026
PENG - Penguin Solutions Inc.,0.02,Buy,28293,$76.03,"$2,151,000",,$61.88,-18.61%,$16.04,$89.86,Polen Capital Management Updated 04 Aug 2026,Q2 2026
PLPC - Preformed Line Products,0.02,Reduce 6.35%,6875,$410.62,"$2,823,000",,$459.39,11.88%,$169.96,$504.69,Polen Capital Management Updated 04 Aug 2026,Q2 2026
PRAX - Praxis Precision Medicines Inc.,0.02,Reduce 27.79%,7252,$334.80,"$2,428,000",,$372.97,11.40%,$37.19,$386.66,Polen Capital Management Updated 04 Aug 2026,Q2 2026
PRLB - Proto Labs Inc.,0.02,Reduce 6.87%,35011,$81.52,"$2,854,000",,$92.42,13.37%,$45.10,$92.42,Polen Capital Management Updated 04 Aug 2026,Q2 2026
PTCT - PTC Therapeutics Inc.,0.02,Buy,24916,$81.55,"$2,032,000",,$72.14,-11.54%,$45.43,$90.87,Polen Capital Management Updated 04 Aug 2026,Q2 2026
PTGX - Protagonist Therapeutics Inc.,0.02,Reduce 6.93%,22651,$122.60,"$2,777,000",,$151.88,23.88%,$54.18,$154.59,Polen Capital Management Updated 04 Aug 2026,Q2 2026
PURR - Hyperliquid Strategies,0.02,Add 448.82%,340311,$7.87,"$2,678,000",,$6.82,-13.34%,$3.01,$11.62,Polen Capital Management Updated 04 Aug 2026,Q2 2026
RKLB - Rocket Lab Corp.,0.02,Reduce 3.41%,22751,$101.67,"$2,313,000",,$80.75,-20.58%,$37.57,$151.00,Polen Capital Management Updated 04 Aug 2026,Q2 2026
ROAD - Construction Partners Inc. CL A,0.02,Reduce 15.34%,22291,$118.79,"$2,648,000",,$118.73,-0.05%,$93.42,$151.00,Polen Capital Management Updated 04 Aug 2026,Q2 2026
SE - Sea Ltd,0.02,Reduce 29.67%,23119,$95.81,"$2,215,000",,$123.86,29.28%,$77.05,$199.30,Polen Capital Management Updated 04 Aug 2026,Q2 2026
SMTC - Semtech Corp.,0.02,Add 103.77%,13353,$161.84,"$2,161,000",,$132.74,-17.98%,$46.02,$177.35,Polen Capital Management Updated 04 Aug 2026,Q2 2026
SRRK - Scholar Rock Holding Corp.,0.02,Add 0.35%,52132,$55.00,"$2,867,000",,$53.54,-2.65%,$27.07,$58.49,Polen Capital Management Updated 04 Aug 2026,Q2 2026
TVTX - Travere Therapeutics Inc.,0.02,Buy,34315,$56.80,"$1,949,000",,$61.36,8.03%,$17.05,$66.24,Polen Capital Management Updated 04 Aug 2026,Q2 2026
VCTR - Victory Capital Holdings,0.02,Reduce 29.21%,28223,$84.04,"$2,372,000",,$117.03,39.26%,$55.87,$117.22,Polen Capital Management Updated 04 Aug 2026,Q2 2026
WOLF - Wolfspeed Inc.,0.02,Buy,38219,$48.25,"$1,844,000",,$31.62,-34.47%,$1.16,$80.82,Polen Capital Management Updated 04 Aug 2026,Q2 2026
WT - WisdomTree Investments,0.02,Add 36.74%,149051,$16.94,"$2,525,000",,$22.75,34.30%,$10.64,$23.11,Polen Capital Management Updated 04 Aug 2026,Q2 2026
AAPL - Apple Inc.,0.01,Reduce 28.63%,2892,$289.42,"$837,000",,$304.33,5.15%,$222.96,$344.27,Polen Capital Management Updated 04 Aug 2026,Q2 2026
ADBE - Adobe Inc.,0.01,Reduce 36.12%,7581,$204.99,"$1,554,000",,$268.36,30.91%,$190.12,$370.86,Polen Capital Management Updated 04 Aug 2026,Q2 2026
ADEA - Adeia Inc,0.01,Buy,52575,$32.92,"$1,731,000",,$28.57,-13.21%,$11.51,$34.28,Polen Capital Management Updated 04 Aug 2026,Q2 2026
ADTN - ADTRAN Holdings Inc.,0.01,Reduce 7.13%,70292,$13.90,"$977,000",,$8.10,-41.73%,$7.11,$19.98,Polen Capital Management Updated 04 Aug 2026,Q2 2026
AFRM - Affirm Holdings Inc.,0.01,Add 88.07%,8958,$81.60,"$731,000",,$78.67,-3.59%,$42.10,$100.00,Polen Capital Management Updated 04 Aug 2026,Q2 2026
AIRJ - Airjoule Technologies Corp,0.01,Buy,243378,$5.54,"$1,348,000",,$6.43,16.06%,$2.22,$6.75,Polen Capital Management Updated 04 Aug 2026,Q2 2026
APEI - American Public Education Inc.,0.01,Reduce 1.07%,13971,$53.68,"$750,000",,$45.77,-14.74%,$28.34,$61.59,Polen Capital Management Updated 04 Aug 2026,Q2 2026
ASPI - Asp Isotopes Inc,0.01,Add 21.62%,149559,$6.22,"$930,000",,$4.37,-29.74%,$3.51,$14.49,Polen Capital Management Updated 04 Aug 2026,Q2 2026
AXSM - Axsome Therapeutics Inc.,0.01,Add 111.15%,4468,$244.85,"$1,094,000",,$213.97,-12.61%,$104.15,$260.19,Polen Capital Management Updated 04 Aug 2026,Q2 2026
BTDR - Bitdeer Technologies Group A,0.01,Buy,79540,$15.87,"$1,262,000",,$8.77,-44.74%,$6.92,$27.80,Polen Capital Management Updated 04 Aug 2026,Q2 2026
CAMT - Camtek Ltd,0.01,Buy,4113,$163.14,"$671,000",,$175.09,7.32%,$75.75,$215.99,Polen Capital Management Updated 04 Aug 2026,Q2 2026
CATH - Global X S&P 500 Catholic Values ETF,0.01,Reduce 37.11%,11866,$88.49,"$1,050,000",,$92.75,4.81%,$75.37,$92.75,Polen Capital Management Updated 04 Aug 2026,Q2 2026
CCXI - Churchill Capital Corp Cl A,0.01,Buy,45590,$17.46,"$796,000",,$16.34,-6.41%,$10.07,$19.69,Polen Capital Management Updated 04 Aug 2026,Q2 2026
CVLG - Covenant Transportation Group Inc. CL A,0.01,Buy,31943,$44.17,"$1,411,000",,$34.97,-20.83%,$17.87,$49.88,Polen Capital Management Updated 04 Aug 2026,Q2 2026
CW - Curtiss-Wright Corp.,0.01,Add 74.92%,2085,$757.79,"$1,580,000",,$687.72,-9.25%,$464.78,$808.16,Polen Capital Management Updated 04 Aug 2026,Q2 2026
CYD - China Yuchai Intl Ltd.,0.01,Buy,19146,$47.43,"$908,000",,$46.07,-2.87%,$27.74,$60.28,Polen Capital Management Updated 04 Aug 2026,Q2 2026
DNTH - Dianthus Therapeutics Inc,0.01,Add 126.58%,9333,$97.50,"$910,000",,$110.66,13.50%,$19.75,$114.55,Polen Capital Management Updated 04 Aug 2026,Q2 2026
EMBJ - Embraer SA,0.01,Add 60.88%,14701,$63.81,"$938,000",,$74.35,16.52%,$53.37,$80.46,Polen Capital Management Updated 04 Aug 2026,Q2 2026
ERO - Ero Copper Corp,0.01,Reduce 10.76%,62613,$26.75,"$1,675,000",,$34.20,27.85%,$13.37,$39.80,Polen Capital Management Updated 04 Aug 2026,Q2 2026
ETON - Eton Pharmaceuticals Inc.,0.01,Add 50.57%,45379,$36.21,"$1,643,000",,$41.64,15.00%,$14.27,$50.18,Polen Capital Management Updated 04 Aug 2026,Q2 2026
FN - Fabrinet,0.01,Add 8.13%,2087,$562.05,"$1,173,000",,$574.12,2.15%,$272.49,$748.89,Polen Capital Management Updated 04 Aug 2026,Q2 2026
FTI - TechnipFMC plc,0.01,Reduce 35.37%,22164,$66.28,"$1,469,000",,$76.62,15.60%,$34.18,$77.92,Polen Capital Management Updated 04 Aug 2026,Q2 2026
GKOS - Glaukos Corp.,0.01,Buy,4818,$139.68,"$673,000",,$188.94,35.27%,$73.16,$188.94,Polen Capital Management Updated 04 Aug 2026,Q2 2026
GRBK - Green Brick Partners,0.01,Add 15.61%,15242,$80.04,"$1,220,000",,$70.38,-12.07%,$60.44,$83.18,Polen Capital Management Updated 04 Aug 2026,Q2 2026
IBN - ICICI Bank Ltd.,0.01,Reduce 67.71%,38124,$29.04,"$1,107,000",,$29.50,1.58%,$24.87,$33.11,Polen Capital Management Updated 04 Aug 2026,Q2 2026
KAR - KAR Auction Services,0.01,Reduce 7.17%,30970,$41.23,"$1,277,000",,$30.88,-25.10%,$17.08,$30.98,Polen Capital Management Updated 04 Aug 2026,Q2 2026
KOD - Kodiak Sciences Inc.,0.01,Reduce 14.23%,35469,$38.96,"$1,382,000",,$40.79,4.70%,$8.29,$47.84,Polen Capital Management Updated 04 Aug 2026,Q2 2026
LOCO - El Pollo Loco Holdings Inc.,0.01,Add 253.48%,46419,$16.95,"$787,000",,$15.33,-9.56%,$8.99,$17.40,Polen Capital Management Updated 04 Aug 2026,Q2 2026
MITK - Mitek Systems Inc.,0.01,Add 34.26%,35504,$20.14,"$715,000",,$18.87,-6.31%,$8.53,$21.05,Polen Capital Management Updated 04 Aug 2026,Q2 2026
MTSI - MACOM Technology Solutions Hldg,0.01,Add 92.66%,2048,$380.37,"$779,000",,$312.88,-17.74%,$118.28,$418.90,Polen Capital Management Updated 04 Aug 2026,Q2 2026
NESR - National Energy Services Reunited Corp.,0.01,Buy,38252,$29.93,"$1,145,000",,$35.96,20.15%,$6.71,$36.77,Polen Capital Management Updated 04 Aug 2026,Q2 2026
NXE - Nexgen Energy Ltd,0.01,Reduce 46.74%,62639,$9.39,"$588,000",,$10.39,10.65%,$6.26,$13.96,Polen Capital Management Updated 04 Aug 2026,Q2 2026
OSCR - Oscar Health Inc.,0.01,Buy,38701,$28.53,"$1,104,000",,$30.38,6.48%,$10.69,$33.10,Polen Capital Management Updated 04 Aug 2026,Q2 2026
PRSU - Pursuit Attractions and Hospitality,0.01,Buy,19995,$55.96,"$1,119,000",,$47.24,-15.58%,$32.03,$56.52,Polen Capital Management Updated 04 Aug 2026,Q2 2026
RHLD - Resolute Holdings Manag,0.01,Reduce 16.13%,11464,$144.54,"$1,657,000",,$133.08,-7.93%,$55.08,$236.19,Polen Capital Management Updated 04 Aug 2026,Q2 2026
RNG - RingCentral Inc.,0.01,Buy,40133,$38.97,"$1,564,000",,$67.11,72.21%,$24.01,$67.11,Polen Capital Management Updated 04 Aug 2026,Q2 2026
RXO - Rxo Inc,0.01,Buy,37400,$27.59,"$1,032,000",,$23.58,-14.53%,$10.43,$29.90,Polen Capital Management Updated 04 Aug 2026,Q2 2026
SN - Sharkninja Inc,0.01,Add 66.44%,4146,$152.19,"$631,000",,$188.58,23.91%,$83.12,$191.22,Polen Capital Management Updated 04 Aug 2026,Q2 2026
SOFI - SoFi Technologies Inc.,0.01,Reduce 36.51%,65611,$17.92,"$1,176,000",,$18.50,3.24%,$14.88,$32.73,Polen Capital Management Updated 04 Aug 2026,Q2 2026
SPCX - Space Exploration Technologies Corp.,0.01,Buy,6705,$170.92,"$1,146,000",,$143.45,-16.07%,$104.83,$225.64,Polen Capital Management Updated 04 Aug 2026,Q2 2026
TWLO - Twilio Inc.,0.01,Add 105.76%,5572,$206.39,"$1,150,000",,$253.38,22.77%,$95.21,$258.35,Polen Capital Management Updated 04 Aug 2026,Q2 2026
UAL - United Airlines Holdings Inc.,0.01,Buy,5277,$136.06,"$718,000",,$126.90,-6.73%,$84.64,$138.77,Polen Capital Management Updated 04 Aug 2026,Q2 2026
URGN - Urogen Pharma Ltd,0.01,Buy,29615,$36.81,"$1,090,000",,$47.92,30.18%,$15.86,$49.67,Polen Capital Management Updated 04 Aug 2026,Q2 2026
VELO - Velo3d Inc,0.01,Add 21.14%,74422,$17.55,"$1,306,000",,$15.70,-10.54%,$2.81,$31.75,Polen Capital Management Updated 04 Aug 2026,Q2 2026
VOO - Vanguard S&P 500 ETF,0.01,Buy,1518,$687.09,"$1,043,000",,$715.28,4.10%,$575.06,$715.92,Polen Capital Management Updated 04 Aug 2026,Q2 2026
VT - Vanguard Tot World Stk ETF,0.01,Add 16.95%,7719,$157.02,"$1,212,000",,$162.46,3.46%,$129.59,$162.51,Polen Capital Management Updated 04 Aug 2026,Q2 2026
WSC - WillScot Mobile Mini Hldgs Corp.,0.01,Buy,34229,$28.86,"$988,000",,$22.83,-20.89%,$14.77,$29.77,Polen Capital Management Updated 04 Aug 2026,Q2 2026
WYFI - Whitefiber Inc,0.01,Buy,26281,$38.85,"$1,021,000",,$28.89,-25.64%,$10.51,$46.87,Polen Capital Management Updated 04 Aug 2026,Q2 2026
XPO - XPO Logistics,0.01,Buy,3396,$205.24,"$697,000",,$214.36,4.44%,$121.48,$232.05,Polen Capital Management Updated 04 Aug 2026,Q2 2026
ZGN - Ermenegildo Zegna Nv,0.01,Buy,111273,$13.02,"$1,449,000",,$13.97,7.30%,$7.77,$15.95,Polen Capital Management Updated 04 Aug 2026,Q2 2026
ABT - Abbott Labs,0.0,Reduce 79.07%,3156,$90.62,"$286,000",,$111.09,22.59%,$81.39,$134.38,Polen Capital Management Updated 04 Aug 2026,Q2 2026
AEIS - Advanced Energy Industries,0.0,Buy,1503,$372.59,"$560,000",,$334.60,-10.20%,$143.13,$397.32,Polen Capital Management Updated 04 Aug 2026,Q2 2026
ALH - Alliance Laundry Holdings In,0.0,Buy,12442,$26.52,"$330,000",,$25.83,-2.60%,$18.64,$28.23,Polen Capital Management Updated 04 Aug 2026,Q2 2026
AMD - Advanced Micro Devices,0.0,Buy,417,$580.34,"$242,000",,$488.37,-15.85%,$149.22,$584.73,Polen Capital Management Updated 04 Aug 2026,Q2 2026
ARWR - Arrowhead Pharmaceuticals Inc.,0.0,Buy,6612,$81.52,"$539,000",,$86.51,6.12%,$18.10,$95.49,Polen Capital Management Updated 04 Aug 2026,Q2 2026
AUR - Aurora Innovation Inc.,0.0,Buy,32520,$6.83,"$222,000",,$6.95,1.76%,$3.60,$8.57,Polen Capital Management Updated 04 Aug 2026,Q2 2026
BBIO - BridgeBio Pharma Inc.,0.0,Reduce 91.29%,4002,$74.46,"$298,000",,$81.05,8.85%,$46.81,$93.42,Polen Capital Management Updated 04 Aug 2026,Q2 2026
BEN - Franklin Resources,0.0,Buy,13760,$33.28,"$458,000",,$33.90,1.86%,$20.32,$36.28,Polen Capital Management Updated 04 Aug 2026,Q2 2026
BLZE - Backblaze Inc A,0.0,Buy,13268,$15.83,"$210,000",,$20.83,31.59%,$3.26,$23.99,Polen Capital Management Updated 04 Aug 2026,Q2 2026
BSX - Boston Scientific,0.0,Reduce 99.18%,4750,$42.74,"$203,000",,$51.79,21.17%,$42.20,$109.50,Polen Capital Management Updated 04 Aug 2026,Q2 2026
DSGX - Descartes Systems Group,0.0,Buy,6987,$69.27,"$484,000",,$76.76,10.81%,$62.56,$109.00,Polen Capital Management Updated 04 Aug 2026,Q2 2026
EIKN - Eikon Therapeutics Inc,0.0,Buy,35742,$13.04,"$466,000",,$10.44,-19.94%,$7.90,$17.40,Polen Capital Management Updated 04 Aug 2026,Q2 2026
ETSY - Etsy Inc.,0.0,Buy,2968,$75.47,"$224,000",,$80.07,6.10%,$44.00,$87.97,Polen Capital Management Updated 04 Aug 2026,Q2 2026
FORM - FormFactor Inc.,0.0,Buy,3591,$159.84,"$574,000",,$132.67,-17.00%,$27.00,$160.27,Polen Capital Management Updated 04 Aug 2026,Q2 2026
FREL - Fidelity Msci Rl Est Indx,0.0,Buy,8672,$29.29,"$254,000",,$29.94,2.22%,$25.97,$30.92,Polen Capital Management Updated 04 Aug 2026,Q2 2026
FTAI - FTAI Aviation Ltd.,0.0,Reduce 20.32%,1404,$270.66,"$380,000",,$219.97,-18.73%,$137.00,$321.70,Polen Capital Management Updated 04 Aug 2026,Q2 2026
HZO - MarineMax Inc.,0.0,Buy,6750,$36.59,"$247,000",,$52.10,42.39%,$21.42,$52.46,Polen Capital Management Updated 04 Aug 2026,Q2 2026
GOOG - Alphabet Inc. CL C,7.4,,2749860,$353.33,"$971,608,000",,$343.94,-2.66%,$196.90,$404.23,Thomas Gayner - Markel Group Updated 31 Jul 2026,Q2 2026
BRK.A - Berkshire Hathaway CL A,6.35,,1114,$748850.09,"$834,219,000",,$759889.00,1.47%,$698000.00,$806102.81,Thomas Gayner - Markel Group Updated 31 Jul 2026,Q2 2026
BRK.B - Berkshire Hathaway CL B,5.84,,1531971,$500.39,"$766,583,000",,$506.45,1.21%,$464.01,$537.74,Thomas Gayner - Markel Group Updated 31 Jul 2026,Q2 2026
BN - Brookfield Corp.,4.24,,13073609,$42.59,"$556,805,000",,$44.90,5.42%,$37.87,$49.40,Thomas Gayner - Markel Group Updated 31 Jul 2026,Q2 2026
DE - Deere & Co.,4.24,,877900,$634.33,"$556,878,000",,$613.22,-3.33%,$429.14,$670.49,Thomas Gayner - Markel Group Updated 31 Jul 2026,Q2 2026
AMZN - Amazon.com Inc.,3.69,,2030760,$238.34,"$484,011,000",,$265.88,11.55%,$196.00,$287.20,Thomas Gayner - Markel Group Updated 31 Jul 2026,Q2 2026
ADI - Analog Devices,3.02,Reduce 2.30%,999671,$397.17,"$397,040,000",,$382.21,-3.77%,$221.38,$445.91,Thomas Gayner - Markel Group Updated 31 Jul 2026,Q2 2026
GS - Goldman Sachs Group,2.77,,359360,$1011.37,"$363,446,000",,$1046.27,3.45%,$691.63,$1153.99,Thomas Gayner - Markel Group Updated 31 Jul 2026,Q2 2026
AAPL - Apple Inc.,2.7,,1227290,$289.36,"$355,128,000",,$304.33,5.17%,$222.96,$344.27,Thomas Gayner - Markel Group Updated 31 Jul 2026,Q2 2026
CAT - Caterpillar Inc.,2.67,,328650,$1064.90,"$349,979,000",,$856.71,-19.55%,$401.84,$1071.47,Thomas Gayner - Markel Group Updated 31 Jul 2026,Q2 2026
V - Visa Inc.,2.65,Add 0.95%,1013912,$343.09,"$347,863,000",,$362.90,5.77%,$292.74,$373.28,Thomas Gayner - Markel Group Updated 31 Jul 2026,Q2 2026
HD - Home Depot,2.48,Add 0.27%,922500,$352.68,"$325,347,000",,$341.29,-3.23%,$286.95,$418.06,Thomas Gayner - Markel Group Updated 31 Jul 2026,Q2 2026
WSO - Watsco Inc.,1.9,Add 2.68%,597750,$416.73,"$249,100,000",,$313.25,-24.83%,$300.66,$455.09,Thomas Gayner - Markel Group Updated 31 Jul 2026,Q2 2026
TXN - Texas Instruments,1.64,,724000,$298.07,"$215,802,000",,$274.35,-7.96%,$150.20,$332.33,Thomas Gayner - Markel Group Updated 31 Jul 2026,Q2 2026
BLK - BlackRock Inc.,1.61,,220200,$961.56,"$211,736,000",,$1183.00,23.03%,$912.25,$1200.54,Thomas Gayner - Markel Group Updated 31 Jul 2026,Q2 2026
GOOGL - Alphabet Inc.,1.56,,572000,$357.37,"$204,416,000",,$346.14,-3.14%,$196.04,$408.37,Thomas Gayner - Markel Group Updated 31 Jul 2026,Q2 2026
MSFT - Microsoft Corp.,1.53,,537630,$373.02,"$200,546,000",,$496.35,33.06%,$349.20,$550.24,Thomas Gayner - Markel Group Updated 31 Jul 2026,Q2 2026
DIS - Walt Disney Co.,1.49,,2031665,$96.25,"$195,547,000",,$104.35,8.42%,$91.48,$118.07,Thomas Gayner - Markel Group Updated 31 Jul 2026,Q2 2026
AXP - American Express,1.26,,490450,$338.25,"$165,895,000",,$344.45,1.83%,$289.26,$384.36,Thomas Gayner - Markel Group Updated 31 Jul 2026,Q2 2026
LOW - Lowe's Cos.,1.26,Add 1.83%,751980,$220.49,"$165,804,000",,$216.87,-1.64%,$199.40,$289.87,Thomas Gayner - Markel Group Updated 31 Jul 2026,Q2 2026
PGR - Progressive Corp.,1.25,,753750,$218.45,"$164,657,000",,$209.06,-4.30%,$187.79,$239.38,Thomas Gayner - Markel Group Updated 31 Jul 2026,Q2 2026
FNV - Franco Nevada Corp.,1.23,Add 9.17%,773500,$208.44,"$161,228,000",,$231.18,10.91%,$172.08,$284.60,Thomas Gayner - Markel Group Updated 31 Jul 2026,Q2 2026
LPLA - LPL Financial Holdings Inc.,1.2,,559951,$281.68,"$157,727,000",,$375.26,33.22%,$260.15,$399.35,Thomas Gayner - Markel Group Updated 31 Jul 2026,Q2 2026
JNJ - Johnson & Johnson,1.18,,610800,$253.97,"$155,125,000",,$261.50,2.96%,$168.49,$274.90,Thomas Gayner - Markel Group Updated 31 Jul 2026,Q2 2026
BX - Blackstone Group,1.1,,1229000,$117.67,"$144,617,000",,$150.07,27.53%,$99.78,$182.67,Thomas Gayner - Markel Group Updated 31 Jul 2026,Q2 2026
RLI - RLI Corp.,1.08,,2394544,$59.07,"$141,446,000",,$63.91,8.19%,$45.27,$66.91,Thomas Gayner - Markel Group Updated 31 Jul 2026,Q2 2026
GD - General Dynamics,1.05,,391000,$354.24,"$138,508,000",,$392.56,10.82%,$305.43,$400.00,Thomas Gayner - Markel Group Updated 31 Jul 2026,Q2 2026
NVO - Novo Nordisk A S,1.05,,2869774,$47.94,"$137,577,000",,$46.33,-3.36%,$34.58,$61.89,Thomas Gayner - Markel Group Updated 31 Jul 2026,Q2 2026
KKR - KKR & Co. L.P.,1.01,,1451800,$91.78,"$133,246,000",,$116.44,26.87%,$82.35,$151.00,Thomas Gayner - Markel Group Updated 31 Jul 2026,Q2 2026
META - Meta Platforms Inc.,1.0,Reduce 5.69%,234163,$563.29,"$131,902,000",,$593.95,5.44%,$519.78,$793.65,Thomas Gayner - Markel Group Updated 31 Jul 2026,Q2 2026
SCHW - Charles Schwab Corp.,0.98,Add 0.79%,1394800,$92.27,"$128,698,000",,$109.78,18.98%,$83.96,$110.00,Thomas Gayner - Markel Group Updated 31 Jul 2026,Q2 2026
MRSH - Marsh,0.97,,763500,$166.67,"$127,253,000",,$188.00,12.80%,$155.72,$209.50,Thomas Gayner - Markel Group Updated 31 Jul 2026,Q2 2026
APO - Apollo Global Management,0.91,,1012500,$118.31,"$119,789,000",,$143.98,21.70%,$99.14,$152.03,Thomas Gayner - Markel Group Updated 31 Jul 2026,Q2 2026
ADM - Archer-Daniels-Midland,0.88,,1505800,$76.40,"$115,044,000",,$80.41,5.25%,$54.34,$88.46,Thomas Gayner - Markel Group Updated 31 Jul 2026,Q2 2026
LIN - Linde plc,0.85,Add 5.38%,215600,$518.94,"$111,883,000",,$476.73,-8.13%,$385.26,$548.20,Thomas Gayner - Markel Group Updated 31 Jul 2026,Q2 2026
DEO - Diageo ADR,0.84,,1372208,$80.38,"$110,299,000",,$94.91,18.08%,$71.73,$112.30,Thomas Gayner - Markel Group Updated 31 Jul 2026,Q2 2026
MA - Mastercard Inc.,0.81,,207540,$513.60,"$106,593,000",,$566.09,10.22%,$463.74,$598.04,Thomas Gayner - Markel Group Updated 31 Jul 2026,Q2 2026
DG - Dollar General,0.76,,869250,$115.11,"$100,059,000",,$122.16,6.12%,$93.78,$156.68,Thomas Gayner - Markel Group Updated 31 Jul 2026,Q2 2026
BAM - Brookfield Asset Management,0.75,,2193953,$44.85,"$98,399,000",,$55.89,24.62%,$41.77,$61.11,Thomas Gayner - Markel Group Updated 31 Jul 2026,Q2 2026
HEI.A - HEICO Corp. CL A,0.75,,379644,$257.91,"$97,914,000",,$273.35,5.99%,$199.25,$279.52,Thomas Gayner - Markel Group Updated 31 Jul 2026,Q2 2026
MCO - Moody's Corp.,0.74,,213890,$452.92,"$96,875,000",,$486.60,7.44%,$400.46,$544.40,Thomas Gayner - Markel Group Updated 31 Jul 2026,Q2 2026
ODFL - Old Dominion Freight Line,0.71,,429150,$216.60,"$92,954,000",,$217.40,0.37%,$125.43,$252.03,Thomas Gayner - Markel Group Updated 31 Jul 2026,Q2 2026
NSC - Norfolk Southern Corp.,0.68,,282500,$314.59,"$88,872,000",,$338.63,7.64%,$263.58,$357.18,Thomas Gayner - Markel Group Updated 31 Jul 2026,Q2 2026
ITW - Illinois Tool Works,0.67,,327500,$270.47,"$88,579,000",,$290.50,7.41%,$234.38,$301.92,Thomas Gayner - Markel Group Updated 31 Jul 2026,Q2 2026
JPM - JPMorgan Chase & Co.,0.63,,252550,$327.33,"$82,667,000",,$363.49,11.05%,$276.43,$366.09,Thomas Gayner - Markel Group Updated 31 Jul 2026,Q2 2026
NVR - NVR Inc.,0.63,Add 0.08%,12097,$6813.34,"$82,421,000",,$6384.93,-6.29%,$5501.01,$8618.28,Thomas Gayner - Markel Group Updated 31 Jul 2026,Q2 2026
MSCI - MSCI Inc.,0.61,,142850,$560.04,"$80,002,000",,$572.76,2.27%,$497.32,$644.77,Thomas Gayner - Markel Group Updated 31 Jul 2026,Q2 2026
ECL - Ecolab Inc.,0.58,,274300,$278.61,"$76,423,000",,$276.11,-0.90%,$242.49,$307.61,Thomas Gayner - Markel Group Updated 31 Jul 2026,Q2 2026
ROK - Rockwell Automation Inc.,0.58,,154900,$495.08,"$76,688,000",,$447.28,-9.66%,$329.33,$497.36,Thomas Gayner - Markel Group Updated 31 Jul 2026,Q2 2026
SUNB - Sunbelt Rentals Holdings Inc,0.56,Add 1.14%,974361,$74.81,"$72,892,000",,$80.65,7.81%,$60.40,$85.78,Thomas Gayner - Markel Group Updated 31 Jul 2026,Q2 2026
SBUX - Starbucks Corp.,0.49,,623818,$102.19,"$63,748,000",,$109.28,6.94%,$76.49,$110.29,Thomas Gayner - Markel Group Updated 31 Jul 2026,Q2 2026
ROL - Rollins Inc.,0.48,Add 1.23%,1516525,$41.74,"$63,300,000",,$36.36,-12.89%,$36.17,$65.40,Thomas Gayner - Markel Group Updated 31 Jul 2026,Q2 2026
THG - Hanover Insurance Group,0.46,,281000,$214.12,"$60,168,000",,$222.39,3.86%,$162.15,$236.07,Thomas Gayner - Markel Group Updated 31 Jul 2026,Q2 2026
ITIC - Investors Title Co.,0.44,,213300,$273.68,"$58,376,000",,$279.70,2.20%,$208.91,$297.31,Thomas Gayner - Markel Group Updated 31 Jul 2026,Q2 2026
CG - Carlyle Group,0.43,,1327000,$42.11,"$55,880,000",,$51.03,21.18%,$39.60,$68.43,Thomas Gayner - Markel Group Updated 31 Jul 2026,Q2 2026
TSN - Tyson Foods,0.4,Add 2.70%,913500,$57.25,"$52,298,000",,$56.49,-1.33%,$49.30,$68.90,Thomas Gayner - Markel Group Updated 31 Jul 2026,Q2 2026
SPGI - S&P Global Inc.,0.37,,117690,$407.26,"$47,930,000",,$422.09,3.64%,$360.90,$545.61,Thomas Gayner - Markel Group Updated 31 Jul 2026,Q2 2026
AON - Aon Plc,0.34,,135800,$331.69,"$45,044,000",,$355.30,7.12%,$303.10,$381.47,Thomas Gayner - Markel Group Updated 31 Jul 2026,Q2 2026
FERG - Ferguson Enterprises Inc.,0.33,Add 5.57%,180200,$237.33,"$42,767,000",,$247.69,4.37%,$204.50,$269.59,Thomas Gayner - Markel Group Updated 31 Jul 2026,Q2 2026
UNP - Union Pacific,0.33,Add 7.15%,161028,$272.00,"$43,799,000",,$298.17,9.62%,$207.45,$315.99,Thomas Gayner - Markel Group Updated 31 Jul 2026,Q2 2026
CSCO - Cisco Systems,0.32,,355500,$117.46,"$41,757,000",,$112.63,-4.11%,$64.42,$129.88,Thomas Gayner - Markel Group Updated 31 Jul 2026,Q2 2026
RTX - RTX Corp.,0.32,,224000,$189.73,"$42,499,000",,$220.66,16.30%,$148.90,$226.88,Thomas Gayner - Markel Group Updated 31 Jul 2026,Q2 2026
MELI - Mercadolibre Inc.,0.31,Add 340.37%,24000,$1697.38,"$40,737,000",,$1825.00,7.52%,$1495.00,$2548.50,Thomas Gayner - Markel Group Updated 31 Jul 2026,Q2 2026
YUM - Yum! Brands Inc.,0.3,,245213,$159.86,"$39,200,000",,$151.60,-5.17%,$135.39,$170.14,Thomas Gayner - Markel Group Updated 31 Jul 2026,Q2 2026
ALL - Allstate Corp.,0.28,,154550,$237.94,"$36,774,000",,$259.51,9.07%,$185.28,$277.22,Thomas Gayner - Markel Group Updated 31 Jul 2026,Q2 2026
COST - Costco Co.,0.28,,39150,$935.48,"$36,624,000",,$956.87,2.29%,$840.35,$1094.76,Thomas Gayner - Markel Group Updated 31 Jul 2026,Q2 2026
MAR - Marriott Int'l.,0.28,Add 6.13%,99500,$370.59,"$36,874,000",,$352.05,-5.00%,$255.16,$410.98,Thomas Gayner - Markel Group Updated 31 Jul 2026,Q2 2026
TMO - Thermo Fisher Scientific,0.28,Add 8.94%,73100,$501.35,"$36,649,000",,$595.87,18.85%,$434.83,$642.71,Thomas Gayner - Markel Group Updated 31 Jul 2026,Q2 2026
HGTY - Hagerty Inc.,0.27,,3108000,$11.55,"$35,897,000",,$12.96,12.21%,$9.36,$14.00,Thomas Gayner - Markel Group Updated 31 Jul 2026,Q2 2026
TROW - T. Rowe Price Group,0.27,,314000,$113.69,"$35,699,000",,$111.43,-1.99%,$84.21,$122.00,Thomas Gayner - Markel Group Updated 31 Jul 2026,Q2 2026
URI - United Rentals,0.27,,31150,$1132.91,"$35,290,000",,$1126.01,-0.61%,$698.94,$1177.15,Thomas Gayner - Markel Group Updated 31 Jul 2026,Q2 2026
ABNB - Airbnb Inc.,0.26,,242389,$143.10,"$34,686,000",,$184.74,29.10%,$110.81,$187.12,Thomas Gayner - Markel Group Updated 31 Jul 2026,Q2 2026
HCA - HCA Healthcare Inc.,0.25,Add 2.35%,84366,$389.88,"$32,893,000",,$411.50,5.55%,$353.99,$554.58,Thomas Gayner - Markel Group Updated 31 Jul 2026,Q2 2026
LMT - Lockheed Martin Corp.,0.25,,65213,$509.45,"$33,223,000",,$599.04,17.59%,$420.09,$687.50,Thomas Gayner - Markel Group Updated 31 Jul 2026,Q2 2026
SHW - Sherwin-Williams,0.25,,94172,$344.32,"$32,425,000",,$360.20,4.61%,$289.86,$376.95,Thomas Gayner - Markel Group Updated 31 Jul 2026,Q2 2026
FDS - FactSet Research Systems,0.24,,135376,$230.08,"$31,147,000",,$287.38,24.90%,$183.16,$381.24,Thomas Gayner - Markel Group Updated 31 Jul 2026,Q2 2026
LAMR - Lamar Advertising Co.,0.23,,193000,$155.98,"$30,104,000",,$155.69,-0.19%,$110.33,$166.33,Thomas Gayner - Markel Group Updated 31 Jul 2026,Q2 2026
CSX - CSX Corp.,0.21,Add 10.28%,584500,$47.53,"$27,781,000",,$50.25,5.72%,$31.48,$53.60,Thomas Gayner - Markel Group Updated 31 Jul 2026,Q2 2026
VRSK - Verisk Analytics Inc.,0.21,,155950,$179.53,"$27,998,000",,$183.97,2.47%,$155.52,$273.70,Thomas Gayner - Markel Group Updated 31 Jul 2026,Q2 2026
AMAT - Applied Materials,0.2,,36350,$723.00,"$26,281,000",,$549.88,-23.94%,$153.78,$739.67,Thomas Gayner - Markel Group Updated 31 Jul 2026,Q2 2026
APD - Air Products & Chemicals,0.2,Add 17.22%,88500,$293.18,"$25,946,000",,$305.15,4.08%,$224.64,$314.87,Thomas Gayner - Markel Group Updated 31 Jul 2026,Q2 2026
FIX - Comfort Systems USA Inc.,0.2,,13000,$1981.92,"$25,765,000",,$1737.67,-12.32%,$654.96,$2073.18,Thomas Gayner - Markel Group Updated 31 Jul 2026,Q2 2026
CCK - Crown Holdings,0.19,,220000,$111.82,"$24,600,000",,$119.23,6.63%,$88.12,$122.91,Thomas Gayner - Markel Group Updated 31 Jul 2026,Q2 2026
BF.A - Brown-Forman Corp. CL A,0.18,,843000,$27.36,"$23,064,000",,$28.38,3.73%,$22.81,$30.87,Thomas Gayner - Markel Group Updated 31 Jul 2026,Q2 2026
RNR - RenaissanceRe Holdings Ltd.,0.17,,70000,$316.90,"$22,183,000",,$320.32,1.08%,$230.19,$335.97,Thomas Gayner - Markel Group Updated 31 Jul 2026,Q2 2026
EPD - Enterprise Products Partners LP,0.16,Add 181.68%,569000,$36.76,"$20,916,000",,$38.10,3.65%,$28.18,$39.58,Thomas Gayner - Markel Group Updated 31 Jul 2026,Q2 2026
PM - Philip Morris Intl.,0.16,,114500,$180.91,"$20,714,000",,$188.52,4.21%,$138.43,$207.76,Thomas Gayner - Markel Group Updated 31 Jul 2026,Q2 2026
ACN - Accenture,0.15,,159400,$124.44,"$19,836,000",,$178.85,43.72%,$116.75,$285.21,Thomas Gayner - Markel Group Updated 31 Jul 2026,Q2 2026
CMCSA - Comcast Corp.,0.15,Reduce 16.61%,802074,$24.55,"$19,691,000",,$26.08,6.23%,$21.28,$32.04,Thomas Gayner - Markel Group Updated 31 Jul 2026,Q2 2026
BNY - Bank of New York Mellon Corp.,0.14,,124500,$144.61,"$18,004,000",,$162.15,12.13%,$97.96,$163.67,Thomas Gayner - Markel Group Updated 31 Jul 2026,Q2 2026
COF - Capital One Financial,0.14,,91000,$200.63,"$18,257,000",,$223.88,11.59%,$174.23,$257.54,Thomas Gayner - Markel Group Updated 31 Jul 2026,Q2 2026
HXL - Hexcel Corp.,0.14,,189000,$100.06,"$18,911,000",,$101.97,1.91%,$59.56,$111.54,Thomas Gayner - Markel Group Updated 31 Jul 2026,Q2 2026
NKE - NIKE Inc.,0.14,,447400,$41.05,"$18,365,000",,$41.35,0.73%,$40.00,$78.02,Thomas Gayner - Markel Group Updated 31 Jul 2026,Q2 2026
CARR - Carrier Global Corp.,0.13,,235000,$73.35,"$17,237,000",,$63.60,-13.29%,$49.67,$76.49,Thomas Gayner - Markel Group Updated 31 Jul 2026,Q2 2026
WFC - Wells Fargo,0.13,,204450,$82.64,"$16,895,000",,$88.28,6.82%,$72.36,$96.18,Thomas Gayner - Markel Group Updated 31 Jul 2026,Q2 2026
SEIC - SEI Investments,0.12,,173200,$87.71,"$15,191,000",,$106.12,20.99%,$74.64,$107.00,Thomas Gayner - Markel Group Updated 31 Jul 2026,Q2 2026
PAYX - Paychex Inc.,0.11,,150000,$98.33,"$14,749,000",,$124.70,26.82%,$83.50,$135.23,Thomas Gayner - Markel Group Updated 31 Jul 2026,Q2 2026
BF.B - Brown-Forman Corp.,0.1,,474187,$26.65,"$12,637,000",,$27.91,4.73%,$22.41,$31.11,Thomas Gayner - Markel Group Updated 31 Jul 2026,Q2 2026
HSY - Hershey Co.,0.1,,75000,$175.45,"$13,159,000",,$185.92,5.97%,$157.94,$237.65,Thomas Gayner - Markel Group Updated 31 Jul 2026,Q2 2026
PEP - PepsiCo Inc.,0.1,,96210,$135.40,"$13,027,000",,$139.97,3.38%,$133.40,$168.19,Thomas Gayner - Markel Group Updated 31 Jul 2026,Q2 2026
EFX - Equifax Inc.,0.09,,72850,$158.72,"$11,563,000",,$185.78,17.05%,$150.75,$269.54,Thomas Gayner - Markel Group Updated 31 Jul 2026,Q2 2026
SHOP - Shopify Inc.,0.09,,102750,$114.18,"$11,732,000",,$157.57,38.00%,$94.00,$182.19,Thomas Gayner - Markel Group Updated 31 Jul 2026,Q2 2026
SPOT - Spotify Technology S.A.,0.09,,25900,$459.11,"$11,891,000",,$497.33,8.32%,$405.00,$748.30,Thomas Gayner - Markel Group Updated 31 Jul 2026,Q2 2026
CBOE - CBOE Holdings Inc.,0.08,,43700,$242.68,"$10,605,000",,$292.82,20.66%,$227.15,$370.40,Thomas Gayner - Markel Group Updated 31 Jul 2026,Q2 2026
CME - CME Group,0.08,,49750,$220.82,"$10,986,000",,$265.86,20.40%,$218.31,$319.84,Thomas Gayner - Markel Group Updated 31 Jul 2026,Q2 2026
UBER - Uber Technologies Inc.,0.08,,142500,$72.16,"$10,283,000",,$75.84,5.10%,$65.41,$101.99,Thomas Gayner - Markel Group Updated 31 Jul 2026,Q2 2026
IQV - IQVIA Holdings Inc.,0.07,,46900,$193.22,"$9,062,000",,$241.64,25.06%,$154.50,$251.36,Thomas Gayner - Markel Group Updated 31 Jul 2026,Q2 2026
OTIS - Otis Worldwide Corp.,0.07,Add 16.58%,133620,$71.61,"$9,568,000",,$73.49,2.63%,$69.16,$94.00,Thomas Gayner - Markel Group Updated 31 Jul 2026,Q2 2026
HII - Huntington Ingalls Industries,0.06,,27500,$279.89,"$7,697,000",,$327.00,16.83%,$258.30,$458.02,Thomas Gayner - Markel Group Updated 31 Jul 2026,Q2 2026
NSP - Insperity Inc.,0.06,,181336,$41.31,"$7,491,000",,$53.58,29.70%,$18.24,$55.90,Thomas Gayner - Markel Group Updated 31 Jul 2026,Q2 2026
XOM - ExxonMobil Holdings Corp.,0.06,Add 19.36%,56100,$136.72,"$7,670,000",,$158.68,16.06%,$102.47,$175.22,Thomas Gayner - Markel Group Updated 31 Jul 2026,Q2 2026
CNI - Canadian Natl Railway Co.,0.05,,53500,$119.23,"$6,379,000",,$127.70,7.10%,$89.10,$131.55,Thomas Gayner - Markel Group Updated 31 Jul 2026,Q2 2026
CP - Canadian Pacific Kansas City,0.05,Add 22.69%,73000,$86.64,"$6,325,000",,$93.92,8.40%,$67.98,$93.95,Thomas Gayner - Markel Group Updated 31 Jul 2026,Q2 2026
GHC - Graham Holdings Co.,0.05,,5200,$1141.35,"$5,935,000",,$1172.35,2.72%,$923.50,$1262.35,Thomas Gayner - Markel Group Updated 31 Jul 2026,Q2 2026
KMX - CarMax Inc.,0.05,,136500,$52.89,"$7,219,000",,$59.87,13.20%,$30.26,$62.56,Thomas Gayner - Markel Group Updated 31 Jul 2026,Q2 2026
SONY - Sony Group Corp.,0.05,,335000,$20.06,"$6,720,000",,$23.54,17.35%,$19.32,$30.34,Thomas Gayner - Markel Group Updated 31 Jul 2026,Q2 2026
EMN - Eastman Chemical,0.04,,74950,$66.98,"$5,020,000",,$73.51,9.75%,$54.12,$81.56,Thomas Gayner - Markel Group Updated 31 Jul 2026,Q2 2026
ZTS - Zoetis Inc.,0.04,Buy,66195,$71.86,"$4,757,000",,$74.95,4.30%,$70.98,$157.46,Thomas Gayner - Markel Group Updated 31 Jul 2026,Q2 2026
AYI - Acuity Brands Inc.,0.03,,9750,$376.62,"$3,672,000",,$359.89,-4.44%,$256.71,$379.43,Thomas Gayner - Markel Group Updated 31 Jul 2026,Q2 2026
BC - Brunswick Corp.,0.03,,51250,$84.23,"$4,317,000",,$81.88,-2.79%,$57.57,$89.29,Thomas Gayner - Markel Group Updated 31 Jul 2026,Q2 2026
EXP - Eagle Materials Inc.,0.03,,14750,$225.02,"$3,319,000",,$208.63,-7.28%,$171.79,$245.53,Thomas Gayner - Markel Group Updated 31 Jul 2026,Q2 2026
ICE - Intercontinental Exchange Inc.,0.03,,28870,$123.10,"$3,554,000",,$154.51,25.52%,$121.79,$181.33,Thomas Gayner - Markel Group Updated 31 Jul 2026,Q2 2026
MGM - MGM Resorts International,0.03,,87500,$47.81,"$4,183,000",,$44.06,-7.84%,$29.19,$51.59,Thomas Gayner - Markel Group Updated 31 Jul 2026,Q2 2026
WRB - W.R. Berkley Corp.,0.03,,60750,$70.53,"$4,285,000",,$70.49,-0.06%,$62.31,$77.45,Thomas Gayner - Markel Group Updated 31 Jul 2026,Q2 2026
NFLX - Netflix Inc.,0.02,Buy,40000,$71.40,"$2,856,000",,$77.52,8.57%,$65.08,$126.71,Thomas Gayner - Markel Group Updated 31 Jul 2026,Q2 2026
SYY - Sysco Corp.,0.02,,30500,$83.57,"$2,549,000",,$83.65,0.10%,$67.23,$90.56,Thomas Gayner - Markel Group Updated 31 Jul 2026,Q2 2026
WY - Weyerhaeuser Co.,0.02,Add 585.71%,120000,$23.94,"$2,873,000",,$24.89,3.97%,$20.60,$27.28,Thomas Gayner - Markel Group Updated 31 Jul 2026,Q2 2026
BRO - Brown & Brown Inc.,0.01,,14000,$64.14,"$898,000",,$71.46,11.41%,$53.69,$97.36,Thomas Gayner - Markel Group Updated 31 Jul 2026,Q2 2026
DPZ - Dominos Pizza Inc.,0.01,,5500,$296.00,"$1,628,000",,$353.22,19.33%,$282.00,$460.13,Thomas Gayner - Markel Group Updated 31 Jul 2026,Q2 2026
UFPI - UFP Industries Inc.,0.0,Buy,4000,$90.75,"$363,000",,$91.51,0.84%,$77.54,$117.06,Thomas Gayner - Markel Group Updated 31 Jul 2026,Q2 2026
AVGO - Broadcom Inc.,5.69,Add 2.01%,101468,$377.75,"$38,330,000",,$420.34,11.27%,$279.82,$494.22,Torray Funds Updated 30 Jul 2026,Q2 2026
RPRX - Royalty Pharma plc,5.01,Reduce 6.72%,602028,$56.07,"$33,756,000",,$58.38,4.12%,$33.57,$60.44,Torray Funds Updated 30 Jul 2026,Q2 2026
CEG - Constellation Energy Corp.,3.97,Add 17.08%,107742,$248.37,"$26,760,000",,$278.53,12.14%,$228.63,$411.04,Torray Funds Updated 30 Jul 2026,Q2 2026
CNA - CNA Financial Corp.,3.77,Add 11.03%,522241,$48.61,"$25,386,000",,$50.75,4.40%,$40.72,$55.71,Torray Funds Updated 30 Jul 2026,Q2 2026
CVX - Chevron Corp.,3.33,Add 0.16%,135300,$165.76,"$22,427,000",,$197.51,19.15%,$143.75,$212.76,Torray Funds Updated 30 Jul 2026,Q2 2026
BX - Blackstone Group,3.3,Add 14.32%,188812,$117.67,"$22,218,000",,$150.07,27.53%,$99.78,$182.67,Torray Funds Updated 30 Jul 2026,Q2 2026
AMGN - Amgen,3.21,Add 10.66%,59771,$362.12,"$21,644,000",,$417.46,15.28%,$264.02,$421.79,Torray Funds Updated 30 Jul 2026,Q2 2026
CMCSA - Comcast Corp.,3.15,Add 55.54%,863372,$24.55,"$21,196,000",,$26.08,6.23%,$21.28,$32.04,Torray Funds Updated 30 Jul 2026,Q2 2026
ACN - Accenture,3.1,Buy,167690,$124.44,"$20,867,000",,$178.85,43.72%,$116.75,$285.21,Torray Funds Updated 30 Jul 2026,Q2 2026
NEE - NextEra Energy Inc.,3.1,Add 19.09%,237562,$87.77,"$20,851,000",,$85.96,-2.06%,$67.81,$98.03,Torray Funds Updated 30 Jul 2026,Q2 2026
ABBV - AbbVie Inc.,3.09,Reduce 11.74%,82602,$251.64,"$20,786,000",,$249.80,-0.73%,$189.40,$267.47,Torray Funds Updated 30 Jul 2026,Q2 2026
OKE - ONEOK Inc.,3.08,Add 0.06%,238831,$86.94,"$20,764,000",,$93.01,6.98%,$61.67,$94.93,Torray Funds Updated 30 Jul 2026,Q2 2026
PFE - Pfizer Inc.,3.07,Add 10.68%,859418,$24.08,"$20,695,000",,$26.73,11.00%,$22.03,$27.79,Torray Funds Updated 30 Jul 2026,Q2 2026
PSX - Phillips 66,2.96,Reduce 16.48%,117795,$169.05,"$19,913,000",,$231.43,36.90%,$115.58,$231.43,Torray Funds Updated 30 Jul 2026,Q2 2026
PEP - PepsiCo Inc.,2.94,Add 7.58%,146268,$135.40,"$19,805,000",,$139.97,3.38%,$133.40,$168.19,Torray Funds Updated 30 Jul 2026,Q2 2026
TXN - Texas Instruments,2.92,Reduce 45.61%,65895,$298.07,"$19,641,000",,$274.35,-7.96%,$150.20,$332.33,Torray Funds Updated 30 Jul 2026,Q2 2026
PLD - Prologis Inc.,2.7,Add 0.52%,134084,$135.47,"$18,164,000",,$141.02,4.10%,$100.80,$153.35,Torray Funds Updated 30 Jul 2026,Q2 2026
AMZN - Amazon.com Inc.,2.41,Reduce 5.18%,68062,$238.34,"$16,222,000",,$265.88,11.55%,$196.00,$287.20,Torray Funds Updated 30 Jul 2026,Q2 2026
GOOGL - Alphabet Inc.,2.39,Reduce 2.75%,45093,$357.37,"$16,115,000",,$346.14,-3.14%,$196.04,$408.37,Torray Funds Updated 30 Jul 2026,Q2 2026
BE - Bloom Energy Corp.,2.36,Reduce 12.44%,52565,$302.69,"$15,911,000",,$237.75,-21.45%,$40.56,$351.28,Torray Funds Updated 30 Jul 2026,Q2 2026
MRSH - Marsh,2.29,Reduce 1.73%,92694,$166.67,"$15,449,000",,$188.00,12.80%,$155.72,$209.50,Torray Funds Updated 30 Jul 2026,Q2 2026
AAPL - Apple Inc.,2.08,Reduce 2.42%,48366,$289.36,"$13,995,000",,$304.33,5.17%,$222.96,$344.27,Torray Funds Updated 30 Jul 2026,Q2 2026
MSFT - Microsoft Corp.,2.0,Reduce 53.48%,36160,$373.01,"$13,488,000",,$496.35,33.07%,$349.20,$550.24,Torray Funds Updated 30 Jul 2026,Q2 2026
CASY - Casey's Gen'l Stores,1.98,Reduce 1.97%,16784,$794.80,"$13,340,000",,$851.95,7.19%,$488.30,$927.15,Torray Funds Updated 30 Jul 2026,Q2 2026
TSM - Taiwan Semiconductor S.A.,1.87,Reduce 2.95%,26309,$477.56,"$12,564,000",,$432.89,-9.35%,$221.29,$479.00,Torray Funds Updated 30 Jul 2026,Q2 2026
KLAC - KLA Corp.,1.65,Reduce 16.25%,36890,$301.71,"$11,130,000",,$210.66,-30.18%,$82.87,$307.37,Torray Funds Updated 30 Jul 2026,Q2 2026
APH - Amphenol Corp.,1.55,Reduce 6.18%,59235,$176.31,"$10,444,000",,$167.36,-5.08%,$104.00,$178.52,Torray Funds Updated 30 Jul 2026,Q2 2026
TW - Tradeweb Markets Inc.,1.12,Reduce 0.08%,75987,$99.66,"$7,573,000",,$105.55,5.91%,$91.42,$131.52,Torray Funds Updated 30 Jul 2026,Q2 2026
V - Visa Inc.,1.12,Add 11.20%,22017,$343.10,"$7,554,000",,$362.90,5.77%,$292.74,$373.28,Torray Funds Updated 30 Jul 2026,Q2 2026
VRTX - Vertex Pharmaceuticals,1.12,Reduce 1.11%,15215,$496.75,"$7,558,000",,$518.55,4.39%,$374.17,$546.17,Torray Funds Updated 30 Jul 2026,Q2 2026
LZAGY - Lonza Group Ag Unspon ADR,0.92,Reduce 1.22%,91339,$67.50,"$6,165,000",,$70.78,4.86%,$57.99,$73.17,Torray Funds Updated 30 Jul 2026,Q2 2026
AJG - Arthur J. Gallagher & Co.,0.9,Reduce 9.50%,26276,$229.56,"$6,032,000",,$253.09,10.25%,$190.12,$310.73,Torray Funds Updated 30 Jul 2026,Q2 2026
RBC - RBC Bearings Inc.,0.87,Add 0.35%,9112,$644.10,"$5,869,000",,$553.53,-14.06%,$364.50,$667.69,Torray Funds Updated 30 Jul 2026,Q2 2026
ORLY - O'Reilly Automotive,0.83,Reduce 2.49%,60821,$92.09,"$5,601,000",,$92.75,0.72%,$82.59,$108.72,Torray Funds Updated 30 Jul 2026,Q2 2026
MPWR - Monolithic Power Systems,0.76,Add 0.22%,3715,$1382.23,"$5,135,000",,$1387.00,0.35%,$795.40,$1711.48,Torray Funds Updated 30 Jul 2026,Q2 2026
NOW - ServiceNow Inc.,0.76,Reduce 6.04%,51543,$99.28,"$5,117,000",,$126.52,27.44%,$81.24,$194.73,Torray Funds Updated 30 Jul 2026,Q2 2026
KRYS - Krystal Biotech Inc.,0.67,Add 1.03%,12156,$371.67,"$4,518,000",,$330.24,-11.15%,$136.73,$382.54,Torray Funds Updated 30 Jul 2026,Q2 2026
BMRN - BioMarin Pharmaceutical Inc.,0.66,Reduce 0.59%,77705,$57.22,"$4,446,000",,$68.59,19.87%,$49.26,$70.98,Torray Funds Updated 30 Jul 2026,Q2 2026
VEEV - Veeva Systems Inc.,0.65,Add 3.65%,24625,$177.46,"$4,370,000",,$249.16,40.40%,$148.05,$310.50,Torray Funds Updated 30 Jul 2026,Q2 2026
VRSK - Verisk Analytics Inc.,0.65,Reduce 0.32%,24309,$179.52,"$4,364,000",,$183.97,2.48%,$155.52,$273.70,Torray Funds Updated 30 Jul 2026,Q2 2026
SHW - Sherwin-Williams,0.62,Add 4.84%,12175,$344.31,"$4,192,000",,$360.20,4.62%,$289.86,$376.95,Torray Funds Updated 30 Jul 2026,Q2 2026
GE - GE Aerospace,0.61,Add 4.43%,10999,$373.76,"$4,111,000",,$361.73,-3.22%,$262.47,$388.84,Torray Funds Updated 30 Jul 2026,Q2 2026
AXSM - Axsome Therapeutics Inc.,0.54,Add 1.04%,14928,$244.77,"$3,654,000",,$213.97,-12.58%,$104.15,$260.19,Torray Funds Updated 30 Jul 2026,Q2 2026
FN - Fabrinet,0.5,Reduce 15.23%,5994,$562.06,"$3,369,000",,$574.12,2.15%,$272.49,$748.89,Torray Funds Updated 30 Jul 2026,Q2 2026
ENTG - Entegris Inc.,0.48,Add 0.33%,18001,$179.88,"$3,238,000",,$164.58,-8.51%,$67.81,$186.78,Torray Funds Updated 30 Jul 2026,Q2 2026
HALO - Halozyme Therapeutics,0.45,Add 1.37%,38703,$78.26,"$3,029,000",,$100.28,28.14%,$61.23,$104.78,Torray Funds Updated 30 Jul 2026,Q2 2026
RYAN - Ryan Specialty Holdings Inc,0.44,Add 14.50%,77911,$37.76,"$2,942,000",,$42.79,13.32%,$29.07,$60.28,Torray Funds Updated 30 Jul 2026,Q2 2026
DT - Dynatrace Inc.,0.43,Reduce 4.97%,66492,$43.92,"$2,920,000",,$50.08,14.03%,$31.64,$53.29,Torray Funds Updated 30 Jul 2026,Q2 2026
SNDX - Syndax Pharmaceuticals Inc.,0.43,Add 27.62%,133835,$21.86,"$2,926,000",,$19.25,-11.94%,$12.99,$25.59,Torray Funds Updated 30 Jul 2026,Q2 2026
NTRA - Natera Inc.,0.39,Add 1.68%,9730,$271.43,"$2,641,000",,$312.38,15.09%,$152.62,$326.03,Torray Funds Updated 30 Jul 2026,Q2 2026
BWXT - BWX Technologies Inc.,0.37,Add 0.58%,12633,$194.65,"$2,459,000",,$170.19,-12.57%,$156.77,$241.50,Torray Funds Updated 30 Jul 2026,Q2 2026
EVLV - Evolv Technologies Holdings,0.34,Add 11.13%,392714,$5.80,"$2,278,000",,$5.81,0.17%,$4.87,$8.91,Torray Funds Updated 30 Jul 2026,Q2 2026
GOOG - Alphabet Inc. CL C,0.32,,6019,$353.38,"$2,127,000",,$343.94,-2.67%,$196.90,$404.23,Torray Funds Updated 30 Jul 2026,Q2 2026
MTD - Mettler-Toledo International Inc.,0.32,Reduce 0.36%,1671,$1277.68,"$2,135,000",,$1428.70,11.82%,$1023.05,$1525.17,Torray Funds Updated 30 Jul 2026,Q2 2026
ZM - Zoom Video Communications Inc.,0.32,Buy,24796,$86.30,"$2,140,000",,$108.87,26.15%,$70.23,$114.74,Torray Funds Updated 30 Jul 2026,Q2 2026
FCN - FTI Consulting Inc.,0.3,Add 4.38%,13500,$149.04,"$2,012,000",,$153.08,2.71%,$137.65,$189.30,Torray Funds Updated 30 Jul 2026,Q2 2026
NOVT - Novanta Inc.,0.27,Buy,11141,$162.28,"$1,808,000",,$167.87,3.44%,$98.27,$176.38,Torray Funds Updated 30 Jul 2026,Q2 2026
VSTM - Verastem Inc.,0.27,Add 59.71%,477455,$3.82,"$1,824,000",,$6.74,76.44%,$3.43,$11.25,Torray Funds Updated 30 Jul 2026,Q2 2026
JKHY - Jack Henry & Associates Inc.,0.26,Reduce 11.93%,12856,$137.76,"$1,771,000",,$155.06,12.56%,$121.04,$191.83,Torray Funds Updated 30 Jul 2026,Q2 2026
COO - Cooper Cos Inc,0.25,Reduce 8.45%,23286,$71.72,"$1,670,000",,$76.47,6.62%,$58.89,$89.83,Torray Funds Updated 30 Jul 2026,Q2 2026
BRK.B - Berkshire Hathaway CL B,0.21,,2884,$500.35,"$1,443,000",,$506.45,1.22%,$464.01,$537.74,Torray Funds Updated 30 Jul 2026,Q2 2026
JNJ - Johnson & Johnson,0.16,,4141,$254.04,"$1,052,000",,$261.50,2.94%,$168.49,$274.90,Torray Funds Updated 30 Jul 2026,Q2 2026
JPM - JPMorgan Chase & Co.,0.14,Reduce 92.39%,2959,$327.48,"$969,000",,$363.49,11.00%,$276.43,$366.09,Torray Funds Updated 30 Jul 2026,Q2 2026
HD - Home Depot,0.13,Reduce 22.39%,2485,$352.52,"$876,000",,$341.29,-3.19%,$286.95,$418.06,Torray Funds Updated 30 Jul 2026,Q2 2026
URI - United Rentals,0.11,,660,$1133.33,"$748,000",,$1126.01,-0.65%,$698.94,$1177.15,Torray Funds Updated 30 Jul 2026,Q2 2026
AXP - American Express,0.1,,1965,$338.42,"$665,000",,$344.45,1.78%,$289.26,$384.36,Torray Funds Updated 30 Jul 2026,Q2 2026
COST - Costco Co.,0.09,,628,$934.71,"$587,000",,$956.87,2.37%,$840.35,$1094.76,Torray Funds Updated 30 Jul 2026,Q2 2026
NVDA - NVIDIA Corp.,0.09,Reduce 3.83%,2938,$200.14,"$588,000",,$225.95,12.90%,$163.85,$236.26,Torray Funds Updated 30 Jul 2026,Q2 2026
TSLA - Tesla Inc.,0.08,,1250,$420.80,"$526,000",,$338.95,-19.45%,$297.38,$498.83,Torray Funds Updated 30 Jul 2026,Q2 2026
ENB - Enbridge Inc.,0.07,,8310,$54.15,"$450,000",,$51.35,-5.17%,$43.67,$58.45,Torray Funds Updated 30 Jul 2026,Q2 2026
LLY - Eli Lilly & Co.,0.07,,398,$1198.49,"$477,000",,$1214.36,1.32%,$639.97,$1249.45,Torray Funds Updated 30 Jul 2026,Q2 2026
MS - Morgan Stanley,0.07,Reduce 92.29%,2377,$209.09,"$497,000",,$218.69,4.59%,$137.90,$230.98,Torray Funds Updated 30 Jul 2026,Q2 2026
NOC - Northrop Grumman Corp.,0.07,,887,$509.58,"$452,000",,$575.60,12.96%,$479.02,$770.61,Torray Funds Updated 30 Jul 2026,Q2 2026
RKLB - Rocket Lab Corp.,0.07,Reduce 50.00%,4500,$101.56,"$457,000",,$80.75,-20.49%,$37.57,$151.00,Torray Funds Updated 30 Jul 2026,Q2 2026
RYCEY - Rolls Royce Holdings Sp ADR,0.07,,25000,$19.24,"$481,000",,$20.63,7.22%,$13.14,$21.19,Torray Funds Updated 30 Jul 2026,Q2 2026
VUG - Vanguard Growth ETF,0.06,Reduce 58.10%,4616,$86.22,"$398,000",,$89.85,4.21%,$69.56,$90.50,Torray Funds Updated 30 Jul 2026,Q2 2026
DHR - Danaher Corp.,0.05,,1871,$190.27,"$356,000",,$204.57,7.52%,$160.60,$241.78,Torray Funds Updated 30 Jul 2026,Q2 2026
MMM - 3M Co.,0.05,,2000,$162.00,"$324,000",,$182.03,12.36%,$138.62,$184.90,Torray Funds Updated 30 Jul 2026,Q2 2026
RTX - RTX Corp.,0.05,,1689,$189.46,"$320,000",,$220.66,16.47%,$148.90,$226.88,Torray Funds Updated 30 Jul 2026,Q2 2026
EW - Edwards Lifesciences Corp.,0.04,,2994,$90.51,"$271,000",,$92.94,2.68%,$72.30,$96.29,Torray Funds Updated 30 Jul 2026,Q2 2026
IWF - iShares Russell 1000 Growth ETF,0.04,Reduce 64.43%,1972,$124.24,"$245,000",,$125.93,1.36%,$102.14,$129.03,Torray Funds Updated 30 Jul 2026,Q2 2026
SLB - Schlumberger Ltd.,0.04,,5681,$46.47,"$264,000",,$52.07,12.05%,$31.05,$58.51,Torray Funds Updated 30 Jul 2026,Q2 2026
UNH - United Health Group Inc.,0.04,Buy,683,$415.81,"$284,000",,$399.39,-3.95%,$254.51,$461.62,Torray Funds Updated 30 Jul 2026,Q2 2026
VTI - Vanguard Total Stock Mkt ETF,0.04,Add 0.13%,745,$370.47,"$276,000",,$384.60,3.81%,$307.65,$384.88,Torray Funds Updated 30 Jul 2026,Q2 2026
WFC - Wells Fargo,0.04,,3000,$82.67,"$248,000",,$88.28,6.79%,$72.36,$96.18,Torray Funds Updated 30 Jul 2026,Q2 2026
BNY - Bank of New York Mellon Corp.,0.03,Buy,1584,$144.57,"$229,000",,$162.15,12.16%,$97.96,$163.67,Torray Funds Updated 30 Jul 2026,Q2 2026
MSI - Motorola Solutions Inc.,0.03,,566,$415.19,"$235,000",,$465.53,12.12%,$357.34,$493.57,Torray Funds Updated 30 Jul 2026,Q2 2026
UNP - Union Pacific,0.03,,850,$271.76,"$231,000",,$298.17,9.72%,$207.45,$315.99,Torray Funds Updated 30 Jul 2026,Q2 2026
AVGO - Broadcom Inc.,10.61,Reduce 95.40%,186760,$377.75,"$70,549,000",,$420.34,11.27%,$279.82,$494.22,William Von Mueffling - Cantillon Capital Management Updated 29 Jul 2026,Q2 2026
GOOGL - Alphabet Inc.,9.19,Reduce 95.40%,171066,$357.37,"$61,134,000",,$346.14,-3.14%,$196.04,$408.37,William Von Mueffling - Cantillon Capital Management Updated 29 Jul 2026,Q2 2026
TSM - Taiwan Semiconductor S.A.,8.24,Reduce 95.40%,114820,$477.57,"$54,835,000",,$432.89,-9.36%,$221.29,$479.00,William Von Mueffling - Cantillon Capital Management Updated 29 Jul 2026,Q2 2026
IBKR - Interactive Brokers Group Inc.,6.78,Reduce 95.40%,517833,$87.04,"$45,072,000",,$92.24,5.97%,$58.76,$97.84,William Von Mueffling - Cantillon Capital Management Updated 29 Jul 2026,Q2 2026
AMAT - Applied Materials,5.45,Reduce 96.70%,50176,$723.00,"$36,277,000",,$549.88,-23.94%,$153.78,$739.67,William Von Mueffling - Cantillon Capital Management Updated 29 Jul 2026,Q2 2026
ADI - Analog Devices,5.26,Reduce 95.40%,88014,$397.18,"$34,957,000",,$382.21,-3.77%,$221.38,$445.91,William Von Mueffling - Cantillon Capital Management Updated 29 Jul 2026,Q2 2026
SPGI - S&P Global Inc.,4.36,Reduce 95.40%,71249,$407.26,"$29,017,000",,$422.09,3.64%,$360.90,$545.61,William Von Mueffling - Cantillon Capital Management Updated 29 Jul 2026,Q2 2026
V - Visa Inc.,4.31,Reduce 95.13%,83643,$343.09,"$28,697,000",,$362.90,5.77%,$292.74,$373.28,William Von Mueffling - Cantillon Capital Management Updated 29 Jul 2026,Q2 2026
MSFT - Microsoft Corp.,3.86,Reduce 93.81%,68901,$373.01,"$25,701,000",,$496.35,33.07%,$349.20,$550.24,William Von Mueffling - Cantillon Capital Management Updated 29 Jul 2026,Q2 2026
CBRE - CBRE Group,3.67,Reduce 95.39%,181083,$134.69,"$24,390,000",,$151.16,12.23%,$121.69,$174.27,William Von Mueffling - Cantillon Capital Management Updated 29 Jul 2026,Q2 2026
LYV - Live Nation Inc.,3.12,Reduce 95.40%,113503,$183.11,"$20,784,000",,$185.79,1.46%,$125.34,$188.00,William Von Mueffling - Cantillon Capital Management Updated 29 Jul 2026,Q2 2026
BLK - BlackRock Inc.,3.02,Reduce 95.40%,20873,$961.58,"$20,071,000",,$1183.00,23.03%,$912.25,$1200.54,William Von Mueffling - Cantillon Capital Management Updated 29 Jul 2026,Q2 2026
FERG - Ferguson Enterprises Inc.,2.87,Reduce 95.40%,80548,$237.32,"$19,116,000",,$247.69,4.37%,$204.50,$269.59,William Von Mueffling - Cantillon Capital Management Updated 29 Jul 2026,Q2 2026
FAST - Fastenal,2.72,Reduce 95.40%,376044,$48.03,"$18,061,000",,$51.42,7.06%,$38.34,$52.92,William Von Mueffling - Cantillon Capital Management Updated 29 Jul 2026,Q2 2026
ENTG - Entegris Inc.,2.7,Reduce 95.40%,99756,$179.86,"$17,942,000",,$164.58,-8.50%,$67.81,$186.78,William Von Mueffling - Cantillon Capital Management Updated 29 Jul 2026,Q2 2026
CP - Canadian Pacific Kansas City,2.6,Reduce 95.40%,199860,$86.65,"$17,318,000",,$93.92,8.39%,$67.98,$93.95,William Von Mueffling - Cantillon Capital Management Updated 29 Jul 2026,Q2 2026
UBER - Uber Technologies Inc.,2.59,Reduce 95.40%,238965,$72.16,"$17,244,000",,$75.84,5.10%,$65.41,$101.99,William Von Mueffling - Cantillon Capital Management Updated 29 Jul 2026,Q2 2026
A - Agilent Technologies,2.53,Reduce 95.40%,126437,$132.83,"$16,795,000",,$149.26,12.37%,$108.14,$159.31,William Von Mueffling - Cantillon Capital Management Updated 29 Jul 2026,Q2 2026
ICE - Intercontinental Exchange Inc.,2.51,Reduce 95.40%,135468,$123.11,"$16,677,000",,$154.51,25.51%,$121.79,$181.33,William Von Mueffling - Cantillon Capital Management Updated 29 Jul 2026,Q2 2026
ORCL - Oracle Corp.,2.32,Reduce 91.78%,105457,$146.55,"$15,455,000",,$155.70,6.24%,$114.50,$341.82,William Von Mueffling - Cantillon Capital Management Updated 29 Jul 2026,Q2 2026
CME - CME Group,2.12,Reduce 95.40%,63835,$220.83,"$14,097,000",,$265.86,20.39%,$218.31,$319.84,William Von Mueffling - Cantillon Capital Management Updated 29 Jul 2026,Q2 2026
YUM - Yum! Brands Inc.,2.01,Reduce 95.40%,83427,$159.86,"$13,337,000",,$151.60,-5.17%,$135.39,$170.14,William Von Mueffling - Cantillon Capital Management Updated 29 Jul 2026,Q2 2026
TW - Tradeweb Markets Inc.,1.63,Reduce 95.40%,108989,$99.66,"$10,862,000",,$105.55,5.91%,$91.42,$131.52,William Von Mueffling - Cantillon Capital Management Updated 29 Jul 2026,Q2 2026
SSNC - SS&C Technologies Holdings Inc.,1.61,Reduce 95.40%,172816,$62.05,"$10,723,000",,$82.02,32.18%,$61.40,$89.82,William Von Mueffling - Cantillon Capital Management Updated 29 Jul 2026,Q2 2026
SPOT - Spotify Technology S.A.,1.4,Reduce 95.40%,20216,$459.14,"$9,282,000",,$497.33,8.32%,$405.00,$748.30,William Von Mueffling - Cantillon Capital Management Updated 29 Jul 2026,Q2 2026
TCOM - Trip.com Group Ltd,1.28,Reduce 95.33%,214242,$39.84,"$8,535,000",,$45.03,13.03%,$38.04,$78.99,William Von Mueffling - Cantillon Capital Management Updated 29 Jul 2026,Q2 2026
MCO - Moody's Corp.,1.23,Reduce 95.40%,18075,$452.95,"$8,187,000",,$486.60,7.43%,$400.46,$544.40,William Von Mueffling - Cantillon Capital Management Updated 29 Jul 2026,Q2 2026
LEN - Lennar Corp.,11.82,Add 6.43%,11316279,$90.49,"$1,024,010,000",,$87.59,-3.20%,$79.83,$141.39,Greenhaven Associates Updated 28 Jul 2026,Q2 2026
GM - General Motors,11.46,Add 2.77%,12873506,$77.08,"$992,290,000",,$86.64,12.40%,$53.67,$91.85,Greenhaven Associates Updated 28 Jul 2026,Q2 2026
TOL - Toll Brothers,10.71,Reduce 0.27%,5630109,$164.75,"$927,560,000",,$148.84,-9.66%,$122.93,$167.75,Greenhaven Associates Updated 28 Jul 2026,Q2 2026
BDX - Becton Dickinson,9.93,Buy,5681708,$151.33,"$859,813,000",,$182.21,20.41%,$125.19,$185.01,Greenhaven Associates Updated 28 Jul 2026,Q2 2026
PHM - PulteGroup Inc.,8.64,Reduce 0.75%,5455949,$137.21,"$748,611,000",,$130.34,-5.01%,$108.26,$143.88,Greenhaven Associates Updated 28 Jul 2026,Q2 2026
DHI - D.R. Horton,6.59,Add 1.12%,3505800,$162.88,"$571,025,000",,$149.43,-8.26%,$130.96,$182.36,Greenhaven Associates Updated 28 Jul 2026,Q2 2026
ICLR - ICON plc,6.22,Add 54.84%,3100615,$173.71,"$538,608,000",,$166.42,-4.20%,$66.57,$203.91,Greenhaven Associates Updated 28 Jul 2026,Q2 2026
ACN - Accenture,4.86,Buy,3384681,$124.44,"$421,190,000",,$178.85,43.72%,$116.75,$285.21,Greenhaven Associates Updated 28 Jul 2026,Q2 2026
OSK - Oshkosh Corp.,4.53,Add 1.09%,2558680,$153.48,"$392,706,000",,$151.78,-1.11%,$116.25,$179.20,Greenhaven Associates Updated 28 Jul 2026,Q2 2026
ARW - Arrow Electronics,4.35,Reduce 6.95%,1764153,$213.41,"$376,488,000",,$209.50,-1.83%,$101.79,$237.33,Greenhaven Associates Updated 28 Jul 2026,Q2 2026
AVT - Avnet Inc.,3.87,Reduce 3.77%,3772861,$88.82,"$335,106,000",,$96.32,8.44%,$43.52,$100.00,Greenhaven Associates Updated 28 Jul 2026,Q2 2026
BAX - Baxter International Inc.,3.52,Reduce 0.16%,14285228,$21.32,"$304,561,000",,$27.07,26.97%,$15.72,$30.00,Greenhaven Associates Updated 28 Jul 2026,Q2 2026
AVTR - Avantor Inc.,2.82,Add 9.04%,24637310,$9.90,"$243,909,000",,$13.81,39.49%,$7.27,$15.93,Greenhaven Associates Updated 28 Jul 2026,Q2 2026
LEA - Lear Corp.,2.25,Reduce 14.22%,1455933,$134.06,"$195,182,000",,$122.04,-8.97%,$94.25,$150.00,Greenhaven Associates Updated 28 Jul 2026,Q2 2026
SLB - Schlumberger Ltd.,2.04,Reduce 18.48%,3802344,$46.49,"$176,771,000",,$52.07,12.00%,$31.05,$58.51,Greenhaven Associates Updated 28 Jul 2026,Q2 2026
IQV - IQVIA Holdings Inc.,1.71,Buy,768045,$193.22,"$148,402,000",,$241.64,25.06%,$154.50,$251.36,Greenhaven Associates Updated 28 Jul 2026,Q2 2026
MTH - Meritage Homes Corp.,1.26,Reduce 10.82%,1297494,$83.85,"$108,795,000",,$73.55,-12.28%,$57.65,$85.38,Greenhaven Associates Updated 28 Jul 2026,Q2 2026
NOV - Nov Inc.,1.2,Reduce 2.28%,5620019,$18.55,"$104,251,000",,$20.69,11.54%,$11.73,$21.46,Greenhaven Associates Updated 28 Jul 2026,Q2 2026
DNOW - NOW Inc.,0.65,Add 426.83%,4343617,$12.97,"$56,337,000",,$16.29,25.60%,$10.94,$17.26,Greenhaven Associates Updated 28 Jul 2026,Q2 2026
VBIL - Vanguard 0 3m T Bill ETF,0.58,Reduce 44.67%,662000,$75.68,"$50,100,000",,$75.57,-0.15%,$72.79,$75.58,Greenhaven Associates Updated 28 Jul 2026,Q2 2026
EPAM - EPAM Systems Inc.,0.54,Buy,587300,$79.35,"$46,602,000",,$102.09,28.66%,$73.06,$222.53,Greenhaven Associates Updated 28 Jul 2026,Q2 2026
LEN.B - Lennar Corp. CL B,0.37,,364059,$88.71,"$32,296,000",,$85.91,-3.16%,$78.02,$134.56,Greenhaven Associates Updated 28 Jul 2026,Q2 2026
A - Agilent Technologies,0.02,,10700,$132.80,"$1,421,000",,$149.26,12.39%,$108.14,$159.31,Greenhaven Associates Updated 28 Jul 2026,Q2 2026
CRH - CRH plc,0.02,,17500,$107.03,"$1,873,000",,$98.36,-8.10%,$94.12,$130.61,Greenhaven Associates Updated 28 Jul 2026,Q2 2026
JPM - JPMorgan Chase & Co.,0.01,Reduce 37.50%,2500,$327.20,"$818,000",,$363.49,11.09%,$276.43,$366.09,Greenhaven Associates Updated 28 Jul 2026,Q2 2026
SCHW - Charles Schwab Corp.,0.01,,12500,$92.24,"$1,153,000",,$109.78,19.02%,$83.96,$110.00,Greenhaven Associates Updated 28 Jul 2026,Q2 2026
UNP - Union Pacific,0.01,,2032,$272.15,"$553,000",,$298.17,9.56%,$207.45,$315.99,Greenhaven Associates Updated 28 Jul 2026,Q2 2026
G - Genpact Ltd.,0.0,,10000,$27.50,"$275,000",,$34.31,24.76%,$26.85,$48.12,Greenhaven Associates Updated 28 Jul 2026,Q2 2026
V - Visa Inc.,14.13,Add 3.74%,4264651,$343.09,"$1,463,159,000",,$362.90,5.77%,$292.74,$373.28,John Armitage - Egerton Capital Updated 21 Jul 2026,Q2 2026
GOOG - Alphabet Inc. CL C,11.24,Reduce 4.86%,3291594,$353.33,"$1,163,019,000",,$343.94,-2.66%,$196.90,$404.23,John Armitage - Egerton Capital Updated 21 Jul 2026,Q2 2026
APH - Amphenol Corp.,8.29,Add 69.49%,4866688,$176.32,"$858,094,000",,$167.36,-5.08%,$104.00,$178.52,John Armitage - Egerton Capital Updated 21 Jul 2026,Q2 2026
AMZN - Amazon.com Inc.,8.23,Add 51.20%,3573408,$238.34,"$851,686,000",,$265.88,11.55%,$196.00,$287.20,John Armitage - Egerton Capital Updated 21 Jul 2026,Q2 2026
MCO - Moody's Corp.,7.46,Add 10.26%,1704229,$452.92,"$771,879,000",,$486.60,7.44%,$400.46,$544.40,John Armitage - Egerton Capital Updated 21 Jul 2026,Q2 2026
NVDA - NVIDIA Corp.,6.61,Add 27.77%,3417950,$200.09,"$683,898,000",,$225.95,12.92%,$163.85,$236.26,John Armitage - Egerton Capital Updated 21 Jul 2026,Q2 2026
MDLN - Medline Inc Cl A,6.28,Add 277.27%,16470884,$39.44,"$649,612,000",,$36.09,-8.49%,$32.82,$50.88,John Armitage - Egerton Capital Updated 21 Jul 2026,Q2 2026
VMC - Vulcan Materials,5.62,Add 11.44%,1971694,$295.01,"$581,669,000",,$278.06,-5.75%,$251.85,$329.81,John Armitage - Egerton Capital Updated 21 Jul 2026,Q2 2026
CRH - CRH plc,4.53,Add 58.87%,4383866,$107.00,"$469,074,000",,$98.36,-8.07%,$94.12,$130.61,John Armitage - Egerton Capital Updated 21 Jul 2026,Q2 2026
AMAT - Applied Materials,3.64,Buy,521065,$723.00,"$376,730,000",,$549.88,-23.94%,$153.78,$739.67,John Armitage - Egerton Capital Updated 21 Jul 2026,Q2 2026
IBKR - Interactive Brokers Group Inc.,3.47,Reduce 34.19%,4129416,$87.04,"$359,424,000",,$92.24,5.97%,$58.76,$97.84,John Armitage - Egerton Capital Updated 21 Jul 2026,Q2 2026
DVN - Devon Energy Corp.,3.02,Add 15.83%,7558060,$41.32,"$312,299,000",,$44.43,7.53%,$30.89,$52.34,John Armitage - Egerton Capital Updated 21 Jul 2026,Q2 2026
FERG - Ferguson Enterprises Inc.,2.31,Add 58.61%,1006024,$237.33,"$238,760,000",,$247.69,4.37%,$204.50,$269.59,John Armitage - Egerton Capital Updated 21 Jul 2026,Q2 2026
EFX - Equifax Inc.,2.27,Buy,1481188,$158.72,"$235,094,000",,$185.78,17.05%,$150.75,$269.54,John Armitage - Egerton Capital Updated 21 Jul 2026,Q2 2026
EMBJ - Embraer SA,2.09,Add 13.75%,3384349,$63.80,"$215,921,000",,$74.35,16.54%,$53.37,$80.46,John Armitage - Egerton Capital Updated 21 Jul 2026,Q2 2026
MA - Mastercard Inc.,1.8,Reduce 20.92%,363490,$513.60,"$186,688,000",,$566.09,10.22%,$463.74,$598.04,John Armitage - Egerton Capital Updated 21 Jul 2026,Q2 2026
LAMR - Lamar Advertising Co.,1.64,Add 0.17%,1090619,$155.98,"$170,115,000",,$155.69,-0.19%,$110.33,$166.33,John Armitage - Egerton Capital Updated 21 Jul 2026,Q2 2026
UBER - Uber Technologies Inc.,1.62,Reduce 50.14%,2319648,$72.16,"$167,386,000",,$75.84,5.10%,$65.41,$101.99,John Armitage - Egerton Capital Updated 21 Jul 2026,Q2 2026
LIN - Linde plc,1.51,Reduce 71.84%,300854,$518.94,"$156,125,000",,$476.73,-8.13%,$385.26,$548.20,John Armitage - Egerton Capital Updated 21 Jul 2026,Q2 2026
AWI - Armstrong World Industries Inc.,1.43,Add 106.54%,925394,$160.42,"$148,452,000",,$182.78,13.94%,$150.00,$204.82,John Armitage - Egerton Capital Updated 21 Jul 2026,Q2 2026
SPGI - S&P Global Inc.,1.38,Buy,351920,$407.26,"$143,323,000",,$422.09,3.64%,$360.90,$545.61,John Armitage - Egerton Capital Updated 21 Jul 2026,Q2 2026
VST - Vistra Corp.,0.74,Buy,485253,$158.63,"$76,976,000",,$147.14,-7.24%,$132.47,$218.91,John Armitage - Egerton Capital Updated 21 Jul 2026,Q2 2026
RIOT - Riot Blockchain Inc.,0.7,Buy,2628731,$27.38,"$71,975,000",,$19.40,-29.15%,$11.16,$30.32,John Armitage - Egerton Capital Updated 21 Jul 2026,Q2 2026
MSFT - Microsoft Corp.,5.24,Add 0.89%,172878,$373.02,"$64,487,000",,$496.35,33.06%,$349.20,$550.24,David Katz - Matrix Asset Advisors Updated 15 Jul 2026,Q2 2026
MAVF - Matrix Advisors Value ETF,4.41,Reduce 2.40%,400490,$135.38,"$54,219,000",,$142.06,4.93%,$111.01,$142.73,David Katz - Matrix Asset Advisors Updated 15 Jul 2026,Q2 2026
GOOG - Alphabet Inc. CL C,3.9,Reduce 5.59%,135829,$353.33,"$47,992,000",,$343.94,-2.66%,$196.90,$404.23,David Katz - Matrix Asset Advisors Updated 15 Jul 2026,Q2 2026
PNC - PNC Financial Services,3.78,Reduce 1.32%,188868,$246.22,"$46,503,000",,$255.47,3.76%,$172.82,$258.13,David Katz - Matrix Asset Advisors Updated 15 Jul 2026,Q2 2026
QCOM - QUALCOMM Inc.,3.66,Reduce 15.09%,243892,$184.79,"$45,069,000",,$164.57,-10.94%,$121.54,$258.96,David Katz - Matrix Asset Advisors Updated 15 Jul 2026,Q2 2026
AAPL - Apple Inc.,3.58,Reduce 0.72%,152173,$289.36,"$44,033,000",,$304.33,5.17%,$222.96,$344.27,David Katz - Matrix Asset Advisors Updated 15 Jul 2026,Q2 2026
JPM - JPMorgan Chase & Co.,3.54,Reduce 1.22%,132893,$327.33,"$43,500,000",,$363.49,11.05%,$276.43,$366.09,David Katz - Matrix Asset Advisors Updated 15 Jul 2026,Q2 2026
MS - Morgan Stanley,3.54,Reduce 12.61%,208042,$209.04,"$43,489,000",,$218.69,4.62%,$137.90,$230.98,David Katz - Matrix Asset Advisors Updated 15 Jul 2026,Q2 2026
USB - U.S. Bancorp,3.45,Reduce 1.05%,701703,$60.40,"$42,383,000",,$65.18,7.91%,$43.76,$65.49,David Katz - Matrix Asset Advisors Updated 15 Jul 2026,Q2 2026
AMGN - Amgen,3.03,Add 3.01%,102817,$362.12,"$37,232,000",,$417.46,15.28%,$264.02,$421.79,David Katz - Matrix Asset Advisors Updated 15 Jul 2026,Q2 2026
PEP - PepsiCo Inc.,2.95,Add 11.10%,268055,$135.40,"$36,295,000",,$139.97,3.38%,$133.40,$168.19,David Katz - Matrix Asset Advisors Updated 15 Jul 2026,Q2 2026
AMAT - Applied Materials,2.82,Reduce 17.92%,48044,$723.00,"$34,736,000",,$549.88,-23.94%,$153.78,$739.67,David Katz - Matrix Asset Advisors Updated 15 Jul 2026,Q2 2026
MDT - Medtronic plc,2.76,Add 15.43%,433672,$78.23,"$33,926,000",,$90.60,15.81%,$72.65,$103.76,David Katz - Matrix Asset Advisors Updated 15 Jul 2026,Q2 2026
AMZN - Amazon.com Inc.,2.59,Reduce 1.22%,133816,$238.34,"$31,894,000",,$265.88,11.55%,$196.00,$287.20,David Katz - Matrix Asset Advisors Updated 15 Jul 2026,Q2 2026
GNRC - Generac Holdings Inc.,2.55,Reduce 5.16%,107043,$292.81,"$31,343,000",,$216.33,-26.12%,$134.80,$296.44,David Katz - Matrix Asset Advisors Updated 15 Jul 2026,Q2 2026
TXN - Texas Instruments,2.38,Reduce 28.86%,98361,$298.08,"$29,319,000",,$274.35,-7.96%,$150.20,$332.33,David Katz - Matrix Asset Advisors Updated 15 Jul 2026,Q2 2026
TSN - Tyson Foods,2.3,Add 31.95%,495030,$57.25,"$28,340,000",,$56.49,-1.33%,$49.30,$68.90,David Katz - Matrix Asset Advisors Updated 15 Jul 2026,Q2 2026
BNY - Bank of New York Mellon Corp.,2.06,Reduce 28.49%,174849,$144.61,"$25,285,000",,$162.15,12.13%,$97.96,$163.67,David Katz - Matrix Asset Advisors Updated 15 Jul 2026,Q2 2026
CMCSA - Comcast Corp.,1.98,Add 9.65%,991213,$24.55,"$24,334,000",,$26.08,6.23%,$21.28,$32.04,David Katz - Matrix Asset Advisors Updated 15 Jul 2026,Q2 2026
HD - Home Depot,1.85,Add 25.03%,64544,$352.67,"$22,763,000",,$341.29,-3.23%,$286.95,$418.06,David Katz - Matrix Asset Advisors Updated 15 Jul 2026,Q2 2026
SBUX - Starbucks Corp.,1.83,Reduce 0.98%,220391,$102.19,"$22,522,000",,$109.28,6.94%,$76.49,$110.29,David Katz - Matrix Asset Advisors Updated 15 Jul 2026,Q2 2026
GS - Goldman Sachs Group,1.82,Reduce 12.52%,22185,$1011.36,"$22,437,000",,$1046.27,3.45%,$691.63,$1153.99,David Katz - Matrix Asset Advisors Updated 15 Jul 2026,Q2 2026
VOO - Vanguard S&P 500 ETF,1.77,Add 3.83%,31620,$686.81,"$21,717,000",,$715.28,4.15%,$575.06,$715.92,David Katz - Matrix Asset Advisors Updated 15 Jul 2026,Q2 2026
PG - Procter & Gamble,1.75,Add 187.78%,146510,$146.64,"$21,484,000",,$144.44,-1.50%,$134.62,$164.77,David Katz - Matrix Asset Advisors Updated 15 Jul 2026,Q2 2026
META - Meta Platforms Inc.,1.73,Add 14.35%,37665,$563.28,"$21,216,000",,$593.95,5.44%,$519.78,$793.65,David Katz - Matrix Asset Advisors Updated 15 Jul 2026,Q2 2026
AEP - American Electric Power,1.72,Add 3.84%,154488,$136.81,"$21,136,000",,$125.16,-8.52%,$102.52,$139.52,David Katz - Matrix Asset Advisors Updated 15 Jul 2026,Q2 2026
NEE - NextEra Energy Inc.,1.69,Reduce 10.28%,237489,$87.77,"$20,844,000",,$85.96,-2.06%,$67.81,$98.03,David Katz - Matrix Asset Advisors Updated 15 Jul 2026,Q2 2026
VEA - Vanguard FTSE Developed ETF,1.63,Add 7.65%,280863,$71.25,"$20,011,000",,$73.59,3.28%,$56.19,$73.64,David Katz - Matrix Asset Advisors Updated 15 Jul 2026,Q2 2026
MTB - M&T Bank Corp.,1.52,Add 0.02%,78790,$238.01,"$18,753,000",,$253.92,6.68%,$170.99,$255.50,David Katz - Matrix Asset Advisors Updated 15 Jul 2026,Q2 2026
WFC - Wells Fargo,1.46,Add 0.70%,218006,$82.64,"$18,016,000",,$88.28,6.82%,$72.36,$96.18,David Katz - Matrix Asset Advisors Updated 15 Jul 2026,Q2 2026
LOW - Lowe's Cos.,1.43,Add 22.45%,79680,$220.49,"$17,569,000",,$216.87,-1.64%,$199.40,$289.87,David Katz - Matrix Asset Advisors Updated 15 Jul 2026,Q2 2026
VYM - Vanguard High Dvd Yield ETF,1.42,Add 6.43%,110817,$158.03,"$17,512,000",,$167.00,5.68%,$133.31,$167.39,David Katz - Matrix Asset Advisors Updated 15 Jul 2026,Q2 2026
LMT - Lockheed Martin Corp.,1.38,Add 1.08%,33411,$509.47,"$17,022,000",,$599.04,17.58%,$420.09,$687.50,David Katz - Matrix Asset Advisors Updated 15 Jul 2026,Q2 2026
TEL - TE Connectivity plc,1.24,Add 132.49%,75939,$201.61,"$15,310,000",,$215.83,7.05%,$190.27,$251.59,David Katz - Matrix Asset Advisors Updated 15 Jul 2026,Q2 2026
TGT - Target Corp.,1.21,Reduce 20.57%,114213,$130.61,"$14,917,000",,$155.54,19.09%,$81.20,$155.71,David Katz - Matrix Asset Advisors Updated 15 Jul 2026,Q2 2026
TMO - Thermo Fisher Scientific,1.13,Add 22.71%,27668,$501.37,"$13,872,000",,$595.87,18.85%,$434.83,$642.71,David Katz - Matrix Asset Advisors Updated 15 Jul 2026,Q2 2026
IWF - iShares Russell 1000 Growth ETF,1.08,Reduce 0.48%,106505,$124.17,"$13,225,000",,$125.93,1.42%,$102.14,$129.03,David Katz - Matrix Asset Advisors Updated 15 Jul 2026,Q2 2026
ADP - Automatic Data Processing Inc.,1.02,Add 312.04%,56001,$223.94,"$12,541,000",,$274.87,22.74%,$186.74,$301.70,David Katz - Matrix Asset Advisors Updated 15 Jul 2026,Q2 2026
PYPL - PayPal Holdings Inc.,0.92,Reduce 1.73%,262618,$43.18,"$11,340,000",,$60.50,40.11%,$38.22,$78.53,David Katz - Matrix Asset Advisors Updated 15 Jul 2026,Q2 2026
IJR - Ishares Core S&P Small Cap E,0.84,Add 2.16%,69439,$148.32,"$10,299,000",,$149.71,0.94%,$110.97,$150.69,David Katz - Matrix Asset Advisors Updated 15 Jul 2026,Q2 2026
STZ - Constellation Brands,0.84,Add 60.49%,74277,$139.09,"$10,331,000",,$135.48,-2.60%,$123.82,$166.32,David Katz - Matrix Asset Advisors Updated 15 Jul 2026,Q2 2026
ABBV - AbbVie Inc.,0.8,Reduce 0.27%,39070,$251.65,"$9,832,000",,$249.80,-0.74%,$189.40,$267.47,David Katz - Matrix Asset Advisors Updated 15 Jul 2026,Q2 2026
NKE - NIKE Inc.,0.75,Add 68.41%,223565,$41.05,"$9,177,000",,$41.35,0.73%,$40.00,$78.02,David Katz - Matrix Asset Advisors Updated 15 Jul 2026,Q2 2026
VTV - Vanguard Value ETF,0.6,Add 14.73%,33804,$217.93,"$7,367,000",,$227.03,4.18%,$175.79,$227.34,David Katz - Matrix Asset Advisors Updated 15 Jul 2026,Q2 2026
IWR - Ishares Russell Mid Cap ETF,0.53,Reduce 0.80%,59093,$110.32,"$6,519,000",,$114.75,4.02%,$90.78,$114.75,David Katz - Matrix Asset Advisors Updated 15 Jul 2026,Q2 2026
BRK.B - Berkshire Hathaway CL B,0.47,Add 0.43%,11645,$500.39,"$5,827,000",,$506.45,1.21%,$464.01,$537.74,David Katz - Matrix Asset Advisors Updated 15 Jul 2026,Q2 2026
ABT - Abbott Labs,0.35,Buy,47262,$90.75,"$4,289,000",,$111.09,22.41%,$81.39,$134.38,David Katz - Matrix Asset Advisors Updated 15 Jul 2026,Q2 2026
MDY - SPDR S&P Midcap 400 ETF Trst,0.34,Reduce 0.89%,5926,$703.34,"$4,168,000",,$715.10,1.67%,$563.38,$715.10,David Katz - Matrix Asset Advisors Updated 15 Jul 2026,Q2 2026
TCHP - T Rowe Price Blue Chip Growth ETF,0.31,Reduce 0.28%,76038,$50.09,"$3,809,000",,$51.88,3.57%,$42.26,$53.26,David Katz - Matrix Asset Advisors Updated 15 Jul 2026,Q2 2026
MCD - McDonald's Corp.,0.27,Add 1027.51%,12335,$270.29,"$3,334,000",,$272.32,0.75%,$260.96,$337.56,David Katz - Matrix Asset Advisors Updated 15 Jul 2026,Q2 2026
BAC - Bank of America Corp.,0.25,Reduce 3.81%,52984,$56.98,"$3,019,000",,$64.06,12.43%,$45.79,$64.95,David Katz - Matrix Asset Advisors Updated 15 Jul 2026,Q2 2026
IWM - iShares Russell 2000 ETF,0.25,Reduce 1.79%,10097,$300.49,"$3,034,000",,$303.66,1.05%,$221.39,$304.78,David Katz - Matrix Asset Advisors Updated 15 Jul 2026,Q2 2026
VO - Vanguard Mid Cap ETF,0.25,Add 21.92%,37472,$80.57,"$3,019,000",,$84.31,4.64%,$68.69,$84.31,David Katz - Matrix Asset Advisors Updated 15 Jul 2026,Q2 2026
INTU - Intuit Inc.,0.23,Add 191.63%,10770,$261.00,"$2,811,000",,$356.51,36.59%,$251.72,$713.52,David Katz - Matrix Asset Advisors Updated 15 Jul 2026,Q2 2026
VWO - Vanguard FTSE Emerging Marke,0.22,Add 0.79%,45534,$59.69,"$2,718,000",,$60.38,1.16%,$49.71,$61.52,David Katz - Matrix Asset Advisors Updated 15 Jul 2026,Q2 2026
IVV - Ishares Core S&P 500 ETF,0.2,Add 1.61%,3342,$748.95,"$2,503,000",,$781.92,4.40%,$628.53,$782.57,David Katz - Matrix Asset Advisors Updated 15 Jul 2026,Q2 2026
EFA - iShares MSCI EAFE ETF,0.13,Add 0.18%,14881,$103.89,"$1,546,000",,$108.73,4.66%,$87.06,$108.82,David Katz - Matrix Asset Advisors Updated 15 Jul 2026,Q2 2026
VUG - Vanguard Growth ETF,0.13,Reduce 5.99%,18563,$86.14,"$1,599,000",,$89.85,4.31%,$69.56,$90.50,David Katz - Matrix Asset Advisors Updated 15 Jul 2026,Q2 2026
ACN - Accenture,0.12,Reduce 62.77%,12287,$124.44,"$1,529,000",,$178.85,43.72%,$116.75,$285.21,David Katz - Matrix Asset Advisors Updated 15 Jul 2026,Q2 2026
IWD - Ishares Russell 1000 Value E,0.12,Reduce 0.65%,6265,$242.46,"$1,519,000",,$258.52,6.62%,$194.47,$259.19,David Katz - Matrix Asset Advisors Updated 15 Jul 2026,Q2 2026
VONG - Vanguard Russell 1000 Growth,0.12,Add 91.62%,11689,$127.81,"$1,494,000",,$129.66,1.45%,$105.09,$132.77,David Katz - Matrix Asset Advisors Updated 15 Jul 2026,Q2 2026
GOOGL - Alphabet Inc.,0.11,Reduce 0.38%,3907,$357.31,"$1,396,000",,$346.14,-3.13%,$196.04,$408.37,David Katz - Matrix Asset Advisors Updated 15 Jul 2026,Q2 2026
NVDA - NVIDIA Corp.,0.1,Reduce 22.47%,6090,$200.16,"$1,219,000",,$225.95,12.88%,$163.85,$236.26,David Katz - Matrix Asset Advisors Updated 15 Jul 2026,Q2 2026
QQQ - Invesco Qqq Trust Series 1,0.09,Add 1.84%,1491,$736.42,"$1,098,000",,$733.12,-0.45%,$554.99,$747.83,David Katz - Matrix Asset Advisors Updated 15 Jul 2026,Q2 2026
VTI - Vanguard Total Stock Mkt ETF,0.09,Reduce 1.85%,3076,$369.96,"$1,138,000",,$384.60,3.96%,$307.65,$384.88,David Katz - Matrix Asset Advisors Updated 15 Jul 2026,Q2 2026
AXP - American Express,0.08,Reduce 5.34%,2836,$338.15,"$959,000",,$344.45,1.86%,$289.26,$384.36,David Katz - Matrix Asset Advisors Updated 15 Jul 2026,Q2 2026
SPYX - SPDR S&P 500 Fossil Fuel Res,0.07,Add 7.05%,13385,$61.11,"$818,000",,$63.82,4.43%,$51.17,$63.88,David Katz - Matrix Asset Advisors Updated 15 Jul 2026,Q2 2026
AFL - AFLAC Inc.,0.06,Add 0.18%,6264,$117.18,"$734,000",,$121.19,3.42%,$101.63,$130.22,David Katz - Matrix Asset Advisors Updated 15 Jul 2026,Q2 2026
VIG - Vanguard Dividend Apprec ETF,0.06,Reduce 2.66%,3180,$236.48,"$752,000",,$246.49,4.23%,$205.20,$247.25,David Katz - Matrix Asset Advisors Updated 15 Jul 2026,Q2 2026
COF - Capital One Financial,0.05,,3178,$200.76,"$638,000",,$223.88,11.52%,$174.23,$257.54,David Katz - Matrix Asset Advisors Updated 15 Jul 2026,Q2 2026
CVS - CVS Health Corp.,0.05,,6175,$103.48,"$639,000",,$94.57,-8.61%,$63.26,$110.00,David Katz - Matrix Asset Advisors Updated 15 Jul 2026,Q2 2026
ESGD - Ishares Trust Ishares Esg Aw,0.05,Add 8.72%,6481,$102.76,"$666,000",,$107.80,4.90%,$86.38,$107.95,David Katz - Matrix Asset Advisors Updated 15 Jul 2026,Q2 2026
SDY - SPDR S&P Dividend ETF,0.05,Add 0.08%,3785,$152.18,"$576,000",,$158.30,4.02%,$132.64,$160.29,David Katz - Matrix Asset Advisors Updated 15 Jul 2026,Q2 2026
APH - Amphenol Corp.,0.04,,3056,$176.37,"$539,000",,$167.36,-5.11%,$104.00,$178.52,David Katz - Matrix Asset Advisors Updated 15 Jul 2026,Q2 2026
ASTS - AST SpaceMobile Inc.,0.04,,5380,$88.85,"$478,000",,$71.77,-19.22%,$36.08,$133.86,David Katz - Matrix Asset Advisors Updated 15 Jul 2026,Q2 2026
COST - Costco Co.,0.04,Reduce 1.43%,551,$934.66,"$515,000",,$956.87,2.38%,$840.35,$1094.76,David Katz - Matrix Asset Advisors Updated 15 Jul 2026,Q2 2026
XLK - Technology Select Sect SPDR,0.04,,2316,$190.41,"$441,000",,$191.30,0.47%,$126.53,$198.49,David Katz - Matrix Asset Advisors Updated 15 Jul 2026,Q2 2026
XOM - ExxonMobil Holdings Corp.,0.04,Reduce 2.42%,3749,$136.84,"$513,000",,$158.68,15.96%,$102.47,$175.22,David Katz - Matrix Asset Advisors Updated 15 Jul 2026,Q2 2026
AVGO - Broadcom Inc.,0.03,Add 1.73%,1118,$377.46,"$422,000",,$420.34,11.36%,$279.82,$494.22,David Katz - Matrix Asset Advisors Updated 15 Jul 2026,Q2 2026
DHR - Danaher Corp.,0.03,Reduce 0.71%,1681,$190.36,"$320,000",,$204.57,7.46%,$160.60,$241.78,David Katz - Matrix Asset Advisors Updated 15 Jul 2026,Q2 2026
ETN - Eaton Corp.,0.03,,862,$425.75,"$367,000",,$455.96,7.10%,$309.33,$478.00,David Katz - Matrix Asset Advisors Updated 15 Jul 2026,Q2 2026
GLD - SPDR Gold Trust,0.03,Add 1.42%,998,$368.74,"$368,000",,$398.64,8.11%,$305.19,$509.70,David Katz - Matrix Asset Advisors Updated 15 Jul 2026,Q2 2026
IEMG - iShares Core MSCI Emerging Markets ETF,0.03,Reduce 4.18%,3988,$82.75,"$330,000",,$81.38,-1.66%,$59.87,$86.49,David Katz - Matrix Asset Advisors Updated 15 Jul 2026,Q2 2026
IJH - Ishares Core S&P Midcap ETF,0.03,Add 6.77%,5472,$77.12,"$422,000",,$78.45,1.72%,$61.62,$78.45,David Katz - Matrix Asset Advisors Updated 15 Jul 2026,Q2 2026
IWN - Ishares Russell 2000 Value E,0.03,,1765,$220.96,"$390,000",,$226.93,2.70%,$162.17,$227.40,David Katz - Matrix Asset Advisors Updated 15 Jul 2026,Q2 2026
JNJ - Johnson & Johnson,0.03,,1622,$254.01,"$412,000",,$261.50,2.95%,$168.49,$274.90,David Katz - Matrix Asset Advisors Updated 15 Jul 2026,Q2 2026
LLY - Eli Lilly & Co.,0.03,,311,$1196.14,"$372,000",,$1214.36,1.52%,$639.97,$1249.45,David Katz - Matrix Asset Advisors Updated 15 Jul 2026,Q2 2026
SPYG - SPDR Portfolio S&P 500 Growt,0.03,,3047,$119.13,"$363,000",,$123.63,3.78%,$93.49,$124.04,David Katz - Matrix Asset Advisors Updated 15 Jul 2026,Q2 2026
V - Visa Inc.,0.03,Reduce 2.52%,1120,$342.86,"$384,000",,$362.90,5.84%,$292.74,$373.28,David Katz - Matrix Asset Advisors Updated 15 Jul 2026,Q2 2026
VB - Vanguard Small Cap ETF,0.03,,1149,$302.87,"$348,000",,$308.69,1.92%,$238.70,$308.87,David Katz - Matrix Asset Advisors Updated 15 Jul 2026,Q2 2026
WMT - Walmart Inc.,0.03,,3191,$113.13,"$361,000",,$115.35,1.96%,$94.85,$135.16,David Katz - Matrix Asset Advisors Updated 15 Jul 2026,Q2 2026
AON - Aon Plc,0.02,,648,$331.79,"$215,000",,$355.30,7.09%,$303.10,$381.47,David Katz - Matrix Asset Advisors Updated 15 Jul 2026,Q2 2026
CGEN - Compugen Ltd,0.02,,93833,$2.14,"$201,000",,$2.41,12.62%,$1.30,$3.24,David Katz - Matrix Asset Advisors Updated 15 Jul 2026,Q2 2026
CL - Colgate-Palmolive,0.02,,2383,$91.48,"$218,000",,$92.84,1.49%,$73.21,$98.15,David Katz - Matrix Asset Advisors Updated 15 Jul 2026,Q2 2026
EMXC - Ishares Msci Emr Mrk Ex Chna,0.02,Buy,2292,$102.09,"$234,000",,$97.62,-4.38%,$61.18,$107.12,David Katz - Matrix Asset Advisors Updated 15 Jul 2026,Q2 2026
IBM - International Business Machines,0.02,Buy,755,$280.79,"$212,000",,$237.39,-15.46%,$197.77,$330.09,David Katz - Matrix Asset Advisors Updated 15 Jul 2026,Q2 2026
IWB - Ishares Russell 1000 ETF,0.02,,698,$409.74,"$286,000",,$426.35,4.05%,$343.95,$426.35,David Katz - Matrix Asset Advisors Updated 15 Jul 2026,Q2 2026
MPC - Marathon Petroleum Corp.,0.02,,854,$255.27,"$218,000",,$355.97,39.45%,$154.97,$355.97,David Katz - Matrix Asset Advisors Updated 15 Jul 2026,Q2 2026
MRK - Merck & Co.,0.02,,1671,$128.67,"$215,000",,$134.71,4.69%,$75.81,$135.05,David Katz - Matrix Asset Advisors Updated 15 Jul 2026,Q2 2026
NUE - Nucor Corp.,0.02,Reduce 26.77%,1368,$222.95,"$305,000",,$272.28,22.13%,$130.11,$280.11,David Katz - Matrix Asset Advisors Updated 15 Jul 2026,Q2 2026
PLTR - Palantir Technologies Inc.,0.02,Reduce 10.81%,2063,$116.82,"$241,000",,$178.53,52.82%,$106.37,$207.52,David Katz - Matrix Asset Advisors Updated 15 Jul 2026,Q2 2026
QQQM - Invesco Nasdaq 100 ETF,0.02,Reduce 27.61%,763,$302.75,"$231,000",,$301.86,-0.29%,$228.49,$307.85,David Katz - Matrix Asset Advisors Updated 15 Jul 2026,Q2 2026
RSP - Invesco S&P 500 Equal Weight,0.02,Buy,1150,$213.04,"$245,000",,$222.72,4.54%,$179.92,$222.72,David Katz - Matrix Asset Advisors Updated 15 Jul 2026,Q2 2026
SCHD - Schwab Us Dvd Equity ETF,0.02,Add 0.18%,6533,$31.69,"$207,000",,$34.40,8.55%,$25.63,$34.48,David Katz - Matrix Asset Advisors Updated 15 Jul 2026,Q2 2026
SKYX - Skyx Platforms Corp,0.02,Add 6.61%,215000,$1.11,"$238,000",,$1.12,0.90%,$0.95,$3.29,David Katz - Matrix Asset Advisors Updated 15 Jul 2026,Q2 2026
TSLA - Tesla Inc.,0.02,Buy,494,$421.05,"$208,000",,$338.95,-19.50%,$297.38,$498.83,David Katz - Matrix Asset Advisors Updated 15 Jul 2026,Q2 2026
GOOGL - Alphabet Inc.,17.49,Reduce 24.51%,1286845,$357.37,"$459,880,000",,$346.14,-3.14%,$196.04,$408.37,Lindsell Train Updated 15 Jul 2026,Q2 2026
TKO - TKO Group Holdings Inc.,16.07,Reduce 14.31%,2098862,$201.31,"$422,522,000",,$197.63,-1.83%,$173.96,$225.15,Lindsell Train Updated 15 Jul 2026,Q2 2026
FICO - Fair Isaac Corp.,10.28,Reduce 9.32%,226186,$1194.78,"$270,243,000",,$1101.36,-7.82%,$870.01,$1998.01,Lindsell Train Updated 15 Jul 2026,Q2 2026
TMO - Thermo Fisher Scientific,9.81,Reduce 16.64%,514512,$501.36,"$257,956,000",,$595.87,18.85%,$434.83,$642.71,Lindsell Train Updated 15 Jul 2026,Q2 2026
DIS - Walt Disney Co.,9.55,Reduce 18.67%,2607846,$96.25,"$251,005,000",,$104.35,8.42%,$91.48,$118.07,Lindsell Train Updated 15 Jul 2026,Q2 2026
INTU - Intuit Inc.,6.62,Reduce 9.11%,666883,$261.00,"$174,056,000",,$356.51,36.59%,$251.72,$713.52,Lindsell Train Updated 15 Jul 2026,Q2 2026
MDLZ - Mondelez International,5.64,Reduce 27.98%,2565453,$57.84,"$148,386,000",,$63.29,9.42%,$50.34,$66.65,Lindsell Train Updated 15 Jul 2026,Q2 2026
PEP - PepsiCo Inc.,5.27,Reduce 19.85%,1023706,$135.40,"$138,610,000",,$139.97,3.38%,$133.40,$168.19,Lindsell Train Updated 15 Jul 2026,Q2 2026
PYPL - PayPal Holdings Inc.,5.19,Reduce 24.33%,3162672,$43.18,"$136,564,000",,$60.50,40.11%,$38.22,$78.53,Lindsell Train Updated 15 Jul 2026,Q2 2026
EBAY - eBay Inc.,4.74,Reduce 42.10%,1116001,$111.75,"$124,713,000",,$104.34,-6.63%,$77.56,$118.98,Lindsell Train Updated 15 Jul 2026,Q2 2026
MANU - Manchester United plc,2.41,Reduce 12.21%,2758446,$22.93,"$63,251,000",,$23.30,1.61%,$14.59,$24.22,Lindsell Train Updated 15 Jul 2026,Q2 2026
KKR - KKR & Co. L.P.,2.33,Buy,667780,$91.78,"$61,289,000",,$116.44,26.87%,$82.35,$151.00,Lindsell Train Updated 15 Jul 2026,Q2 2026
BF.A - Brown-Forman Corp. CL A,2.22,Reduce 17.42%,2134789,$27.36,"$58,408,000",,$28.38,3.73%,$22.81,$30.87,Lindsell Train Updated 15 Jul 2026,Q2 2026
BF.B - Brown-Forman Corp.,1.4,Reduce 12.48%,1379324,$26.65,"$36,759,000",,$27.91,4.73%,$22.41,$31.11,Lindsell Train Updated 15 Jul 2026,Q2 2026
V - Visa Inc.,0.14,Add 1.94%,10500,$343.05,"$3,602,000",,$362.90,5.79%,$292.74,$373.28,Lindsell Train Updated 15 Jul 2026,Q2 2026
SPGI - S&P Global Inc.,0.11,Add 1.37%,7400,$407.30,"$3,014,000",,$422.09,3.63%,$360.90,$545.61,Lindsell Train Updated 15 Jul 2026,Q2 2026
AXP - American Express,0.1,Reduce 15.56%,7600,$338.29,"$2,571,000",,$344.45,1.82%,$289.26,$384.36,Lindsell Train Updated 15 Jul 2026,Q2 2026
CP - Canadian Pacific Kansas City,0.1,,30000,$86.67,"$2,600,000",,$93.92,8.37%,$67.98,$93.95,Lindsell Train Updated 15 Jul 2026,Q2 2026
EFX - Equifax Inc.,0.07,Add 2.61%,11800,$158.73,"$1,873,000",,$185.78,17.04%,$150.75,$269.54,Lindsell Train Updated 15 Jul 2026,Q2 2026
CME - CME Group,0.06,,6900,$220.87,"$1,524,000",,$265.86,20.37%,$218.31,$319.84,Lindsell Train Updated 15 Jul 2026,Q2 2026
VRSK - Verisk Analytics Inc.,0.06,Add 13.10%,9500,$179.58,"$1,706,000",,$183.97,2.44%,$155.52,$273.70,Lindsell Train Updated 15 Jul 2026,Q2 2026
ADBE - Adobe Inc.,0.05,,7000,$205.00,"$1,435,000",,$268.36,30.91%,$190.12,$370.86,Lindsell Train Updated 15 Jul 2026,Q2 2026
EL - Estee Lauder Cos.,0.05,,15000,$78.93,"$1,184,000",,$87.65,11.05%,$65.96,$120.79,Lindsell Train Updated 15 Jul 2026,Q2 2026
ORCL - Oracle Corp.,0.05,,9000,$146.56,"$1,319,000",,$155.70,6.24%,$114.50,$341.82,Lindsell Train Updated 15 Jul 2026,Q2 2026
WMG - Warner Music Group Corp. CL A,0.05,Buy,50000,$27.08,"$1,354,000",,$25.22,-6.87%,$23.21,$35.23,Lindsell Train Updated 15 Jul 2026,Q2 2026
KO - Coca Cola Co.,0.04,,12000,$81.25,"$975,000",,$87.44,7.62%,$64.04,$90.92,Lindsell Train Updated 15 Jul 2026,Q2 2026
MSGS - Madison Square Garden Sports Corp.,0.04,,2800,$401.79,"$1,125,000",,$412.22,2.60%,$188.60,$426.67,Lindsell Train Updated 15 Jul 2026,Q2 2026
NKE - NIKE Inc.,0.03,Add 0.96%,21000,$41.05,"$862,000",,$41.35,0.73%,$40.00,$78.02,Lindsell Train Updated 15 Jul 2026,Q2 2026
BRK.B - Berkshire Hathaway CL B,33.89,,97600,$500.39,"$48,838,000",,$506.45,1.21%,$464.01,$537.74,Guy Spier - Aquamarine Capital Updated 10 Jul 2026,Q2 2026
BRK.A - Berkshire Hathaway CL A,15.59,,30,$748866.67,"$22,466,000",,$759889.00,1.47%,$698000.00,$806102.81,Guy Spier - Aquamarine Capital Updated 10 Jul 2026,Q2 2026
AXP - American Express,15.26,,65000,$338.25,"$21,986,000",,$344.45,1.83%,$289.26,$384.36,Guy Spier - Aquamarine Capital Updated 10 Jul 2026,Q2 2026
MA - Mastercard Inc.,14.26,,40000,$513.60,"$20,544,000",,$566.09,10.22%,$463.74,$598.04,Guy Spier - Aquamarine Capital Updated 10 Jul 2026,Q2 2026
MCO - Moody's Corp.,8.49,,27000,$452.93,"$12,229,000",,$486.60,7.43%,$400.46,$544.40,Guy Spier - Aquamarine Capital Updated 10 Jul 2026,Q2 2026
RACE - Ferrari NV,7.71,,30000,$370.47,"$11,114,000",,$411.78,11.15%,$308.95,$498.75,Guy Spier - Aquamarine Capital Updated 10 Jul 2026,Q2 2026
DJCO - Daily Journal Corp.,4.8,,11500,$601.22,"$6,914,000",,$584.98,-2.70%,$348.63,$674.75,Guy Spier - Aquamarine Capital Updated 10 Jul 2026,Q2 2026
TRMD - Torm Plc,15.67,Reduce 9.78%,23839575,$28.32,"$675,076,000",,$29.47,4.06%,$16.97,$34.50,Howard Marks - Oaktree Capital Management Updated 20 May 2026,Q1 2026
EXE - Expand Energy Corp.,13.35,Add 3.46%,5237477,$109.78,"$574,970,000",,$94.82,-13.63%,$84.99,$125.18,Howard Marks - Oaktree Capital Management Updated 20 May 2026,Q1 2026
AU - AngloGold Ashanti Ltd.,7.29,Reduce 16.24%,3223092,$97.36,"$313,800,000",,$95.05,-2.37%,$49.33,$125.48,Howard Marks - Oaktree Capital Management Updated 20 May 2026,Q1 2026
GTX - Garrett Motion Inc.,6.16,Reduce 14.62%,14594816,$18.17,"$265,188,000",,$28.97,59.44%,$12.13,$36.25,Howard Marks - Oaktree Capital Management Updated 20 May 2026,Q1 2026
INDV - Indivior Pharmaceuticals Inc.,4.94,Reduce 1.75%,6984102,$30.48,"$212,875,000",,$38.46,26.18%,$27.68,$42.81,Howard Marks - Oaktree Capital Management Updated 20 May 2026,Q1 2026
TDS - Telephone & Data Systems,4.2,Add 16.37%,4292243,$42.10,"$180,703,000",,$34.66,-17.67%,$31.51,$49.07,Howard Marks - Oaktree Capital Management Updated 20 May 2026,Q1 2026
VNOM - Viper Energy Inc.,4.14,Reduce 39.68%,3791432,$46.99,"$178,159,000",,$41.30,-12.11%,$34.21,$50.41,Howard Marks - Oaktree Capital Management Updated 20 May 2026,Q1 2026
CORZ - Core Scientific Inc,3.25,Add 11.98%,9350708,$14.96,"$139,887,000",,$19.88,32.89%,$13.14,$30.46,Howard Marks - Oaktree Capital Management Updated 20 May 2026,Q1 2026
STKL-OLD - SunOpta Inc.,3.12,,20726126,$6.48,"$134,230,000",,$6.50,0.31%,$3.32,$6.94,Howard Marks - Oaktree Capital Management Updated 20 May 2026,Q1 2026
PBR - Petroleo Brasileiro,2.93,Buy,6089413,$20.75,"$126,355,000",,$17.97,-13.40%,$11.13,$22.07,Howard Marks - Oaktree Capital Management Updated 20 May 2026,Q1 2026
B - Barrick Mining Corp.,2.49,Reduce 11.77%,2624859,$40.79,"$107,068,000",,$40.85,0.15%,$22.91,$54.01,Howard Marks - Oaktree Capital Management Updated 20 May 2026,Q1 2026
TLN - Talen Energy Corp,2.45,,331117,$319.23,"$105,702,000",,$360.33,12.87%,$301.45,$451.28,Howard Marks - Oaktree Capital Management Updated 20 May 2026,Q1 2026
LBTYA - Liberty Global Ltd CL A,2.4,,8551191,$12.09,"$103,384,000",,$10.46,-13.48%,$9.43,$13.52,Howard Marks - Oaktree Capital Management Updated 20 May 2026,Q1 2026
ITUB - ita Unibanco Holding S.A.,2.37,Reduce 11.82%,12188995,$8.38,"$102,144,000",,$7.38,-11.93%,$5.88,$9.47,Howard Marks - Oaktree Capital Management Updated 20 May 2026,Q1 2026
NOK - Nokia Corp.,2.09,Reduce 40.27%,11200308,$8.04,"$90,050,000",,$10.63,32.21%,$4.04,$17.36,Howard Marks - Oaktree Capital Management Updated 20 May 2026,Q1 2026
TAC - TransAlta Corp.,1.95,,6415253,$13.11,"$84,078,000",,$12.61,-3.81%,$11.34,$17.69,Howard Marks - Oaktree Capital Management Updated 20 May 2026,Q1 2026
CBL - CBL & Associates Pptys Inc.,1.92,Reduce 14.45%,2153717,$38.43,"$82,767,000",,$57.23,48.92%,$26.87,$60.40,Howard Marks - Oaktree Capital Management Updated 20 May 2026,Q1 2026
FCX - Freeport-McMoran Inc.,1.67,Reduce 12.22%,1220122,$58.78,"$71,719,000",,$66.79,13.63%,$34.78,$72.10,Howard Marks - Oaktree Capital Management Updated 20 May 2026,Q1 2026
XP - XP Inc.,1.4,Reduce 4.46%,3172009,$19.04,"$60,395,000",,$15.86,-16.70%,$14.80,$22.83,Howard Marks - Oaktree Capital Management Updated 20 May 2026,Q1 2026
AERO - Grupo Aeromexico Sab De Cv,1.29,Add 5.08%,3968686,$14.01,"$55,601,000",,$15.97,13.99%,$12.26,$23.05,Howard Marks - Oaktree Capital Management Updated 20 May 2026,Q1 2026
BLCO - Bausch + Lomb Corp,1.25,,3382739,$15.90,"$53,786,000",,$16.80,5.66%,$13.77,$18.92,Howard Marks - Oaktree Capital Management Updated 20 May 2026,Q1 2026
KRC - Kilroy Realty Corp.,1.21,,1850011,$28.21,"$52,189,000",,$37.00,31.16%,$26.89,$42.39,Howard Marks - Oaktree Capital Management Updated 20 May 2026,Q1 2026
LILAK - Liberty LiLAC Group C,1.18,,5748780,$8.82,"$50,704,000",,$8.42,-4.54%,$4.76,$8.84,Howard Marks - Oaktree Capital Management Updated 20 May 2026,Q1 2026
CRDO - Credo Technology Group Holdi,1.17,Buy,539000,$93.87,"$50,596,000",,$271.26,188.97%,$86.49,$308.67,Howard Marks - Oaktree Capital Management Updated 20 May 2026,Q1 2026
RWAY - Runway Growth Finance Corp,1.12,,7029667,$6.87,"$48,294,000",,$6.97,1.46%,$5.19,$9.61,Howard Marks - Oaktree Capital Management Updated 20 May 2026,Q1 2026
YPF - YPF S.A.,0.95,Buy,886465,$46.22,"$40,972,000",,$49.34,6.75%,$22.82,$57.49,Howard Marks - Oaktree Capital Management Updated 20 May 2026,Q1 2026
AD - Array Digital Infrastructure Inc.,0.78,,724444,$46.14,"$33,426,000",,$35.55,-22.95%,$28.86,$46.04,Howard Marks - Oaktree Capital Management Updated 20 May 2026,Q1 2026
CX - Cemex,0.73,Reduce 51.94%,2763083,$11.44,"$31,610,000",,$11.08,-3.15%,$8.37,$13.64,Howard Marks - Oaktree Capital Management Updated 20 May 2026,Q1 2026
ECVT - Ecovyst Inc.,0.71,Reduce 43.74%,2393791,$12.86,"$30,784,000",,$10.06,-21.77%,$7.41,$15.09,Howard Marks - Oaktree Capital Management Updated 20 May 2026,Q1 2026
EMBJ - Embraer SA,0.62,Buy,447606,$59.34,"$26,561,000",,$74.35,25.29%,$53.37,$80.46,Howard Marks - Oaktree Capital Management Updated 20 May 2026,Q1 2026
KRSP - Rice Acquisition Corp 3 A,0.57,,2400000,$10.31,"$24,744,000",,$10.52,2.04%,$10.21,$11.89,Howard Marks - Oaktree Capital Management Updated 20 May 2026,Q1 2026
TX - Ternium S.A.,0.54,Reduce 11.49%,582924,$40.15,"$23,404,000",,$54.15,34.87%,$29.79,$55.66,Howard Marks - Oaktree Capital Management Updated 20 May 2026,Q1 2026
SHAZ - Sharonai Holdings Inc,0.53,Buy,1000000,$22.73,"$22,730,000",,$72.11,217.25%,$1.90,$178.00,Howard Marks - Oaktree Capital Management Updated 20 May 2026,Q1 2026
OCSL - Oaktree Specialty Lending Corp,0.49,,1852456,$11.30,"$20,933,000",,$13.10,15.93%,$10.33,$13.11,Howard Marks - Oaktree Capital Management Updated 20 May 2026,Q1 2026
TEO - Telecom Argentina S.A.,0.44,Reduce 30.90%,1622244,$11.69,"$18,964,000",,$13.50,15.48%,$6.29,$16.34,Howard Marks - Oaktree Capital Management Updated 20 May 2026,Q1 2026
SMPL - Simply Good Foods Co.,0.38,Buy,1128889,$14.35,"$16,200,000",,$11.08,-22.79%,$9.88,$30.36,Howard Marks - Oaktree Capital Management Updated 20 May 2026,Q1 2026
MINE - Mayfair Gold Corp,0.32,Buy,4500000,$3.08,"$13,866,000",,$2.54,-17.53%,$2.16,$4.88,Howard Marks - Oaktree Capital Management Updated 20 May 2026,Q1 2026
BATL - Battalion Oil Corp.,0.27,,3009912,$3.90,"$11,739,000",,$1.31,-66.41%,$1.00,$29.70,Howard Marks - Oaktree Capital Management Updated 20 May 2026,Q1 2026
SMRT - SmartRent Inc.,0.26,,7505294,$1.50,"$11,258,000",,$1.45,-3.33%,$0.91,$2.20,Howard Marks - Oaktree Capital Management Updated 20 May 2026,Q1 2026
BMM - Blue Moon Metals Inc,0.25,Buy,1685000,$6.46,"$10,879,000",,$4.90,-24.15%,$3.47,$8.63,Howard Marks - Oaktree Capital Management Updated 20 May 2026,Q1 2026
OPTU - Optimum Communications Inc.,0.22,Reduce 2.26%,7330490,$1.30,"$9,530,000",,$0.86,-33.85%,$0.58,$2.79,Howard Marks - Oaktree Capital Management Updated 20 May 2026,Q1 2026
MX - MagnaChip Semiconductor Corp.,0.19,,2849858,$2.80,"$7,980,000",,$3.79,35.36%,$2.18,$9.86,Howard Marks - Oaktree Capital Management Updated 20 May 2026,Q1 2026
ILLUU - Illumination Acquisition Cor,0.17,Buy,750000,$9.92,"$7,440,000",,$10.04,1.21%,$9.90,$10.09,Howard Marks - Oaktree Capital Management Updated 20 May 2026,Q1 2026
LILA - Liberty LiLAC Group A,0.17,,839020,$8.64,"$7,249,000",,$8.54,-1.16%,$4.73,$8.90,Howard Marks - Oaktree Capital Management Updated 20 May 2026,Q1 2026
NRG - NRG Energy Inc.,0.17,Buy,49028,$146.14,"$7,165,000",,$120.02,-17.87%,$112.50,$188.71,Howard Marks - Oaktree Capital Management Updated 20 May 2026,Q1 2026
BKLN - Invesco Senior Loan ETF,0.09,Buy,200020,$20.41,"$4,082,000",,$20.56,0.73%,$19.59,$20.57,Howard Marks - Oaktree Capital Management Updated 20 May 2026,Q1 2026
HDB - HDFC Bank Ltd.,0.07,Reduce 12.40%,114261,$24.88,"$2,843,000",,$23.19,-6.79%,$22.26,$37.19,Howard Marks - Oaktree Capital Management Updated 20 May 2026,Q1 2026
ALVOW - Alvotech SA 27,0.03,,4666667,$0.25,"$1,190,000",,$0.15,-40.00%,$0.12,$3.00,Howard Marks - Oaktree Capital Management Updated 20 May 2026,Q1 2026
ALVO - Alvotech SA,0.01,Reduce 55.02%,240038,$1.41,"$339,000",,$4.07,188.65%,$2.94,$9.25,Howard Marks - Oaktree Capital Management Updated 20 May 2026,Q1 2026
BTAI - Bioxcel Therapeutics Inc,0.01,,241188,$1.34,"$323,000",,$1.14,-14.93%,$0.74,$7.36,Howard Marks - Oaktree Capital Management Updated 20 May 2026,Q1 2026
KRSP.WS - Rice Acquisition Corp 3,0.01,,399999,$0.80,"$320,000",,,,,,Howard Marks - Oaktree Capital Management Updated 20 May 2026,Q1 2026
PDD - Pinduoduo Inc.,0.01,Buy,4823,$102.22,"$493,000",,$84.65,-17.19%,$71.94,$139.41,Howard Marks - Oaktree Capital Management Updated 20 May 2026,Q1 2026
AAPL - Apple Inc.,36.72,Reduce 10.55%,28945607,$253.79,"$7,346,106,000",,$304.33,19.91%,$222.96,$344.27,Duan Yongping - H&H International Investment Updated 19 May 2026,Q1 2026
BRK.B - Berkshire Hathaway CL B,21.91,Add 27.47%,9147796,$479.20,"$4,383,624,000",,$506.45,5.69%,$464.01,$537.74,Duan Yongping - H&H International Investment Updated 19 May 2026,Q1 2026
NVDA - NVIDIA Corp.,12.07,Add 91.29%,13843775,$174.40,"$2,414,354,000",,$225.95,29.56%,$163.85,$236.26,Duan Yongping - H&H International Investment Updated 19 May 2026,Q1 2026
PDD - Pinduoduo Inc.,10.09,Add 71.18%,19748294,$102.18,"$2,017,881,000",,$84.65,-17.16%,$71.94,$139.41,Duan Yongping - H&H International Investment Updated 19 May 2026,Q1 2026
TSLA - Tesla Inc.,6.34,Buy,3408900,$371.75,"$1,267,259,000",,$338.95,-8.82%,$297.38,$498.83,Duan Yongping - H&H International Investment Updated 19 May 2026,Q1 2026
GOOG - Alphabet Inc. CL C,5.31,Add 99.74%,3706000,$286.86,"$1,063,103,000",,$343.94,19.90%,$196.90,$404.23,Duan Yongping - H&H International Investment Updated 19 May 2026,Q1 2026
OXY - Occidental Petroleum,3.33,Reduce 22.10%,10261500,$65.00,"$666,998,000",,$57.72,-11.20%,$38.44,$67.14,Duan Yongping - H&H International Investment Updated 19 May 2026,Q1 2026
MSFT - Microsoft Corp.,1.88,Add 18.28%,1016000,$370.17,"$376,093,000",,$496.35,34.09%,$349.20,$550.24,Duan Yongping - H&H International Investment Updated 19 May 2026,Q1 2026
UNH - United Health Group Inc.,0.81,Buy,601400,$270.59,"$162,733,000",,$399.39,47.60%,$254.51,$461.62,Duan Yongping - H&H International Investment Updated 19 May 2026,Q1 2026
DIS - Walt Disney Co.,0.73,Add 112.33%,1511800,$96.38,"$145,707,000",,$104.35,8.27%,$91.48,$118.07,Duan Yongping - H&H International Investment Updated 19 May 2026,Q1 2026
CRDO - Credo Technology Group Holdi,0.35,Add 431.63%,751200,$93.87,"$70,515,000",,$271.26,188.97%,$86.49,$308.67,Duan Yongping - H&H International Investment Updated 19 May 2026,Q1 2026
TSM - Taiwan Semiconductor S.A.,0.26,Reduce 87.65%,151200,$337.95,"$51,098,000",,$432.89,28.09%,$221.29,$479.00,Duan Yongping - H&H International Investment Updated 19 May 2026,Q1 2026
CRCL - Circle Internet Group Inc,0.1,Buy,200000,$95.41,"$19,082,000",,$74.80,-21.60%,$49.90,$164.64,Duan Yongping - H&H International Investment Updated 19 May 2026,Q1 2026
PLTR - Palantir Technologies Inc.,0.04,Buy,60000,$146.28,"$8,777,000",,$178.53,22.05%,$106.37,$207.52,Duan Yongping - H&H International Investment Updated 19 May 2026,Q1 2026
CRWD - CrowdStrike Holdings Inc.,0.02,Buy,40000,$97.60,"$3,904,000",,$226.21,131.77%,$85.68,$226.90,Duan Yongping - H&H International Investment Updated 19 May 2026,Q1 2026
SNPS - Synopsys Inc.,0.02,Buy,10000,$396.50,"$3,965,000",,$414.00,4.41%,$366.00,$628.89,Duan Yongping - H&H International Investment Updated 19 May 2026,Q1 2026
SNOW - Snowflake Inc.,0.01,Buy,10000,$150.80,"$1,508,000",,$338.62,124.55%,$118.30,$341.95,Duan Yongping - H&H International Investment Updated 19 May 2026,Q1 2026
INOD - Innodata Inc.,0.0,Buy,10000,$38.60,"$386,000",,$62.90,62.95%,$34.23,$125.14,Duan Yongping - H&H International Investment Updated 19 May 2026,Q1 2026
TEM - Tempus Ai Inc,0.0,Reduce 81.82%,20000,$45.20,"$904,000",,$54.99,21.66%,$40.77,$104.32,Duan Yongping - H&H International Investment Updated 19 May 2026,Q1 2026
SUNB - Sunbelt Rentals Holdings Inc,35.38,Buy,12561085,$65.09,"$817,601,000",,$80.65,23.91%,$60.40,$85.78,Abrams Bison Investments Updated 15 May 2026,Q1 2026
SNX - SYNNEX Corp.,18.2,Add 0.62%,2492357,$168.71,"$420,486,000",,$255.95,51.71%,$141.15,$295.89,Abrams Bison Investments Updated 15 May 2026,Q1 2026
AMAT - Applied Materials,10.41,Reduce 21.08%,704000,$341.79,"$240,620,000",,$549.88,60.88%,$153.78,$739.67,Abrams Bison Investments Updated 15 May 2026,Q1 2026
SN - Sharkninja Inc,6.58,Add 16.94%,1436000,$105.90,"$152,072,000",,$188.58,78.07%,$83.12,$191.22,Abrams Bison Investments Updated 15 May 2026,Q1 2026
URBN - Urban Outfitters Inc.,6.1,Add 31.79%,2226000,$63.35,"$141,017,000",,$75.95,19.89%,$59.54,$84.35,Abrams Bison Investments Updated 15 May 2026,Q1 2026
TFX - Teleflex,5.18,Add 3.20%,1000000,$119.61,"$119,610,000",,$136.60,14.20%,$99.63,$145.00,Abrams Bison Investments Updated 15 May 2026,Q1 2026
NYT - New York Times CL A,5.13,,1416086,$83.73,"$118,569,000",,$64.07,-23.48%,$53.65,$86.83,Abrams Bison Investments Updated 15 May 2026,Q1 2026
BFAM - Bright Horizons Family Solutions Inc.,5.02,Buy,1413000,$82.13,"$116,050,000",,$73.62,-10.36%,$57.63,$124.25,Abrams Bison Investments Updated 15 May 2026,Q1 2026
ACHC - Acadia Healthcare Co.,4.43,,4380000,$23.39,"$102,448,000",,$30.54,30.57%,$11.43,$35.83,Abrams Bison Investments Updated 15 May 2026,Q1 2026
COF - Capital One Financial,3.35,Reduce 11.27%,425000,$182.43,"$77,533,000",,$223.88,22.72%,$174.23,$257.54,Abrams Bison Investments Updated 15 May 2026,Q1 2026
SLQT - Selectquote Inc.,0.22,,7910794,$0.63,"$4,980,000",,$0.74,17.46%,$0.56,$2.77,Abrams Bison Investments Updated 15 May 2026,Q1 2026
NVDA - NVIDIA Corp.,6.44,Add 6.31%,3174918,$174.40,"$553,706,000",,$225.95,29.56%,$163.85,$236.26,Lee Ainslie - Maverick Capital Updated 15 May 2026,Q1 2026
AMZN - Amazon.com Inc.,5.61,Reduce 2.71%,2318015,$208.27,"$482,773,000",,$265.88,27.66%,$196.00,$287.20,Lee Ainslie - Maverick Capital Updated 15 May 2026,Q1 2026
TSM - Taiwan Semiconductor S.A.,4.86,Reduce 25.40%,1237358,$337.95,"$418,165,000",,$432.89,28.09%,$221.29,$479.00,Lee Ainslie - Maverick Capital Updated 15 May 2026,Q1 2026
ASML - ASML Holding NV,3.97,Reduce 1.01%,258377,$1320.83,"$341,272,000",,$1861.52,40.94%,$711.50,$1997.36,Lee Ainslie - Maverick Capital Updated 15 May 2026,Q1 2026
NU - Nu Holdings Ltd,3.75,Add 91.59%,22444311,$14.37,"$322,525,000",,$13.92,-3.13%,$11.20,$18.98,Lee Ainslie - Maverick Capital Updated 15 May 2026,Q1 2026
AMAT - Applied Materials,3.46,Reduce 23.10%,869943,$341.79,"$297,338,000",,$549.88,60.88%,$153.78,$739.67,Lee Ainslie - Maverick Capital Updated 15 May 2026,Q1 2026
MSFT - Microsoft Corp.,3.12,Reduce 36.93%,725649,$370.17,"$268,613,000",,$496.35,34.09%,$349.20,$550.24,Lee Ainslie - Maverick Capital Updated 15 May 2026,Q1 2026
BSX - Boston Scientific,3.06,Add 42.48%,4195089,$62.75,"$263,242,000",,$51.79,-17.47%,$42.20,$109.50,Lee Ainslie - Maverick Capital Updated 15 May 2026,Q1 2026
RTX - RTX Corp.,3.06,Reduce 0.29%,1364888,$192.90,"$263,287,000",,$220.66,14.39%,$148.90,$226.88,Lee Ainslie - Maverick Capital Updated 15 May 2026,Q1 2026
AGX - Argan Inc.,2.94,Add 5.90%,464759,$544.65,"$253,131,000",,$566.74,4.06%,$196.06,$805.09,Lee Ainslie - Maverick Capital Updated 15 May 2026,Q1 2026
GOOG - Alphabet Inc. CL C,2.91,Reduce 23.55%,872697,$286.86,"$250,342,000",,$343.94,19.90%,$196.90,$404.23,Lee Ainslie - Maverick Capital Updated 15 May 2026,Q1 2026
TECH - Bio-Techne Corp.,2.88,Add 23.08%,4739721,$52.26,"$247,698,000",,$72.24,38.23%,$43.12,$72.39,Lee Ainslie - Maverick Capital Updated 15 May 2026,Q1 2026
V - Visa Inc.,2.84,Add 3.87%,806951,$302.24,"$243,893,000",,$362.90,20.07%,$292.74,$373.28,Lee Ainslie - Maverick Capital Updated 15 May 2026,Q1 2026
NTRA - Natera Inc.,2.72,Add 24.11%,1171633,$199.99,"$234,315,000",,$312.38,56.20%,$152.62,$326.03,Lee Ainslie - Maverick Capital Updated 15 May 2026,Q1 2026
COF - Capital One Financial,2.65,Reduce 3.70%,1248456,$182.43,"$227,756,000",,$223.88,22.72%,$174.23,$257.54,Lee Ainslie - Maverick Capital Updated 15 May 2026,Q1 2026
LIN - Linde plc,2.46,Buy,426111,$495.76,"$211,249,000",,$476.73,-3.84%,$385.26,$548.20,Lee Ainslie - Maverick Capital Updated 15 May 2026,Q1 2026
DKS - Dick's Sporting Goods Inc.,2.41,Add 25.25%,1044903,$198.29,"$207,194,000",,$202.69,2.22%,$184.42,$244.38,Lee Ainslie - Maverick Capital Updated 15 May 2026,Q1 2026
INFQ - Infleqtion Inc,2.28,Buy,19941924,$9.81,"$195,630,000",,$12.35,25.89%,$8.52,$21.28,Lee Ainslie - Maverick Capital Updated 15 May 2026,Q1 2026
SWX - Southwest Gas Holdings Inc.,2.15,Add 3.85%,2126927,$86.90,"$184,830,000",,$92.19,6.09%,$74.10,$94.47,Lee Ainslie - Maverick Capital Updated 15 May 2026,Q1 2026
CPT - Camden Property Trust,2.12,Add 1.64%,1867866,$97.66,"$182,416,000",,$110.60,13.25%,$94.30,$119.81,Lee Ainslie - Maverick Capital Updated 15 May 2026,Q1 2026
ABT - Abbott Labs,2.1,Buy,1758160,$102.67,"$180,510,000",,$111.09,8.20%,$81.39,$134.38,Lee Ainslie - Maverick Capital Updated 15 May 2026,Q1 2026
MNST - Monster Beverage Corp.,2.08,Reduce 8.48%,4929818,$36.23,"$178,607,000",,$46.61,28.65%,$30.49,$50.17,Lee Ainslie - Maverick Capital Updated 15 May 2026,Q1 2026
RGEN - Repligen Corp.,2.08,Buy,1518805,$117.82,"$178,946,000",,$168.01,42.60%,$100.99,$175.77,Lee Ainslie - Maverick Capital Updated 15 May 2026,Q1 2026
GFL - Gfl Environmental Inc Sub Vt,1.87,Reduce 23.37%,3849656,$41.72,"$160,609,000",,$41.49,-0.55%,$33.32,$51.32,Lee Ainslie - Maverick Capital Updated 15 May 2026,Q1 2026
DHR - Danaher Corp.,1.81,Buy,819679,$189.60,"$155,411,000",,$204.57,7.90%,$160.60,$241.78,Lee Ainslie - Maverick Capital Updated 15 May 2026,Q1 2026
AMD - Advanced Micro Devices,1.6,Buy,676572,$203.43,"$137,635,000",,$488.37,140.07%,$149.22,$584.73,Lee Ainslie - Maverick Capital Updated 15 May 2026,Q1 2026
CVNA - Carvana Co.,1.54,Reduce 9.01%,2101380,$62.88,"$132,126,000",,$74.54,18.54%,$54.46,$97.38,Lee Ainslie - Maverick Capital Updated 15 May 2026,Q1 2026
INTC - Intel Corp.,1.54,Buy,2995488,$44.13,"$132,191,000",,$104.81,137.50%,$21.36,$142.35,Lee Ainslie - Maverick Capital Updated 15 May 2026,Q1 2026
SHW - Sherwin-Williams,1.46,Add 37.82%,391839,$320.55,"$125,604,000",,$360.20,12.37%,$289.86,$376.95,Lee Ainslie - Maverick Capital Updated 15 May 2026,Q1 2026
ALAB - Astera Labs Inc,1.22,Reduce 2.11%,955356,$109.60,"$104,707,000",,$326.06,197.50%,$97.89,$499.48,Lee Ainslie - Maverick Capital Updated 15 May 2026,Q1 2026
KO - Coca Cola Co.,1.14,Reduce 17.77%,1284612,$76.05,"$97,695,000",,$87.44,14.98%,$64.04,$90.92,Lee Ainslie - Maverick Capital Updated 15 May 2026,Q1 2026
PM - Philip Morris Intl.,1.09,Reduce 73.94%,567250,$165.34,"$93,789,000",,$188.52,14.02%,$138.43,$207.76,Lee Ainslie - Maverick Capital Updated 15 May 2026,Q1 2026
MCD - McDonald's Corp.,1.06,Add 2261.68%,294100,$310.79,"$91,403,000",,$272.32,-12.38%,$260.96,$337.56,Lee Ainslie - Maverick Capital Updated 15 May 2026,Q1 2026
MOH - Molina Healthcare Inc.,1.0,Buy,645768,$133.30,"$86,081,000",,$205.18,53.92%,$121.06,$244.89,Lee Ainslie - Maverick Capital Updated 15 May 2026,Q1 2026
PCVX - Vaxcyte Inc.,0.93,Add 1.74%,1377738,$58.11,"$80,060,000",,$59.11,1.72%,$29.87,$65.00,Lee Ainslie - Maverick Capital Updated 15 May 2026,Q1 2026
NVO - Novo Nordisk A S,0.89,Buy,2080121,$36.75,"$76,444,000",,$46.33,26.07%,$34.58,$61.89,Lee Ainslie - Maverick Capital Updated 15 May 2026,Q1 2026
CNTA-OLD - Centessa Pharmaceuticals ADR,0.86,Add 12.82%,1854488,$39.72,"$73,660,000",,$40.60,2.22%,$12.74,$40.60,Lee Ainslie - Maverick Capital Updated 15 May 2026,Q1 2026
WVE - Wave Life Sciences Ltd.,0.86,Add 9.50%,10161399,$7.25,"$73,670,000",,$6.06,-16.41%,$5.01,$21.73,Lee Ainslie - Maverick Capital Updated 15 May 2026,Q1 2026
NAMS - Newamsterdam Pharma Co Nv,0.81,Add 15.42%,2186402,$32.01,"$69,987,000",,$27.16,-15.15%,$23.05,$42.21,Lee Ainslie - Maverick Capital Updated 15 May 2026,Q1 2026
FLR - Fluor Corp.,0.77,Buy,1415557,$46.65,"$66,036,000",,$52.36,12.24%,$39.33,$57.93,Lee Ainslie - Maverick Capital Updated 15 May 2026,Q1 2026
GLW - Corning Inc.,0.59,Buy,374507,$135.97,"$50,922,000",,$160.80,18.26%,$62.68,$271.78,Lee Ainslie - Maverick Capital Updated 15 May 2026,Q1 2026
MIR - Mirion Technologies Inc,0.57,Buy,2649879,$18.59,"$49,261,000",,$15.58,-16.19%,$14.11,$30.28,Lee Ainslie - Maverick Capital Updated 15 May 2026,Q1 2026
MMSI - Merit Medical Systems Inc.,0.57,Add 46.88%,714081,$68.93,"$49,222,000",,$90.92,31.90%,$59.74,$94.75,Lee Ainslie - Maverick Capital Updated 15 May 2026,Q1 2026
MELI - Mercadolibre Inc.,0.54,Add 2.85%,26894,$1729.01,"$46,500,000",,$1825.00,5.55%,$1495.00,$2548.50,Lee Ainslie - Maverick Capital Updated 15 May 2026,Q1 2026
ROIV - Roivant Sciences Ltd,0.52,Buy,1626940,$27.70,"$45,066,000",,$36.35,31.23%,$11.54,$37.00,Lee Ainslie - Maverick Capital Updated 15 May 2026,Q1 2026
COMP - Compass Inc.,0.44,Reduce 59.07%,5172396,$7.31,"$37,810,000",,$13.32,82.22%,$6.37,$13.96,Lee Ainslie - Maverick Capital Updated 15 May 2026,Q1 2026
MDLN - Medline Inc Cl A,0.41,,796077,$44.50,"$35,425,000",,$36.09,-18.90%,$32.82,$50.88,Lee Ainslie - Maverick Capital Updated 15 May 2026,Q1 2026
ACHC - Acadia Healthcare Co.,0.36,Add 45.14%,1314116,$23.39,"$30,737,000",,$30.54,30.57%,$11.43,$35.83,Lee Ainslie - Maverick Capital Updated 15 May 2026,Q1 2026
IVVD - Invivyd Inc.,0.29,,18970913,$1.30,"$24,662,000",,$0.68,-47.69%,$0.48,$3.07,Lee Ainslie - Maverick Capital Updated 15 May 2026,Q1 2026
MRVL - Marvell Technology Inc.,0.22,Buy,188160,$99.05,"$18,637,000",,$224.44,126.59%,$61.31,$329.80,Lee Ainslie - Maverick Capital Updated 15 May 2026,Q1 2026
RCKT - Rocket Pharmaceuticals Inc.,0.15,Add 41.95%,3567372,$3.58,"$12,771,000",,$3.36,-6.15%,$2.53,$5.45,Lee Ainslie - Maverick Capital Updated 15 May 2026,Q1 2026
QURE - uniQure NV,0.13,Add 5.41%,697640,$16.35,"$11,406,000",,$46.76,185.99%,$8.73,$71.50,Lee Ainslie - Maverick Capital Updated 15 May 2026,Q1 2026
EVH - Evolent Health Inc.,0.07,Add 1.29%,2572763,$2.28,"$5,866,000",,$4.54,99.12%,$2.10,$10.08,Lee Ainslie - Maverick Capital Updated 15 May 2026,Q1 2026
STUB - Stubhub Holdings Inc Class A,0.07,,931473,$6.24,"$5,812,000",,$7.53,20.67%,$5.74,$27.89,Lee Ainslie - Maverick Capital Updated 15 May 2026,Q1 2026
HSY - Hershey Co.,0.06,Add 122.07%,23317,$207.87,"$4,847,000",,$185.92,-10.56%,$157.94,$237.65,Lee Ainslie - Maverick Capital Updated 15 May 2026,Q1 2026
IPAR - Inter Parfums Inc.,0.06,Buy,56734,$90.84,"$5,154,000",,$116.57,28.32%,$75.21,$129.29,Lee Ainslie - Maverick Capital Updated 15 May 2026,Q1 2026
SPB - Spectrum Brands Holdings Inc.,0.06,Add 31.48%,67826,$73.70,"$4,999,000",,$90.18,22.36%,$48.98,$99.06,Lee Ainslie - Maverick Capital Updated 15 May 2026,Q1 2026
HRL - Hormel Foods Corp.,0.05,Buy,171063,$22.65,"$3,875,000",,$24.52,8.26%,$19.47,$27.88,Lee Ainslie - Maverick Capital Updated 15 May 2026,Q1 2026
NTSK - Netskope Inc Cl A,0.05,,465736,$8.49,"$3,954,000",,$15.97,88.10%,$7.67,$27.99,Lee Ainslie - Maverick Capital Updated 15 May 2026,Q1 2026
PRMB - Primo Brands Corp,0.05,Add 409.32%,224525,$18.83,"$4,228,000",,$24.83,31.86%,$14.12,$26.21,Lee Ainslie - Maverick Capital Updated 15 May 2026,Q1 2026
SEB - Seaboard Corp.,0.05,Add 6.93%,741,$5654.52,"$4,190,000",,$4201.10,-25.70%,$3135.21,$5986.51,Lee Ainslie - Maverick Capital Updated 15 May 2026,Q1 2026
BG - Bunge Global SA,0.04,Buy,23975,$127.22,"$3,050,000",,$112.94,-11.22%,$74.58,$134.87,Lee Ainslie - Maverick Capital Updated 15 May 2026,Q1 2026
BUD - Anheuser-Busch InBev,0.04,Add 42.12%,51020,$69.36,"$3,539,000",,$80.30,15.77%,$56.78,$86.60,Lee Ainslie - Maverick Capital Updated 15 May 2026,Q1 2026
CLS - Celestica Inc,0.04,Buy,11573,$282.12,"$3,265,000",,$352.90,25.09%,$173.23,$474.03,Lee Ainslie - Maverick Capital Updated 15 May 2026,Q1 2026
COCO - Vita Coco Co Inc,0.04,Add 31.37%,76933,$47.91,"$3,686,000",,$65.78,37.30%,$31.92,$85.83,Lee Ainslie - Maverick Capital Updated 15 May 2026,Q1 2026
ELAN - Elanco Animal Health Inc.,0.04,Add 35.52%,144457,$23.93,"$3,457,000",,$22.49,-6.02%,$17.11,$27.98,Lee Ainslie - Maverick Capital Updated 15 May 2026,Q1 2026
EPC - Edgewell Personal Care Co.,0.04,Buy,165242,$21.34,"$3,526,000",,$28.47,33.41%,$15.61,$29.95,Lee Ainslie - Maverick Capital Updated 15 May 2026,Q1 2026
MO - Altria Group Inc.,0.04,Add 239.25%,52322,$66.00,"$3,453,000",,$65.11,-1.35%,$53.01,$77.06,Lee Ainslie - Maverick Capital Updated 15 May 2026,Q1 2026
TPB - Turning Point Brands Inc.,0.04,Add 79.16%,38832,$86.78,"$3,370,000",,$86.97,0.22%,$65.73,$146.61,Lee Ainslie - Maverick Capital Updated 15 May 2026,Q1 2026
BNS - Bank of Nova Scotia,0.03,Buy,36701,$69.37,"$2,546,000",,$90.68,30.72%,$53.95,$90.78,Lee Ainslie - Maverick Capital Updated 15 May 2026,Q1 2026
CAG - Conagra Brands Inc.,0.03,Reduce 1.15%,142740,$15.72,"$2,244,000",,$15.39,-2.10%,$12.39,$19.59,Lee Ainslie - Maverick Capital Updated 15 May 2026,Q1 2026
CNQ - Canadian Natural Resources,0.03,Buy,46050,$48.77,"$2,246,000",,$47.66,-2.28%,$27.99,$50.44,Lee Ainslie - Maverick Capital Updated 15 May 2026,Q1 2026
COTY - Coty Inc.,0.03,Buy,1261833,$2.01,"$2,536,000",,$2.77,37.81%,$1.82,$5.08,Lee Ainslie - Maverick Capital Updated 15 May 2026,Q1 2026
EXPE - Expedia Group Inc.,0.03,Reduce 46.99%,9513,$230.84,"$2,196,000",,$328.83,42.45%,$184.55,$331.31,Lee Ainslie - Maverick Capital Updated 15 May 2026,Q1 2026
NVS - Novartis AG,0.03,Add 37.70%,15247,$152.75,"$2,329,000",,$151.82,-0.61%,$116.45,$165.46,Lee Ainslie - Maverick Capital Updated 15 May 2026,Q1 2026
PICS - Pics Nv,0.03,Buy,268663,$10.45,"$2,808,000",,$11.52,10.24%,$8.32,$19.95,Lee Ainslie - Maverick Capital Updated 15 May 2026,Q1 2026
SJM - J.M. Smucker Co,0.03,Add 6.95%,29851,$96.45,"$2,879,000",,$120.83,25.28%,$87.28,$127.65,Lee Ainslie - Maverick Capital Updated 15 May 2026,Q1 2026
AAOI - Applied Optoelectronics Inc,0.02,Buy,16193,$84.60,"$1,370,000",,$136.09,60.86%,$18.50,$233.67,Lee Ainslie - Maverick Capital Updated 15 May 2026,Q1 2026
ALGM - Allegro MicroSystems Inc.,0.02,Buy,42224,$31.52,"$1,331,000",,$44.37,40.77%,$22.41,$71.77,Lee Ainslie - Maverick Capital Updated 15 May 2026,Q1 2026
BTI - British American Tobacco plc,0.02,Add 15.46%,35053,$58.48,"$2,050,000",,$57.24,-2.12%,$47.79,$66.38,Lee Ainslie - Maverick Capital Updated 15 May 2026,Q1 2026
CFG - Citizens Financial Group Inc.,0.02,Buy,22222,$59.99,"$1,333,000",,$74.20,23.69%,$46.50,$74.54,Lee Ainslie - Maverick Capital Updated 15 May 2026,Q1 2026
CLX - Clorox Co.,0.02,Buy,16486,$103.60,"$1,708,000",,$107.10,3.38%,$83.72,$125.83,Lee Ainslie - Maverick Capital Updated 15 May 2026,Q1 2026
CNI - Canadian Natl Railway Co.,0.02,Buy,18775,$102.96,"$1,933,000",,$127.70,24.03%,$89.10,$131.55,Lee Ainslie - Maverick Capital Updated 15 May 2026,Q1 2026
COHR - Coherent Corp.,0.02,Buy,6869,$238.17,"$1,636,000",,$330.42,38.73%,$84.35,$440.00,Lee Ainslie - Maverick Capital Updated 15 May 2026,Q1 2026
CRL - Charles River Labs,0.02,Buy,8178,$172.54,"$1,411,000",,$282.51,63.74%,$144.26,$288.87,Lee Ainslie - Maverick Capital Updated 15 May 2026,Q1 2026
ENS - EnerSys,0.02,Buy,8546,$173.77,"$1,485,000",,$196.77,13.24%,$96.35,$244.02,Lee Ainslie - Maverick Capital Updated 15 May 2026,Q1 2026
ENTG - Entegris Inc.,0.02,Buy,12859,$117.27,"$1,508,000",,$164.58,40.34%,$67.81,$186.78,Lee Ainslie - Maverick Capital Updated 15 May 2026,Q1 2026
ESI - Element Solutions Inc.,0.02,Buy,43524,$34.14,"$1,486,000",,$39.07,14.44%,$22.69,$49.25,Lee Ainslie - Maverick Capital Updated 15 May 2026,Q1 2026
EWBC - East West Bancorp,0.02,Buy,14203,$106.74,"$1,516,000",,$135.70,27.13%,$90.34,$135.98,Lee Ainslie - Maverick Capital Updated 15 May 2026,Q1 2026
FRPT - Freshpet Inc.,0.02,Add 356.41%,34509,$58.97,"$2,035,000",,$72.81,23.47%,$46.45,$86.00,Lee Ainslie - Maverick Capital Updated 15 May 2026,Q1 2026
GL - Globe Life Inc.,0.02,Buy,11081,$139.16,"$1,542,000",,$182.02,30.80%,$127.06,$191.55,Lee Ainslie - Maverick Capital Updated 15 May 2026,Q1 2026
GMED - Globus Medical Inc.,0.02,Buy,15660,$86.14,"$1,349,000",,$85.67,-0.55%,$54.15,$101.40,Lee Ainslie - Maverick Capital Updated 15 May 2026,Q1 2026
GUTS - Fractyl Health Inc,0.02,Reduce 6.44%,3974806,$0.46,"$1,820,000",,$0.69,50.00%,$0.38,$2.45,Lee Ainslie - Maverick Capital Updated 15 May 2026,Q1 2026
HBAN - Huntington Bancshares,0.02,Buy,83182,$15.65,"$1,302,000",,$17.88,14.25%,$14.64,$19.09,Lee Ainslie - Maverick Capital Updated 15 May 2026,Q1 2026
ICLR - ICON plc,0.02,Buy,13887,$110.68,"$1,537,000",,$166.42,50.36%,$66.57,$203.91,Lee Ainslie - Maverick Capital Updated 15 May 2026,Q1 2026
KDP - Keurig Dr Pepper Inc.,0.02,Add 17.64%,55823,$26.33,"$1,470,000",,$30.89,17.32%,$24.43,$34.76,Lee Ainslie - Maverick Capital Updated 15 May 2026,Q1 2026
KMB - Kimberly-Clark,0.02,Buy,19028,$96.49,"$1,836,000",,$110.64,14.66%,$91.17,$129.81,Lee Ainslie - Maverick Capital Updated 15 May 2026,Q1 2026
KVUE - Kenvue Inc,0.02,Buy,92009,$17.24,"$1,586,000",,$19.21,11.43%,$13.38,$20.95,Lee Ainslie - Maverick Capital Updated 15 May 2026,Q1 2026
LITE - Lumentum Holdings Inc.,0.02,Buy,2172,$702.58,"$1,526,000",,$891.45,26.88%,$111.20,$1085.68,Lee Ainslie - Maverick Capital Updated 15 May 2026,Q1 2026
MKSI - MKS Instruments,0.02,Buy,7286,$229.76,"$1,674,000",,$310.14,34.98%,$96.78,$447.62,Lee Ainslie - Maverick Capital Updated 15 May 2026,Q1 2026
NRG - NRG Energy Inc.,0.02,Buy,10537,$146.15,"$1,540,000",,$120.02,-17.88%,$112.50,$188.71,Lee Ainslie - Maverick Capital Updated 15 May 2026,Q1 2026
PAAS - Pan American Silver Corp.,0.02,Buy,32915,$54.72,"$1,801,000",,$47.21,-13.72%,$30.29,$69.58,Lee Ainslie - Maverick Capital Updated 15 May 2026,Q1 2026
PNFP - Pinnacle Financial Partners Inc.,0.02,Buy,16023,$86.13,"$1,380,000",,$107.25,24.52%,$80.29,$109.81,Lee Ainslie - Maverick Capital Updated 15 May 2026,Q1 2026
RRX - Regal Rexnord Corp.,0.02,Buy,7377,$187.20,"$1,381,000",,$170.58,-8.88%,$127.19,$247.80,Lee Ainslie - Maverick Capital Updated 15 May 2026,Q1 2026
SAIA - Saia Inc.,0.02,Buy,4030,$351.36,"$1,416,000",,$379.87,8.11%,$249.32,$494.71,Lee Ainslie - Maverick Capital Updated 15 May 2026,Q1 2026
SHG - Shinhan Financial Group Company,0.02,Add 69.17%,23804,$61.33,"$1,460,000",,$75.06,22.39%,$46.26,$77.54,Lee Ainslie - Maverick Capital Updated 15 May 2026,Q1 2026
SU - Suncor Energy Inc.,0.02,Buy,22911,$66.17,"$1,516,000",,$65.22,-1.44%,$36.86,$69.83,Lee Ainslie - Maverick Capital Updated 15 May 2026,Q1 2026
TECK - Teck Resources,0.02,Buy,27573,$51.75,"$1,427,000",,$63.47,22.65%,$30.75,$71.15,Lee Ainslie - Maverick Capital Updated 15 May 2026,Q1 2026
TFII - Tfi International Inc,0.02,Buy,13569,$108.85,"$1,477,000",,$147.38,35.40%,$79.64,$167.14,Lee Ainslie - Maverick Capital Updated 15 May 2026,Q1 2026
TKR - Timken Co.,0.02,Buy,13221,$100.60,"$1,330,000",,$131.10,30.32%,$69.80,$146.37,Lee Ainslie - Maverick Capital Updated 15 May 2026,Q1 2026
WAL - Western Alliance Bancorp,0.02,Buy,21081,$70.87,"$1,494,000",,$81.98,15.68%,$65.45,$96.24,Lee Ainslie - Maverick Capital Updated 15 May 2026,Q1 2026
WCC - WESCO International Inc.,0.02,Buy,5555,$273.63,"$1,520,000",,$363.97,33.02%,$202.38,$385.37,Lee Ainslie - Maverick Capital Updated 15 May 2026,Q1 2026
WDFC - WD-40 Co.,0.02,Reduce 32.51%,7212,$203.97,"$1,471,000",,$231.20,13.35%,$172.95,$297.71,Lee Ainslie - Maverick Capital Updated 15 May 2026,Q1 2026
ABM - ABM Industries,0.01,Buy,23998,$38.50,"$924,000",,$48.16,25.09%,$36.45,$49.80,Lee Ainslie - Maverick Capital Updated 15 May 2026,Q1 2026
ACM - AECOM Technology Corp.,0.01,Buy,9847,$84.80,"$835,000",,$63.25,-25.41%,$60.74,$134.01,Lee Ainslie - Maverick Capital Updated 15 May 2026,Q1 2026
AGCO - AGCO Corp.,0.01,Buy,9653,$115.82,"$1,118,000",,$99.70,-13.92%,$98.75,$143.11,Lee Ainslie - Maverick Capital Updated 15 May 2026,Q1 2026
ALC - Alcon Inc.,0.01,Buy,12732,$75.32,"$959,000",,$73.18,-2.84%,$61.84,$89.98,Lee Ainslie - Maverick Capital Updated 15 May 2026,Q1 2026
AMTM - Amentum Holdings Inc.,0.01,Buy,46335,$26.07,"$1,208,000",,$21.69,-16.80%,$19.80,$38.11,Lee Ainslie - Maverick Capital Updated 15 May 2026,Q1 2026
AR - Antero Resources,0.01,Buy,20817,$42.42,"$883,000",,$36.86,-13.11%,$29.10,$45.75,Lee Ainslie - Maverick Capital Updated 15 May 2026,Q1 2026
ARCB - ArcBest Corp.,0.01,Buy,11094,$98.34,"$1,091,000",,$147.22,49.71%,$59.25,$176.53,Lee Ainslie - Maverick Capital Updated 15 May 2026,Q1 2026
ASO - Academy Sports and Outdoors Inc.,0.01,Reduce 90.79%,8205,$56.43,"$463,000",,$49.02,-13.13%,$40.95,$62.08,Lee Ainslie - Maverick Capital Updated 15 May 2026,Q1 2026
ASTE - Astec Industries,0.01,Buy,9472,$53.84,"$510,000",,$42.41,-21.23%,$40.16,$65.33,Lee Ainslie - Maverick Capital Updated 15 May 2026,Q1 2026
AVNT - Avient Corp.,0.01,Buy,25650,$36.30,"$931,000",,$46.05,26.86%,$26.82,$46.64,Lee Ainslie - Maverick Capital Updated 15 May 2026,Q1 2026
AVTR - Avantor Inc.,0.01,Buy,100814,$7.84,"$790,000",,$13.81,76.15%,$7.27,$15.93,Lee Ainslie - Maverick Capital Updated 15 May 2026,Q1 2026
B - Barrick Mining Corp.,0.01,Buy,10976,$40.91,"$449,000",,$40.85,-0.15%,$22.91,$54.01,Lee Ainslie - Maverick Capital Updated 15 May 2026,Q1 2026
BC - Brunswick Corp.,0.01,Buy,11743,$72.72,"$854,000",,$81.88,12.60%,$57.57,$89.29,Lee Ainslie - Maverick Capital Updated 15 May 2026,Q1 2026
BHE - Benchmark Electronics,0.01,Buy,12535,$56.08,"$703,000",,$80.95,44.35%,$35.59,$100.41,Lee Ainslie - Maverick Capital Updated 15 May 2026,Q1 2026
BKE - Buckle Inc.,0.01,Reduce 76.56%,14316,$50.36,"$721,000",,$44.67,-11.30%,$40.39,$56.75,Lee Ainslie - Maverick Capital Updated 15 May 2026,Q1 2026
BKNG - Booking Holdings Inc.,0.01,Reduce 83.01%,4375,$168.46,"$737,000",,$214.09,27.09%,$149.76,$229.86,Lee Ainslie - Maverick Capital Updated 15 May 2026,Q1 2026
CAL - Caleres Inc.,0.01,Reduce 80.40%,69210,$10.53,"$729,000",,$13.70,30.10%,$8.70,$15.80,Lee Ainslie - Maverick Capital Updated 15 May 2026,Q1 2026
CCK - Crown Holdings,0.01,Buy,11554,$100.23,"$1,158,000",,$119.23,18.96%,$88.12,$122.91,Lee Ainslie - Maverick Capital Updated 15 May 2026,Q1 2026
CHH - Choice Hotels Int. Inc.,0.01,Buy,6401,$103.58,"$663,000",,$104.20,0.60%,$83.33,$123.50,Lee Ainslie - Maverick Capital Updated 15 May 2026,Q1 2026
CHTR - Charter Communications,0.01,Reduce 87.81%,2893,$216.04,"$625,000",,$156.28,-27.66%,$111.55,$285.82,Lee Ainslie - Maverick Capital Updated 15 May 2026,Q1 2026
CMCO - Columbus McKinnon Corp.,0.01,Buy,36786,$14.54,"$535,000",,$19.06,31.09%,$11.95,$24.13,Lee Ainslie - Maverick Capital Updated 15 May 2026,Q1 2026
CNK - Cinemark Holdings Inc.,0.01,Buy,15289,$28.52,"$436,000",,$37.48,31.42%,$21.46,$38.98,Lee Ainslie - Maverick Capital Updated 15 May 2026,Q1 2026
CON - Concentra Group Holdings Par,0.01,Buy,27560,$21.44,"$591,000",,$34.83,62.45%,$18.39,$35.15,Lee Ainslie - Maverick Capital Updated 15 May 2026,Q1 2026
CRBU - Caribou Biosciences Inc.,0.01,,652542,$1.90,"$1,240,000",,$1.62,-14.74%,$1.38,$3.54,Lee Ainslie - Maverick Capital Updated 15 May 2026,Q1 2026
CRC - California Resources Corp.,0.01,Buy,11680,$69.18,"$808,000",,$52.69,-23.84%,$42.68,$71.50,Lee Ainslie - Maverick Capital Updated 15 May 2026,Q1 2026
CRI - Carters Inc.,0.01,Reduce 86.02%,20796,$35.78,"$744,000",,$38.84,8.55%,$23.94,$44.28,Lee Ainslie - Maverick Capital Updated 15 May 2026,Q1 2026
CVE - Cenovus Energy Inc.,0.01,Buy,41248,$26.45,"$1,091,000",,$30.64,15.84%,$14.35,$31.89,Lee Ainslie - Maverick Capital Updated 15 May 2026,Q1 2026
CVS - CVS Health Corp.,0.01,Buy,9472,$71.79,"$680,000",,$94.57,31.73%,$63.26,$110.00,Lee Ainslie - Maverick Capital Updated 15 May 2026,Q1 2026
CXT - Crane NXT Co.,0.01,Buy,22089,$40.61,"$897,000",,$51.42,26.62%,$35.71,$68.23,Lee Ainslie - Maverick Capital Updated 15 May 2026,Q1 2026
DAVE - Dave Inc,0.01,Reduce 84.89%,2475,$174.14,"$431,000",,$333.65,91.60%,$152.21,$458.25,Lee Ainslie - Maverick Capital Updated 15 May 2026,Q1 2026
DB - Deutsche Bank AG,0.01,Buy,23799,$29.03,"$691,000",,$38.37,32.17%,$27.13,$39.01,Lee Ainslie - Maverick Capital Updated 15 May 2026,Q1 2026
DGX - Quest Diagnostics,0.01,Reduce 88.47%,2756,$195.94,"$540,000",,$236.38,20.64%,$168.97,$240.13,Lee Ainslie - Maverick Capital Updated 15 May 2026,Q1 2026
DIS - Walt Disney Co.,0.01,Reduce 98.97%,7317,$96.35,"$705,000",,$104.35,8.30%,$91.48,$118.07,Lee Ainslie - Maverick Capital Updated 15 May 2026,Q1 2026
DRI - Darden Restaurants,0.01,Buy,3442,$196.11,"$675,000",,$222.99,13.71%,$165.13,$229.14,Lee Ainslie - Maverick Capital Updated 15 May 2026,Q1 2026
EQT - EQT Corp.,0.01,Buy,11489,$63.63,"$731,000",,$53.94,-15.23%,$47.79,$67.84,Lee Ainslie - Maverick Capital Updated 15 May 2026,Q1 2026
EQX - Equinox Gold Corp,0.01,Buy,69510,$14.44,"$1,004,000",,$11.16,-22.71%,$6.77,$18.92,Lee Ainslie - Maverick Capital Updated 15 May 2026,Q1 2026
ERIE - Erie Indemnity Co. CL A,0.01,Reduce 85.04%,2590,$251.35,"$651,000",,$257.04,2.26%,$203.47,$363.75,Lee Ainslie - Maverick Capital Updated 15 May 2026,Q1 2026
ERO - Ero Copper Corp,0.01,Buy,19271,$26.67,"$514,000",,$34.20,28.23%,$13.37,$39.80,Lee Ainslie - Maverick Capital Updated 15 May 2026,Q1 2026
EXE - Expand Energy Corp.,0.01,Buy,11017,$109.74,"$1,209,000",,$94.82,-13.60%,$84.99,$125.18,Lee Ainslie - Maverick Capital Updated 15 May 2026,Q1 2026
FDX - FedEx Corp.,0.01,Reduce 92.09%,1980,$356.06,"$705,000",,$337.07,-5.33%,$172.82,$344.07,Lee Ainslie - Maverick Capital Updated 15 May 2026,Q1 2026
FITB - Fifth Third Bancorp,0.01,Buy,22341,$46.46,"$1,038,000",,$58.10,25.05%,$39.08,$59.50,Lee Ainslie - Maverick Capital Updated 15 May 2026,Q1 2026
FIVE - Five Below Inc.,0.01,Buy,3661,$228.35,"$836,000",,$243.20,6.50%,$131.52,$251.63,Lee Ainslie - Maverick Capital Updated 15 May 2026,Q1 2026
GNRC - Generac Holdings Inc.,0.01,Buy,6487,$195.31,"$1,267,000",,$216.33,10.76%,$134.80,$296.44,Lee Ainslie - Maverick Capital Updated 15 May 2026,Q1 2026
GTES - Gates Industrial Corp.,0.01,Buy,37398,$22.62,"$846,000",,$27.83,23.03%,$20.88,$30.34,Lee Ainslie - Maverick Capital Updated 15 May 2026,Q1 2026
HBM - Hudbay Minerals Inc.,0.01,Buy,59037,$20.90,"$1,234,000",,$26.40,26.32%,$10.70,$32.14,Lee Ainslie - Maverick Capital Updated 15 May 2026,Q1 2026
HLX - Helix Energy Solutions,0.01,Buy,75723,$9.89,"$749,000",,$10.12,2.33%,$5.58,$10.75,Lee Ainslie - Maverick Capital Updated 15 May 2026,Q1 2026
HRB - H&R Block Inc.,0.01,Reduce 82.57%,19943,$31.74,"$633,000",,$53.62,68.94%,$27.48,$58.67,Lee Ainslie - Maverick Capital Updated 15 May 2026,Q1 2026
HUN - Huntsman Corp.,0.01,Buy,65283,$13.31,"$869,000",,$10.35,-22.24%,$7.15,$16.09,Lee Ainslie - Maverick Capital Updated 15 May 2026,Q1 2026
IART - Integra LifeSciences Holdings,0.01,Buy,72108,$9.42,"$679,000",,$18.27,93.95%,$8.70,$20.49,Lee Ainslie - Maverick Capital Updated 15 May 2026,Q1 2026
ICHR - Ichor Holdings Ltd,0.01,Buy,24410,$46.62,"$1,138,000",,$72.19,54.85%,$14.06,$113.58,Lee Ainslie - Maverick Capital Updated 15 May 2026,Q1 2026
INTU - Intuit Inc.,0.01,Reduce 79.12%,1564,$432.23,"$676,000",,$356.51,-17.52%,$251.72,$713.52,Lee Ainslie - Maverick Capital Updated 15 May 2026,Q1 2026
ITGR - Integer Holdings Corp.,0.01,Buy,14051,$87.97,"$1,236,000",,$125.03,42.13%,$62.00,$126.14,Lee Ainslie - Maverick Capital Updated 15 May 2026,Q1 2026
JBI - Janus International Group In,0.01,Buy,99996,$5.15,"$515,000",,$5.03,-2.33%,$4.26,$10.80,Lee Ainslie - Maverick Capital Updated 15 May 2026,Q1 2026
JHX - James Hardie Industries PLC,0.01,Buy,35531,$18.94,"$673,000",,$31.01,63.73%,$16.46,$31.28,Lee Ainslie - Maverick Capital Updated 15 May 2026,Q1 2026
KBR - KBR Inc.,0.01,Buy,32606,$36.86,"$1,202,000",,$38.08,3.31%,$29.80,$51.56,Lee Ainslie - Maverick Capital Updated 15 May 2026,Q1 2026
KGC - Kinross Gold Corp.,0.01,Buy,19978,$30.58,"$611,000",,$26.79,-12.39%,$18.55,$39.01,Lee Ainslie - Maverick Capital Updated 15 May 2026,Q1 2026
KNX - Knight-Swift Transportation,0.01,Buy,10609,$57.59,"$611,000",,$73.38,27.42%,$38.26,$82.86,Lee Ainslie - Maverick Capital Updated 15 May 2026,Q1 2026
KR - Kroger Co.,0.01,Buy,6359,$72.34,"$460,000",,$57.34,-20.74%,$54.15,$76.18,Lee Ainslie - Maverick Capital Updated 15 May 2026,Q1 2026
LAZ - Lazard Inc.,0.01,Buy,24404,$42.49,"$1,037,000",,$44.94,5.77%,$37.82,$57.45,Lee Ainslie - Maverick Capital Updated 15 May 2026,Q1 2026
LIF - Life360 Inc,0.01,Buy,17147,$40.82,"$700,000",,$49.91,22.27%,$37.01,$112.54,Lee Ainslie - Maverick Capital Updated 15 May 2026,Q1 2026
LIVN - LivaNova PLC,0.01,Buy,15044,$63.55,"$956,000",,$82.51,29.83%,$48.82,$85.76,Lee Ainslie - Maverick Capital Updated 15 May 2026,Q1 2026
LMND - Lemonade Inc.,0.01,Reduce 82.87%,11970,$62.66,"$750,000",,$53.32,-14.91%,$46.16,$99.90,Lee Ainslie - Maverick Capital Updated 15 May 2026,Q1 2026
LOGI - Logitech International SA,0.01,Buy,6548,$90.56,"$593,000",,$104.40,15.28%,$83.32,$129.66,Lee Ainslie - Maverick Capital Updated 15 May 2026,Q1 2026
LZ - Lubrizol Corp.,0.01,Reduce 74.67%,125663,$5.67,"$713,000",,$5.76,1.59%,$5.22,$12.40,Lee Ainslie - Maverick Capital Updated 15 May 2026,Q1 2026
MAN - ManpowerGroup,0.01,Buy,23129,$29.44,"$681,000",,$58.67,99.29%,$24.58,$58.67,Lee Ainslie - Maverick Capital Updated 15 May 2026,Q1 2026
MFC - Manulife Financial Corp.,0.01,Buy,23875,$34.47,"$823,000",,$43.83,27.15%,$28.88,$45.33,Lee Ainslie - Maverick Capital Updated 15 May 2026,Q1 2026
MIDD - Middleby Corp.,0.01,Buy,8647,$132.53,"$1,146,000",,$116.74,-11.91%,$88.87,$148.55,Lee Ainslie - Maverick Capital Updated 15 May 2026,Q1 2026
MITK - Mitek Systems Inc.,0.01,Buy,43649,$13.49,"$589,000",,$18.87,39.88%,$8.53,$21.05,Lee Ainslie - Maverick Capital Updated 15 May 2026,Q1 2026
MLKN - MillerKnoll Inc.,0.01,Buy,30710,$14.46,"$444,000",,$23.91,65.35%,$13.34,$24.71,Lee Ainslie - Maverick Capital Updated 15 May 2026,Q1 2026
MOS - Mosaic Co.,0.01,Buy,30159,$25.50,"$769,000",,$21.62,-15.22%,$19.80,$35.99,Lee Ainslie - Maverick Capital Updated 15 May 2026,Q1 2026
MSM - MSC Industrial Direct,0.01,Buy,11251,$92.26,"$1,038,000",,$121.03,31.18%,$76.68,$130.46,Lee Ainslie - Maverick Capital Updated 15 May 2026,Q1 2026
MTCH - Match Group Inc.,0.01,Buy,34543,$30.72,"$1,061,000",,$36.95,20.28%,$28.48,$41.40,Lee Ainslie - Maverick Capital Updated 15 May 2026,Q1 2026
MUSA - Murphy USA Inc.,0.01,Reduce 87.92%,1332,$493.99,"$658,000",,$559.49,13.26%,$348.26,$636.05,Lee Ainslie - Maverick Capital Updated 15 May 2026,Q1 2026
NOG - Northern Oil and Gas Inc.,0.01,Buy,20601,$29.22,"$602,000",,$24.19,-17.21%,$17.18,$29.99,Lee Ainslie - Maverick Capital Updated 15 May 2026,Q1 2026
NYT - New York Times CL A,0.01,Reduce 61.78%,8121,$83.73,"$680,000",,$64.07,-23.48%,$53.65,$86.83,Lee Ainslie - Maverick Capital Updated 15 May 2026,Q1 2026
OSK - Oshkosh Corp.,0.01,Buy,8497,$147.23,"$1,251,000",,$151.78,3.09%,$116.25,$179.20,Lee Ainslie - Maverick Capital Updated 15 May 2026,Q1 2026
PENG - Penguin Solutions Inc.,0.01,Buy,43794,$17.61,"$771,000",,$61.88,251.39%,$16.04,$89.86,Lee Ainslie - Maverick Capital Updated 15 May 2026,Q1 2026
PENN - Penn National Gaming Inc.,0.01,Buy,63799,$15.03,"$959,000",,$18.75,24.75%,$11.65,$22.36,Lee Ainslie - Maverick Capital Updated 15 May 2026,Q1 2026
PII - Polaris Inc.,0.01,Buy,17569,$54.53,"$958,000",,$68.58,25.77%,$46.69,$77.98,Lee Ainslie - Maverick Capital Updated 15 May 2026,Q1 2026
PLAY - Dave & Buster's Ent. Inc.,0.01,Reduce 81.84%,59114,$10.83,"$640,000",,$10.69,-1.29%,$9.40,$26.72,Lee Ainslie - Maverick Capital Updated 15 May 2026,Q1 2026
PTEN - Patterson-UTI Energy Inc.,0.01,Buy,71533,$10.83,"$775,000",,$10.92,0.83%,$4.93,$12.96,Lee Ainslie - Maverick Capital Updated 15 May 2026,Q1 2026
RBLX - Roblox Corp.,0.01,Reduce 97.58%,12507,$56.53,"$707,000",,$37.74,-33.24%,$33.88,$142.00,Lee Ainslie - Maverick Capital Updated 15 May 2026,Q1 2026
REYN - Reynolds Consumer Products Inc.,0.01,Reduce 61.92%,52697,$21.18,"$1,116,000",,$26.28,24.08%,$20.22,$27.32,Lee Ainslie - Maverick Capital Updated 15 May 2026,Q1 2026
RGLD - Royal Gold Inc.,0.01,Buy,4241,$254.42,"$1,079,000",,$225.90,-11.21%,$165.09,$304.97,Lee Ainslie - Maverick Capital Updated 15 May 2026,Q1 2026
RMBS - Rambus Inc.,0.01,Buy,13028,$86.05,"$1,121,000",,$100.14,16.37%,$67.15,$174.10,Lee Ainslie - Maverick Capital Updated 15 May 2026,Q1 2026
RNST - Renasant Corp.,0.01,Buy,27863,$36.14,"$1,007,000",,$43.71,20.95%,$32.44,$44.54,Lee Ainslie - Maverick Capital Updated 15 May 2026,Q1 2026
ROKU - Roku Inc.,0.01,Reduce 82.03%,8189,$94.64,"$775,000",,$153.74,62.45%,$78.53,$153.74,Lee Ainslie - Maverick Capital Updated 15 May 2026,Q1 2026
V - Visa Inc.,5.35,Add 58.83%,6328185,$302.24,"$1,912,631,000",,$362.90,20.07%,$292.74,$373.28,Viking Global Investors Updated 15 May 2026,Q1 2026
TSM - Taiwan Semiconductor S.A.,4.22,Reduce 9.15%,4465127,$337.95,"$1,508,990,000",,$432.89,28.09%,$221.29,$479.00,Viking Global Investors Updated 15 May 2026,Q1 2026
SCHW - Charles Schwab Corp.,3.86,Add 5.71%,14664954,$93.98,"$1,378,212,000",,$109.78,16.81%,$83.96,$110.00,Viking Global Investors Updated 15 May 2026,Q1 2026
DIS - Walt Disney Co.,3.59,Add 18.81%,13298462,$96.38,"$1,281,706,000",,$104.35,8.27%,$91.48,$118.07,Viking Global Investors Updated 15 May 2026,Q1 2026
FTV - Fortive Corp.,3.48,Add 16.91%,22479388,$55.28,"$1,242,661,000",,$61.88,11.94%,$46.33,$64.56,Viking Global Investors Updated 15 May 2026,Q1 2026
APD - Air Products & Chemicals,3.33,Reduce 14.19%,4104095,$290.49,"$1,192,199,000",,$305.15,5.05%,$224.64,$314.87,Viking Global Investors Updated 15 May 2026,Q1 2026
MCD - McDonald's Corp.,3.15,Add 0.16%,3625029,$310.79,"$1,126,623,000",,$272.32,-12.38%,$260.96,$337.56,Viking Global Investors Updated 15 May 2026,Q1 2026
SHW - Sherwin-Williams,2.79,Reduce 1.88%,3112767,$320.55,"$997,797,000",,$360.20,12.37%,$289.86,$376.95,Viking Global Investors Updated 15 May 2026,Q1 2026
TSLA - Tesla Inc.,2.59,Add 46.70%,2493561,$371.75,"$926,981,000",,$338.95,-8.82%,$297.38,$498.83,Viking Global Investors Updated 15 May 2026,Q1 2026
AAPL - Apple Inc.,2.55,Buy,3593057,$253.79,"$911,882,000",,$304.33,19.91%,$222.96,$344.27,Viking Global Investors Updated 15 May 2026,Q1 2026
BBIO - BridgeBio Pharma Inc.,2.46,Reduce 17.73%,11842434,$74.26,"$879,419,000",,$81.05,9.14%,$46.81,$93.42,Viking Global Investors Updated 15 May 2026,Q1 2026
CVNA - Carvana Co.,2.44,Add 161.89%,13900175,$62.88,"$873,987,000",,$74.54,18.54%,$54.46,$97.38,Viking Global Investors Updated 15 May 2026,Q1 2026
MSFT - Microsoft Corp.,2.39,Reduce 28.23%,2309446,$370.17,"$854,888,000",,$496.35,34.09%,$349.20,$550.24,Viking Global Investors Updated 15 May 2026,Q1 2026
TMO - Thermo Fisher Scientific,2.29,Add 110.29%,1668025,$491.53,"$819,884,000",,$595.87,21.23%,$434.83,$642.71,Viking Global Investors Updated 15 May 2026,Q1 2026
JPM - JPMorgan Chase & Co.,2.23,Add 41.87%,2704018,$294.16,"$795,414,000",,$363.49,23.57%,$276.43,$366.09,Viking Global Investors Updated 15 May 2026,Q1 2026
CSX - CSX Corp.,2.14,Add 35.18%,18678052,$41.05,"$766,734,000",,$50.25,22.41%,$31.48,$53.60,Viking Global Investors Updated 15 May 2026,Q1 2026
ICE - Intercontinental Exchange Inc.,2.13,Add 0.70%,4836896,$157.28,"$760,747,000",,$154.51,-1.76%,$121.79,$181.33,Viking Global Investors Updated 15 May 2026,Q1 2026
LII - Lennox International,2.04,Add 153.08%,1572419,$464.13,"$729,807,000",,$417.25,-10.10%,$411.41,$610.08,Viking Global Investors Updated 15 May 2026,Q1 2026
FDX - FedEx Corp.,1.93,Buy,1932165,$356.18,"$688,199,000",,$337.07,-5.37%,$172.82,$344.07,Viking Global Investors Updated 15 May 2026,Q1 2026
GOOGL - Alphabet Inc.,1.93,Reduce 10.14%,2395865,$287.56,"$688,955,000",,$346.14,20.37%,$196.04,$408.37,Viking Global Investors Updated 15 May 2026,Q1 2026
GM - General Motors,1.91,Add 34.83%,9176943,$74.50,"$683,682,000",,$86.64,16.30%,$53.67,$91.85,Viking Global Investors Updated 15 May 2026,Q1 2026
BA - Boeing Co.,1.78,Reduce 19.15%,3196041,$199.03,"$636,108,000",,$230.53,15.83%,$176.77,$254.35,Viking Global Investors Updated 15 May 2026,Q1 2026
PNC - PNC Financial Services,1.76,Reduce 58.46%,3027092,$208.09,"$629,908,000",,$255.47,22.77%,$172.82,$258.13,Viking Global Investors Updated 15 May 2026,Q1 2026
TMUS - T-Mobile US Inc.,1.74,Reduce 20.96%,2967374,$210.03,"$623,238,000",,$182.53,-13.09%,$165.66,$256.72,Viking Global Investors Updated 15 May 2026,Q1 2026
META - Meta Platforms Inc.,1.7,Buy,1062575,$572.13,"$607,931,000",,$593.95,3.81%,$519.78,$793.65,Viking Global Investors Updated 15 May 2026,Q1 2026
RRX - Regal Rexnord Corp.,1.65,Reduce 2.52%,3142851,$187.26,"$588,530,000",,$170.58,-8.91%,$127.19,$247.80,Viking Global Investors Updated 15 May 2026,Q1 2026
MAA - Mid-America Apt Communties,1.64,Add 23.67%,4798404,$122.12,"$585,981,000",,$134.79,10.38%,$117.48,$142.76,Viking Global Investors Updated 15 May 2026,Q1 2026
JCI - Johnson Controls Intl. plc,1.62,Reduce 25.32%,4419923,$130.95,"$578,789,000",,$152.54,16.49%,$101.75,$157.06,Viking Global Investors Updated 15 May 2026,Q1 2026
HCA - HCA Healthcare Inc.,1.42,Add 7.60%,1075133,$473.24,"$508,796,000",,$411.50,-13.05%,$353.99,$554.58,Viking Global Investors Updated 15 May 2026,Q1 2026
MDLN - Medline Inc Cl A,1.42,Add 64.30%,11433992,$44.50,"$508,813,000",,$36.09,-18.90%,$32.82,$50.88,Viking Global Investors Updated 15 May 2026,Q1 2026
ATI - Allegheny Technologies Inc.,1.36,Buy,3332843,$145.46,"$484,795,000",,$228.81,57.30%,$70.42,$243.57,Viking Global Investors Updated 15 May 2026,Q1 2026
CLS - Celestica Inc,1.3,Reduce 2.60%,1654989,$281.68,"$466,177,000",,$352.90,25.28%,$173.23,$474.03,Viking Global Investors Updated 15 May 2026,Q1 2026
CPT - Camden Property Trust,1.29,Reduce 1.03%,4715394,$97.66,"$460,505,000",,$110.60,13.25%,$94.30,$119.81,Viking Global Investors Updated 15 May 2026,Q1 2026
CB - Chubb Limited,1.18,Add 27.73%,1295011,$325.93,"$422,083,000",,$344.40,5.67%,$262.86,$365.91,Viking Global Investors Updated 15 May 2026,Q1 2026
ADPT - Adaptive Biotechnologies Corp.,1.16,,29993708,$13.88,"$416,313,000",,$24.65,77.59%,$11.92,$26.16,Viking Global Investors Updated 15 May 2026,Q1 2026
BMRN - BioMarin Pharmaceutical Inc.,1.12,Add 16.98%,7062077,$56.49,"$398,937,000",,$68.59,21.42%,$49.26,$70.98,Viking Global Investors Updated 15 May 2026,Q1 2026
SE - Sea Ltd,1.1,Add 29.02%,4737196,$82.81,"$392,287,000",,$123.86,49.57%,$77.05,$199.30,Viking Global Investors Updated 15 May 2026,Q1 2026
WAT - Waters Corp.,1.05,Buy,1256462,$297.80,"$374,174,000",,$415.63,39.57%,$282.77,$419.21,Viking Global Investors Updated 15 May 2026,Q1 2026
CCL - Carnival Corp.,0.99,Reduce 2.42%,13721348,$25.88,"$355,108,000",,$28.58,10.43%,$23.21,$33.49,Viking Global Investors Updated 15 May 2026,Q1 2026
AON - Aon Plc,0.98,Add 38.72%,1087114,$322.78,"$350,899,000",,$355.30,10.07%,$303.10,$381.47,Viking Global Investors Updated 15 May 2026,Q1 2026
HAS - Hasbro Inc.,0.98,Buy,3738902,$93.60,"$349,961,000",,$96.62,3.23%,$67.83,$105.38,Viking Global Investors Updated 15 May 2026,Q1 2026
RDDT - Reddit Inc Cl A,0.96,Buy,2551617,$134.65,"$343,575,000",,$158.27,17.54%,$119.27,$282.95,Viking Global Investors Updated 15 May 2026,Q1 2026
PGR - Progressive Corp.,0.9,Add 21.41%,1616559,$198.24,"$320,467,000",,$209.06,5.46%,$187.79,$239.38,Viking Global Investors Updated 15 May 2026,Q1 2026
AIG - American International Group,0.89,Buy,4221223,$75.25,"$317,647,000",,$76.14,1.18%,$70.36,$86.21,Viking Global Investors Updated 15 May 2026,Q1 2026
COF - Capital One Financial,0.82,Reduce 45.39%,1612374,$182.43,"$294,145,000",,$223.88,22.72%,$174.23,$257.54,Viking Global Investors Updated 15 May 2026,Q1 2026
AMZN - Amazon.com Inc.,0.7,Reduce 61.77%,1195428,$208.27,"$248,972,000",,$265.88,27.66%,$196.00,$287.20,Viking Global Investors Updated 15 May 2026,Q1 2026
DKS - Dick's Sporting Goods Inc.,0.7,Reduce 50.87%,1264170,$198.29,"$250,672,000",,$202.69,2.22%,$184.42,$244.38,Viking Global Investors Updated 15 May 2026,Q1 2026
AS - Amer Sports Inc,0.67,Add 51.02%,7270476,$32.92,"$239,344,000",,$33.24,0.97%,$28.92,$42.76,Viking Global Investors Updated 15 May 2026,Q1 2026
APG - APi Group Corp.,0.66,Reduce 49.41%,5837000,$40.52,"$236,515,000",,$43.59,7.58%,$33.40,$49.99,Viking Global Investors Updated 15 May 2026,Q1 2026
TIC - Acuren Corporation,0.66,Add 4.26%,35824562,$6.58,"$235,726,000",,$10.10,53.50%,$6.36,$14.94,Viking Global Investors Updated 15 May 2026,Q1 2026
CBOE - CBOE Holdings Inc.,0.54,Buy,688417,$281.07,"$193,493,000",,$292.82,4.18%,$227.15,$370.40,Viking Global Investors Updated 15 May 2026,Q1 2026
ROIV - Roivant Sciences Ltd,0.52,Add 3.25%,6652448,$27.70,"$184,273,000",,$36.35,31.23%,$11.54,$37.00,Viking Global Investors Updated 15 May 2026,Q1 2026
HD - Home Depot,0.46,Buy,504257,$328.89,"$165,845,000",,$341.29,3.77%,$286.95,$418.06,Viking Global Investors Updated 15 May 2026,Q1 2026
AJG - Arthur J. Gallagher & Co.,0.44,Reduce 30.12%,727441,$216.58,"$157,549,000",,$253.09,16.86%,$190.12,$310.73,Viking Global Investors Updated 15 May 2026,Q1 2026
LULU - Lululemon Athletica Inc.,0.42,Buy,980568,$153.10,"$150,125,000",,$120.25,-21.46%,$104.44,$225.98,Viking Global Investors Updated 15 May 2026,Q1 2026
NAMS - Newamsterdam Pharma Co Nv,0.38,,4203567,$32.01,"$134,556,000",,$27.16,-15.15%,$23.05,$42.21,Viking Global Investors Updated 15 May 2026,Q1 2026
ORKA - Oruka Therapeutics Inc,0.37,,2666690,$49.05,"$130,801,000",,$107.56,119.29%,$14.03,$109.42,Viking Global Investors Updated 15 May 2026,Q1 2026
SION - Sionna Therapeutics Inc,0.36,,3195181,$40.09,"$128,095,000",,$6.59,-83.56%,$4.01,$54.97,Viking Global Investors Updated 15 May 2026,Q1 2026
STLA - Stellantis N.V.,0.31,Reduce 59.09%,15980268,$7.00,"$111,915,000",,$5.38,-23.14%,$5.25,$12.22,Viking Global Investors Updated 15 May 2026,Q1 2026
CRWV - Coreweave Inc Cl A,0.3,Buy,1397438,$77.47,"$108,260,000",,$107.62,38.92%,$60.55,$153.20,Viking Global Investors Updated 15 May 2026,Q1 2026
MANE - Veradermics Inc,0.3,Buy,1690555,$63.15,"$106,759,000",,$110.77,75.41%,$32.00,$131.24,Viking Global Investors Updated 15 May 2026,Q1 2026
PHVS - Pharvaris NV,0.29,,3653310,$28.25,"$103,206,000",,$34.04,20.50%,$20.65,$36.65,Viking Global Investors Updated 15 May 2026,Q1 2026
WST - West Pharmaceutical Services,0.29,Add 41.32%,416948,$250.64,"$104,504,000",,$346.33,38.18%,$223.52,$385.75,Viking Global Investors Updated 15 May 2026,Q1 2026
INBX - Inhibrx,0.27,,1437705,$67.23,"$96,657,000",,$96.59,43.67%,$22.04,$155.29,Viking Global Investors Updated 15 May 2026,Q1 2026
IBKR - Interactive Brokers Group Inc.,0.26,Buy,1394329,$67.07,"$93,518,000",,$92.24,37.53%,$58.76,$97.84,Viking Global Investors Updated 15 May 2026,Q1 2026
EW - Edwards Lifesciences Corp.,0.25,Buy,1097578,$80.08,"$87,894,000",,$92.94,16.06%,$72.30,$96.29,Viking Global Investors Updated 15 May 2026,Q1 2026
RAL - Ralliant Corp.,0.25,Reduce 32.50%,2134899,$41.59,"$88,790,000",,$71.74,72.49%,$37.20,$75.41,Viking Global Investors Updated 15 May 2026,Q1 2026
ORIC - ORIC Pharmaceuticals Inc.,0.21,Reduce 11.38%,5824533,$12.67,"$73,797,000",,$13.79,8.84%,$7.23,$14.93,Viking Global Investors Updated 15 May 2026,Q1 2026
DMRA - Damora Therapeutics Inc.,0.17,Buy,2311082,$25.90,"$59,857,000",,$30.75,18.73%,$2.45,$38.33,Viking Global Investors Updated 15 May 2026,Q1 2026
TWLO - Twilio Inc.,0.16,Buy,450770,$125.82,"$56,716,000",,$253.38,101.38%,$95.21,$258.35,Viking Global Investors Updated 15 May 2026,Q1 2026
LAB - Standard Biotools Inc,0.15,,58651170,$0.92,"$53,918,000",,$0.77,-16.30%,$0.70,$1.72,Viking Global Investors Updated 15 May 2026,Q1 2026
TRVI - Trevi Therapeutics Inc.,0.11,,3198644,$11.93,"$38,160,000",,$18.19,52.47%,$6.93,$20.22,Viking Global Investors Updated 15 May 2026,Q1 2026
DNA - Ginkgo Bioworks Holdings Inc.,0.06,,3577128,$6.13,"$21,928,000",,$7.30,19.09%,$5.37,$17.58,Viking Global Investors Updated 15 May 2026,Q1 2026
EQPT - Equipmentshare.com Inc A,0.06,Buy,1000000,$20.37,"$20,370,000",,$21.60,6.04%,$15.71,$35.50,Viking Global Investors Updated 15 May 2026,Q1 2026
FPS - Forgent Power Solutions Inc,0.05,Buy,650000,$29.27,"$19,026,000",,$37.90,29.48%,$25.95,$66.00,Viking Global Investors Updated 15 May 2026,Q1 2026
PEPG - Pepgen Inc,0.02,,3482434,$1.77,"$6,164,000",,$2.95,66.67%,$1.09,$7.80,Viking Global Investors Updated 15 May 2026,Q1 2026
RLYB - Rallybio Corp.,0.01,,524347,$8.97,"$4,703,000",,$17.11,90.75%,$3.67,$17.57,Viking Global Investors Updated 15 May 2026,Q1 2026
V - Visa Inc.,12.26,Add 34.80%,2316250,$302.24,"$700,063,000",,$362.90,20.07%,$292.74,$373.28,ValueAct Capital  Updated 15 May 2026,Q1 2026
AMZN - Amazon.com Inc.,10.52,Reduce 15.02%,2884600,$208.27,"$600,776,000",,$265.88,27.66%,$196.00,$287.20,ValueAct Capital  Updated 15 May 2026,Q1 2026
CRM - Salesforce.com,9.79,,2994509,$186.67,"$558,985,000",,$199.60,6.93%,$146.32,$267.75,ValueAct Capital  Updated 15 May 2026,Q1 2026
BLK - BlackRock Inc.,9.19,Reduce 21.42%,546100,$961.71,"$525,190,000",,$1183.00,23.01%,$912.25,$1200.54,ValueAct Capital  Updated 15 May 2026,Q1 2026
META - Meta Platforms Inc.,9.17,Reduce 12.62%,915674,$572.13,"$523,885,000",,$593.95,3.81%,$519.78,$793.65,ValueAct Capital  Updated 15 May 2026,Q1 2026
RKT - Rocket Companies Inc.,7.04,Reduce 28.35%,28214724,$14.25,"$402,060,000",,$15.11,6.04%,$12.17,$24.36,ValueAct Capital  Updated 15 May 2026,Q1 2026
TOST - Toast Inc.,5.98,Add 60.89%,12895438,$26.51,"$341,858,000",,$35.12,32.48%,$22.26,$45.64,ValueAct Capital  Updated 15 May 2026,Q1 2026
LLYVK - Liberty Media Corp. Series C Live,5.87,Reduce 1.19%,3561208,$94.11,"$335,145,000",,$107.36,14.08%,$78.68,$108.98,ValueAct Capital  Updated 15 May 2026,Q1 2026
RBLX - Roblox Corp.,5.79,Reduce 2.13%,5848621,$56.56,"$330,798,000",,$37.74,-33.27%,$33.88,$142.00,ValueAct Capital  Updated 15 May 2026,Q1 2026
KKR - KKR & Co. L.P.,5.31,Buy,3279700,$92.50,"$303,372,000",,$116.44,25.88%,$82.35,$151.00,ValueAct Capital  Updated 15 May 2026,Q1 2026
MDB - MongoDB Inc.,4.45,Reduce 26.23%,1037800,$244.77,"$254,022,000",,$465.55,90.20%,$202.05,$465.55,ValueAct Capital  Updated 15 May 2026,Q1 2026
SSD - Simpson Manufacturing,4.2,Reduce 5.03%,1398042,$171.62,"$239,932,000",,$195.01,13.63%,$155.55,$213.18,ValueAct Capital  Updated 15 May 2026,Q1 2026
SPOT - Spotify Technology S.A.,3.04,Buy,358500,$484.91,"$173,840,000",,$497.33,2.56%,$405.00,$748.30,ValueAct Capital  Updated 15 May 2026,Q1 2026
LLYVA - Liberty Media Corp. Series A Live,2.85,Reduce 1.24%,1777075,$91.64,"$162,851,000",,$103.60,13.05%,$77.12,$105.48,ValueAct Capital  Updated 15 May 2026,Q1 2026
LYV - Live Nation Inc.,1.67,Reduce 24.10%,624666,$152.51,"$95,268,000",,$185.79,21.82%,$125.34,$188.00,ValueAct Capital  Updated 15 May 2026,Q1 2026
WIX - Wix.com Ltd.,1.65,Buy,1099370,$85.57,"$94,069,000",,$79.62,-6.95%,$40.16,$190.93,ValueAct Capital  Updated 15 May 2026,Q1 2026
DIS - Walt Disney Co.,0.68,Reduce 87.00%,400231,$96.38,"$38,574,000",,$104.35,8.27%,$91.48,$118.07,ValueAct Capital  Updated 15 May 2026,Q1 2026
CBRE - CBRE Group,0.56,,234591,$135.46,"$31,778,000",,$151.16,11.59%,$121.69,$174.27,ValueAct Capital  Updated 15 May 2026,Q1 2026
GOOGL - Alphabet Inc.,22.85,,2543300,$287.56,"$731,351,000",,$346.14,20.37%,$196.04,$408.37,Li Lu - Himalaya Capital Management Updated 15 May 2026,Q1 2026
GOOG - Alphabet Inc. CL C,21.97,,2451300,$286.86,"$703,180,000",,$343.94,19.90%,$196.90,$404.23,Li Lu - Himalaya Capital Management Updated 15 May 2026,Q1 2026
PDD - Pinduoduo Inc.,14.71,,4608000,$102.18,"$470,845,000",,$84.65,-17.16%,$71.94,$139.41,Li Lu - Himalaya Capital Management Updated 15 May 2026,Q1 2026
BRK.B - Berkshire Hathaway CL B,13.44,,897749,$479.20,"$430,201,000",,$506.45,5.69%,$464.01,$537.74,Li Lu - Himalaya Capital Management Updated 15 May 2026,Q1 2026
EWBC - East West Bancorp,9.26,,2776351,$106.76,"$296,403,000",,$135.70,27.11%,$90.34,$135.98,Li Lu - Himalaya Capital Management Updated 15 May 2026,Q1 2026
BAC - Bank of America Corp.,4.57,Reduce 71.26%,2997987,$48.75,"$146,152,000",,$64.06,31.41%,$45.79,$64.95,Li Lu - Himalaya Capital Management Updated 15 May 2026,Q1 2026
OXY - Occidental Petroleum,2.98,,1466500,$65.00,"$95,323,000",,$57.72,-11.20%,$38.44,$67.14,Li Lu - Himalaya Capital Management Updated 15 May 2026,Q1 2026
CROX - Crocs Inc.,2.3,Add 41.22%,887093,$83.02,"$73,646,000",,$131.70,58.64%,$73.21,$141.28,Li Lu - Himalaya Capital Management Updated 15 May 2026,Q1 2026
TME - Tencent Music Entertainment Grp,1.91,Buy,6590836,$9.28,"$61,163,000",,$8.60,-7.33%,$7.94,$26.00,Li Lu - Himalaya Capital Management Updated 15 May 2026,Q1 2026
HRB - H&R Block Inc.,1.61,Buy,1626906,$31.74,"$51,638,000",,$53.62,68.94%,$27.48,$58.67,Li Lu - Himalaya Capital Management Updated 15 May 2026,Q1 2026
MCO - Moody's Corp.,1.61,Buy,117784,$436.25,"$51,383,000",,$486.60,11.54%,$400.46,$544.40,Li Lu - Himalaya Capital Management Updated 15 May 2026,Q1 2026
SPGI - S&P Global Inc.,1.61,Buy,121463,$425.34,"$51,663,000",,$422.09,-0.76%,$360.90,$545.61,Li Lu - Himalaya Capital Management Updated 15 May 2026,Q1 2026
AAPL - Apple Inc.,0.88,,110600,$253.79,"$28,069,000",,$304.33,19.91%,$222.96,$344.27,Li Lu - Himalaya Capital Management Updated 15 May 2026,Q1 2026
MSCI - MSCI Inc.,0.32,Buy,18939,$538.99,"$10,208,000",,$572.76,6.27%,$497.32,$644.77,Li Lu - Himalaya Capital Management Updated 15 May 2026,Q1 2026
GRBK - Green Brick Partners,19.12,,9467383,$64.45,"$610,173,000",,$70.38,9.20%,$60.44,$83.18,David Einhorn - Greenlight Capital Updated 15 May 2026,Q1 2026
FLR - Fluor Corp.,6.94,Reduce 14.55%,4747350,$46.65,"$221,464,000",,$52.36,12.24%,$39.33,$57.93,David Einhorn - Greenlight Capital Updated 15 May 2026,Q1 2026
CNR - Core Natural Resources Inc.,6.1,Reduce 11.54%,1858140,$104.73,"$194,603,000",,$93.01,-11.19%,$68.44,$114.68,David Einhorn - Greenlight Capital Updated 15 May 2026,Q1 2026
BHF - Brighthouse Financial Inc.,5.33,Add 1.79%,2842100,$59.88,"$170,185,000",,$59.52,-0.60%,$42.07,$66.80,David Einhorn - Greenlight Capital Updated 15 May 2026,Q1 2026
PCG - PG&E Corp.,3.65,Reduce 14.79%,6632852,$17.57,"$116,539,000",,$17.38,-1.08%,$14.15,$19.04,David Einhorn - Greenlight Capital Updated 15 May 2026,Q1 2026
VSNT - Versant Media Group Inc.,3.51,Buy,3028615,$37.02,"$112,119,000",,$38.64,4.38%,$26.61,$45.11,David Einhorn - Greenlight Capital Updated 15 May 2026,Q1 2026
ACHC - Acadia Healthcare Co.,3.31,Add 9.64%,4518381,$23.39,"$105,685,000",,$30.54,30.57%,$11.43,$35.83,David Einhorn - Greenlight Capital Updated 15 May 2026,Q1 2026
VSXY - Victoria's Secret & Co.,3.28,Add 29.87%,2256889,$46.36,"$104,630,000",,$92.38,99.27%,$21.23,$102.46,David Einhorn - Greenlight Capital Updated 15 May 2026,Q1 2026
DHT - DHT Holdings Inc.,3.02,Reduce 28.42%,5272770,$18.27,"$96,333,000",,$19.22,5.20%,$9.93,$20.19,David Einhorn - Greenlight Capital Updated 15 May 2026,Q1 2026
PENN - Penn National Gaming Inc.,2.85,,6044440,$15.03,"$90,848,000",,$18.75,24.75%,$11.65,$22.36,David Einhorn - Greenlight Capital Updated 15 May 2026,Q1 2026
GPK - Graphic Packaging Hldg Co.,2.83,Add 8.14%,9099980,$9.94,"$90,454,000",,$11.81,18.81%,$8.69,$22.69,David Einhorn - Greenlight Capital Updated 15 May 2026,Q1 2026
CNC - Centene Corp.,2.8,Add 3.50%,2731810,$32.74,"$89,439,000",,$65.99,101.56%,$26.23,$69.36,David Einhorn - Greenlight Capital Updated 15 May 2026,Q1 2026
TEVA - Teva Pharmaceutical Industries Ltd.,2.75,Reduce 4.84%,2910729,$30.12,"$87,671,000",,$36.82,22.24%,$16.67,$37.35,David Einhorn - Greenlight Capital Updated 15 May 2026,Q1 2026
CPRI - Capri Holdings Ltd,2.72,Add 3.40%,4930318,$17.62,"$86,872,000",,$15.76,-10.56%,$14.78,$28.27,David Einhorn - Greenlight Capital Updated 15 May 2026,Q1 2026
SNX - SYNNEX Corp.,2.54,Add 748.88%,479530,$168.71,"$80,901,000",,$255.95,51.71%,$141.15,$295.89,David Einhorn - Greenlight Capital Updated 15 May 2026,Q1 2026
BKV - Bkv Corporation,2.41,Add 109.29%,2695543,$28.52,"$76,877,000",,$25.88,-9.26%,$20.08,$32.81,David Einhorn - Greenlight Capital Updated 15 May 2026,Q1 2026
LBTYA - Liberty Global Ltd CL A,1.88,Reduce 0.82%,4963322,$12.09,"$60,006,000",,$10.46,-13.48%,$9.43,$13.52,David Einhorn - Greenlight Capital Updated 15 May 2026,Q1 2026
ROIV - Roivant Sciences Ltd,1.87,Add 4.03%,2152669,$27.70,"$59,629,000",,$36.35,31.23%,$11.54,$37.00,David Einhorn - Greenlight Capital Updated 15 May 2026,Q1 2026
CROX - Crocs Inc.,1.74,Buy,669140,$83.02,"$55,552,000",,$131.70,58.64%,$73.21,$141.28,David Einhorn - Greenlight Capital Updated 15 May 2026,Q1 2026
REZI - Resideo Technologies Inc.,1.66,Buy,1574950,$33.71,"$53,091,000",,$21.31,-36.78%,$18.88,$32.01,David Einhorn - Greenlight Capital Updated 15 May 2026,Q1 2026
DECK - Deckers Outdoor,1.51,Add 61.12%,481398,$100.09,"$48,183,000",,$93.30,-6.78%,$78.91,$125.45,David Einhorn - Greenlight Capital Updated 15 May 2026,Q1 2026
SPB - Spectrum Brands Holdings Inc.,1.5,Reduce 2.04%,650359,$73.70,"$47,932,000",,$90.18,22.36%,$48.98,$99.06,David Einhorn - Greenlight Capital Updated 15 May 2026,Q1 2026
CNH - CNH Industrial NV,1.44,Reduce 27.37%,4188940,$11.00,"$46,079,000",,$10.41,-5.36%,$8.91,$13.18,David Einhorn - Greenlight Capital Updated 15 May 2026,Q1 2026
SLM - SLM Corp.,1.41,Buy,2101840,$21.41,"$45,000,000",,$27.73,29.52%,$17.55,$32.47,David Einhorn - Greenlight Capital Updated 15 May 2026,Q1 2026
HSIC - Henry Schein Inc.,1.38,Add 27.71%,599300,$73.70,"$44,168,000",,$89.59,21.56%,$61.95,$92.18,David Einhorn - Greenlight Capital Updated 15 May 2026,Q1 2026
PTON - Peloton Interactive Inc.,1.36,Add 4003.68%,10113940,$4.29,"$43,389,000",,$5.49,27.97%,$3.65,$9.20,David Einhorn - Greenlight Capital Updated 15 May 2026,Q1 2026
GLD - SPDR Gold Trust,1.34,Reduce 41.60%,99611,$430.29,"$42,862,000",,$398.64,-7.36%,$305.19,$509.70,David Einhorn - Greenlight Capital Updated 15 May 2026,Q1 2026
DCH - Dauch Corp.,1.17,Buy,6311350,$5.93,"$37,426,000",,$6.70,12.98%,$4.92,$9.25,David Einhorn - Greenlight Capital Updated 15 May 2026,Q1 2026
PSKY - Paramount Skydance Corp.,1.11,Buy,3926080,$9.02,"$35,414,000",,$9.88,9.53%,$7.62,$20.57,David Einhorn - Greenlight Capital Updated 15 May 2026,Q1 2026
AR - Antero Resources,1.08,Reduce 20.27%,808520,$42.44,"$34,313,000",,$36.86,-13.15%,$29.10,$45.75,David Einhorn - Greenlight Capital Updated 15 May 2026,Q1 2026
SLDE - Slide Insurance Holdings Inc,0.95,Add 46.68%,1686630,$18.00,"$30,359,000",,$21.62,20.11%,$12.53,$23.00,David Einhorn - Greenlight Capital Updated 15 May 2026,Q1 2026
SHC - Sotera Health Co,0.93,Add 347.82%,2065680,$14.34,"$29,622,000",,$18.99,32.43%,$13.09,$19.85,David Einhorn - Greenlight Capital Updated 15 May 2026,Q1 2026
STUB - Stubhub Holdings Inc Class A,0.83,Buy,4233200,$6.24,"$26,415,000",,$7.53,20.67%,$5.74,$27.89,David Einhorn - Greenlight Capital Updated 15 May 2026,Q1 2026
VTRS - Viatris Inc.,0.77,Buy,1817570,$13.51,"$24,555,000",,$16.13,19.39%,$9.17,$18.39,David Einhorn - Greenlight Capital Updated 15 May 2026,Q1 2026
CI - Cigna Group,0.74,Reduce 5.71%,88400,$266.75,"$23,581,000",,$277.40,3.99%,$235.50,$310.19,David Einhorn - Greenlight Capital Updated 15 May 2026,Q1 2026
TRIP - TripAdvisor Inc.,0.52,Buy,1564696,$10.66,"$16,680,000",,$10.97,2.91%,$9.01,$20.16,David Einhorn - Greenlight Capital Updated 15 May 2026,Q1 2026
LKFT - Lakefront Biotherapeutics,0.45,,482746,$30.00,"$14,482,000",,$28.05,-6.50%,$25.68,$37.78,David Einhorn - Greenlight Capital Updated 15 May 2026,Q1 2026
WFRD - Weatherford International plc,0.43,Reduce 80.40%,145721,$94.58,"$13,782,000",,$92.08,-2.64%,$54.04,$112.79,David Einhorn - Greenlight Capital Updated 15 May 2026,Q1 2026
COYA - Coya Therapeutics Inc,0.29,Add 15.28%,2335540,$3.94,"$9,202,000",,$4.73,20.05%,$3.71,$7.75,David Einhorn - Greenlight Capital Updated 15 May 2026,Q1 2026
ZIM - Zim Integrated Shipping Serv,0.29,Buy,354526,$26.35,"$9,341,000",,$27.02,2.54%,$11.75,$29.30,David Einhorn - Greenlight Capital Updated 15 May 2026,Q1 2026
IMVT - Immunovant Inc.,0.07,Buy,93520,$24.84,"$2,323,000",,$41.91,68.72%,$14.47,$42.64,David Einhorn - Greenlight Capital Updated 15 May 2026,Q1 2026
GPRO - GoPro Inc.,0.04,,1693860,$0.77,"$1,304,000",,$0.64,-16.88%,$0.57,$3.05,David Einhorn - Greenlight Capital Updated 15 May 2026,Q1 2026
GANX - Gain Therapeutics Inc.,0.03,,566130,$1.94,"$1,099,000",,$2.24,15.46%,$1.48,$4.34,David Einhorn - Greenlight Capital Updated 15 May 2026,Q1 2026
KPLTW - Katapult Holdings WTS 060926,0.0,,262227,$0.00,"$1,000",,$0.00,%,$0.00,$0.02,David Einhorn - Greenlight Capital Updated 15 May 2026,Q1 2026
NUVB - Nuvation Bio Inc.,0.0,,34995,$4.29,"$150,000",,$6.16,43.59%,$2.34,$9.75,David Einhorn - Greenlight Capital Updated 15 May 2026,Q1 2026
IEP - Icahn Enterprises,48.49,,549400539,$7.55,"$4,147,974,000",,$7.56,0.13%,$6.24,$7.98,Carl Icahn - Icahn Capital Management Updated 15 May 2026,Q1 2026
CVI - CVR Energy Inc.,28.01,Add 1.11%,71201875,$33.65,"$2,395,943,000",,$35.49,5.47%,$19.50,$41.41,Carl Icahn - Icahn Capital Management Updated 15 May 2026,Q1 2026
UAN - CVR Partners LP,6.17,,4164274,$126.67,"$527,489,000",,$119.24,-5.87%,$74.15,$128.59,Carl Icahn - Icahn Capital Management Updated 15 May 2026,Q1 2026
CTRI - Centuri Holdings Inc,4.9,,14336044,$29.21,"$418,756,000",,$23.40,-19.89%,$19.04,$42.99,Carl Icahn - Icahn Capital Management Updated 15 May 2026,Q1 2026
IFF - International Flavors & Fragrances Inc.,3.63,,4275000,$72.55,"$310,151,000",,$84.39,16.32%,$58.13,$89.32,Carl Icahn - Icahn Capital Management Updated 15 May 2026,Q1 2026
ECHO - EchoStar Corp.,1.92,Reduce 58.13%,1404542,$117.07,"$164,430,000",,$91.71,-21.66%,$26.52,$147.25,Carl Icahn - Icahn Capital Management Updated 15 May 2026,Q1 2026
AEP - American Electric Power,1.85,,1205300,$131.08,"$157,991,000",,$125.16,-4.52%,$102.52,$139.52,Carl Icahn - Icahn Capital Management Updated 15 May 2026,Q1 2026
JBLU - JetBlue Airways Corp.,1.74,,33621735,$4.42,"$148,608,000",,$5.82,31.67%,$3.87,$6.62,Carl Icahn - Icahn Capital Management Updated 15 May 2026,Q1 2026
MNRO - Monro Inc.,0.95,,5078573,$16.04,"$81,460,000",,$11.43,-28.74%,$11.27,$23.19,Carl Icahn - Icahn Capital Management Updated 15 May 2026,Q1 2026
SD - SandRidge Energy Inc.,0.94,Add 0.74%,4947701,$16.31,"$80,697,000",,$13.99,-14.22%,$10.12,$17.94,Carl Icahn - Icahn Capital Management Updated 15 May 2026,Q1 2026
CZR - Caesars Entertainment,0.75,,2440109,$26.43,"$64,492,000",,$29.70,12.37%,$17.86,$30.88,Carl Icahn - Icahn Capital Management Updated 15 May 2026,Q1 2026
BLCO - Bausch + Lomb Corp,0.65,,3500000,$15.90,"$55,650,000",,$16.80,5.66%,$13.77,$18.92,Carl Icahn - Icahn Capital Management Updated 15 May 2026,Q1 2026
JOE - St. Joe Co.,79.67,Reduce 1.09%,19210167,$62.80,"$1,206,398,000",,$68.48,9.04%,$46.02,$73.19,Bruce Berkowitz - Fairholme Capital Updated 15 May 2026,Q1 2026
EPD - Enterprise Products Partners LP,13.63,Add 0.10%,5455800,$37.84,"$206,447,000",,$38.10,0.69%,$28.18,$39.58,Bruce Berkowitz - Fairholme Capital Updated 15 May 2026,Q1 2026
OZK - Bank OZK,2.79,Add 0.83%,921252,$45.89,"$42,276,000",,$52.26,13.88%,$41.16,$53.18,Bruce Berkowitz - Fairholme Capital Updated 15 May 2026,Q1 2026
BRK.B - Berkshire Hathaway CL B,1.6,Add 5.08%,50452,$479.21,"$24,177,000",,$506.45,5.68%,$464.01,$537.74,Bruce Berkowitz - Fairholme Capital Updated 15 May 2026,Q1 2026
WRB - W.R. Berkley Corp.,1.12,Reduce 1.46%,256350,$66.28,"$16,991,000",,$70.49,6.35%,$62.31,$77.45,Bruce Berkowitz - Fairholme Capital Updated 15 May 2026,Q1 2026
PGR - Progressive Corp.,0.87,Add 159.38%,66400,$198.24,"$13,163,000",,$209.06,5.46%,$187.79,$239.38,Bruce Berkowitz - Fairholme Capital Updated 15 May 2026,Q1 2026
KHC - Kraft Heinz Co.,0.16,Buy,105300,$22.49,"$2,368,000",,$25.20,12.05%,$20.66,$28.09,Bruce Berkowitz - Fairholme Capital Updated 15 May 2026,Q1 2026
BRK.A - Berkshire Hathaway CL A,0.09,Add 100.00%,2,$718000.00,"$1,436,000",,$759889.00,5.83%,$698000.00,$806102.81,Bruce Berkowitz - Fairholme Capital Updated 15 May 2026,Q1 2026
AAPL - Apple Inc.,0.04,,2400,$253.75,"$609,000",,$304.33,19.93%,$222.96,$344.27,Bruce Berkowitz - Fairholme Capital Updated 15 May 2026,Q1 2026
HOMB - Home Bancshares Inc.,0.02,Buy,12100,$26.94,"$326,000",,$31.23,15.92%,$25.28,$31.46,Bruce Berkowitz - Fairholme Capital Updated 15 May 2026,Q1 2026
CRM - Salesforce.com,3.72,Add 52.36%,14917993,$186.67,"$2,784,742,000",,$199.60,6.93%,$146.32,$267.75,Bill Nygren - Oakmark Funds Updated 15 May 2026,Q1 2026
ICE - Intercontinental Exchange Inc.,3.43,Add 4.86%,16342258,$157.28,"$2,570,310,000",,$154.51,-1.76%,$121.79,$181.33,Bill Nygren - Oakmark Funds Updated 15 May 2026,Q1 2026
KDP - Keurig Dr Pepper Inc.,3.27,Add 7.90%,93082313,$26.33,"$2,450,858,000",,$30.89,17.32%,$24.43,$34.76,Bill Nygren - Oakmark Funds Updated 15 May 2026,Q1 2026
ABNB - Airbnb Inc.,3.23,Add 2.50%,19162235,$126.28,"$2,419,807,000",,$184.74,46.29%,$110.81,$187.12,Bill Nygren - Oakmark Funds Updated 15 May 2026,Q1 2026
GOOGL - Alphabet Inc.,3.22,Reduce 5.88%,8393944,$287.56,"$2,413,762,000",,$346.14,20.37%,$196.04,$408.37,Bill Nygren - Oakmark Funds Updated 15 May 2026,Q1 2026
COP - ConocoPhillips,3.07,Reduce 27.39%,17428651,$132.00,"$2,300,582,000",,$124.52,-5.67%,$83.51,$134.87,Bill Nygren - Oakmark Funds Updated 15 May 2026,Q1 2026
TRGP - Targa Resources Corp.,2.92,Reduce 10.35%,8723203,$250.73,"$2,187,169,000",,$267.66,6.75%,$141.11,$289.68,Bill Nygren - Oakmark Funds Updated 15 May 2026,Q1 2026
IQV - IQVIA Holdings Inc.,2.77,Add 7.63%,12183275,$170.54,"$2,077,735,000",,$241.64,41.69%,$154.50,$251.36,Bill Nygren - Oakmark Funds Updated 15 May 2026,Q1 2026
SCHW - Charles Schwab Corp.,2.74,Reduce 0.99%,21812476,$93.98,"$2,049,937,000",,$109.78,16.81%,$83.96,$110.00,Bill Nygren - Oakmark Funds Updated 15 May 2026,Q1 2026
COF - Capital One Financial,2.52,Reduce 4.32%,10357647,$182.43,"$1,889,546,000",,$223.88,22.72%,$174.23,$257.54,Bill Nygren - Oakmark Funds Updated 15 May 2026,Q1 2026
FCNCA - First Citizens Bancshares,2.39,Add 2.06%,948101,$1884.66,"$1,786,848,000",,$2270.54,20.47%,$1618.56,$2289.99,Bill Nygren - Oakmark Funds Updated 15 May 2026,Q1 2026
WTW - Willis Towers Watson plc,2.34,Add 7.21%,6017682,$290.70,"$1,749,340,000",,$334.14,14.94%,$239.74,$349.37,Bill Nygren - Oakmark Funds Updated 15 May 2026,Q1 2026
PSX - Phillips 66,2.22,Reduce 34.65%,9134428,$182.18,"$1,664,111,000",,$231.43,27.03%,$115.58,$231.43,Bill Nygren - Oakmark Funds Updated 15 May 2026,Q1 2026
AIG - American International Group,2.07,Reduce 6.99%,20596978,$75.25,"$1,549,922,000",,$76.14,1.18%,$70.36,$86.21,Bill Nygren - Oakmark Funds Updated 15 May 2026,Q1 2026
MRK - Merck & Co.,1.99,Reduce 12.22%,12366933,$120.29,"$1,487,619,000",,$134.71,11.99%,$75.81,$135.05,Bill Nygren - Oakmark Funds Updated 15 May 2026,Q1 2026
ELV - Elevance Health Inc.,1.88,Add 0.04%,4796526,$292.75,"$1,404,183,000",,$398.02,35.96%,$272.05,$436.24,Bill Nygren - Oakmark Funds Updated 15 May 2026,Q1 2026
CTVA - Corteva Inc.,1.86,Reduce 2.17%,16656133,$83.71,"$1,394,285,000",,$75.52,-9.78%,$60.10,$90.97,Bill Nygren - Oakmark Funds Updated 15 May 2026,Q1 2026
EFX - Equifax Inc.,1.81,Reduce 0.37%,7529116,$180.07,"$1,355,768,000",,$185.78,3.17%,$150.75,$269.54,Bill Nygren - Oakmark Funds Updated 15 May 2026,Q1 2026
DAL - Delta Air Lines Inc.,1.6,Reduce 8.46%,18002954,$66.48,"$1,196,837,000",,$91.65,37.86%,$54.60,$95.44,Bill Nygren - Oakmark Funds Updated 15 May 2026,Q1 2026
ZBH - Zimmer Biomet Holdings,1.56,Add 5.67%,12959939,$90.42,"$1,171,838,000",,$99.07,9.57%,$78.91,$107.16,Bill Nygren - Oakmark Funds Updated 15 May 2026,Q1 2026
GEHC - GE HealthCare Technologies Inc.,1.48,Reduce 1.64%,15594988,$71.18,"$1,110,051,000",,$73.72,3.57%,$58.72,$89.64,Bill Nygren - Oakmark Funds Updated 15 May 2026,Q1 2026
FISV - Fiserv Inc.,1.47,Add 26.89%,19737630,$55.80,"$1,101,360,000",,$55.21,-1.06%,$47.04,$140.42,Bill Nygren - Oakmark Funds Updated 15 May 2026,Q1 2026
C - Citigroup Inc.,1.4,Reduce 7.67%,9270652,$113.41,"$1,051,385,000",,$138.83,22.41%,$88.80,$147.21,Bill Nygren - Oakmark Funds Updated 15 May 2026,Q1 2026
ALLY - Ally Financial Inc.,1.38,Reduce 2.35%,26410285,$39.23,"$1,036,075,000",,$44.64,13.79%,$35.43,$46.96,Bill Nygren - Oakmark Funds Updated 15 May 2026,Q1 2026
GM - General Motors,1.34,Reduce 22.69%,13457709,$74.50,"$1,002,600,000",,$86.64,16.30%,$53.67,$91.85,Bill Nygren - Oakmark Funds Updated 15 May 2026,Q1 2026
AMZN - Amazon.com Inc.,1.32,Add 6.67%,4760706,$208.27,"$991,512,000",,$265.88,27.66%,$196.00,$287.20,Bill Nygren - Oakmark Funds Updated 15 May 2026,Q1 2026
RGA - Reinsurance Group of America Inc.,1.32,Add 13.83%,4850478,$204.16,"$990,273,000",,$249.21,22.07%,$175.83,$249.45,Bill Nygren - Oakmark Funds Updated 15 May 2026,Q1 2026
NFLX - Netflix Inc.,1.27,Add 30200.47%,9859773,$96.15,"$948,017,000",,$77.52,-19.38%,$65.08,$126.71,Bill Nygren - Oakmark Funds Updated 15 May 2026,Q1 2026
BAC - Bank of America Corp.,1.23,Reduce 4.76%,18907859,$48.75,"$921,758,000",,$64.06,31.41%,$45.79,$64.95,Bill Nygren - Oakmark Funds Updated 15 May 2026,Q1 2026
UNP - Union Pacific,1.23,Add 3.44%,3782438,$242.62,"$917,695,000",,$298.17,22.90%,$207.45,$315.99,Bill Nygren - Oakmark Funds Updated 15 May 2026,Q1 2026
WBD - Warner Bros. Discovery Inc.,1.21,Reduce 58.31%,32874039,$27.46,"$902,721,000",,$27.74,1.02%,$11.25,$30.00,Bill Nygren - Oakmark Funds Updated 15 May 2026,Q1 2026
MRSH - Marsh,1.2,Buy,5169119,$173.45,"$896,584,000",,$188.00,8.39%,$155.72,$209.50,Bill Nygren - Oakmark Funds Updated 15 May 2026,Q1 2026
WFC - Wells Fargo,1.17,Reduce 14.88%,10983221,$79.61,"$874,375,000",,$88.28,10.89%,$72.36,$96.18,Bill Nygren - Oakmark Funds Updated 15 May 2026,Q1 2026
CBRE - CBRE Group,1.16,Reduce 7.31%,6422190,$135.46,"$869,950,000",,$151.16,11.59%,$121.69,$174.27,Bill Nygren - Oakmark Funds Updated 15 May 2026,Q1 2026
CHTR - Charter Communications,1.15,Reduce 8.19%,3989043,$215.88,"$861,154,000",,$156.28,-27.61%,$111.55,$285.82,Bill Nygren - Oakmark Funds Updated 15 May 2026,Q1 2026
AER - AerCap Holdings N.V.,1.08,Add 1.05%,5901622,$137.18,"$809,584,000",,$148.69,8.39%,$110.92,$158.38,Bill Nygren - Oakmark Funds Updated 15 May 2026,Q1 2026
CG - Carlyle Group,1.07,Add 9.12%,16583907,$48.39,"$802,495,000",,$51.03,5.46%,$39.60,$68.43,Bill Nygren - Oakmark Funds Updated 15 May 2026,Q1 2026
GPN - Global Payments Inc.,1.07,Add 4.47%,11855322,$67.30,"$797,863,000",,$94.50,40.42%,$60.93,$94.50,Bill Nygren - Oakmark Funds Updated 15 May 2026,Q1 2026
SYY - Sysco Corp.,1.05,Add 39.11%,11009012,$71.33,"$785,273,000",,$83.65,17.27%,$67.23,$90.56,Bill Nygren - Oakmark Funds Updated 15 May 2026,Q1 2026
NKE - NIKE Inc.,1.04,Reduce 1.21%,14776259,$52.82,"$780,482,000",,$41.35,-21.72%,$40.00,$78.02,Bill Nygren - Oakmark Funds Updated 15 May 2026,Q1 2026
STT - State Street Corp.,1.04,Reduce 2.51%,6147935,$126.56,"$778,082,000",,$190.18,50.27%,$102.75,$192.51,Bill Nygren - Oakmark Funds Updated 15 May 2026,Q1 2026
CMCSA - Comcast Corp.,1.01,Reduce 3.68%,26448063,$28.71,"$759,324,000",,$26.08,-9.16%,$21.28,$32.04,Bill Nygren - Oakmark Funds Updated 15 May 2026,Q1 2026
SUNB - Sunbelt Rentals Holdings Inc,1.01,Buy,11653333,$65.09,"$758,515,000",,$80.65,23.91%,$60.40,$85.78,Bill Nygren - Oakmark Funds Updated 15 May 2026,Q1 2026
MPC - Marathon Petroleum Corp.,0.92,Reduce 30.41%,2805972,$244.18,"$685,162,000",,$355.97,45.78%,$154.97,$355.97,Bill Nygren - Oakmark Funds Updated 15 May 2026,Q1 2026
NDAQ - Nasdaq Inc.,0.91,Reduce 7.09%,8010183,$84.89,"$679,984,000",,$97.15,14.44%,$76.55,$101.10,Bill Nygren - Oakmark Funds Updated 15 May 2026,Q1 2026
CDW - CDW Corp.,0.87,Add 18.94%,5383062,$121.02,"$651,458,000",,$140.11,15.77%,$96.55,$168.93,Bill Nygren - Oakmark Funds Updated 15 May 2026,Q1 2026
AMRZ - Amrize Ltd,0.85,Reduce 0.31%,11344767,$56.02,"$635,534,000",,$46.84,-16.39%,$46.03,$65.29,Bill Nygren - Oakmark Funds Updated 15 May 2026,Q1 2026
CNH - CNH Industrial NV,0.85,Reduce 20.83%,58127119,$11.00,"$639,399,000",,$10.41,-5.36%,$8.91,$13.18,Bill Nygren - Oakmark Funds Updated 15 May 2026,Q1 2026
ROP - Roper Technologies Inc.,0.82,Buy,1729546,$353.86,"$612,018,000",,$397.04,12.20%,$305.19,$540.19,Bill Nygren - Oakmark Funds Updated 15 May 2026,Q1 2026
CRBG - Corebridge Financial Inc.,0.8,Add 2.44%,24964260,$23.86,"$595,647,000",,$34.21,43.38%,$21.90,$34.81,Bill Nygren - Oakmark Funds Updated 15 May 2026,Q1 2026
EOG - EOG Resources,0.8,Reduce 43.96%,4131238,$144.57,"$597,253,000",,$141.72,-1.97%,$99.12,$149.59,Bill Nygren - Oakmark Funds Updated 15 May 2026,Q1 2026
TEL - TE Connectivity plc,0.79,Reduce 12.81%,2816194,$209.02,"$588,641,000",,$215.83,3.26%,$190.27,$251.59,Bill Nygren - Oakmark Funds Updated 15 May 2026,Q1 2026
ACN - Accenture,0.77,Buy,2891902,$198.29,"$573,435,000",,$178.85,-9.80%,$116.75,$285.21,Bill Nygren - Oakmark Funds Updated 15 May 2026,Q1 2026
ADBE - Adobe Inc.,0.74,Buy,2293821,$243.08,"$557,582,000",,$268.36,10.40%,$190.12,$370.86,Bill Nygren - Oakmark Funds Updated 15 May 2026,Q1 2026
MAS - Masco Corp.,0.69,Reduce 25.26%,8596734,$60.37,"$518,985,000",,$74.65,23.65%,$57.76,$83.64,Bill Nygren - Oakmark Funds Updated 15 May 2026,Q1 2026
IT - Gartner Inc.,0.66,Add 225.29%,3135774,$158.34,"$496,518,000",,$182.09,15.00%,$124.25,$265.85,Bill Nygren - Oakmark Funds Updated 15 May 2026,Q1 2026
RJF - Raymond James Financial Inc.,0.66,Buy,3425321,$144.79,"$495,953,000",,$180.93,24.96%,$138.33,$182.73,Bill Nygren - Oakmark Funds Updated 15 May 2026,Q1 2026
LAD - Lithia Motors Inc.,0.65,Reduce 0.53%,1956637,$249.72,"$488,611,000",,$378.24,51.47%,$238.86,$438.67,Bill Nygren - Oakmark Funds Updated 15 May 2026,Q1 2026
STZ - Constellation Brands,0.65,Reduce 0.03%,3233267,$150.00,"$484,990,000",,$135.48,-9.68%,$123.82,$166.32,Bill Nygren - Oakmark Funds Updated 15 May 2026,Q1 2026
ICLR - ICON plc,0.64,Add 73.35%,4351317,$110.66,"$481,517,000",,$166.42,50.39%,$66.57,$203.91,Bill Nygren - Oakmark Funds Updated 15 May 2026,Q1 2026
CNC - Centene Corp.,0.62,Add 55.73%,14094531,$32.74,"$461,455,000",,$65.99,101.56%,$26.23,$69.36,Bill Nygren - Oakmark Funds Updated 15 May 2026,Q1 2026
GPC - Genuine Parts,0.56,Reduce 9.50%,3933996,$105.75,"$416,020,000",,$135.11,27.76%,$89.80,$148.58,Bill Nygren - Oakmark Funds Updated 15 May 2026,Q1 2026
PAYC - Paycom Software Inc.,0.53,Add 1.50%,3257774,$121.54,"$395,950,000",,$220.21,81.18%,$104.33,$232.79,Bill Nygren - Oakmark Funds Updated 15 May 2026,Q1 2026
CRL - Charles River Labs,0.5,Add 28.36%,2153296,$172.50,"$371,444,000",,$282.51,63.77%,$144.26,$288.87,Bill Nygren - Oakmark Funds Updated 15 May 2026,Q1 2026
BDX - Becton Dickinson,0.47,Reduce 21.81%,2222039,$157.23,"$349,371,000",,$182.21,15.89%,$125.19,$185.01,Bill Nygren - Oakmark Funds Updated 15 May 2026,Q1 2026
MDLZ - Mondelez International,0.43,Add 21.90%,5631456,$57.64,"$324,597,000",,$63.29,9.80%,$50.34,$66.65,Bill Nygren - Oakmark Funds Updated 15 May 2026,Q1 2026
SYF - Synchrony Financial,0.42,Buy,4659001,$68.02,"$316,906,000",,$80.35,18.13%,$62.56,$87.67,Bill Nygren - Oakmark Funds Updated 15 May 2026,Q1 2026
DE - Deere & Co.,0.39,Reduce 83.46%,518490,$563.30,"$292,065,000",,$613.22,8.86%,$429.14,$670.49,Bill Nygren - Oakmark Funds Updated 15 May 2026,Q1 2026
FBIN - Fortune Brands Innovations Inc.,0.38,Reduce 3.43%,7379014,$38.97,"$287,560,000",,$48.60,24.71%,$32.11,$64.07,Bill Nygren - Oakmark Funds Updated 15 May 2026,Q1 2026
GOOG - Alphabet Inc. CL C,0.34,Reduce 7.74%,887164,$286.86,"$254,492,000",,$343.94,19.90%,$196.90,$404.23,Bill Nygren - Oakmark Funds Updated 15 May 2026,Q1 2026
FMX - Fomento Economico Mexicano,0.33,Reduce 17.05%,2243620,$111.06,"$249,176,000",,$116.67,5.05%,$77.32,$141.47,Bill Nygren - Oakmark Funds Updated 15 May 2026,Q1 2026
V - Visa Inc.,0.29,Reduce 2.46%,717260,$302.24,"$216,785,000",,$362.90,20.07%,$292.74,$373.28,Bill Nygren - Oakmark Funds Updated 15 May 2026,Q1 2026
LBRDK - Liberty Broadband Corp. CL C,0.27,Reduce 2.90%,4028727,$50.30,"$202,645,000",,$36.77,-26.90%,$26.25,$65.73,Bill Nygren - Oakmark Funds Updated 15 May 2026,Q1 2026
CPNG - Coupang Inc.,0.25,Buy,9981854,$18.88,"$188,457,000",,$16.31,-13.61%,$14.92,$34.08,Bill Nygren - Oakmark Funds Updated 15 May 2026,Q1 2026
BC - Brunswick Corp.,0.22,Reduce 8.30%,2233281,$72.76,"$162,494,000",,$81.88,12.53%,$57.57,$89.29,Bill Nygren - Oakmark Funds Updated 15 May 2026,Q1 2026
HLN - Haleon Plc ADR,0.2,Buy,15032041,$10.01,"$150,471,000",,$9.79,-2.20%,$8.59,$11.13,Bill Nygren - Oakmark Funds Updated 15 May 2026,Q1 2026
MOH - Molina Healthcare Inc.,0.17,Reduce 58.31%,978147,$133.30,"$130,387,000",,$205.18,53.92%,$121.06,$244.89,Bill Nygren - Oakmark Funds Updated 15 May 2026,Q1 2026
ABM - ABM Industries,0.15,Add 6.28%,2882144,$38.52,"$111,020,000",,$48.16,25.03%,$36.45,$49.80,Bill Nygren - Oakmark Funds Updated 15 May 2026,Q1 2026
FLUT - Flutter Entertainment Plc,0.15,Add 11.26%,1131464,$101.95,"$115,352,000",,$98.16,-3.72%,$89.71,$309.41,Bill Nygren - Oakmark Funds Updated 15 May 2026,Q1 2026
ORCL - Oracle Corp.,0.15,Reduce 2.69%,740525,$147.11,"$108,939,000",,$155.70,5.84%,$114.50,$341.82,Bill Nygren - Oakmark Funds Updated 15 May 2026,Q1 2026
MTN - Vail Resorts Inc.,0.13,Add 4.31%,745558,$128.32,"$95,670,000",,$146.77,14.38%,$116.69,$160.49,Bill Nygren - Oakmark Funds Updated 15 May 2026,Q1 2026
OC - Owens Corning,0.13,Add 226.31%,915393,$108.22,"$99,064,000",,$156.33,44.46%,$95.63,$159.88,Bill Nygren - Oakmark Funds Updated 15 May 2026,Q1 2026
NVST - Envista Holdings Corp.,0.11,Reduce 29.78%,3261896,$25.37,"$82,754,000",,$28.00,10.37%,$18.77,$30.42,Bill Nygren - Oakmark Funds Updated 15 May 2026,Q1 2026
WAT - Waters Corp.,0.11,Buy,288712,$297.80,"$85,978,000",,$415.63,39.57%,$282.77,$419.21,Bill Nygren - Oakmark Funds Updated 15 May 2026,Q1 2026
HCA - HCA Healthcare Inc.,0.1,Reduce 12.65%,158143,$473.24,"$74,840,000",,$411.50,-13.05%,$353.99,$554.58,Bill Nygren - Oakmark Funds Updated 15 May 2026,Q1 2026
THO - Thor Industries,0.1,Reduce 9.28%,962577,$79.89,"$76,900,000",,$78.56,-1.66%,$69.23,$121.16,Bill Nygren - Oakmark Funds Updated 15 May 2026,Q1 2026
ALSN - Allison Transmission Holdings,0.08,Reduce 21.59%,532007,$117.06,"$62,277,000",,$123.02,5.09%,$75.38,$137.28,Bill Nygren - Oakmark Funds Updated 15 May 2026,Q1 2026
AXP - American Express,0.08,Reduce 7.02%,203706,$302.48,"$61,617,000",,$344.45,13.88%,$289.26,$384.36,Bill Nygren - Oakmark Funds Updated 15 May 2026,Q1 2026
MA - Mastercard Inc.,0.08,Reduce 0.35%,118615,$499.66,"$59,267,000",,$566.09,13.30%,$463.74,$598.04,Bill Nygren - Oakmark Funds Updated 15 May 2026,Q1 2026
BLK - BlackRock Inc.,0.07,Add 0.27%,54555,$961.71,"$52,466,000",,$1183.00,23.01%,$912.25,$1200.54,Bill Nygren - Oakmark Funds Updated 15 May 2026,Q1 2026
RYAAY - Ryanair Holdings PLC,0.07,Reduce 62.12%,846178,$57.80,"$48,909,000",,$59.20,2.42%,$53.14,$73.75,Bill Nygren - Oakmark Funds Updated 15 May 2026,Q1 2026
SEE-OLD - Sealed Air Corp.,0.07,Reduce 66.41%,1278223,$42.05,"$53,749,000",,$41.83,-0.52%,$22.40,$44.06,Bill Nygren - Oakmark Funds Updated 15 May 2026,Q1 2026
WEN - Wendy's Co.,0.06,Reduce 40.50%,5929801,$6.95,"$41,212,000",,$8.58,23.45%,$6.07,$10.14,Bill Nygren - Oakmark Funds Updated 15 May 2026,Q1 2026
CVS - CVS Health Corp.,0.05,Reduce 5.89%,494126,$71.82,"$35,488,000",,$94.57,31.68%,$63.26,$110.00,Bill Nygren - Oakmark Funds Updated 15 May 2026,Q1 2026
KKR - KKR & Co. L.P.,0.05,Reduce 0.10%,369815,$92.50,"$34,208,000",,$116.44,25.88%,$82.35,$151.00,Bill Nygren - Oakmark Funds Updated 15 May 2026,Q1 2026
WMG - Warner Music Group Corp. CL A,0.05,Reduce 2.53%,1610925,$25.54,"$41,143,000",,$25.22,-1.25%,$23.21,$35.23,Bill Nygren - Oakmark Funds Updated 15 May 2026,Q1 2026
AAPL - Apple Inc.,0.04,Reduce 1.22%,131541,$253.79,"$33,384,000",,$304.33,19.91%,$222.96,$344.27,Bill Nygren - Oakmark Funds Updated 15 May 2026,Q1 2026
CIGI - Colliers International Group Inc.,0.04,Add 331.54%,313300,$106.94,"$33,503,000",,$105.21,-1.62%,$88.24,$171.06,Bill Nygren - Oakmark Funds Updated 15 May 2026,Q1 2026
HLT - Hilton Worldwide Holdings,0.04,Reduce 16.40%,95646,$304.08,"$29,084,000",,$320.30,5.33%,$253.16,$358.00,Bill Nygren - Oakmark Funds Updated 15 May 2026,Q1 2026
ZGN - Ermenegildo Zegna Nv,0.04,Reduce 9.38%,2911800,$10.42,"$30,341,000",,$13.97,34.07%,$7.77,$15.95,Bill Nygren - Oakmark Funds Updated 15 May 2026,Q1 2026
ALV - Autoliv Inc.,0.03,Reduce 8.81%,233075,$105.16,"$24,510,000",,$121.22,15.27%,$98.41,$132.17,Bill Nygren - Oakmark Funds Updated 15 May 2026,Q1 2026
CCK - Crown Holdings,0.03,Reduce 0.78%,191605,$100.25,"$19,208,000",,$119.23,18.93%,$88.12,$122.91,Bill Nygren - Oakmark Funds Updated 15 May 2026,Q1 2026
CWK - Cushman & Wakefield Ltd,0.03,Reduce 5.04%,1884057,$12.26,"$23,099,000",,$14.29,16.56%,$11.57,$17.40,Bill Nygren - Oakmark Funds Updated 15 May 2026,Q1 2026
GS - Goldman Sachs Group,0.03,Reduce 13.33%,28643,$846.00,"$24,232,000",,$1046.27,23.67%,$691.63,$1153.99,Bill Nygren - Oakmark Funds Updated 15 May 2026,Q1 2026
BRK.B - Berkshire Hathaway CL B,0.02,Reduce 2.15%,25439,$479.19,"$12,190,000",,$506.45,5.69%,$464.01,$537.74,Bill Nygren - Oakmark Funds Updated 15 May 2026,Q1 2026
BWA - BorgWarner Inc.,0.02,Reduce 83.84%,222073,$54.26,"$12,050,000",,$67.68,24.73%,$39.54,$78.82,Bill Nygren - Oakmark Funds Updated 15 May 2026,Q1 2026
GRFS - Grifols SA,0.02,Reduce 32.26%,1821667,$8.02,"$14,610,000",,$7.97,-0.62%,$6.87,$10.69,Bill Nygren - Oakmark Funds Updated 15 May 2026,Q1 2026
KAR - KAR Auction Services,0.02,Reduce 58.46%,571157,$29.15,"$16,649,000",,$30.88,5.93%,$17.08,$30.98,Bill Nygren - Oakmark Funds Updated 15 May 2026,Q1 2026
BNY - Bank of New York Mellon Corp.,0.01,Reduce 36.46%,42984,$118.63,"$5,099,000",,$162.15,36.69%,$97.96,$163.67,Bill Nygren - Oakmark Funds Updated 15 May 2026,Q1 2026
KB - Kb Financial Group Inc ADR,0.01,Add 2579.74%,83474,$99.73,"$8,325,000",,$119.25,19.57%,$76.31,$125.66,Bill Nygren - Oakmark Funds Updated 15 May 2026,Q1 2026
SPY - SPDR S&P 500 ETF Trust,0.01,Add 53.11%,7712,$650.29,"$5,015,000",,$778.23,19.67%,$626.01,$778.82,Bill Nygren - Oakmark Funds Updated 15 May 2026,Q1 2026
TXN - Texas Instruments,0.01,Reduce 1.56%,47510,$194.15,"$9,224,000",,$274.35,41.31%,$150.20,$332.33,Bill Nygren - Oakmark Funds Updated 15 May 2026,Q1 2026
ABBV - AbbVie Inc.,0.0,,2682,$217.38,"$583,000",,$249.80,14.91%,$189.40,$267.47,Bill Nygren - Oakmark Funds Updated 15 May 2026,Q1 2026
ACWI - iShares MSCI ACWI ETF,0.0,,1092,$138.28,"$151,000",,$162.55,17.55%,$127.86,$162.60,Bill Nygren - Oakmark Funds Updated 15 May 2026,Q1 2026
AMAT - Applied Materials,0.0,,2200,$341.82,"$752,000",,$549.88,60.87%,$153.78,$739.67,Bill Nygren - Oakmark Funds Updated 15 May 2026,Q1 2026
AVGO - Broadcom Inc.,0.0,Add 6.02%,1813,$309.43,"$561,000",,$420.34,35.84%,$279.82,$494.22,Bill Nygren - Oakmark Funds Updated 15 May 2026,Q1 2026
BABA - Alibaba Group Holdings,0.0,Add 40.17%,13441,$125.44,"$1,686,000",,$122.17,-2.61%,$91.99,$190.92,Bill Nygren - Oakmark Funds Updated 15 May 2026,Q1 2026
BX - Blackstone Group,0.0,,3750,$114.93,"$431,000",,$150.07,30.58%,$99.78,$182.67,Bill Nygren - Oakmark Funds Updated 15 May 2026,Q1 2026
CAT - Caterpillar Inc.,0.0,Reduce 23.59%,1840,$708.70,"$1,304,000",,$856.71,20.88%,$401.84,$1071.47,Bill Nygren - Oakmark Funds Updated 15 May 2026,Q1 2026
COST - Costco Co.,0.0,Reduce 44.82%,362,$997.24,"$361,000",,$956.87,-4.05%,$840.35,$1094.76,Bill Nygren - Oakmark Funds Updated 15 May 2026,Q1 2026
CSL - Carlisle Companies,0.0,Reduce 8.08%,5037,$333.53,"$1,680,000",,$379.20,13.69%,$291.67,$430.31,Bill Nygren - Oakmark Funds Updated 15 May 2026,Q1 2026
CVX - Chevron Corp.,0.0,,1350,$206.67,"$279,000",,$197.51,-4.43%,$143.75,$212.76,Bill Nygren - Oakmark Funds Updated 15 May 2026,Q1 2026
DEO - Diageo ADR,0.0,Reduce 5.72%,3295,$74.36,"$245,000",,$94.91,27.64%,$71.73,$112.30,Bill Nygren - Oakmark Funds Updated 15 May 2026,Q1 2026
DHR - Danaher Corp.,0.0,Reduce 18.71%,1838,$189.34,"$348,000",,$204.57,8.04%,$160.60,$241.78,Bill Nygren - Oakmark Funds Updated 15 May 2026,Q1 2026
DOV - Dover Corp.,0.0,,11863,$208.46,"$2,473,000",,$206.96,-0.72%,$157.78,$236.42,Bill Nygren - Oakmark Funds Updated 15 May 2026,Q1 2026
EQH - Equitable Holdings Inc.,0.0,Buy,28245,$37.10,"$1,048,000",,$52.69,42.02%,$34.72,$53.80,Bill Nygren - Oakmark Funds Updated 15 May 2026,Q1 2026
HRI - HERC Holdings Inc.,0.0,Reduce 36.73%,4495,$99.44,"$447,000",,$168.22,69.17%,$88.00,$186.52,Bill Nygren - Oakmark Funds Updated 15 May 2026,Q1 2026
IDXX - IDEXX Laboratories,0.0,Add 5.93%,482,$562.24,"$271,000",,$563.26,0.18%,$518.55,$769.98,Bill Nygren - Oakmark Funds Updated 15 May 2026,Q1 2026
IWM - iShares Russell 2000 ETF,0.0,,533,$247.65,"$132,000",,$303.66,22.62%,$221.39,$304.78,Bill Nygren - Oakmark Funds Updated 15 May 2026,Q1 2026
JCI - Johnson Controls Intl. plc,0.0,Reduce 9.98%,7350,$130.88,"$962,000",,$152.54,16.55%,$101.75,$157.06,Bill Nygren - Oakmark Funds Updated 15 May 2026,Q1 2026
JPM - JPMorgan Chase & Co.,0.0,Reduce 2.02%,5815,$294.24,"$1,711,000",,$363.49,23.54%,$276.43,$366.09,Bill Nygren - Oakmark Funds Updated 15 May 2026,Q1 2026
LBRDA - Liberty Broadband Corp. CL A,0.0,,4305,$50.17,"$216,000",,$36.73,-26.79%,$26.14,$65.40,Bill Nygren - Oakmark Funds Updated 15 May 2026,Q1 2026
LEA - Lear Corp.,0.0,Reduce 47.58%,11925,$121.09,"$1,444,000",,$122.04,0.78%,$94.25,$150.00,Bill Nygren - Oakmark Funds Updated 15 May 2026,Q1 2026
LLY - Eli Lilly & Co.,0.0,Add 8.70%,450,$920.00,"$414,000",,$1214.36,32.00%,$639.97,$1249.45,Bill Nygren - Oakmark Funds Updated 15 May 2026,Q1 2026
MBB - Ishares Mbs ETF,0.0,Buy,28,$107.14,"$3,000",,$93.49,-12.74%,$89.44,$94.93,Bill Nygren - Oakmark Funds Updated 15 May 2026,Q1 2026
MCO - Moody's Corp.,0.0,Reduce 2.21%,1905,$436.22,"$831,000",,$486.60,11.55%,$400.46,$544.40,Bill Nygren - Oakmark Funds Updated 15 May 2026,Q1 2026
META - Meta Platforms Inc.,0.0,Add 4.11%,4461,$572.07,"$2,552,000",,$593.95,3.82%,$519.78,$793.65,Bill Nygren - Oakmark Funds Updated 15 May 2026,Q1 2026
MSFT - Microsoft Corp.,0.0,Reduce 1.42%,6757,$370.13,"$2,501,000",,$496.35,34.10%,$349.20,$550.24,Bill Nygren - Oakmark Funds Updated 15 May 2026,Q1 2026
NUV - Nuveen Municipal Value,0.0,,14854,$9.02,"$134,000",,$9.04,0.22%,$8.17,$9.23,Bill Nygren - Oakmark Funds Updated 15 May 2026,Q1 2026
NVDA - NVIDIA Corp.,0.0,Reduce 5.22%,12468,$174.37,"$2,174,000",,$225.95,29.58%,$163.85,$236.26,Bill Nygren - Oakmark Funds Updated 15 May 2026,Q1 2026
OSK - Oshkosh Corp.,0.0,Reduce 4.26%,1575,$147.30,"$232,000",,$151.78,3.04%,$116.25,$179.20,Bill Nygren - Oakmark Funds Updated 15 May 2026,Q1 2026
PEP - PepsiCo Inc.,0.0,Reduce 21.61%,1665,$155.56,"$259,000",,$139.97,-10.02%,$133.40,$168.19,Bill Nygren - Oakmark Funds Updated 15 May 2026,Q1 2026
PG - Procter & Gamble,0.0,Reduce 21.24%,1494,$144.58,"$216,000",,$144.44,-0.10%,$134.62,$164.77,Bill Nygren - Oakmark Funds Updated 15 May 2026,Q1 2026
PH - Parker-Hannifin,0.0,,295,$894.92,"$264,000",,$1056.97,18.11%,$710.89,$1099.94,Bill Nygren - Oakmark Funds Updated 15 May 2026,Q1 2026
PM - Philip Morris Intl.,0.0,,5099,$165.33,"$843,000",,$188.52,14.03%,$138.43,$207.76,Bill Nygren - Oakmark Funds Updated 15 May 2026,Q1 2026
SAP - SAP SE,0.0,Buy,1454,$171.25,"$249,000",,$208.21,21.58%,$144.97,$276.56,Bill Nygren - Oakmark Funds Updated 15 May 2026,Q1 2026
SGOV - Ishares 0 3 Month Treasury B,0.0,Add 834.00%,3736,$100.64,"$376,000",,$100.53,-0.11%,$96.81,$100.53,Bill Nygren - Oakmark Funds Updated 15 May 2026,Q1 2026
TFC - Truist Financial Corp.,0.0,Reduce 1.61%,22630,$45.96,"$1,040,000",,$53.07,15.47%,$39.50,$55.05,Bill Nygren - Oakmark Funds Updated 15 May 2026,Q1 2026
THC - Tenet Healthcare Corp.,0.0,,2400,$188.75,"$453,000",,$267.12,41.52%,$157.58,$269.31,Bill Nygren - Oakmark Funds Updated 15 May 2026,Q1 2026
UL - Unilever PLC,0.0,Buy,4123,$57.00,"$235,000",,$62.65,9.91%,$53.97,$73.09,Bill Nygren - Oakmark Funds Updated 15 May 2026,Q1 2026
USIG - Ishares Broad Usd Investment,0.0,Buy,50,$60.00,"$3,000",,$50.42,-15.97%,$48.99,$51.22,Bill Nygren - Oakmark Funds Updated 15 May 2026,Q1 2026
VOT - Vanguard Mid Cap Growth ETF,0.0,,700,$257.14,"$180,000",,$314.01,22.12%,$247.90,$314.01,Bill Nygren - Oakmark Funds Updated 15 May 2026,Q1 2026
VTV - Vanguard Value ETF,0.0,Reduce 87.05%,2572,$196.35,"$505,000",,$227.03,15.63%,$175.79,$227.34,Bill Nygren - Oakmark Funds Updated 15 May 2026,Q1 2026
WDAY - Workday Inc.,0.0,Add 103.72%,11667,$129.94,"$1,516,000",,$206.55,58.96%,$110.36,$249.85,Bill Nygren - Oakmark Funds Updated 15 May 2026,Q1 2026
WMT - Walmart Inc.,0.0,Reduce 40.77%,2080,$124.52,"$259,000",,$115.35,-7.36%,$94.85,$135.16,Bill Nygren - Oakmark Funds Updated 15 May 2026,Q1 2026
XOM - ExxonMobil Holdings Corp.,0.0,Reduce 25.43%,1466,$169.85,"$249,000",,$158.68,-6.58%,$102.47,$175.22,Bill Nygren - Oakmark Funds Updated 15 May 2026,Q1 2026
BRK.B - Berkshire Hathaway CL B,25.8,Reduce 12.15%,17048304,$479.20,"$8,169,547,000",,$506.45,5.69%,$464.01,$537.74,Bill & Melinda Gates Foundation Trust Updated 15 May 2026,Q1 2026
WM - Waste Management Inc.,20.06,Reduce 4.47%,27642344,$229.79,"$6,351,934,000",,$224.76,-2.19%,$191.77,$247.15,Bill & Melinda Gates Foundation Trust Updated 15 May 2026,Q1 2026
CNI - Canadian Natl Railway Co.,16.82,,51826786,$102.77,"$5,326,239,000",,$127.70,24.26%,$89.10,$131.55,Bill & Melinda Gates Foundation Trust Updated 15 May 2026,Q1 2026
CAT - Caterpillar Inc.,14.22,,6353614,$708.46,"$4,501,281,000",,$856.71,20.93%,$401.84,$1071.47,Bill & Melinda Gates Foundation Trust Updated 15 May 2026,Q1 2026
DE - Deere & Co.,6.33,,3557378,$563.30,"$2,003,871,000",,$613.22,8.86%,$429.14,$670.49,Bill & Melinda Gates Foundation Trust Updated 15 May 2026,Q1 2026
ECL - Ecolab Inc.,4.38,,5218044,$266.02,"$1,388,104,000",,$276.11,3.79%,$242.49,$307.61,Bill & Melinda Gates Foundation Trust Updated 15 May 2026,Q1 2026
WMT - Walmart Inc.,3.29,,8390477,$124.28,"$1,042,768,000",,$115.35,-7.19%,$94.85,$135.16,Bill & Melinda Gates Foundation Trust Updated 15 May 2026,Q1 2026
FDX - FedEx Corp.,2.68,,2384362,$356.18,"$849,262,000",,$337.07,-5.37%,$172.82,$344.07,Bill & Melinda Gates Foundation Trust Updated 15 May 2026,Q1 2026
KOF - Coca-Cola FEMSA S A CV,1.91,,6214719,$97.55,"$606,246,000",,$109.26,12.00%,$76.77,$113.87,Bill & Melinda Gates Foundation Trust Updated 15 May 2026,Q1 2026
WCN - Waste Connections,1.05,,2039175,$162.44,"$331,244,000",,$165.65,1.98%,$146.58,$187.14,Bill & Melinda Gates Foundation Trust Updated 15 May 2026,Q1 2026
MSGS - Madison Square Garden Sports Corp.,0.6,,592406,$321.40,"$190,399,000",,$412.22,28.26%,$188.60,$426.67,Bill & Melinda Gates Foundation Trust Updated 15 May 2026,Q1 2026
CPNG - Coupang Inc.,0.55,,9248045,$18.88,"$174,603,000",,$16.31,-13.61%,$14.92,$34.08,Bill & Melinda Gates Foundation Trust Updated 15 May 2026,Q1 2026
BUD - Anheuser-Busch InBev,0.37,,1703000,$69.37,"$118,137,000",,$80.30,15.76%,$56.78,$86.60,Bill & Melinda Gates Foundation Trust Updated 15 May 2026,Q1 2026
PCAR - PACCAR Inc.,0.36,,1000000,$115.50,"$115,500,000",,$130.54,13.02%,$90.03,$138.87,Bill & Melinda Gates Foundation Trust Updated 15 May 2026,Q1 2026
WST - West Pharmaceutical Services,0.35,,444500,$250.64,"$111,409,000",,$346.33,38.18%,$223.52,$385.75,Bill & Melinda Gates Foundation Trust Updated 15 May 2026,Q1 2026
MCD - McDonald's Corp.,0.33,,334900,$310.79,"$104,084,000",,$272.32,-12.38%,$260.96,$337.56,Bill & Melinda Gates Foundation Trust Updated 15 May 2026,Q1 2026
SDGR - SCHRODINGER Inc.,0.25,,6981664,$11.36,"$79,312,000",,$18.43,62.24%,$10.95,$23.02,Bill & Melinda Gates Foundation Trust Updated 15 May 2026,Q1 2026
DHR - Danaher Corp.,0.22,,373000,$189.60,"$70,721,000",,$204.57,7.90%,$160.60,$241.78,Bill & Melinda Gates Foundation Trust Updated 15 May 2026,Q1 2026
KHC - Kraft Heinz Co.,0.18,,2472600,$22.49,"$55,609,000",,$25.20,12.05%,$20.66,$28.09,Bill & Melinda Gates Foundation Trust Updated 15 May 2026,Q1 2026
HRL - Hormel Foods Corp.,0.15,,2085290,$22.65,"$47,232,000",,$24.52,8.26%,$19.47,$27.88,Bill & Melinda Gates Foundation Trust Updated 15 May 2026,Q1 2026
ONON - On Holding AG,0.05,,500000,$34.02,"$17,010,000",,$31.20,-8.29%,$30.11,$51.08,Bill & Melinda Gates Foundation Trust Updated 15 May 2026,Q1 2026
VLTO - Veralto Corp.,0.03,,124333,$88.42,"$10,994,000",,$97.22,9.95%,$79.91,$109.53,Bill & Melinda Gates Foundation Trust Updated 15 May 2026,Q1 2026
BN - Brookfield Corp.,17.62,Reduce 2.78%,59697208,$40.47,"$2,415,946,000",,$44.90,10.95%,$37.87,$49.40,Bill Ackman - Pershing Square Capital Management Updated 15 May 2026,Q1 2026
AMZN - Amazon.com Inc.,17.39,Add 19.19%,11451981,$208.27,"$2,385,104,000",,$265.88,27.66%,$196.00,$287.20,Bill Ackman - Pershing Square Capital Management Updated 15 May 2026,Q1 2026
UBER - Uber Technologies Inc.,15.71,Reduce 0.82%,29958771,$71.93,"$2,154,934,000",,$75.84,5.44%,$65.41,$101.99,Bill Ackman - Pershing Square Capital Management Updated 15 May 2026,Q1 2026
MSFT - Microsoft Corp.,15.26,Buy,5654078,$370.17,"$2,092,970,000",,$496.35,34.09%,$349.20,$550.24,Bill Ackman - Pershing Square Capital Management Updated 15 May 2026,Q1 2026
QSR - Restaurant Brands International,12.2,Reduce 0.97%,22645483,$73.90,"$1,673,501,000",,$76.48,3.49%,$59.14,$81.22,Bill Ackman - Pershing Square Capital Management Updated 15 May 2026,Q1 2026
META - Meta Platforms Inc.,11.1,Reduce 0.48%,2660861,$572.13,"$1,522,358,000",,$593.95,3.81%,$519.78,$793.65,Bill Ackman - Pershing Square Capital Management Updated 15 May 2026,Q1 2026
HHH - Howard Hughes Holdings Inc.,8.7,,18852064,$63.26,"$1,192,582,000",,$67.81,7.19%,$61.01,$91.07,Bill Ackman - Pershing Square Capital Management Updated 15 May 2026,Q1 2026
SEG - Seaport Entertainment Group,0.79,,5023780,$21.48,"$107,911,000",,$28.69,33.57%,$17.74,$29.61,Bill Ackman - Pershing Square Capital Management Updated 15 May 2026,Q1 2026
GOOG - Alphabet Inc. CL C,0.65,Reduce 94.94%,311726,$286.86,"$89,422,000",,$343.94,19.90%,$196.90,$404.23,Bill Ackman - Pershing Square Capital Management Updated 15 May 2026,Q1 2026
HTZ - Hertz Global Hldgs Inc.,0.51,,15241127,$4.61,"$70,262,000",,$2.45,-46.85%,$1.45,$8.18,Bill Ackman - Pershing Square Capital Management Updated 15 May 2026,Q1 2026
GOOGL - Alphabet Inc.,0.07,Reduce 95.23%,32376,$287.56,"$9,310,000",,$346.14,20.37%,$196.04,$408.37,Bill Ackman - Pershing Square Capital Management Updated 15 May 2026,Q1 2026
BRK.A - Berkshire Hathaway CL A,38.47,,145,$718137.93,"$104,130,000",,$759889.00,5.81%,$698000.00,$806102.81,Norbert Lou - Punch Card Management Updated 15 May 2026,Q1 2026
CROX - Crocs Inc.,18.24,,594570,$83.02,"$49,361,000",,$131.70,58.64%,$73.21,$141.28,Norbert Lou - Punch Card Management Updated 15 May 2026,Q1 2026
SGOV - Ishares 0 3 Month Treasury B,17.11,Reduce 18.73%,460000,$100.66,"$46,304,000",,$100.53,-0.13%,$96.81,$100.53,Norbert Lou - Punch Card Management Updated 15 May 2026,Q1 2026
PDD - Pinduoduo Inc.,15.67,,415004,$102.18,"$42,405,000",,$84.65,-17.16%,$71.94,$139.41,Norbert Lou - Punch Card Management Updated 15 May 2026,Q1 2026
PYPL - PayPal Holdings Inc.,10.51,,628907,$45.23,"$28,445,000",,$60.50,33.76%,$38.22,$78.53,Norbert Lou - Punch Card Management Updated 15 May 2026,Q1 2026
RBC - RBC Bearings Inc.,12.72,Reduce 2.95%,2275636,$543.12,"$1,235,943,000",,$553.53,1.92%,$364.50,$667.69,Henry Ellenbogen - Durable Capital Partners Updated 15 May 2026,Q1 2026
DASH - DoorDash Inc.,6.61,Add 19.48%,4276006,$150.15,"$642,042,000",,$216.54,44.22%,$143.30,$285.50,Henry Ellenbogen - Durable Capital Partners Updated 15 May 2026,Q1 2026
MELI - Mercadolibre Inc.,6.24,Add 13.94%,350845,$1729.02,"$606,618,000",,$1825.00,5.55%,$1495.00,$2548.50,Henry Ellenbogen - Durable Capital Partners Updated 15 May 2026,Q1 2026
APG - APi Group Corp.,6.16,Reduce 1.61%,14775236,$40.52,"$598,693,000",,$43.59,7.58%,$33.40,$49.99,Henry Ellenbogen - Durable Capital Partners Updated 15 May 2026,Q1 2026
Q - Qnity Electronics Inc.,6.04,Add 81.66%,5088108,$115.38,"$587,066,000",,$143.12,24.04%,$72.67,$177.28,Henry Ellenbogen - Durable Capital Partners Updated 15 May 2026,Q1 2026
XPO - XPO Logistics,5.88,Reduce 25.66%,2935934,$194.55,"$571,186,000",,$214.36,10.18%,$121.48,$232.05,Henry Ellenbogen - Durable Capital Partners Updated 15 May 2026,Q1 2026
FERG - Ferguson Enterprises Inc.,5.26,Add 40.39%,2191975,$233.26,"$511,300,000",,$247.69,6.19%,$204.50,$269.59,Henry Ellenbogen - Durable Capital Partners Updated 15 May 2026,Q1 2026
MDLN - Medline Inc Cl A,3.33,Add 5.30%,7265853,$44.50,"$323,330,000",,$36.09,-18.90%,$32.82,$50.88,Henry Ellenbogen - Durable Capital Partners Updated 15 May 2026,Q1 2026
CVNA - Carvana Co.,3.22,Add 7.64%,4978705,$62.88,"$313,041,000",,$74.54,18.54%,$54.46,$97.38,Henry Ellenbogen - Durable Capital Partners Updated 15 May 2026,Q1 2026
CLH - Clean Harbors Inc.,3.1,Add 25.90%,1050973,$286.73,"$301,345,000",,$318.82,11.19%,$201.34,$335.94,Henry Ellenbogen - Durable Capital Partners Updated 15 May 2026,Q1 2026
ULS - Ul Solutions Inc Class A,2.9,Add 28.40%,3291516,$85.71,"$282,116,000",,$77.16,-9.98%,$61.36,$107.38,Henry Ellenbogen - Durable Capital Partners Updated 15 May 2026,Q1 2026
RKT - Rocket Companies Inc.,2.83,Add 10.51%,19305725,$14.25,"$275,107,000",,$15.11,6.04%,$12.17,$24.36,Henry Ellenbogen - Durable Capital Partners Updated 15 May 2026,Q1 2026
FOUR - Shift4 Payments Inc. CL A,2.78,Reduce 6.68%,6165793,$43.73,"$269,630,000",,$47.85,9.42%,$34.56,$92.79,Henry Ellenbogen - Durable Capital Partners Updated 15 May 2026,Q1 2026
VSEC - VSE Corp.,2.67,Add 59.77%,1404771,$184.40,"$259,040,000",,$235.91,27.93%,$154.36,$247.85,Henry Ellenbogen - Durable Capital Partners Updated 15 May 2026,Q1 2026
AFRM - Affirm Holdings Inc.,2.66,Add 53.47%,5649434,$45.82,"$258,857,000",,$78.67,71.69%,$42.10,$100.00,Henry Ellenbogen - Durable Capital Partners Updated 15 May 2026,Q1 2026
IWM - iShares Russell 2000 ETF,2.62,Add 961.85%,1027614,$248.00,"$254,848,000",,$303.66,22.44%,$221.39,$304.78,Henry Ellenbogen - Durable Capital Partners Updated 15 May 2026,Q1 2026
PRVA - Privia Health Group Inc.,2.56,,12087843,$20.57,"$248,647,000",,$21.69,5.44%,$19.53,$28.82,Henry Ellenbogen - Durable Capital Partners Updated 15 May 2026,Q1 2026
CPNG - Coupang Inc.,2.5,Reduce 47.38%,12866806,$18.88,"$242,925,000",,$16.31,-13.61%,$14.92,$34.08,Henry Ellenbogen - Durable Capital Partners Updated 15 May 2026,Q1 2026
OPCH - Option Care Health Inc.,2.49,,8991254,$26.92,"$242,045,000",,$24.12,-10.40%,$18.01,$36.80,Henry Ellenbogen - Durable Capital Partners Updated 15 May 2026,Q1 2026
TECH - Bio-Techne Corp.,2.4,Add 113.32%,4456017,$52.26,"$232,871,000",,$72.24,38.23%,$43.12,$72.39,Henry Ellenbogen - Durable Capital Partners Updated 15 May 2026,Q1 2026
WIX - Wix.com Ltd.,1.89,Buy,2041688,$90.07,"$183,895,000",,$79.62,-11.60%,$40.16,$190.93,Henry Ellenbogen - Durable Capital Partners Updated 15 May 2026,Q1 2026
CRH - CRH plc,1.6,Buy,1477777,$105.12,"$155,344,000",,$98.36,-6.43%,$94.12,$130.61,Henry Ellenbogen - Durable Capital Partners Updated 15 May 2026,Q1 2026
YOU - Clear Secure Inc.,1.48,Reduce 14.15%,2971595,$48.41,"$143,855,000",,$45.88,-5.23%,$29.03,$69.07,Henry Ellenbogen - Durable Capital Partners Updated 15 May 2026,Q1 2026
WRBY - Warby Parker Inc.,1.39,Reduce 12.50%,6396513,$21.07,"$134,775,000",,$25.90,22.92%,$14.96,$31.00,Henry Ellenbogen - Durable Capital Partners Updated 15 May 2026,Q1 2026
SHOP - Shopify Inc.,1.19,Reduce 52.44%,971814,$118.62,"$115,277,000",,$157.57,32.84%,$94.00,$182.19,Henry Ellenbogen - Durable Capital Partners Updated 15 May 2026,Q1 2026
ENTG - Entegris Inc.,1.17,Buy,971701,$117.24,"$113,922,000",,$164.58,40.38%,$67.81,$186.78,Henry Ellenbogen - Durable Capital Partners Updated 15 May 2026,Q1 2026
FN - Fabrinet,1.16,Buy,216472,$521.52,"$112,894,000",,$574.12,10.09%,$272.49,$748.89,Henry Ellenbogen - Durable Capital Partners Updated 15 May 2026,Q1 2026
AYI - Acuity Brands Inc.,1.03,Reduce 56.37%,355729,$280.22,"$99,682,000",,$359.89,28.43%,$256.71,$379.43,Henry Ellenbogen - Durable Capital Partners Updated 15 May 2026,Q1 2026
CIGI - Colliers International Group Inc.,0.91,Reduce 75.40%,828839,$106.89,"$88,595,000",,$105.21,-1.57%,$88.24,$171.06,Henry Ellenbogen - Durable Capital Partners Updated 15 May 2026,Q1 2026
AIT - Applied Industrial Tech.,0.81,Buy,296601,$265.32,"$78,694,000",,$354.18,33.49%,$237.08,$363.59,Henry Ellenbogen - Durable Capital Partners Updated 15 May 2026,Q1 2026
FLS - Flowserve Corp.,0.72,Buy,951798,$73.51,"$69,967,000",,$80.89,10.04%,$48.28,$91.86,Henry Ellenbogen - Durable Capital Partners Updated 15 May 2026,Q1 2026
GSHD - Goosehead Insurance Inc.,0.69,,1562969,$42.66,"$66,676,000",,$66.75,56.47%,$33.68,$90.79,Henry Ellenbogen - Durable Capital Partners Updated 15 May 2026,Q1 2026
ANDG - Andersen Group Inc A,0.47,,1670485,$27.20,"$45,437,000",,$48.06,76.69%,$18.12,$50.76,Henry Ellenbogen - Durable Capital Partners Updated 15 May 2026,Q1 2026
RBLX - Roblox Corp.,0.38,Reduce 44.40%,646429,$56.56,"$36,562,000",,$37.74,-33.27%,$33.88,$142.00,Henry Ellenbogen - Durable Capital Partners Updated 15 May 2026,Q1 2026
AUR - Aurora Innovation Inc.,0.06,Reduce 78.05%,1486036,$4.12,"$6,122,000",,$6.95,68.69%,$3.60,$8.57,Henry Ellenbogen - Durable Capital Partners Updated 15 May 2026,Q1 2026
ESAB - ESAB Corp.,0.03,Buy,34315,$96.66,"$3,317,000",,$86.13,-10.89%,$82.08,$137.11,Henry Ellenbogen - Durable Capital Partners Updated 15 May 2026,Q1 2026
XMTR - Xometry Inc.,0.02,Buy,55405,$40.84,"$2,263,000",,$94.92,132.42%,$35.86,$106.08,Henry Ellenbogen - Durable Capital Partners Updated 15 May 2026,Q1 2026
BRK.B - Berkshire Hathaway CL B,14.48,Add 1.53%,253025,$479.20,"$121,250,000",,$506.45,5.69%,$464.01,$537.74,Christopher Bloomstran - Semper Augustus Updated 15 May 2026,Q1 2026
BRK.A - Berkshire Hathaway CL A,9.95,,116,$718137.93,"$83,304,000",,$759889.00,5.81%,$698000.00,$806102.81,Christopher Bloomstran - Semper Augustus Updated 15 May 2026,Q1 2026
DG - Dollar General,9.19,Reduce 29.99%,648227,$118.73,"$76,964,000",,$122.16,2.89%,$93.78,$156.68,Christopher Bloomstran - Semper Augustus Updated 15 May 2026,Q1 2026
DECK - Deckers Outdoor,7.9,Add 3.33%,661029,$100.09,"$66,162,000",,$93.30,-6.78%,$78.91,$125.45,Christopher Bloomstran - Semper Augustus Updated 15 May 2026,Q1 2026
ALK - Alaska Air Group,7.45,Add 314.16%,1695062,$36.78,"$62,344,000",,$47.72,29.74%,$33.03,$65.88,Christopher Bloomstran - Semper Augustus Updated 15 May 2026,Q1 2026
OLN - Olin Corp.,7.21,Add 4.42%,2029319,$29.73,"$60,332,000",,$19.08,-35.82%,$17.73,$30.25,Christopher Bloomstran - Semper Augustus Updated 15 May 2026,Q1 2026
DLTR - Dollar Tree Inc.,6.72,Add 0.16%,513485,$109.51,"$56,232,000",,$129.27,18.04%,$84.71,$142.40,Christopher Bloomstran - Semper Augustus Updated 15 May 2026,Q1 2026
NEM - Newmont Corp.,6.19,Reduce 27.76%,479138,$108.25,"$51,867,000",,$114.02,5.33%,$66.49,$134.29,Christopher Bloomstran - Semper Augustus Updated 15 May 2026,Q1 2026
KGC - Kinross Gold Corp.,5.5,Reduce 28.59%,1508941,$30.52,"$46,053,000",,$26.79,-12.22%,$18.55,$39.01,Christopher Bloomstran - Semper Augustus Updated 15 May 2026,Q1 2026
FIVE - Five Below Inc.,5.26,Reduce 27.36%,192666,$228.48,"$44,020,000",,$243.20,6.44%,$131.52,$251.63,Christopher Bloomstran - Semper Augustus Updated 15 May 2026,Q1 2026
DINO - HF Sinclair Corp.,2.69,Add 0.60%,360678,$62.39,"$22,503,000",,$91.84,47.20%,$42.12,$93.64,Christopher Bloomstran - Semper Augustus Updated 15 May 2026,Q1 2026
SBUX - Starbucks Corp.,2.69,Add 4.07%,251300,$89.59,"$22,514,000",,$109.28,21.98%,$76.49,$110.29,Christopher Bloomstran - Semper Augustus Updated 15 May 2026,Q1 2026
CMI - Cummins Inc.,2.54,Reduce 0.61%,39530,$538.02,"$21,268,000",,$632.14,17.49%,$385.21,$737.76,Christopher Bloomstran - Semper Augustus Updated 15 May 2026,Q1 2026
BLDR - Builders FirstSource Inc.,2.24,Buy,228210,$82.33,"$18,789,000",,$73.94,-10.19%,$65.10,$151.03,Christopher Bloomstran - Semper Augustus Updated 15 May 2026,Q1 2026
DIS - Walt Disney Co.,1.76,Add 4.67%,152583,$96.38,"$14,706,000",,$104.35,8.27%,$91.48,$118.07,Christopher Bloomstran - Semper Augustus Updated 15 May 2026,Q1 2026
VLO - Valero Energy,1.3,Reduce 77.82%,44056,$247.07,"$10,885,000",,$341.38,38.17%,$130.30,$341.38,Christopher Bloomstran - Semper Augustus Updated 15 May 2026,Q1 2026
XOM - ExxonMobil Holdings Corp.,1.17,Reduce 0.07%,57517,$169.65,"$9,758,000",,$158.68,-6.47%,$102.47,$175.22,Christopher Bloomstran - Semper Augustus Updated 15 May 2026,Q1 2026
EQNR - Equinor ASA,0.89,Reduce 70.60%,175954,$42.20,"$7,425,000",,$40.55,-3.91%,$21.74,$43.02,Christopher Bloomstran - Semper Augustus Updated 15 May 2026,Q1 2026
PSKY - Paramount Skydance Corp.,0.7,Reduce 0.96%,652707,$9.02,"$5,887,000",,$9.88,9.53%,$7.62,$20.57,Christopher Bloomstran - Semper Augustus Updated 15 May 2026,Q1 2026
TRV - Travelers Companies Inc.,0.67,,19100,$291.68,"$5,571,000",,$370.29,26.95%,$249.31,$398.70,Christopher Bloomstran - Semper Augustus Updated 15 May 2026,Q1 2026
MRK - Merck & Co.,0.64,Add 0.43%,44633,$120.29,"$5,369,000",,$134.71,11.99%,$75.81,$135.05,Christopher Bloomstran - Semper Augustus Updated 15 May 2026,Q1 2026
COST - Costco Co.,0.4,Reduce 2.32%,3367,$996.44,"$3,355,000",,$956.87,-3.97%,$840.35,$1094.76,Christopher Bloomstran - Semper Augustus Updated 15 May 2026,Q1 2026
GE - GE Aerospace,0.32,,9352,$283.79,"$2,654,000",,$361.73,27.46%,$262.47,$388.84,Christopher Bloomstran - Semper Augustus Updated 15 May 2026,Q1 2026
NXPI - NXP Semiconductors NV,0.31,Reduce 2.27%,12996,$196.83,"$2,558,000",,$232.95,18.35%,$180.63,$338.80,Christopher Bloomstran - Semper Augustus Updated 15 May 2026,Q1 2026
GLDM - SPDR Gold Minishares Trust,0.27,,23979,$92.71,"$2,223,000",,$85.97,-7.27%,$65.64,$109.74,Christopher Bloomstran - Semper Augustus Updated 15 May 2026,Q1 2026
GEV - Ge Vernova Inc,0.21,,1994,$873.12,"$1,741,000",,$1058.04,21.18%,$529.18,$1195.94,Christopher Bloomstran - Semper Augustus Updated 15 May 2026,Q1 2026
SMHI - SEACOR Marine Holdings Inc.,0.18,,208175,$7.16,"$1,491,000",,$9.71,35.61%,$5.55,$9.88,Christopher Bloomstran - Semper Augustus Updated 15 May 2026,Q1 2026
CVX - Chevron Corp.,0.15,Reduce 5.10%,6063,$206.83,"$1,254,000",,$197.51,-4.51%,$143.75,$212.76,Christopher Bloomstran - Semper Augustus Updated 15 May 2026,Q1 2026
KO - Coca Cola Co.,0.14,,15328,$76.07,"$1,166,000",,$87.44,14.95%,$64.04,$90.92,Christopher Bloomstran - Semper Augustus Updated 15 May 2026,Q1 2026
AAPL - Apple Inc.,0.13,,4140,$253.86,"$1,051,000",,$304.33,19.88%,$222.96,$344.27,Christopher Bloomstran - Semper Augustus Updated 15 May 2026,Q1 2026
AXP - American Express,0.12,Reduce 0.15%,3436,$302.39,"$1,039,000",,$344.45,13.91%,$289.26,$384.36,Christopher Bloomstran - Semper Augustus Updated 15 May 2026,Q1 2026
SGOV - Ishares 0 3 Month Treasury B,0.12,Add 180.03%,9916,$100.65,"$998,000",,$100.53,-0.12%,$96.81,$100.53,Christopher Bloomstran - Semper Augustus Updated 15 May 2026,Q1 2026
PHYS - Sprott Physical Gold Trust,0.1,,23869,$35.44,"$846,000",,$32.99,-6.91%,$25.42,$42.07,Christopher Bloomstran - Semper Augustus Updated 15 May 2026,Q1 2026
GOOG - Alphabet Inc. CL C,0.08,Buy,2432,$287.01,"$698,000",,$343.94,19.84%,$196.90,$404.23,Christopher Bloomstran - Semper Augustus Updated 15 May 2026,Q1 2026
SHEL - Shell plc,0.06,,4968,$93.00,"$462,000",,$89.92,-3.31%,$67.38,$94.05,Christopher Bloomstran - Semper Augustus Updated 15 May 2026,Q1 2026
FLEX - Flex Ltd.,0.04,,4485,$65.55,"$294,000",,$125.08,90.82%,$47.83,$166.86,Christopher Bloomstran - Semper Augustus Updated 15 May 2026,Q1 2026
GEHC - GE HealthCare Technologies Inc.,0.04,,4581,$71.16,"$326,000",,$73.72,3.60%,$58.72,$89.64,Christopher Bloomstran - Semper Augustus Updated 15 May 2026,Q1 2026
MA - Mastercard Inc.,0.04,Buy,658,$500.00,"$329,000",,$566.09,13.22%,$463.74,$598.04,Christopher Bloomstran - Semper Augustus Updated 15 May 2026,Q1 2026
SIVR - Abrdn Physical Silver Shares,0.04,,4245,$71.61,"$304,000",,$61.02,-14.79%,$35.51,$115.26,Christopher Bloomstran - Semper Augustus Updated 15 May 2026,Q1 2026
SYF - Synchrony Financial,0.04,,4437,$68.06,"$302,000",,$80.35,18.06%,$62.56,$87.67,Christopher Bloomstran - Semper Augustus Updated 15 May 2026,Q1 2026
NFLX - Netflix Inc.,0.03,Buy,2980,$96.31,"$287,000",,$77.52,-19.51%,$65.08,$126.71,Christopher Bloomstran - Semper Augustus Updated 15 May 2026,Q1 2026
PM - Philip Morris Intl.,0.03,Buy,1762,$165.15,"$291,000",,$188.52,14.15%,$138.43,$207.76,Christopher Bloomstran - Semper Augustus Updated 15 May 2026,Q1 2026
PSX - Phillips 66,0.03,Buy,1472,$182.07,"$268,000",,$231.43,27.11%,$115.58,$231.43,Christopher Bloomstran - Semper Augustus Updated 15 May 2026,Q1 2026
GOOGL - Alphabet Inc.,0.02,,700,$287.14,"$201,000",,$346.14,20.55%,$196.04,$408.37,Christopher Bloomstran - Semper Augustus Updated 15 May 2026,Q1 2026
RYN - Rayonier Inc.,10.92,Add 89.52%,10762643,$20.62,"$221,926,000",,$21.75,5.48%,$19.25,$24.84,Mason Hawkins - Southeastern Asset Management Updated 15 May 2026,Q1 2026
MAT - Mattel Inc.,9.16,Add 49.49%,12812157,$14.53,"$186,161,000",,$14.82,2.00%,$12.73,$22.48,Mason Hawkins - Southeastern Asset Management Updated 15 May 2026,Q1 2026
PPLI - People Inc.,7.92,Add 0.84%,4022729,$40.03,"$161,030,000",,$40.30,0.67%,$29.56,$48.32,Mason Hawkins - Southeastern Asset Management Updated 15 May 2026,Q1 2026
CNX - CNX Resources Corp.,7.61,Reduce 15.24%,4014111,$38.55,"$154,744,000",,$35.39,-8.20%,$27.72,$43.62,Mason Hawkins - Southeastern Asset Management Updated 15 May 2026,Q1 2026
ACI - Albertsons Co Inc.,6.22,Add 20.32%,7419801,$17.04,"$126,433,000",,$12.43,-27.05%,$10.86,$19.18,Mason Hawkins - Southeastern Asset Management Updated 15 May 2026,Q1 2026
REGN - Regeneron Pharmaceuticals,4.97,Reduce 21.19%,130662,$772.64,"$100,955,000",,$807.02,4.45%,$538.87,$818.90,Mason Hawkins - Southeastern Asset Management Updated 15 May 2026,Q1 2026
KHC - Kraft Heinz Co.,4.37,Reduce 12.02%,3948713,$22.49,"$88,807,000",,$25.20,12.05%,$20.66,$28.09,Mason Hawkins - Southeastern Asset Management Updated 15 May 2026,Q1 2026
FDX - FedEx Corp.,4.34,Reduce 31.08%,247495,$356.18,"$88,153,000",,$337.07,-5.37%,$172.82,$344.07,Mason Hawkins - Southeastern Asset Management Updated 15 May 2026,Q1 2026
FBIN - Fortune Brands Innovations Inc.,4.13,Add 82.78%,2153285,$38.97,"$83,913,000",,$48.60,24.71%,$32.11,$64.07,Mason Hawkins - Southeastern Asset Management Updated 15 May 2026,Q1 2026
MGM - MGM Resorts International,3.03,Reduce 18.22%,1662961,$37.01,"$61,546,000",,$44.06,19.05%,$29.19,$51.59,Mason Hawkins - Southeastern Asset Management Updated 15 May 2026,Q1 2026
PVH - PVH Corp.,2.53,,736935,$69.76,"$51,408,000",,$81.45,16.76%,$59.58,$100.75,Mason Hawkins - Southeastern Asset Management Updated 15 May 2026,Q1 2026
GLIBK - GCI Liberty Inc. Series C,2.42,,1321110,$37.21,"$49,158,000",,$26.71,-28.22%,$19.30,$41.18,Mason Hawkins - Southeastern Asset Management Updated 15 May 2026,Q1 2026
TRIP - TripAdvisor Inc.,2.41,Add 62.00%,4598068,$10.66,"$49,015,000",,$10.97,2.91%,$9.01,$20.16,Mason Hawkins - Southeastern Asset Management Updated 15 May 2026,Q1 2026
BIO - Bio-Rad Laboratories Inc.,2.23,Reduce 28.48%,162804,$278.75,"$45,381,000",,$359.79,29.07%,$236.73,$362.42,Mason Hawkins - Southeastern Asset Management Updated 15 May 2026,Q1 2026
SHEN - Shenandoah Telecommunications Co.,2.23,,2940296,$15.42,"$45,339,000",,$13.50,-12.45%,$9.67,$17.35,Mason Hawkins - Southeastern Asset Management Updated 15 May 2026,Q1 2026
WTM - White Mountains Insurance,2.04,Reduce 40.40%,18864,$2196.94,"$41,443,000",,$2124.41,-3.30%,$1647.25,$2333.00,Mason Hawkins - Southeastern Asset Management Updated 15 May 2026,Q1 2026
CNH - CNH Industrial NV,2.01,,3716808,$11.00,"$40,885,000",,$10.41,-5.36%,$8.91,$13.18,Mason Hawkins - Southeastern Asset Management Updated 15 May 2026,Q1 2026
GHC - Graham Holdings Co.,1.96,Add 5.71%,37760,$1057.26,"$39,922,000",,$1172.35,10.89%,$923.50,$1262.35,Mason Hawkins - Southeastern Asset Management Updated 15 May 2026,Q1 2026
FIS - Fidelity National Information Services,1.91,Add 33.01%,827501,$46.91,"$38,818,000",,$43.70,-6.84%,$37.42,$70.62,Mason Hawkins - Southeastern Asset Management Updated 15 May 2026,Q1 2026
ESRT - Empire State Realty Trust Inc.,1.66,Add 74.75%,6473317,$5.20,"$33,661,000",,$4.87,-6.35%,$4.61,$7.90,Mason Hawkins - Southeastern Asset Management Updated 15 May 2026,Q1 2026
ACMR - ACM Research Inc.,1.52,Reduce 53.40%,782900,$39.35,"$30,807,000",,$81.91,108.16%,$24.14,$127.19,Mason Hawkins - Southeastern Asset Management Updated 15 May 2026,Q1 2026
EDU - New Oriental Education & Technology,1.46,Add 37.60%,522280,$56.63,"$29,577,000",,$52.32,-7.61%,$44.25,$64.22,Mason Hawkins - Southeastern Asset Management Updated 15 May 2026,Q1 2026
BATRK - Atlanta Braves Holdings Inc. Series C,1.41,,671014,$42.70,"$28,652,000",,$53.21,24.61%,$37.76,$53.59,Mason Hawkins - Southeastern Asset Management Updated 15 May 2026,Q1 2026
AVTR - Avantor Inc.,1.36,Reduce 0.80%,3520212,$7.84,"$27,599,000",,$13.81,76.15%,$7.27,$15.93,Mason Hawkins - Southeastern Asset Management Updated 15 May 2026,Q1 2026
DOLE - Dole Food Company,1.36,,1933708,$14.29,"$27,633,000",,$13.30,-6.93%,$12.30,$16.38,Mason Hawkins - Southeastern Asset Management Updated 15 May 2026,Q1 2026
SAM - Boston Beer Company,1.34,Reduce 20.00%,118401,$230.40,"$27,280,000",,$183.93,-20.17%,$158.68,$264.46,Mason Hawkins - Southeastern Asset Management Updated 15 May 2026,Q1 2026
SN - Sharkninja Inc,1.31,Reduce 13.34%,250666,$105.90,"$26,546,000",,$188.58,78.07%,$83.12,$191.22,Mason Hawkins - Southeastern Asset Management Updated 15 May 2026,Q1 2026
MICC - Magnum Ice Cream Co NV,1.19,Add 13.23%,1619620,$14.95,"$24,214,000",,$20.03,33.98%,$12.94,$20.03,Mason Hawkins - Southeastern Asset Management Updated 15 May 2026,Q1 2026
ALX - Alexander's Inc.,1.15,Reduce 19.31%,99013,$236.20,"$23,387,000",,$274.04,16.02%,$190.65,$284.73,Mason Hawkins - Southeastern Asset Management Updated 15 May 2026,Q1 2026
CLW - Clearwater Paper Corp.,1.08,Add 10.47%,1525491,$14.38,"$21,936,000",,$21.96,52.71%,$11.73,$23.59,Mason Hawkins - Southeastern Asset Management Updated 15 May 2026,Q1 2026
KSPI - Jsc Kaspi.kz ADR,0.88,,240628,$74.07,"$17,823,000",,$98.83,33.43%,$65.63,$99.60,Mason Hawkins - Southeastern Asset Management Updated 15 May 2026,Q1 2026
HTHT - H World Group Ltd ADR,0.57,,231372,$50.29,"$11,636,000",,$40.58,-19.31%,$30.82,$55.19,Mason Hawkins - Southeastern Asset Management Updated 15 May 2026,Q1 2026
MLCO - Melco Resorts & Entertainment,0.5,,1797254,$5.68,"$10,208,000",,$5.48,-3.52%,$5.07,$10.15,Mason Hawkins - Southeastern Asset Management Updated 15 May 2026,Q1 2026
GLBAV-OLD - GCI Liberty Inc. Series A,0.15,Buy,80675,$36.85,"$2,973,000",,,,,,Mason Hawkins - Southeastern Asset Management Updated 15 May 2026,Q1 2026
AMG - Affiliated Managers Group,0.08,,5562,$276.70,"$1,539,000",,$368.84,33.30%,$214.97,$392.91,Mason Hawkins - Southeastern Asset Management Updated 15 May 2026,Q1 2026
CAH - Cardinal Health Inc.,0.08,Reduce 15.17%,7337,$211.26,"$1,550,000",,$230.24,8.98%,$143.97,$258.30,Mason Hawkins - Southeastern Asset Management Updated 15 May 2026,Q1 2026
HSIC - Henry Schein Inc.,0.06,,17038,$73.72,"$1,256,000",,$89.59,21.53%,$61.95,$92.18,Mason Hawkins - Southeastern Asset Management Updated 15 May 2026,Q1 2026
LYV - Live Nation Inc.,0.06,,8434,$152.48,"$1,286,000",,$185.79,21.85%,$125.34,$188.00,Mason Hawkins - Southeastern Asset Management Updated 15 May 2026,Q1 2026
XPO - XPO Logistics,0.06,Reduce 51.31%,6336,$194.60,"$1,233,000",,$214.36,10.15%,$121.48,$232.05,Mason Hawkins - Southeastern Asset Management Updated 15 May 2026,Q1 2026
ENOV - Enovis Corp.,0.05,,44258,$22.75,"$1,007,000",,$25.00,9.89%,$19.14,$34.28,Mason Hawkins - Southeastern Asset Management Updated 15 May 2026,Q1 2026
H - Hyatt Hotels Corp.,0.05,,7733,$143.80,"$1,112,000",,$178.26,23.96%,$133.82,$206.86,Mason Hawkins - Southeastern Asset Management Updated 15 May 2026,Q1 2026
MSGS - Madison Square Garden Sports Corp.,0.05,,3218,$321.32,"$1,034,000",,$412.22,28.29%,$188.60,$426.67,Mason Hawkins - Southeastern Asset Management Updated 15 May 2026,Q1 2026
PYPL - PayPal Holdings Inc.,0.05,Reduce 95.95%,22463,$45.23,"$1,016,000",,$60.50,33.76%,$38.22,$78.53,Mason Hawkins - Southeastern Asset Management Updated 15 May 2026,Q1 2026
LAZ - Lazard Inc.,0.04,,18608,$42.45,"$790,000",,$44.94,5.87%,$37.82,$57.45,Mason Hawkins - Southeastern Asset Management Updated 15 May 2026,Q1 2026
RXO - Rxo Inc,0.03,,43731,$14.61,"$639,000",,$23.58,61.40%,$10.43,$29.90,Mason Hawkins - Southeastern Asset Management Updated 15 May 2026,Q1 2026
STZ - Constellation Brands,0.03,,3661,$149.96,"$549,000",,$135.48,-9.66%,$123.82,$166.32,Mason Hawkins - Southeastern Asset Management Updated 15 May 2026,Q1 2026
CLVT - Clarivate Plc,0.02,,121927,$2.53,"$308,000",,$1.93,-23.72%,$1.66,$4.56,Mason Hawkins - Southeastern Asset Management Updated 15 May 2026,Q1 2026
FISV - Fiserv Inc.,0.01,,3990,$55.89,"$223,000",,$55.21,-1.22%,$47.04,$140.42,Mason Hawkins - Southeastern Asset Management Updated 15 May 2026,Q1 2026
HDB - HDFC Bank Ltd.,0.01,,10462,$24.85,"$260,000",,$23.19,-6.68%,$22.26,$37.19,Mason Hawkins - Southeastern Asset Management Updated 15 May 2026,Q1 2026
SNX - SYNNEX Corp.,12.75,Reduce 3.46%,3053644,$168.71,"$515,180,000",,$255.95,51.71%,$141.15,$295.89,Glenn Greenberg - Brave Warrior Advisors Updated 15 May 2026,Q1 2026
OMF - OneMain Holdings,10.2,Reduce 0.46%,7703307,$53.49,"$412,050,000",,$65.31,22.10%,$44.20,$68.16,Glenn Greenberg - Brave Warrior Advisors Updated 15 May 2026,Q1 2026
ICLR - ICON plc,8.21,Buy,2996811,$110.66,"$331,627,000",,$166.42,50.39%,$66.57,$203.91,Glenn Greenberg - Brave Warrior Advisors Updated 15 May 2026,Q1 2026
ELV - Elevance Health Inc.,8.13,Reduce 10.34%,1122308,$292.75,"$328,556,000",,$398.02,35.96%,$272.05,$436.24,Glenn Greenberg - Brave Warrior Advisors Updated 15 May 2026,Q1 2026
AN - AutoNation Inc.,7.48,Reduce 0.32%,1547728,$195.26,"$302,209,000",,$208.07,6.56%,$176.62,$235.81,Glenn Greenberg - Brave Warrior Advisors Updated 15 May 2026,Q1 2026
SLM - SLM Corp.,7.2,Add 5.86%,13584368,$21.41,"$290,841,000",,$27.73,29.52%,$17.55,$32.47,Glenn Greenberg - Brave Warrior Advisors Updated 15 May 2026,Q1 2026
MRP - Millrose Properties,5.9,Reduce 0.98%,8515897,$28.00,"$238,445,000",,$30.25,8.04%,$25.60,$32.54,Glenn Greenberg - Brave Warrior Advisors Updated 15 May 2026,Q1 2026
PRI - Primerica Inc.,5.45,Add 12.72%,879323,$250.48,"$220,253,000",,$312.63,24.81%,$228.06,$327.28,Glenn Greenberg - Brave Warrior Advisors Updated 15 May 2026,Q1 2026
LEN - Lennar Corp.,5.18,Reduce 0.06%,2410050,$86.84,"$209,289,000",,$87.59,0.86%,$79.83,$141.39,Glenn Greenberg - Brave Warrior Advisors Updated 15 May 2026,Q1 2026
BLDR - Builders FirstSource Inc.,4.83,Reduce 0.29%,2372292,$82.33,"$195,311,000",,$73.94,-10.19%,$65.10,$151.03,Glenn Greenberg - Brave Warrior Advisors Updated 15 May 2026,Q1 2026
MPLX - MPLX LP,4.6,Reduce 27.28%,3253524,$57.07,"$185,679,000",,$59.33,3.96%,$44.22,$60.16,Glenn Greenberg - Brave Warrior Advisors Updated 15 May 2026,Q1 2026
COF - Capital One Financial,4.53,Reduce 0.45%,1004304,$182.43,"$183,215,000",,$223.88,22.72%,$174.23,$257.54,Glenn Greenberg - Brave Warrior Advisors Updated 15 May 2026,Q1 2026
RYAAY - Ryanair Holdings PLC,4.35,Reduce 0.57%,3039376,$57.80,"$175,676,000",,$59.20,2.42%,$53.14,$73.75,Glenn Greenberg - Brave Warrior Advisors Updated 15 May 2026,Q1 2026
FNF - Fidelity National Financial Inc.,4.02,Reduce 0.48%,3502213,$46.38,"$162,433,000",,$48.72,5.05%,$42.32,$57.15,Glenn Greenberg - Brave Warrior Advisors Updated 15 May 2026,Q1 2026
FG - F&G Annuities & Life Inc.,3.35,Reduce 0.44%,5353141,$25.32,"$135,542,000",,$27.55,8.81%,$20.16,$34.67,Glenn Greenberg - Brave Warrior Advisors Updated 15 May 2026,Q1 2026
DHI - D.R. Horton,2.36,Reduce 1.18%,693561,$137.22,"$95,170,000",,$149.43,8.90%,$130.96,$182.36,Glenn Greenberg - Brave Warrior Advisors Updated 15 May 2026,Q1 2026
AM - Antero Midstream Corp.,1.04,Reduce 0.44%,1839879,$22.80,"$41,949,000",,$22.17,-2.76%,$16.41,$23.35,Glenn Greenberg - Brave Warrior Advisors Updated 15 May 2026,Q1 2026
GOOGL - Alphabet Inc.,0.14,,20258,$287.54,"$5,825,000",,$346.14,20.38%,$196.04,$408.37,Glenn Greenberg - Brave Warrior Advisors Updated 15 May 2026,Q1 2026
JPM - JPMorgan Chase & Co.,0.04,,5643,$294.17,"$1,660,000",,$363.49,23.56%,$276.43,$366.09,Glenn Greenberg - Brave Warrior Advisors Updated 15 May 2026,Q1 2026
SUNB - Sunbelt Rentals Holdings Inc,0.04,Buy,23762,$65.10,"$1,547,000",,$80.65,23.89%,$60.40,$85.78,Glenn Greenberg - Brave Warrior Advisors Updated 15 May 2026,Q1 2026
GOOG - Alphabet Inc. CL C,0.03,,3790,$286.81,"$1,087,000",,$343.94,19.92%,$196.90,$404.23,Glenn Greenberg - Brave Warrior Advisors Updated 15 May 2026,Q1 2026
BAC - Bank of America Corp.,0.02,Reduce 45.23%,14532,$48.72,"$708,000",,$64.06,31.49%,$45.79,$64.95,Glenn Greenberg - Brave Warrior Advisors Updated 15 May 2026,Q1 2026
CMCSA - Comcast Corp.,0.02,,31094,$28.72,"$893,000",,$26.08,-9.19%,$21.28,$32.04,Glenn Greenberg - Brave Warrior Advisors Updated 15 May 2026,Q1 2026
HCA - HCA Healthcare Inc.,0.02,Reduce 66.02%,1333,$473.37,"$631,000",,$411.50,-13.07%,$353.99,$554.58,Glenn Greenberg - Brave Warrior Advisors Updated 15 May 2026,Q1 2026
MSFT - Microsoft Corp.,0.02,Add 285.71%,2025,$370.37,"$750,000",,$496.35,34.01%,$349.20,$550.24,Glenn Greenberg - Brave Warrior Advisors Updated 15 May 2026,Q1 2026
AMAT - Applied Materials,0.01,,961,$341.31,"$328,000",,$549.88,61.11%,$153.78,$739.67,Glenn Greenberg - Brave Warrior Advisors Updated 15 May 2026,Q1 2026
AMZN - Amazon.com Inc.,0.01,,1400,$208.57,"$292,000",,$265.88,27.48%,$196.00,$287.20,Glenn Greenberg - Brave Warrior Advisors Updated 15 May 2026,Q1 2026
APO - Apollo Global Management,0.01,Buy,4500,$111.33,"$501,000",,$143.98,29.33%,$99.14,$152.03,Glenn Greenberg - Brave Warrior Advisors Updated 15 May 2026,Q1 2026
ARES - Ares Management LP,0.01,Buy,5000,$109.20,"$546,000",,$149.55,36.95%,$93.57,$188.31,Glenn Greenberg - Brave Warrior Advisors Updated 15 May 2026,Q1 2026
ET - Energy Transfer LP,0.01,Buy,15000,$19.33,"$290,000",,$20.86,7.92%,$15.10,$21.05,Glenn Greenberg - Brave Warrior Advisors Updated 15 May 2026,Q1 2026
FAF - First Amer'n Corp.,0.01,Buy,5000,$60.20,"$301,000",,$73.53,22.14%,$55.74,$79.87,Glenn Greenberg - Brave Warrior Advisors Updated 15 May 2026,Q1 2026
MA - Mastercard Inc.,0.01,,422,$500.00,"$211,000",,$566.09,13.22%,$463.74,$598.04,Glenn Greenberg - Brave Warrior Advisors Updated 15 May 2026,Q1 2026
MAR - Marriott Int'l.,0.01,,1194,$327.47,"$391,000",,$352.05,7.51%,$255.16,$410.98,Glenn Greenberg - Brave Warrior Advisors Updated 15 May 2026,Q1 2026
MCO - Moody's Corp.,0.01,,471,$435.24,"$205,000",,$486.60,11.80%,$400.46,$544.40,Glenn Greenberg - Brave Warrior Advisors Updated 15 May 2026,Q1 2026
META - Meta Platforms Inc.,0.01,Add 10.36%,373,$571.05,"$213,000",,$593.95,4.01%,$519.78,$793.65,Glenn Greenberg - Brave Warrior Advisors Updated 15 May 2026,Q1 2026
PGR - Progressive Corp.,0.01,Add 2.46%,1789,$198.43,"$355,000",,$209.06,5.36%,$187.79,$239.38,Glenn Greenberg - Brave Warrior Advisors Updated 15 May 2026,Q1 2026
AMZN - Amazon.com Inc.,19.4,Reduce 10.39%,1940000,$208.27,"$404,044,000",,$265.88,27.66%,$196.00,$287.20,Daniel Loeb - Third Point Updated 15 May 2026,Q1 2026
TDS - Telephone & Data Systems,13.34,Reduce 1.12%,6600000,$42.10,"$277,860,000",,$34.66,-17.67%,$31.51,$49.07,Daniel Loeb - Third Point Updated 15 May 2026,Q1 2026
CRH - CRH plc,9.59,Reduce 26.92%,1900000,$105.12,"$199,728,000",,$98.36,-6.43%,$94.12,$130.61,Daniel Loeb - Third Point Updated 15 May 2026,Q1 2026
SGI - Somnigroup International Inc.,8.06,Reduce 33.21%,2270769,$73.92,"$167,855,000",,$66.13,-10.54%,$60.23,$98.11,Daniel Loeb - Third Point Updated 15 May 2026,Q1 2026
CRS - Carpenter Technology,5.87,Reduce 60.51%,310000,$394.15,"$122,187,000",,$537.41,36.35%,$227.57,$625.99,Daniel Loeb - Third Point Updated 15 May 2026,Q1 2026
MTZ - MasTec Inc.,4.94,Reduce 65.41%,320000,$321.74,"$102,957,000",,$289.08,-10.15%,$167.66,$441.43,Daniel Loeb - Third Point Updated 15 May 2026,Q1 2026
DHR - Danaher Corp.,4.78,Reduce 12.50%,525000,$189.60,"$99,540,000",,$204.57,7.90%,$160.60,$241.78,Daniel Loeb - Third Point Updated 15 May 2026,Q1 2026
TSM - Taiwan Semiconductor S.A.,4.46,Reduce 35.29%,275000,$337.95,"$92,936,000",,$432.89,28.09%,$221.29,$479.00,Daniel Loeb - Third Point Updated 15 May 2026,Q1 2026
APG - APi Group Corp.,3.95,Reduce 32.33%,2030000,$40.52,"$82,256,000",,$43.59,7.58%,$33.40,$49.99,Daniel Loeb - Third Point Updated 15 May 2026,Q1 2026
LYV - Live Nation Inc.,3.4,Reduce 73.04%,465000,$152.51,"$70,917,000",,$185.79,21.82%,$125.34,$188.00,Daniel Loeb - Third Point Updated 15 May 2026,Q1 2026
META - Meta Platforms Inc.,2.47,Buy,90000,$572.13,"$51,492,000",,$593.95,3.81%,$519.78,$793.65,Daniel Loeb - Third Point Updated 15 May 2026,Q1 2026
GOOGL - Alphabet Inc.,2.42,Buy,175000,$287.56,"$50,323,000",,$346.14,20.37%,$196.04,$408.37,Daniel Loeb - Third Point Updated 15 May 2026,Q1 2026
GLD - SPDR Gold Trust,1.96,Buy,95000,$430.29,"$40,878,000",,$398.64,-7.36%,$305.19,$509.70,Daniel Loeb - Third Point Updated 15 May 2026,Q1 2026
HUT - Hut 8 Corp,1.96,Buy,869563,$46.91,"$40,791,000",,$83.92,78.90%,$20.69,$140.80,Daniel Loeb - Third Point Updated 15 May 2026,Q1 2026
NVDA - NVIDIA Corp.,1.59,Reduce 93.56%,190000,$174.40,"$33,136,000",,$225.95,29.56%,$163.85,$236.26,Daniel Loeb - Third Point Updated 15 May 2026,Q1 2026
TDG - TransDigm Group Inc.,1.39,Buy,25000,$1158.96,"$28,974,000",,$1245.33,7.45%,$1123.61,$1463.03,Daniel Loeb - Third Point Updated 15 May 2026,Q1 2026
NSC - Norfolk Southern Corp.,1.38,Reduce 89.74%,100000,$287.00,"$28,700,000",,$338.63,17.99%,$263.58,$357.18,Daniel Loeb - Third Point Updated 15 May 2026,Q1 2026
COF - Capital One Financial,1.23,Reduce 87.27%,140000,$182.43,"$25,540,000",,$223.88,22.72%,$174.23,$257.54,Daniel Loeb - Third Point Updated 15 May 2026,Q1 2026
UNP - Union Pacific,1.16,Reduce 94.48%,100000,$242.62,"$24,262,000",,$298.17,22.90%,$207.45,$315.99,Daniel Loeb - Third Point Updated 15 May 2026,Q1 2026
SRTA - Strata Critical Medical Inc.,1.0,,5000000,$4.18,"$20,900,000",,$5.98,43.06%,$3.85,$6.50,Daniel Loeb - Third Point Updated 15 May 2026,Q1 2026
KLAC - KLA Corp.,0.78,Buy,110000,$147.25,"$16,197,000",,$210.66,43.06%,$82.87,$307.37,Daniel Loeb - Third Point Updated 15 May 2026,Q1 2026
LRCX - Lam Research,0.77,Buy,75000,$213.67,"$16,025,000",,$339.14,58.72%,$93.59,$438.50,Daniel Loeb - Third Point Updated 15 May 2026,Q1 2026
ASML - ASML Holding NV,0.76,Buy,12000,$1320.83,"$15,850,000",,$1861.52,40.94%,$711.50,$1997.36,Daniel Loeb - Third Point Updated 15 May 2026,Q1 2026
AVGO - Broadcom Inc.,0.74,Buy,50000,$309.52,"$15,476,000",,$420.34,35.80%,$279.82,$494.22,Daniel Loeb - Third Point Updated 15 May 2026,Q1 2026
SMH - Semiconductor HOLDRs,0.74,Buy,40000,$383.40,"$15,336,000",,$592.78,54.61%,$280.28,$671.83,Daniel Loeb - Third Point Updated 15 May 2026,Q1 2026
SN - Sharkninja Inc,0.66,Reduce 89.12%,130509,$105.90,"$13,821,000",,$188.58,78.07%,$83.12,$191.22,Daniel Loeb - Third Point Updated 15 May 2026,Q1 2026
HTZWW - Hertz Global Hldgs Inc. WTS,0.43,,3970000,$2.28,"$9,052,000",,$1.18,-48.25%,$0.70,$4.13,Daniel Loeb - Third Point Updated 15 May 2026,Q1 2026
SPRY - Ars Pharmaceuticals Inc,0.39,Add 79.78%,1000000,$8.03,"$8,030,000",,$6.18,-23.04%,$4.91,$16.65,Daniel Loeb - Third Point Updated 15 May 2026,Q1 2026
AUR - Aurora Innovation Inc.,0.2,,1032463,$4.12,"$4,254,000",,$6.95,68.69%,$3.60,$8.57,Daniel Loeb - Third Point Updated 15 May 2026,Q1 2026
FLYX - Flyexclusive Inc,0.11,,1022000,$2.26,"$2,310,000",,$1.27,-43.81%,$1.05,$8.88,Daniel Loeb - Third Point Updated 15 May 2026,Q1 2026
CTEV - Claritev Corp.,0.03,Reduce 69.66%,44000,$16.34,"$719,000",,$39.50,141.74%,$11.50,$74.07,Daniel Loeb - Third Point Updated 15 May 2026,Q1 2026
AUROW - Aurora Innovation Inc. WTS,0.02,,1835000,$0.20,"$365,000",,$0.17,-15.00%,$0.13,$1.00,Daniel Loeb - Third Point Updated 15 May 2026,Q1 2026
FLYX.WS - Eg Acquisition Corp A WTS28,0.0,,367499,$0.24,"$88,000",,,,,,Daniel Loeb - Third Point Updated 15 May 2026,Q1 2026
AAPL - Apple Inc.,21.99,,227917808,$253.79,"$57,843,261,000",,$304.33,19.91%,$222.96,$344.27,Warren Buffett - Berkshire Hathaway Updated 15 May 2026,Q1 2026
AXP - American Express,17.43,,151610700,$302.48,"$45,859,204,000",,$344.45,13.88%,$289.26,$384.36,Warren Buffett - Berkshire Hathaway Updated 15 May 2026,Q1 2026
KO - Coca Cola Co.,11.56,,400000000,$76.05,"$30,420,000,000",,$87.44,14.98%,$64.04,$90.92,Warren Buffett - Berkshire Hathaway Updated 15 May 2026,Q1 2026
BAC - Bank of America Corp.,9.52,Reduce 0.71%,513624165,$48.75,"$25,039,178,000",,$64.06,31.41%,$45.79,$64.95,Warren Buffett - Berkshire Hathaway Updated 15 May 2026,Q1 2026
CVX - Chevron Corp.,6.64,Reduce 35.17%,84375856,$206.90,"$17,457,365,000",,$197.51,-4.54%,$143.75,$212.76,Warren Buffett - Berkshire Hathaway Updated 15 May 2026,Q1 2026
OXY - Occidental Petroleum,6.55,,264941431,$65.00,"$17,221,193,000",,$57.72,-11.20%,$38.44,$67.14,Warren Buffett - Berkshire Hathaway Updated 15 May 2026,Q1 2026
GOOGL - Alphabet Inc.,5.93,Add 203.99%,54249798,$287.56,"$15,600,072,000",,$346.14,20.37%,$196.04,$408.37,Warren Buffett - Berkshire Hathaway Updated 15 May 2026,Q1 2026
CB - Chubb Limited,4.24,,34249183,$325.93,"$11,162,836,000",,$344.40,5.67%,$262.86,$365.91,Warren Buffett - Berkshire Hathaway Updated 15 May 2026,Q1 2026
MCO - Moody's Corp.,4.09,,24669778,$436.25,"$10,762,191,000",,$486.60,11.54%,$400.46,$544.40,Warren Buffett - Berkshire Hathaway Updated 15 May 2026,Q1 2026
KHC - Kraft Heinz Co.,2.78,,325634818,$22.49,"$7,323,527,000",,$25.20,12.05%,$20.66,$28.09,Warren Buffett - Berkshire Hathaway Updated 15 May 2026,Q1 2026
DVA - DaVita HealthCare Partners,1.76,Reduce 5.22%,30100585,$153.69,"$4,626,159,000",,$180.42,17.39%,$101.00,$247.49,Warren Buffett - Berkshire Hathaway Updated 15 May 2026,Q1 2026
KR - Kroger Co.,1.38,,50000000,$72.36,"$3,618,000,000",,$57.34,-20.76%,$54.15,$76.18,Warren Buffett - Berkshire Hathaway Updated 15 May 2026,Q1 2026
SIRI - SiriusXM Holdings Inc,1.09,,124807117,$23.08,"$2,880,548,000",,$28.03,21.45%,$19.15,$32.37,Warren Buffett - Berkshire Hathaway Updated 15 May 2026,Q1 2026
DAL - Delta Air Lines Inc.,1.01,Buy,39809456,$66.48,"$2,646,533,000",,$91.65,37.86%,$54.60,$95.44,Warren Buffett - Berkshire Hathaway Updated 15 May 2026,Q1 2026
VRSN - Verisign Inc.,0.85,,8989880,$248.36,"$2,232,726,000",,$286.41,15.32%,$207.53,$312.48,Warren Buffett - Berkshire Hathaway Updated 15 May 2026,Q1 2026
COF - Capital One Financial,0.5,,7150000,$182.43,"$1,304,375,000",,$223.88,22.72%,$174.23,$257.54,Warren Buffett - Berkshire Hathaway Updated 15 May 2026,Q1 2026
NYT - New York Times CL A,0.48,Add 199.00%,15146535,$83.73,"$1,268,219,000",,$64.07,-23.48%,$53.65,$86.83,Warren Buffett - Berkshire Hathaway Updated 15 May 2026,Q1 2026
ALLY - Ally Financial Inc.,0.43,,29000000,$39.23,"$1,137,670,000",,$44.64,13.79%,$35.43,$46.96,Warren Buffett - Berkshire Hathaway Updated 15 May 2026,Q1 2026
GOOG - Alphabet Inc. CL C,0.39,Buy,3585215,$286.86,"$1,028,455,000",,$343.94,19.90%,$196.90,$404.23,Warren Buffett - Berkshire Hathaway Updated 15 May 2026,Q1 2026
LLYVK - Liberty Media Corp. Series C Live,0.38,Reduce 3.03%,10587143,$94.11,"$996,356,000",,$107.36,14.08%,$78.68,$108.98,Warren Buffett - Berkshire Hathaway Updated 15 May 2026,Q1 2026
LEN - Lennar Corp.,0.33,Add 43.24%,10099642,$86.84,"$877,053,000",,$87.59,0.86%,$79.83,$141.39,Warren Buffett - Berkshire Hathaway Updated 15 May 2026,Q1 2026
NUE - Nucor Corp.,0.25,Reduce 39.03%,3907075,$169.10,"$660,686,000",,$272.28,61.02%,$130.11,$280.11,Warren Buffett - Berkshire Hathaway Updated 15 May 2026,Q1 2026
LLYVA - Liberty Media Corp. Series A Live,0.17,,4986588,$91.64,"$456,971,000",,$103.60,13.05%,$77.12,$105.48,Warren Buffett - Berkshire Hathaway Updated 15 May 2026,Q1 2026
LPX - Louisiana-Pacific Corp.,0.16,,5664793,$72.75,"$412,114,000",,$74.57,2.50%,$66.12,$101.39,Warren Buffett - Berkshire Hathaway Updated 15 May 2026,Q1 2026
STZ - Constellation Brands,0.04,Reduce 95.13%,632890,$150.00,"$94,934,000",,$135.48,-9.68%,$123.82,$166.32,Warren Buffett - Berkshire Hathaway Updated 15 May 2026,Q1 2026
NVR - NVR Inc.,0.03,,11112,$6589.81,"$73,226,000",,$6384.93,-3.11%,$5501.01,$8618.28,Warren Buffett - Berkshire Hathaway Updated 15 May 2026,Q1 2026
M - Macy's Inc.,0.02,Buy,3038355,$18.09,"$54,964,000",,$23.69,30.96%,$12.19,$26.59,Warren Buffett - Berkshire Hathaway Updated 15 May 2026,Q1 2026
JEF - Jefferies Financial Group Inc.,0.01,,433558,$41.27,"$17,893,000",,$55.88,35.40%,$35.26,$69.47,Warren Buffett - Berkshire Hathaway Updated 15 May 2026,Q1 2026
LEN.B - Lennar Corp. CL B,0.01,Add 31.34%,237703,$84.12,"$19,996,000",,$85.91,2.13%,$78.02,$134.56,Warren Buffett - Berkshire Hathaway Updated 15 May 2026,Q1 2026
VST - Vistra Corp.,7.42,Add 18.72%,6187585,$150.33,"$930,180,000",,$147.14,-2.12%,$132.47,$218.91,Stephen Mandel - Lone Pine Capital Updated 15 May 2026,Q1 2026
ASML - ASML Holding NV,6.9,Add 8.29%,655148,$1320.83,"$865,339,000",,$1861.52,40.94%,$711.50,$1997.36,Stephen Mandel - Lone Pine Capital Updated 15 May 2026,Q1 2026
CRS - Carpenter Technology,5.71,Add 38.46%,1817940,$394.15,"$716,541,000",,$537.41,36.35%,$227.57,$625.99,Stephen Mandel - Lone Pine Capital Updated 15 May 2026,Q1 2026
LPLA - LPL Financial Holdings Inc.,4.92,Reduce 1.20%,2049967,$300.83,"$616,692,000",,$375.26,24.74%,$260.15,$399.35,Stephen Mandel - Lone Pine Capital Updated 15 May 2026,Q1 2026
APP - Applovin Corp.,4.65,Add 87.68%,1464923,$398.00,"$583,039,000",,$314.55,-20.97%,$303.17,$745.61,Stephen Mandel - Lone Pine Capital Updated 15 May 2026,Q1 2026
TLN - Talen Energy Corp,4.63,Add 40.65%,1817947,$319.23,"$580,343,000",,$360.33,12.87%,$301.45,$451.28,Stephen Mandel - Lone Pine Capital Updated 15 May 2026,Q1 2026
TER - Teradyne Inc.,4.43,Buy,1872876,$296.46,"$555,233,000",,$415.08,40.01%,$106.03,$487.91,Stephen Mandel - Lone Pine Capital Updated 15 May 2026,Q1 2026
CVNA - Carvana Co.,4.4,Reduce 1.38%,8773545,$62.88,"$551,645,000",,$74.54,18.54%,$54.46,$97.38,Stephen Mandel - Lone Pine Capital Updated 15 May 2026,Q1 2026
NU - Nu Holdings Ltd,4.35,Add 28.29%,38011225,$14.37,"$546,221,000",,$13.92,-3.13%,$11.20,$18.98,Stephen Mandel - Lone Pine Capital Updated 15 May 2026,Q1 2026
MDLN - Medline Inc Cl A,4.18,Add 0.62%,11789156,$44.50,"$524,617,000",,$36.09,-18.90%,$32.82,$50.88,Stephen Mandel - Lone Pine Capital Updated 15 May 2026,Q1 2026
GLW - Corning Inc.,4.03,Buy,3718147,$135.97,"$505,556,000",,$160.80,18.26%,$62.68,$271.78,Stephen Mandel - Lone Pine Capital Updated 15 May 2026,Q1 2026
CLH - Clean Harbors Inc.,4.01,Add 27.34%,1754950,$286.73,"$503,197,000",,$318.82,11.19%,$201.34,$335.94,Stephen Mandel - Lone Pine Capital Updated 15 May 2026,Q1 2026
MTZ - MasTec Inc.,3.93,Buy,1531050,$321.74,"$492,600,000",,$289.08,-10.15%,$167.66,$441.43,Stephen Mandel - Lone Pine Capital Updated 15 May 2026,Q1 2026
TSM - Taiwan Semiconductor S.A.,3.74,Reduce 54.48%,1389530,$337.95,"$469,592,000",,$432.89,28.09%,$221.29,$479.00,Stephen Mandel - Lone Pine Capital Updated 15 May 2026,Q1 2026
BN - Brookfield Corp.,3.62,Reduce 29.61%,11208969,$40.47,"$453,627,000",,$44.90,10.95%,$37.87,$49.40,Stephen Mandel - Lone Pine Capital Updated 15 May 2026,Q1 2026
THC - Tenet Healthcare Corp.,3.4,Add 26.37%,2258717,$188.71,"$426,242,000",,$267.12,41.55%,$157.58,$269.31,Stephen Mandel - Lone Pine Capital Updated 15 May 2026,Q1 2026
COF - Capital One Financial,3.3,Reduce 1.21%,2267056,$182.43,"$413,579,000",,$223.88,22.72%,$174.23,$257.54,Stephen Mandel - Lone Pine Capital Updated 15 May 2026,Q1 2026
ENTG - Entegris Inc.,2.91,Add 1.99%,3115054,$117.24,"$365,209,000",,$164.58,40.38%,$67.81,$186.78,Stephen Mandel - Lone Pine Capital Updated 15 May 2026,Q1 2026
USFD - US Foods Holding Corp.,2.79,Buy,3795998,$92.21,"$350,029,000",,$109.77,19.04%,$69.88,$111.42,Stephen Mandel - Lone Pine Capital Updated 15 May 2026,Q1 2026
PFGC - Performance Food Group,2.72,Buy,3978158,$85.66,"$340,769,000",,$104.09,21.52%,$80.82,$117.48,Stephen Mandel - Lone Pine Capital Updated 15 May 2026,Q1 2026
MCK - McKesson Corp.,2.71,Buy,392224,$865.36,"$339,415,000",,$860.12,-0.61%,$657.19,$997.90,Stephen Mandel - Lone Pine Capital Updated 15 May 2026,Q1 2026
CIEN - Ciena Corp.,2.51,Buy,809522,$388.23,"$314,281,000",,$447.52,15.27%,$84.41,$637.51,Stephen Mandel - Lone Pine Capital Updated 15 May 2026,Q1 2026
WULF - Terawulf Inc,2.29,Buy,19921430,$14.43,"$287,466,000",,$16.36,13.37%,$5.26,$29.84,Stephen Mandel - Lone Pine Capital Updated 15 May 2026,Q1 2026
HUT - Hut 8 Corp,2.27,Buy,6078951,$46.91,"$285,164,000",,$83.92,78.90%,$20.69,$140.80,Stephen Mandel - Lone Pine Capital Updated 15 May 2026,Q1 2026
AGX - Argan Inc.,1.71,Buy,393134,$544.65,"$214,120,000",,$566.74,4.06%,$196.06,$805.09,Stephen Mandel - Lone Pine Capital Updated 15 May 2026,Q1 2026
GOOGL - Alphabet Inc.,0.43,Buy,187561,$287.56,"$53,935,000",,$346.14,20.37%,$196.04,$408.37,Stephen Mandel - Lone Pine Capital Updated 15 May 2026,Q1 2026
TDG - TransDigm Group Inc.,0.33,Add 85.55%,35677,$1158.95,"$41,348,000",,$1245.33,7.45%,$1123.61,$1463.03,Stephen Mandel - Lone Pine Capital Updated 15 May 2026,Q1 2026
VMC - Vulcan Materials,0.31,Reduce 91.44%,144179,$272.30,"$39,260,000",,$278.06,2.12%,$251.85,$329.81,Stephen Mandel - Lone Pine Capital Updated 15 May 2026,Q1 2026
SPOT - Spotify Technology S.A.,0.27,Add 287.59%,68844,$484.91,"$33,383,000",,$497.33,2.56%,$405.00,$748.30,Stephen Mandel - Lone Pine Capital Updated 15 May 2026,Q1 2026
MA - Mastercard Inc.,0.23,Reduce 40.62%,57201,$499.66,"$28,581,000",,$566.09,13.30%,$463.74,$598.04,Stephen Mandel - Lone Pine Capital Updated 15 May 2026,Q1 2026
APH - Amphenol Corp.,0.22,Reduce 92.06%,223084,$126.35,"$28,187,000",,$167.36,32.46%,$104.00,$178.52,Stephen Mandel - Lone Pine Capital Updated 15 May 2026,Q1 2026
HLT - Hilton Worldwide Holdings,0.22,Add 54.36%,89249,$304.08,"$27,139,000",,$320.30,5.33%,$253.16,$358.00,Stephen Mandel - Lone Pine Capital Updated 15 May 2026,Q1 2026
V - Visa Inc.,0.22,Add 509.68%,92775,$302.24,"$28,040,000",,$362.90,20.07%,$292.74,$373.28,Stephen Mandel - Lone Pine Capital Updated 15 May 2026,Q1 2026
KKR - KKR & Co. L.P.,0.13,Reduce 96.41%,179308,$92.50,"$16,586,000",,$116.44,25.88%,$82.35,$151.00,Stephen Mandel - Lone Pine Capital Updated 15 May 2026,Q1 2026
BKNG - Booking Holdings Inc.,0.08,Reduce 48.06%,60125,$168.42,"$10,126,000",,$214.09,27.12%,$149.76,$229.86,Stephen Mandel - Lone Pine Capital Updated 15 May 2026,Q1 2026
BSX - Boston Scientific,0.05,Reduce 48.11%,104655,$62.75,"$6,567,000",,$51.79,-17.47%,$42.20,$109.50,Stephen Mandel - Lone Pine Capital Updated 15 May 2026,Q1 2026
KEX - Kirby Corp.,19.89,Add 15.25%,257000,$132.88,"$34,150,000",,$137.39,3.39%,$79.52,$157.69,Alex Roepers - Atlantic Investment Management Updated 15 May 2026,Q1 2026
DCH - Dauch Corp.,13.27,Add 103.93%,3840000,$5.93,"$22,771,000",,$6.70,12.98%,$4.92,$9.25,Alex Roepers - Atlantic Investment Management Updated 15 May 2026,Q1 2026
APTV - Aptiv PLC,13.07,Add 17.03%,322971,$69.44,"$22,427,000",,$48.39,-30.31%,$46.16,$78.49,Alex Roepers - Atlantic Investment Management Updated 15 May 2026,Q1 2026
OSK - Oshkosh Corp.,11.69,Reduce 11.84%,136300,$147.21,"$20,065,000",,$151.78,3.10%,$116.25,$179.20,Alex Roepers - Atlantic Investment Management Updated 15 May 2026,Q1 2026
WFRD - Weatherford International plc,11.69,Reduce 7.72%,212223,$94.58,"$20,072,000",,$92.08,-2.64%,$54.04,$112.79,Alex Roepers - Atlantic Investment Management Updated 15 May 2026,Q1 2026
NOMD - Nomad Foods Ltd,7.46,Add 147.37%,1332772,$9.61,"$12,808,000",,$12.02,25.08%,$8.86,$14.98,Alex Roepers - Atlantic Investment Management Updated 15 May 2026,Q1 2026
DOLE - Dole Food Company,5.63,Buy,675948,$14.29,"$9,659,000",,$13.30,-6.93%,$12.30,$16.38,Alex Roepers - Atlantic Investment Management Updated 15 May 2026,Q1 2026
PVH - PVH Corp.,5.2,Buy,128000,$69.76,"$8,929,000",,$81.45,16.76%,$59.58,$100.75,Alex Roepers - Atlantic Investment Management Updated 15 May 2026,Q1 2026
ABM - ABM Industries,4.94,Add 10.00%,220000,$38.52,"$8,474,000",,$48.16,25.03%,$36.45,$49.80,Alex Roepers - Atlantic Investment Management Updated 15 May 2026,Q1 2026
XRAY - DENTSPLY SIRONA Inc.,4.12,Buy,610000,$11.60,"$7,076,000",,$11.54,-0.52%,$9.41,$14.76,Alex Roepers - Atlantic Investment Management Updated 15 May 2026,Q1 2026
MHK - Mohawk Industries,2.29,Buy,40000,$98.45,"$3,938,000",,$139.28,41.47%,$92.99,$143.13,Alex Roepers - Atlantic Investment Management Updated 15 May 2026,Q1 2026
NESR - National Energy Services Reunited Corp.,0.75,Buy,60000,$21.47,"$1,288,000",,$35.96,67.49%,$6.71,$36.77,Alex Roepers - Atlantic Investment Management Updated 15 May 2026,Q1 2026
FICO - Fair Isaac Corp.,24.33,Reduce 0.01%,769342,$1067.54,"$821,303,000",,$1101.36,3.17%,$870.01,$1998.01,Valley Forge Capital Management Updated 15 May 2026,Q1 2026
SPGI - S&P Global Inc.,22.15,Reduce 0.01%,1758074,$425.34,"$747,779,000",,$422.09,-0.76%,$360.90,$545.61,Valley Forge Capital Management Updated 15 May 2026,Q1 2026
MA - Mastercard Inc.,22.02,Add 0.01%,1487496,$499.66,"$743,242,000",,$566.09,13.30%,$463.74,$598.04,Valley Forge Capital Management Updated 15 May 2026,Q1 2026
MCO - Moody's Corp.,17.02,Reduce 0.01%,1317188,$436.25,"$574,623,000",,$486.60,11.54%,$400.46,$544.40,Valley Forge Capital Management Updated 15 May 2026,Q1 2026
ASML - ASML Holding NV,6.69,Add 35.52%,171083,$1320.83,"$225,972,000",,$1861.52,40.94%,$711.50,$1997.36,Valley Forge Capital Management Updated 15 May 2026,Q1 2026
V - Visa Inc.,5.36,Reduce 34.66%,598753,$302.24,"$180,967,000",,$362.90,20.07%,$292.74,$373.28,Valley Forge Capital Management Updated 15 May 2026,Q1 2026
INTU - Intuit Inc.,2.42,Reduce 14.54%,189072,$432.38,"$81,751,000",,$356.51,-17.55%,$251.72,$713.52,Valley Forge Capital Management Updated 15 May 2026,Q1 2026
GOOGL - Alphabet Inc.,9.25,Reduce 5.01%,155701,$287.56,"$44,773,000",,$346.14,20.37%,$196.04,$408.37,David Rolfe - Wedgewood Partners Updated 15 May 2026,Q1 2026
TSM - Taiwan Semiconductor S.A.,9.03,Reduce 29.95%,129353,$337.95,"$43,715,000",,$432.89,28.09%,$221.29,$479.00,David Rolfe - Wedgewood Partners Updated 15 May 2026,Q1 2026
META - Meta Platforms Inc.,7.77,Reduce 4.82%,65805,$572.13,"$37,649,000",,$593.95,3.81%,$519.78,$793.65,David Rolfe - Wedgewood Partners Updated 15 May 2026,Q1 2026
AAPL - Apple Inc.,7.08,Reduce 5.45%,135128,$253.79,"$34,294,000",,$304.33,19.91%,$222.96,$344.27,David Rolfe - Wedgewood Partners Updated 15 May 2026,Q1 2026
MSI - Motorola Solutions Inc.,6.09,Reduce 5.27%,67941,$433.96,"$29,484,000",,$465.53,7.27%,$357.34,$493.57,David Rolfe - Wedgewood Partners Updated 15 May 2026,Q1 2026
MSFT - Microsoft Corp.,5.65,Reduce 4.62%,73919,$370.18,"$27,363,000",,$496.35,34.08%,$349.20,$550.24,David Rolfe - Wedgewood Partners Updated 15 May 2026,Q1 2026
V - Visa Inc.,5.18,Reduce 4.75%,83010,$302.24,"$25,089,000",,$362.90,20.07%,$292.74,$373.28,David Rolfe - Wedgewood Partners Updated 15 May 2026,Q1 2026
BKNG - Booking Holdings Inc.,4.8,Reduce 5.16%,137925,$168.42,"$23,230,000",,$214.09,27.12%,$149.76,$229.86,David Rolfe - Wedgewood Partners Updated 15 May 2026,Q1 2026
ODFL - Old Dominion Freight Line,4.6,Reduce 5.09%,113941,$195.40,"$22,264,000",,$217.40,11.26%,$125.43,$252.03,David Rolfe - Wedgewood Partners Updated 15 May 2026,Q1 2026
AMZN - Amazon.com Inc.,4.3,Add 71.47%,99907,$208.27,"$20,808,000",,$265.88,27.66%,$196.00,$287.20,David Rolfe - Wedgewood Partners Updated 15 May 2026,Q1 2026
TSCO - Tractor Supply,4.27,Reduce 5.18%,456094,$45.30,"$20,661,000",,$36.11,-20.29%,$28.36,$61.84,David Rolfe - Wedgewood Partners Updated 15 May 2026,Q1 2026
URI - United Rentals,3.79,Reduce 4.99%,25192,$728.56,"$18,354,000",,$1126.01,54.55%,$698.94,$1177.15,David Rolfe - Wedgewood Partners Updated 15 May 2026,Q1 2026
CB - Chubb Limited,3.63,Reduce 4.67%,53886,$325.93,"$17,563,000",,$344.40,5.67%,$262.86,$365.91,David Rolfe - Wedgewood Partners Updated 15 May 2026,Q1 2026
CDW - CDW Corp.,3.62,Reduce 4.61%,144870,$121.02,"$17,532,000",,$140.11,15.77%,$96.55,$168.93,David Rolfe - Wedgewood Partners Updated 15 May 2026,Q1 2026
PGR - Progressive Corp.,3.41,Buy,83352,$198.24,"$16,524,000",,$209.06,5.46%,$187.79,$239.38,David Rolfe - Wedgewood Partners Updated 15 May 2026,Q1 2026
ORLY - O'Reilly Automotive,3.4,Reduce 5.47%,178397,$92.31,"$16,468,000",,$92.75,0.48%,$82.59,$108.72,David Rolfe - Wedgewood Partners Updated 15 May 2026,Q1 2026
CPRT - Copart Inc.,3.17,Reduce 4.80%,462749,$33.20,"$15,363,000",,$29.44,-11.33%,$26.81,$50.11,David Rolfe - Wedgewood Partners Updated 15 May 2026,Q1 2026
SPGI - S&P Global Inc.,2.84,Reduce 4.13%,32371,$425.35,"$13,769,000",,$422.09,-0.77%,$360.90,$545.61,David Rolfe - Wedgewood Partners Updated 15 May 2026,Q1 2026
EW - Edwards Lifesciences Corp.,2.83,Reduce 5.48%,170969,$80.08,"$13,691,000",,$92.94,16.06%,$72.30,$96.29,David Rolfe - Wedgewood Partners Updated 15 May 2026,Q1 2026
ZTS - Zoetis Inc.,2.77,Add 8.44%,113541,$118.21,"$13,422,000",,$74.95,-36.60%,$70.98,$157.46,David Rolfe - Wedgewood Partners Updated 15 May 2026,Q1 2026
TOL - Toll Brothers,2.49,Buy,88275,$136.47,"$12,047,000",,$148.84,9.06%,$122.93,$167.75,David Rolfe - Wedgewood Partners Updated 15 May 2026,Q1 2026
IWF - iShares Russell 1000 Growth ETF,0.05,Reduce 95.64%,2096,$106.39,"$223,000",,$125.93,18.37%,$102.14,$129.03,David Rolfe - Wedgewood Partners Updated 15 May 2026,Q1 2026
AMZN - Amazon.com Inc.,15.16,Add 98.22%,4320000,$208.27,"$899,726,000",,$265.88,27.66%,$196.00,$287.20,David Tepper - Appaloosa Management Updated 15 May 2026,Q1 2026
MU - Micron Technology Inc.,9.48,Add 11.00%,1665000,$337.84,"$562,504,000",,$960.15,184.20%,$113.28,$1254.81,David Tepper - Appaloosa Management Updated 15 May 2026,Q1 2026
GOOG - Alphabet Inc. CL C,8.38,Reduce 3.03%,1732700,$286.86,"$497,042,000",,$343.94,19.90%,$196.90,$404.23,David Tepper - Appaloosa Management Updated 15 May 2026,Q1 2026
UBER - Uber Technologies Inc.,7.68,Add 242.31%,6332720,$71.93,"$455,513,000",,$75.84,5.44%,$65.41,$101.99,David Tepper - Appaloosa Management Updated 15 May 2026,Q1 2026
TSM - Taiwan Semiconductor S.A.,7.56,Add 17.48%,1327500,$337.95,"$448,629,000",,$432.89,28.09%,$221.29,$479.00,David Tepper - Appaloosa Management Updated 15 May 2026,Q1 2026
BABA - Alibaba Group Holdings,7.33,Reduce 32.56%,3465000,$125.46,"$434,719,000",,$122.17,-2.62%,$91.99,$190.92,David Tepper - Appaloosa Management Updated 15 May 2026,Q1 2026
VST - Vistra Corp.,5.12,Add 114.00%,2022332,$150.33,"$304,017,000",,$147.14,-2.12%,$132.47,$218.91,David Tepper - Appaloosa Management Updated 15 May 2026,Q1 2026
EWY - iShares MSCI South Korea ETF,4.98,Add 28.00%,2400000,$123.01,"$295,224,000",,$179.14,45.63%,$69.37,$220.89,David Tepper - Appaloosa Management Updated 15 May 2026,Q1 2026
NVDA - NVIDIA Corp.,4.33,Reduce 13.44%,1471500,$174.40,"$256,630,000",,$225.95,29.56%,$163.85,$236.26,David Tepper - Appaloosa Management Updated 15 May 2026,Q1 2026
NRG - NRG Energy Inc.,4.27,Add 5.76%,1734442,$146.14,"$253,471,000",,$120.02,-17.87%,$112.50,$188.71,David Tepper - Appaloosa Management Updated 15 May 2026,Q1 2026
META - Meta Platforms Inc.,4.21,Reduce 27.25%,436500,$572.13,"$249,735,000",,$593.95,3.81%,$519.78,$793.65,David Tepper - Appaloosa Management Updated 15 May 2026,Q1 2026
SNDK - SanDisk Corp.,3.01,Buy,281250,$635.34,"$178,689,000",,$1538.15,142.10%,$42.82,$2354.39,David Tepper - Appaloosa Management Updated 15 May 2026,Q1 2026
GLW - Corning Inc.,2.59,Reduce 28.07%,1129500,$135.97,"$153,578,000",,$160.80,18.26%,$62.68,$271.78,David Tepper - Appaloosa Management Updated 15 May 2026,Q1 2026
WHR - Whirlpool Corp.,1.77,Reduce 50.13%,1950000,$53.92,"$105,144,000",,$43.08,-20.10%,$35.45,$94.09,David Tepper - Appaloosa Management Updated 15 May 2026,Q1 2026
PDD - Pinduoduo Inc.,1.55,Reduce 49.30%,900000,$102.18,"$91,962,000",,$84.65,-17.16%,$71.94,$139.41,David Tepper - Appaloosa Management Updated 15 May 2026,Q1 2026
LRCX - Lam Research,1.38,Reduce 10.00%,382500,$213.66,"$81,725,000",,$339.14,58.73%,$93.59,$438.50,David Tepper - Appaloosa Management Updated 15 May 2026,Q1 2026
BIDU - Baidu Inc.,1.3,Add 20.37%,692100,$111.42,"$77,114,000",,$104.71,-6.02%,$84.82,$165.30,David Tepper - Appaloosa Management Updated 15 May 2026,Q1 2026
LHX - L3Harris Technologies Inc.,1.15,Reduce 32.88%,198000,$345.15,"$68,340,000",,$288.15,-16.51%,$262.68,$376.39,David Tepper - Appaloosa Management Updated 15 May 2026,Q1 2026
RTX - RTX Corp.,1.11,Reduce 31.60%,342000,$192.90,"$65,972,000",,$220.66,14.39%,$148.90,$226.88,David Tepper - Appaloosa Management Updated 15 May 2026,Q1 2026
ASML - ASML Holding NV,1.1,Reduce 20.80%,49500,$1320.83,"$65,381,000",,$1861.52,40.94%,$711.50,$1997.36,David Tepper - Appaloosa Management Updated 15 May 2026,Q1 2026
QCOM - QUALCOMM Inc.,1.08,Reduce 56.45%,498613,$128.78,"$64,211,000",,$164.57,27.79%,$121.54,$258.96,David Tepper - Appaloosa Management Updated 15 May 2026,Q1 2026
BALL - Ball Corp.,0.83,Reduce 30.25%,837000,$59.11,"$49,475,000",,$62.17,5.18%,$44.35,$67.84,David Tepper - Appaloosa Management Updated 15 May 2026,Q1 2026
AMD - Advanced Micro Devices,0.76,Reduce 31.88%,221400,$203.43,"$45,039,000",,$488.37,140.07%,$149.22,$584.73,David Tepper - Appaloosa Management Updated 15 May 2026,Q1 2026
JD - JD.com Inc.,0.65,Reduce 68.61%,1305000,$29.57,"$38,589,000",,$29.26,-1.05%,$23.66,$35.59,David Tepper - Appaloosa Management Updated 15 May 2026,Q1 2026
LYFT - Lyft Inc.,0.61,Reduce 28.95%,2700000,$13.30,"$35,910,000",,$17.08,28.42%,$12.46,$25.54,David Tepper - Appaloosa Management Updated 15 May 2026,Q1 2026
MSFT - Microsoft Corp.,0.56,Reduce 82.00%,90000,$370.17,"$33,315,000",,$496.35,34.09%,$349.20,$550.24,David Tepper - Appaloosa Management Updated 15 May 2026,Q1 2026
KWEB - Kraneshares Csi China Intern,0.52,Reduce 77.26%,1080000,$28.43,"$30,704,000",,$26.86,-5.52%,$23.23,$40.87,David Tepper - Appaloosa Management Updated 15 May 2026,Q1 2026
ET - Energy Transfer LP,0.51,Reduce 28.07%,1576125,$19.30,"$30,419,000",,$20.86,8.08%,$15.10,$21.05,David Tepper - Appaloosa Management Updated 15 May 2026,Q1 2026
MPLX - MPLX LP,0.48,Reduce 19.93%,502460,$57.07,"$28,675,000",,$59.33,3.96%,$44.22,$60.16,David Tepper - Appaloosa Management Updated 15 May 2026,Q1 2026
UNH - United Health Group Inc.,0.41,Reduce 55.00%,90000,$270.59,"$24,353,000",,$399.39,47.60%,$254.51,$461.62,David Tepper - Appaloosa Management Updated 15 May 2026,Q1 2026
DB - Deutsche Bank AG,0.13,Reduce 91.82%,257616,$29.78,"$7,672,000",,$38.37,28.84%,$27.13,$39.01,David Tepper - Appaloosa Management Updated 15 May 2026,Q1 2026
GOOGL - Alphabet Inc.,13.38,,10631402,$287.56,"$3,057,166,000",,$346.14,20.37%,$196.04,$408.37,Chase Coleman - Tiger Global Management Updated 15 May 2026,Q1 2026
NVDA - NVIDIA Corp.,9.17,Add 9.08%,12011752,$174.40,"$2,094,850,000",,$225.95,29.56%,$163.85,$236.26,Chase Coleman - Tiger Global Management Updated 15 May 2026,Q1 2026
AMZN - Amazon.com Inc.,9.12,Reduce 0.11%,10000000,$208.27,"$2,082,700,000",,$265.88,27.66%,$196.00,$287.20,Chase Coleman - Tiger Global Management Updated 15 May 2026,Q1 2026
TSM - Taiwan Semiconductor S.A.,8.23,Add 49.38%,5565074,$337.95,"$1,880,717,000",,$432.89,28.09%,$221.29,$479.00,Chase Coleman - Tiger Global Management Updated 15 May 2026,Q1 2026
META - Meta Platforms Inc.,7.73,Add 12.22%,3086864,$572.13,"$1,766,088,000",,$593.95,3.81%,$519.78,$793.65,Chase Coleman - Tiger Global Management Updated 15 May 2026,Q1 2026
SE - Sea Ltd,5.59,,15415835,$82.81,"$1,276,585,000",,$123.86,49.57%,$77.05,$199.30,Chase Coleman - Tiger Global Management Updated 15 May 2026,Q1 2026
AVGO - Broadcom Inc.,4.86,Add 24.66%,3584814,$309.51,"$1,109,536,000",,$420.34,35.81%,$279.82,$494.22,Chase Coleman - Tiger Global Management Updated 15 May 2026,Q1 2026
MSFT - Microsoft Corp.,4.05,Reduce 54.36%,2500000,$370.17,"$925,425,000",,$496.35,34.09%,$349.20,$550.24,Chase Coleman - Tiger Global Management Updated 15 May 2026,Q1 2026
GEV - Ge Vernova Inc,3.72,,972994,$872.90,"$849,326,000",,$1058.04,21.21%,$529.18,$1195.94,Chase Coleman - Tiger Global Management Updated 15 May 2026,Q1 2026
LRCX - Lam Research,3.65,,3900439,$213.66,"$833,368,000",,$339.14,58.73%,$93.59,$438.50,Chase Coleman - Tiger Global Management Updated 15 May 2026,Q1 2026
SPOT - Spotify Technology S.A.,3.36,Add 25.31%,1580761,$484.91,"$766,527,000",,$497.33,2.56%,$405.00,$748.30,Chase Coleman - Tiger Global Management Updated 15 May 2026,Q1 2026
CPNG - Coupang Inc.,2.86,Add 31.71%,34595407,$18.88,"$653,161,000",,$16.31,-13.61%,$14.92,$34.08,Chase Coleman - Tiger Global Management Updated 15 May 2026,Q1 2026
AMAT - Applied Materials,2.48,Add 85.09%,1656900,$341.79,"$566,312,000",,$549.88,60.88%,$153.78,$739.67,Chase Coleman - Tiger Global Management Updated 15 May 2026,Q1 2026
CPAY - Corpay Inc.,2.23,,1752146,$290.99,"$509,857,000",,$424.11,45.75%,$252.84,$424.11,Chase Coleman - Tiger Global Management Updated 15 May 2026,Q1 2026
APP - Applovin Corp.,1.74,Reduce 22.66%,1000000,$398.00,"$398,000,000",,$314.55,-20.97%,$303.17,$745.61,Chase Coleman - Tiger Global Management Updated 15 May 2026,Q1 2026
TTWO - Take-Two Interactive Software,1.73,Reduce 65.75%,2000000,$197.50,"$395,000,000",,$242.31,22.69%,$187.63,$265.94,Chase Coleman - Tiger Global Management Updated 15 May 2026,Q1 2026
APO - Apollo Global Management,1.61,Reduce 46.96%,3293334,$111.42,"$366,943,000",,$143.98,29.22%,$99.14,$152.03,Chase Coleman - Tiger Global Management Updated 15 May 2026,Q1 2026
RDDT - Reddit Inc Cl A,1.47,Reduce 34.96%,2500000,$134.65,"$336,625,000",,$158.27,17.54%,$119.27,$282.95,Chase Coleman - Tiger Global Management Updated 15 May 2026,Q1 2026
Z - Zillow Group Inc.,1.33,Add 21.66%,7368957,$41.38,"$304,927,000",,$36.00,-13.00%,$29.23,$93.88,Chase Coleman - Tiger Global Management Updated 15 May 2026,Q1 2026
XYZ - Block Inc.,1.05,Reduce 37.15%,4000000,$60.18,"$240,720,000",,$83.33,38.47%,$48.21,$86.75,Chase Coleman - Tiger Global Management Updated 15 May 2026,Q1 2026
NFLX - Netflix Inc.,1.03,,2439000,$96.15,"$234,510,000",,$77.52,-19.38%,$65.08,$126.71,Chase Coleman - Tiger Global Management Updated 15 May 2026,Q1 2026
MELI - Mercadolibre Inc.,1.02,Buy,135006,$1729.02,"$233,428,000",,$1825.00,5.55%,$1495.00,$2548.50,Chase Coleman - Tiger Global Management Updated 15 May 2026,Q1 2026
FWONK - Liberty Media Corp Formula One Series C,1.0,,2682000,$85.02,"$228,024,000",,$103.31,21.51%,$80.15,$109.36,Chase Coleman - Tiger Global Management Updated 15 May 2026,Q1 2026
ZS - Zscaler Inc.,0.97,,1579766,$140.29,"$221,625,000",,$187.65,33.76%,$114.63,$336.99,Chase Coleman - Tiger Global Management Updated 15 May 2026,Q1 2026
CHYM - Chime Financial Inc Cl A,0.91,Reduce 21.92%,11081780,$18.73,"$207,562,000",,$32.13,71.54%,$15.88,$33.41,Chase Coleman - Tiger Global Management Updated 15 May 2026,Q1 2026
NOW - ServiceNow Inc.,0.69,Reduce 29.47%,1500000,$104.55,"$156,825,000",,$126.52,21.01%,$81.24,$194.73,Chase Coleman - Tiger Global Management Updated 15 May 2026,Q1 2026
NU - Nu Holdings Ltd,0.69,,11032555,$14.37,"$158,538,000",,$13.92,-3.13%,$11.20,$18.98,Chase Coleman - Tiger Global Management Updated 15 May 2026,Q1 2026
WLTH - Wealthfront Corp,0.61,,15156877,$9.25,"$140,201,000",,$9.49,2.59%,$7.20,$14.88,Chase Coleman - Tiger Global Management Updated 15 May 2026,Q1 2026
PCOR - Procore Technologies Inc.,0.58,,2339500,$57.00,"$133,352,000",,$60.66,6.42%,$38.03,$82.32,Chase Coleman - Tiger Global Management Updated 15 May 2026,Q1 2026
LITE - Lumentum Holdings Inc.,0.42,Buy,136800,$702.76,"$96,138,000",,$891.45,26.85%,$111.20,$1085.68,Chase Coleman - Tiger Global Management Updated 15 May 2026,Q1 2026
UNH - United Health Group Inc.,0.42,Reduce 16.60%,350445,$270.59,"$94,827,000",,$399.39,47.60%,$254.51,$461.62,Chase Coleman - Tiger Global Management Updated 15 May 2026,Q1 2026
EQPT - Equipmentshare.com Inc A,0.41,Buy,4579646,$20.37,"$93,287,000",,$21.60,6.04%,$15.71,$35.50,Chase Coleman - Tiger Global Management Updated 15 May 2026,Q1 2026
SHW - Sherwin-Williams,0.36,,257083,$320.55,"$82,408,000",,$360.20,12.37%,$289.86,$376.95,Chase Coleman - Tiger Global Management Updated 15 May 2026,Q1 2026
INTC - Intel Corp.,0.32,Buy,1638700,$44.13,"$72,316,000",,$104.81,137.50%,$21.36,$142.35,Chase Coleman - Tiger Global Management Updated 15 May 2026,Q1 2026
CSGP - CoStar Group Inc.,0.26,Reduce 33.60%,1500000,$40.34,"$60,510,000",,$32.54,-19.34%,$25.89,$91.89,Chase Coleman - Tiger Global Management Updated 15 May 2026,Q1 2026
RERE - AiHuiShou International Co. Ltd. ADS,0.2,,9831218,$4.69,"$46,108,000",,$4.59,-2.13%,$3.50,$6.32,Chase Coleman - Tiger Global Management Updated 15 May 2026,Q1 2026
ZG - Zillow Group Inc. CL A,0.19,,1023733,$41.39,"$42,372,000",,$36.28,-12.35%,$29.03,$90.22,Chase Coleman - Tiger Global Management Updated 15 May 2026,Q1 2026
BULL - Webull Corp,0.14,,6724137,$4.80,"$32,276,000",,$7.98,66.25%,$4.50,$17.08,Chase Coleman - Tiger Global Management Updated 15 May 2026,Q1 2026
PONY - Pony Ai Inc,0.12,,2900000,$9.44,"$27,376,000",,$8.32,-11.86%,$6.37,$24.92,Chase Coleman - Tiger Global Management Updated 15 May 2026,Q1 2026
RVI - Robinhood Ventures Fund I,0.05,Buy,400000,$26.54,"$10,616,000",,$28.23,6.37%,$21.00,$77.39,Chase Coleman - Tiger Global Management Updated 15 May 2026,Q1 2026
UBER - Uber Technologies Inc.,0.05,,151178,$71.93,"$10,874,000",,$75.84,5.44%,$65.41,$101.99,Chase Coleman - Tiger Global Management Updated 15 May 2026,Q1 2026
JD - JD.com Inc.,0.04,,344309,$29.57,"$10,181,000",,$29.26,-1.05%,$23.66,$35.59,Chase Coleman - Tiger Global Management Updated 15 May 2026,Q1 2026
PAYP - Paypay Corp,0.04,Buy,400000,$21.34,"$8,536,000",,$14.88,-30.27%,$12.07,$24.89,Chase Coleman - Tiger Global Management Updated 15 May 2026,Q1 2026
FIGR - Figure Technology Solut Cl A,0.03,,200000,$33.95,"$6,790,000",,$31.72,-6.57%,$24.11,$78.00,Chase Coleman - Tiger Global Management Updated 15 May 2026,Q1 2026
BLSH - Bullish,0.02,,100000,$35.73,"$3,573,000",,$27.47,-23.12%,$20.55,$118.00,Chase Coleman - Tiger Global Management Updated 15 May 2026,Q1 2026
DASH - DoorDash Inc.,0.02,,25337,$150.14,"$3,804,000",,$216.54,44.23%,$143.30,$285.50,Chase Coleman - Tiger Global Management Updated 15 May 2026,Q1 2026
NTSK - Netskope Inc Cl A,0.02,,500000,$8.49,"$4,245,000",,$15.97,88.10%,$7.67,$27.99,Chase Coleman - Tiger Global Management Updated 15 May 2026,Q1 2026
XNDU - Xanadu Quantum Technolo Cl B,0.02,Buy,500000,$7.66,"$3,830,000",,$10.81,41.12%,$6.97,$42.44,Chase Coleman - Tiger Global Management Updated 15 May 2026,Q1 2026
ETOR - Etoro Group Ltd A,0.01,,80000,$30.03,"$2,402,000",,$28.92,-3.70%,$24.74,$51.88,Chase Coleman - Tiger Global Management Updated 15 May 2026,Q1 2026
FIG - Figma Inc Cl A,0.01,,60000,$21.13,"$1,268,000",,$25.95,22.81%,$16.60,$91.00,Chase Coleman - Tiger Global Management Updated 15 May 2026,Q1 2026
KLAR - Klarna Group Plc,0.01,,175000,$13.09,"$2,291,000",,$20.63,57.60%,$12.06,$57.20,Chase Coleman - Tiger Global Management Updated 15 May 2026,Q1 2026
ARX - Accelerant Holdings Cl A,0.0,,75000,$13.36,"$1,002,000",,$19.48,45.81%,$9.18,$30.48,Chase Coleman - Tiger Global Management Updated 15 May 2026,Q1 2026
GEMI - Gemini Space Station Inc A,0.0,,70000,$4.41,"$309,000",,$4.34,-1.59%,$3.74,$45.89,Chase Coleman - Tiger Global Management Updated 15 May 2026,Q1 2026
MNTN - Mntn Inc A,0.0,,20000,$8.80,"$176,000",,$12.46,41.59%,$7.67,$23.44,Chase Coleman - Tiger Global Management Updated 15 May 2026,Q1 2026
VFC - V.F. Corp.,26.2,Reduce 11.83%,4678989,$16.99,"$79,496,000",,$14.75,-13.18%,$12.02,$22.15,Glenn Welling - Engaged Capital Updated 15 May 2026,Q1 2026
YETI - YETI Holdings Inc.,21.52,Reduce 12.23%,1784095,$36.59,"$65,280,000",,$44.85,22.57%,$31.66,$53.99,Glenn Welling - Engaged Capital Updated 15 May 2026,Q1 2026
BL - BlackLine Inc.,16.68,Add 26.21%,1367619,$37.00,"$50,602,000",,$30.50,-17.57%,$24.70,$59.57,Glenn Welling - Engaged Capital Updated 15 May 2026,Q1 2026
GXO - Gxo Logistics Inc.,14.04,Reduce 0.96%,821769,$51.85,"$42,609,000",,$48.08,-7.27%,$45.40,$66.85,Glenn Welling - Engaged Capital Updated 15 May 2026,Q1 2026
CGNX - Cognex Corp.,7.81,Reduce 48.12%,484000,$48.99,"$23,711,000",,$62.27,27.11%,$34.50,$72.88,Glenn Welling - Engaged Capital Updated 15 May 2026,Q1 2026
PTLO - Portillo's Inc Cl A,6.0,Add 124.30%,3442990,$5.29,"$18,213,000",,$5.10,-3.59%,$3.78,$8.14,Glenn Welling - Engaged Capital Updated 15 May 2026,Q1 2026
EVH - Evolent Health Inc.,4.18,,5563912,$2.28,"$12,686,000",,$4.54,99.12%,$2.10,$10.08,Glenn Welling - Engaged Capital Updated 15 May 2026,Q1 2026
BRCC - BRC Inc.,3.57,,13935560,$0.78,"$10,817,000",,$0.85,8.97%,$0.60,$1.86,Glenn Welling - Engaged Capital Updated 15 May 2026,Q1 2026
CVNA - Carvana Co.,81.67,Reduce 1.49%,22706455,$62.88,"$1,427,691,000",,$74.54,18.54%,$54.46,$97.38,Clifford Sosin - CAS Investment Partners Updated 15 May 2026,Q1 2026
HGV - Hilton Grand Vacations Inc.,11.73,Reduce 1.46%,5239891,$39.12,"$204,985,000",,$44.62,14.06%,$36.79,$55.40,Clifford Sosin - CAS Investment Partners Updated 15 May 2026,Q1 2026
COF - Capital One Financial,6.01,Reduce 1.47%,575548,$182.43,"$104,997,000",,$223.88,22.72%,$174.23,$257.54,Clifford Sosin - CAS Investment Partners Updated 15 May 2026,Q1 2026
CDLX - Cardlytics Inc.,0.31,,519806,$10.50,"$5,458,000",,$4.34,-58.67%,$3.49,$32.80,Clifford Sosin - CAS Investment Partners Updated 15 May 2026,Q1 2026
SWIM - Latham Group Inc,0.29,Reduce 1.47%,928545,$5.37,"$4,986,000",,$7.67,42.83%,$4.64,$8.97,Clifford Sosin - CAS Investment Partners Updated 15 May 2026,Q1 2026
AMZN - Amazon.com Inc.,38.2,Add 3.46%,7567946,$208.27,"$1,576,176,000",,$265.88,27.66%,$196.00,$287.20,AltaRock Partners Updated 15 May 2026,Q1 2026
TDG - TransDigm Group Inc.,25.54,Reduce 6.21%,909168,$1158.96,"$1,053,689,000",,$1245.33,7.45%,$1123.61,$1463.03,AltaRock Partners Updated 15 May 2026,Q1 2026
MSFT - Microsoft Corp.,16.75,Reduce 10.32%,1867537,$370.17,"$691,306,000",,$496.35,34.09%,$349.20,$550.24,AltaRock Partners Updated 15 May 2026,Q1 2026
MCO - Moody's Corp.,9.11,Add 5.84%,862036,$436.25,"$376,063,000",,$486.60,11.54%,$400.46,$544.40,AltaRock Partners Updated 15 May 2026,Q1 2026
MA - Mastercard Inc.,6.33,Reduce 3.51%,522836,$499.66,"$261,240,000",,$566.09,13.30%,$463.74,$598.04,AltaRock Partners Updated 15 May 2026,Q1 2026
V - Visa Inc.,3.65,Reduce 3.48%,498677,$302.24,"$150,720,000",,$362.90,20.07%,$292.74,$373.28,AltaRock Partners Updated 15 May 2026,Q1 2026
GOOGL - Alphabet Inc.,0.3,Reduce 74.38%,43391,$287.57,"$12,478,000",,$346.14,20.37%,$196.04,$408.37,AltaRock Partners Updated 15 May 2026,Q1 2026
HLT - Hilton Worldwide Holdings,0.11,Reduce 97.17%,15341,$304.09,"$4,665,000",,$320.30,5.33%,$253.16,$358.00,AltaRock Partners Updated 15 May 2026,Q1 2026
BRK.B - Berkshire Hathaway CL B,6.64,Reduce 25.17%,378625,$479.20,"$181,437,000",,$506.45,5.69%,$464.01,$537.74,Francois Rochon - Giverny Capital Updated 15 May 2026,Q1 2026
GOOG - Alphabet Inc. CL C,6.52,Reduce 2.91%,620909,$286.86,"$178,114,000",,$343.94,19.90%,$196.90,$404.23,Francois Rochon - Giverny Capital Updated 15 May 2026,Q1 2026
META - Meta Platforms Inc.,6.45,Reduce 1.80%,307821,$572.13,"$176,114,000",,$593.95,3.81%,$519.78,$793.65,Francois Rochon - Giverny Capital Updated 15 May 2026,Q1 2026
HEI.A - HEICO Corp. CL A,5.71,Reduce 2.13%,738482,$211.09,"$155,886,000",,$273.35,29.49%,$199.25,$279.52,Francois Rochon - Giverny Capital Updated 15 May 2026,Q1 2026
SCHW - Charles Schwab Corp.,5.29,Reduce 3.12%,1536206,$93.98,"$144,373,000",,$109.78,16.81%,$83.96,$110.00,Francois Rochon - Giverny Capital Updated 15 May 2026,Q1 2026
FIVE - Five Below Inc.,5.16,Reduce 3.22%,617191,$228.48,"$141,016,000",,$243.20,6.44%,$131.52,$251.63,Francois Rochon - Giverny Capital Updated 15 May 2026,Q1 2026
AME - Ametek Inc.,4.8,Reduce 37.51%,612058,$214.36,"$131,201,000",,$256.28,19.56%,$178.41,$259.99,Francois Rochon - Giverny Capital Updated 15 May 2026,Q1 2026
MEDP - Medpace Holdings Inc.,4.5,Reduce 2.75%,256081,$480.19,"$122,968,000",,$587.64,22.38%,$373.00,$677.90,Francois Rochon - Giverny Capital Updated 15 May 2026,Q1 2026
V - Visa Inc.,4.39,Reduce 2.70%,396357,$302.24,"$119,795,000",,$362.90,20.07%,$292.74,$373.28,Francois Rochon - Giverny Capital Updated 15 May 2026,Q1 2026
IBP - Installed Building Products,3.92,Reduce 22.26%,403665,$265.15,"$107,032,000",,$246.93,-6.87%,$192.75,$345.54,Francois Rochon - Giverny Capital Updated 15 May 2026,Q1 2026
PGR - Progressive Corp.,3.83,Reduce 1.58%,528364,$198.24,"$104,743,000",,$209.06,5.46%,$187.79,$239.38,Francois Rochon - Giverny Capital Updated 15 May 2026,Q1 2026
GOOGL - Alphabet Inc.,3.67,Reduce 3.58%,348469,$287.56,"$100,206,000",,$346.14,20.37%,$196.04,$408.37,Francois Rochon - Giverny Capital Updated 15 May 2026,Q1 2026
KEYS - Keysight Technologies Inc.,3.34,Reduce 3.25%,323184,$282.37,"$91,257,000",,$354.64,25.59%,$152.85,$374.96,Francois Rochon - Giverny Capital Updated 15 May 2026,Q1 2026
NVR - NVR Inc.,3.29,Reduce 3.30%,13647,$6589.80,"$89,931,000",,$6384.93,-3.11%,$5501.01,$8618.28,Francois Rochon - Giverny Capital Updated 15 May 2026,Q1 2026
BKNG - Booking Holdings Inc.,3.26,Reduce 1.53%,527925,$168.41,"$88,909,000",,$214.09,27.12%,$149.76,$229.86,Francois Rochon - Giverny Capital Updated 15 May 2026,Q1 2026
ADP - Automatic Data Processing Inc.,3.12,Buy,419090,$203.18,"$85,151,000",,$274.87,35.28%,$186.74,$301.70,Francois Rochon - Giverny Capital Updated 15 May 2026,Q1 2026
MKL - Markel Group Inc.,3.01,Reduce 2.35%,42944,$1914.07,"$82,198,000",,$1830.96,-4.34%,$1719.41,$2207.59,Francois Rochon - Giverny Capital Updated 15 May 2026,Q1 2026
KNSL - Kinsale Capital Group Inc.,2.74,Add 2.18%,218942,$341.66,"$74,804,000",,$376.09,10.08%,$287.20,$484.06,Francois Rochon - Giverny Capital Updated 15 May 2026,Q1 2026
BFAM - Bright Horizons Family Solutions Inc.,2.23,Add 80.97%,742329,$82.13,"$60,967,000",,$73.62,-10.36%,$57.63,$124.25,Francois Rochon - Giverny Capital Updated 15 May 2026,Q1 2026
OZK - Bank OZK,2.07,Reduce 2.61%,1231059,$45.89,"$56,493,000",,$52.26,13.88%,$41.16,$53.18,Francois Rochon - Giverny Capital Updated 15 May 2026,Q1 2026
ADI - Analog Devices,1.99,Reduce 3.22%,171052,$318.14,"$54,418,000",,$382.21,20.14%,$221.38,$445.91,Francois Rochon - Giverny Capital Updated 15 May 2026,Q1 2026
ANET - Arista Networks Inc.,1.9,Add 1.00%,423361,$122.78,"$51,982,000",,$208.20,69.57%,$114.52,$214.89,Francois Rochon - Giverny Capital Updated 15 May 2026,Q1 2026
DIS - Walt Disney Co.,1.89,Reduce 1.45%,536514,$96.38,"$51,709,000",,$104.35,8.27%,$91.48,$118.07,Francois Rochon - Giverny Capital Updated 15 May 2026,Q1 2026
RMD - ResMed Inc.,1.89,Reduce 2.29%,230005,$224.48,"$51,632,000",,$227.32,1.27%,$180.27,$291.57,Francois Rochon - Giverny Capital Updated 15 May 2026,Q1 2026
BRO - Brown & Brown Inc.,1.8,Reduce 2.23%,755269,$65.21,"$49,251,000",,$71.46,9.58%,$53.69,$97.36,Francois Rochon - Giverny Capital Updated 15 May 2026,Q1 2026
LFUS - Littelfuse Inc.,1.0,Reduce 1.06%,80719,$339.35,"$27,392,000",,$450.63,32.79%,$231.99,$500.57,Francois Rochon - Giverny Capital Updated 15 May 2026,Q1 2026
LULU - Lululemon Athletica Inc.,0.8,Reduce 1.13%,142600,$153.10,"$21,832,000",,$120.25,-21.46%,$104.44,$225.98,Francois Rochon - Giverny Capital Updated 15 May 2026,Q1 2026
SUNB - Sunbelt Rentals Holdings Inc,0.65,Buy,270843,$65.09,"$17,629,000",,$80.65,23.91%,$60.40,$85.78,Francois Rochon - Giverny Capital Updated 15 May 2026,Q1 2026
AAON - AAON Inc.,0.61,Buy,201832,$82.75,"$16,702,000",,$89.93,8.68%,$73.05,$150.36,Francois Rochon - Giverny Capital Updated 15 May 2026,Q1 2026
JPM - JPMorgan Chase & Co.,0.56,Add 0.89%,52298,$294.16,"$15,384,000",,$363.49,23.57%,$276.43,$366.09,Francois Rochon - Giverny Capital Updated 15 May 2026,Q1 2026
MA - Mastercard Inc.,0.51,Reduce 2.41%,28066,$499.64,"$14,023,000",,$566.09,13.30%,$463.74,$598.04,Francois Rochon - Giverny Capital Updated 15 May 2026,Q1 2026
FND - Floor & Decor Holdings,0.43,Reduce 1.72%,231829,$50.80,"$11,777,000",,$59.01,16.16%,$42.64,$92.41,Francois Rochon - Giverny Capital Updated 15 May 2026,Q1 2026
TWFG - Twfg Inc,0.37,Add 66.54%,552107,$18.39,"$10,153,000",,$26.95,46.55%,$16.56,$29.99,Francois Rochon - Giverny Capital Updated 15 May 2026,Q1 2026
FERG - Ferguson Enterprises Inc.,0.31,Add 0.97%,36728,$233.26,"$8,567,000",,$247.69,6.19%,$204.50,$269.59,Francois Rochon - Giverny Capital Updated 15 May 2026,Q1 2026
BRK.A - Berkshire Hathaway CL A,0.29,,11,$718181.82,"$7,900,000",,$759889.00,5.81%,$698000.00,$806102.81,Francois Rochon - Giverny Capital Updated 15 May 2026,Q1 2026
BLDR - Builders FirstSource Inc.,0.28,Add 2.03%,91813,$82.33,"$7,559,000",,$73.94,-10.19%,$65.10,$151.03,Francois Rochon - Giverny Capital Updated 15 May 2026,Q1 2026
AAPL - Apple Inc.,0.14,Reduce 8.95%,15040,$253.79,"$3,817,000",,$304.33,19.91%,$222.96,$344.27,Francois Rochon - Giverny Capital Updated 15 May 2026,Q1 2026
TSM - Taiwan Semiconductor S.A.,0.1,Reduce 49.44%,8125,$337.97,"$2,746,000",,$432.89,28.09%,$221.29,$479.00,Francois Rochon - Giverny Capital Updated 15 May 2026,Q1 2026
GLD - SPDR Gold Trust,0.06,,3876,$430.34,"$1,668,000",,$398.64,-7.37%,$305.19,$509.70,Francois Rochon - Giverny Capital Updated 15 May 2026,Q1 2026
MTB - M&T Bank Corp.,0.06,Reduce 0.07%,7535,$206.77,"$1,558,000",,$253.92,22.80%,$170.99,$255.50,Francois Rochon - Giverny Capital Updated 15 May 2026,Q1 2026
SPY - SPDR S&P 500 ETF Trust,0.06,,2474,$650.36,"$1,609,000",,$778.23,19.66%,$626.01,$778.82,Francois Rochon - Giverny Capital Updated 15 May 2026,Q1 2026
YUMC - Yum China Holdings Inc.,0.06,,36036,$48.78,"$1,758,000",,$47.38,-2.87%,$40.15,$57.69,Francois Rochon - Giverny Capital Updated 15 May 2026,Q1 2026
BIRK - Birkenstock Holding Plc,0.04,,27392,$35.81,"$981,000",,$41.22,15.11%,$31.12,$53.53,Francois Rochon - Giverny Capital Updated 15 May 2026,Q1 2026
ITB - Ishares U.S. Home Constructi,0.04,Reduce 7.21%,10854,$90.57,"$983,000",,$99.36,9.71%,$84.84,$117.25,Francois Rochon - Giverny Capital Updated 15 May 2026,Q1 2026
ODFL - Old Dominion Freight Line,0.04,Reduce 4.74%,5006,$195.37,"$978,000",,$217.40,11.28%,$125.43,$252.03,Francois Rochon - Giverny Capital Updated 15 May 2026,Q1 2026
QQQM - Invesco Nasdaq 100 ETF,0.04,Buy,4222,$237.57,"$1,003,000",,$301.86,27.06%,$228.49,$307.85,Francois Rochon - Giverny Capital Updated 15 May 2026,Q1 2026
RSP - Invesco S&P 500 Equal Weight,0.04,Buy,6105,$191.97,"$1,172,000",,$222.72,16.02%,$179.92,$222.72,Francois Rochon - Giverny Capital Updated 15 May 2026,Q1 2026
CPRT - Copart Inc.,0.03,,27484,$33.18,"$912,000",,$29.44,-11.27%,$26.81,$50.11,Francois Rochon - Giverny Capital Updated 15 May 2026,Q1 2026
MSFT - Microsoft Corp.,0.03,Add 12.09%,1910,$370.16,"$707,000",,$496.35,34.09%,$349.20,$550.24,Francois Rochon - Giverny Capital Updated 15 May 2026,Q1 2026
NVO - Novo Nordisk A S,0.02,,12400,$36.77,"$456,000",,$46.33,26.00%,$34.58,$61.89,Francois Rochon - Giverny Capital Updated 15 May 2026,Q1 2026
SITE - SiteOne Landscape Supply Inc.,0.02,,3753,$133.23,"$500,000",,$98.31,-26.21%,$90.07,$168.56,Francois Rochon - Giverny Capital Updated 15 May 2026,Q1 2026
VRT - Vertiv Holdings Co.,17.74,,2157789,$250.58,"$540,699,000",,$291.84,16.47%,$118.57,$379.86,Leon Cooperman Updated 15 May 2026,Q1 2026
RKT - Rocket Companies Inc.,9.83,,21016600,$14.25,"$299,487,000",,$15.11,6.04%,$12.17,$24.36,Leon Cooperman Updated 15 May 2026,Q1 2026
ET - Energy Transfer LP,8.43,,13320100,$19.30,"$257,078,000",,$20.86,8.08%,$15.10,$21.05,Leon Cooperman Updated 15 May 2026,Q1 2026
MIR - Mirion Technologies Inc,5.11,,8383441,$18.59,"$155,848,000",,$15.58,-16.19%,$14.11,$30.28,Leon Cooperman Updated 15 May 2026,Q1 2026
PLGO - Pelagos Insurance Capital,5.01,Add 13.39%,7984348,$19.11,"$152,581,000",,$22.98,20.25%,$15.45,$26.34,Leon Cooperman Updated 15 May 2026,Q1 2026
APO - Apollo Global Management,4.89,,1337000,$111.42,"$148,969,000",,$143.98,29.22%,$99.14,$152.03,Leon Cooperman Updated 15 May 2026,Q1 2026
MP - MP Materials Corp.,4.75,,3000000,$48.26,"$144,780,000",,$55.65,15.31%,$37.81,$100.25,Leon Cooperman Updated 15 May 2026,Q1 2026
OMF - OneMain Holdings,3.52,Add 186.43%,2005000,$53.49,"$107,247,000",,$65.31,22.10%,$44.20,$68.16,Leon Cooperman Updated 15 May 2026,Q1 2026
SUN - Sunoco Inc.,3.45,,1620000,$64.97,"$105,251,000",,$75.15,15.67%,$45.10,$77.05,Leon Cooperman Updated 15 May 2026,Q1 2026
ASH - Ashland Global Holdings Inc.,3.1,,1700000,$55.61,"$94,537,000",,$73.83,32.76%,$45.29,$78.25,Leon Cooperman Updated 15 May 2026,Q1 2026
CI - Cigna Group,2.84,,325000,$266.75,"$86,694,000",,$277.40,3.99%,$235.50,$310.19,Leon Cooperman Updated 15 May 2026,Q1 2026
LAD - Lithia Motors Inc.,2.79,Add 7.05%,340000,$249.72,"$84,905,000",,$378.24,51.47%,$238.86,$438.67,Leon Cooperman Updated 15 May 2026,Q1 2026
KBR - KBR Inc.,2.57,,2125000,$36.86,"$78,328,000",,$38.08,3.31%,$29.80,$51.56,Leon Cooperman Updated 15 May 2026,Q1 2026
WSC - WillScot Mobile Mini Hldgs Corp.,2.3,,4031016,$17.36,"$69,978,000",,$22.83,31.51%,$14.77,$29.77,Leon Cooperman Updated 15 May 2026,Q1 2026
COF - Capital One Financial,2.21,Buy,370000,$182.43,"$67,499,000",,$223.88,22.72%,$174.23,$257.54,Leon Cooperman Updated 15 May 2026,Q1 2026
ELV - Elevance Health Inc.,2.19,Reduce 33.15%,227900,$292.75,"$66,718,000",,$398.02,35.96%,$272.05,$436.24,Leon Cooperman Updated 15 May 2026,Q1 2026
STKL-OLD - SunOpta Inc.,1.98,Add 2.72%,9300000,$6.48,"$60,264,000",,$6.50,0.31%,$3.32,$6.94,Leon Cooperman Updated 15 May 2026,Q1 2026
MSI - Motorola Solutions Inc.,1.92,,135000,$433.97,"$58,586,000",,$465.53,7.27%,$357.34,$493.57,Leon Cooperman Updated 15 May 2026,Q1 2026
AESI - Atlas Energy Solutions Inc,1.76,Reduce 19.20%,4083175,$13.12,"$53,571,000",,$11.83,-9.83%,$7.64,$20.13,Leon Cooperman Updated 15 May 2026,Q1 2026
EPD - Enterprise Products Partners LP,1.71,,1373755,$37.84,"$51,983,000",,$38.10,0.69%,$28.18,$39.58,Leon Cooperman Updated 15 May 2026,Q1 2026
AMRZ.SW - AMRIZE Ltd.,1.62,Buy,880000,$56.02,"$49,298,000",,,,,,Leon Cooperman Updated 15 May 2026,Q1 2026
MANU - Manchester United plc,1.62,Add 0.34%,2932076,$16.82,"$49,318,000",,$23.30,38.53%,$14.59,$24.22,Leon Cooperman Updated 15 May 2026,Q1 2026
GEHC - GE HealthCare Technologies Inc.,1.56,,670000,$71.18,"$47,691,000",,$73.72,3.57%,$58.72,$89.64,Leon Cooperman Updated 15 May 2026,Q1 2026
TDAY - Gannett Co.,1.45,Add 1.74%,6271961,$7.05,"$44,217,000",,$6.82,-3.26%,$3.42,$9.21,Leon Cooperman Updated 15 May 2026,Q1 2026
AMZN - Amazon.com Inc.,1.16,Buy,169500,$208.27,"$35,302,000",,$265.88,27.66%,$196.00,$287.20,Leon Cooperman Updated 15 May 2026,Q1 2026
SE - Sea Ltd,0.89,,326058,$82.81,"$27,001,000",,$123.86,49.57%,$77.05,$199.30,Leon Cooperman Updated 15 May 2026,Q1 2026
VOO - Vanguard S&P 500 ETF,0.85,,43593,$597.55,"$26,049,000",,$715.28,19.70%,$575.06,$715.92,Leon Cooperman Updated 15 May 2026,Q1 2026
GOOGL - Alphabet Inc.,0.71,,75000,$287.56,"$21,567,000",,$346.14,20.37%,$196.04,$408.37,Leon Cooperman Updated 15 May 2026,Q1 2026
FOA - Finance Of America Companies Inc.,0.7,Add 0.00%,1286068,$16.60,"$21,349,000",,$22.23,33.92%,$15.77,$29.79,Leon Cooperman Updated 15 May 2026,Q1 2026
DMAC - DiaMedica Therapeutics Inc.,0.45,,2020000,$6.77,"$13,675,000",,$6.73,-0.59%,$4.90,$10.42,Leon Cooperman Updated 15 May 2026,Q1 2026
ABR - Arbor Realty Trust Inc.,0.39,,1560000,$7.71,"$12,028,000",,$5.31,-31.13%,$4.73,$11.39,Leon Cooperman Updated 15 May 2026,Q1 2026
EFA - iShares MSCI EAFE ETF,0.18,,57453,$97.12,"$5,580,000",,$108.73,11.95%,$87.06,$108.82,Leon Cooperman Updated 15 May 2026,Q1 2026
IEUR - iShares Core MSCI Europe ETF,0.09,,38388,$70.28,"$2,698,000",,$78.24,11.33%,$63.42,$78.84,Leon Cooperman Updated 15 May 2026,Q1 2026
VGK - Vanguard FTSE Europe ETF,0.07,,24693,$82.41,"$2,035,000",,$92.37,12.09%,$74.72,$92.85,Leon Cooperman Updated 15 May 2026,Q1 2026
EWJ - iShares MSCI Japan ETF,0.06,Add 42.01%,20315,$84.42,"$1,715,000",,$98.48,16.65%,$74.19,$98.56,Leon Cooperman Updated 15 May 2026,Q1 2026
VGIT - Vanguard Intermediate Term T,0.05,,25028,$59.53,"$1,490,000",,$58.53,-1.68%,$57.28,$59.61,Leon Cooperman Updated 15 May 2026,Q1 2026
EWC - iShares MSCI Canada ETF,0.02,,12531,$54.82,"$687,000",,$61.99,13.08%,$46.28,$61.99,Leon Cooperman Updated 15 May 2026,Q1 2026
VTEB - Vanguard Tax Exempt Bond ETF,0.02,,12876,$49.86,"$642,000",,$49.91,0.10%,$47.16,$50.60,Leon Cooperman Updated 15 May 2026,Q1 2026
EPP - iShares MSCI Pacific ex-Japan ETF,0.01,,7610,$53.09,"$404,000",,$57.17,7.69%,$47.21,$58.12,Leon Cooperman Updated 15 May 2026,Q1 2026
FLCA - Franklin FTSE Canada ETF,0.01,,5750,$48.87,"$281,000",,$55.31,13.18%,$41.48,$55.31,Leon Cooperman Updated 15 May 2026,Q1 2026
HSPT-OLD - Horizon Space Acquisition Ii,0.0,Buy,1100,$0.00,$0,,$4.76,%,$3.59,$14.31,Leon Cooperman Updated 15 May 2026,Q1 2026
PHYS - Sprott Physical Gold Trust,6.78,Reduce 2.33%,834961,$35.44,"$29,591,000",,$32.99,-6.91%,$25.42,$42.07,Arnold Van Den Berg - Century Management  Updated 15 May 2026,Q1 2026
XOM - ExxonMobil Holdings Corp.,5.25,Reduce 4.33%,134915,$169.66,"$22,890,000",,$158.68,-6.47%,$102.47,$175.22,Arnold Van Den Berg - Century Management  Updated 15 May 2026,Q1 2026
SA - Seabridge Gold Inc.,4.28,Reduce 6.97%,658050,$28.34,"$18,649,000",,$32.00,12.91%,$15.98,$40.06,Arnold Van Den Berg - Century Management  Updated 15 May 2026,Q1 2026
LUMN - Lumen Technologies Inc.,3.87,Add 1.40%,2427862,$6.95,"$16,874,000",,$6.45,-7.19%,$3.94,$11.95,Arnold Van Den Berg - Century Management  Updated 15 May 2026,Q1 2026
FANG - Diamondback Energy Inc.,3.76,Reduce 2.01%,82958,$197.79,"$16,408,000",,$198.80,0.51%,$131.86,$213.34,Arnold Van Den Berg - Century Management  Updated 15 May 2026,Q1 2026
COHR - Coherent Corp.,3.52,Reduce 46.14%,64539,$238.21,"$15,374,000",,$330.42,38.71%,$84.35,$440.00,Arnold Van Den Berg - Century Management  Updated 15 May 2026,Q1 2026
EQT - EQT Corp.,3.3,Reduce 1.66%,226057,$63.64,"$14,386,000",,$53.94,-15.24%,$47.79,$67.84,Arnold Van Den Berg - Century Management  Updated 15 May 2026,Q1 2026
GOOG - Alphabet Inc. CL C,3.05,Reduce 19.64%,46423,$286.86,"$13,317,000",,$343.94,19.90%,$196.90,$404.23,Arnold Van Den Berg - Century Management  Updated 15 May 2026,Q1 2026
DELL - Dell Technologies Inc.,2.95,Add 0.46%,78282,$164.12,"$12,848,000",,$495.65,202.00%,$109.70,$500.62,Arnold Van Den Berg - Century Management  Updated 15 May 2026,Q1 2026
BRK.B - Berkshire Hathaway CL B,2.58,Reduce 13.40%,23478,$479.21,"$11,251,000",,$506.45,5.68%,$464.01,$537.74,Arnold Van Den Berg - Century Management  Updated 15 May 2026,Q1 2026
INTC - Intel Corp.,2.53,Reduce 3.23%,249846,$44.13,"$11,026,000",,$104.81,137.50%,$21.36,$142.35,Arnold Van Den Berg - Century Management  Updated 15 May 2026,Q1 2026
PR - Permian Resources Corp.,2.53,Reduce 0.50%,516902,$21.32,"$11,020,000",,$21.05,-1.27%,$11.60,$22.48,Arnold Van Den Berg - Century Management  Updated 15 May 2026,Q1 2026
MSFT - Microsoft Corp.,2.33,Add 58.76%,27496,$370.16,"$10,178,000",,$496.35,34.09%,$349.20,$550.24,Arnold Van Den Berg - Century Management  Updated 15 May 2026,Q1 2026
BN - Brookfield Corp.,2.2,Reduce 20.40%,236693,$40.47,"$9,579,000",,$44.90,10.95%,$37.87,$49.40,Arnold Van Den Berg - Century Management  Updated 15 May 2026,Q1 2026
IBM - International Business Machines,2.05,Add 0.18%,36942,$242.38,"$8,954,000",,$237.39,-2.06%,$197.77,$330.09,Arnold Van Den Berg - Century Management  Updated 15 May 2026,Q1 2026
SLB - Schlumberger Ltd.,2.04,Reduce 3.50%,172854,$51.39,"$8,883,000",,$52.07,1.32%,$31.05,$58.51,Arnold Van Den Berg - Century Management  Updated 15 May 2026,Q1 2026
CRK - Comstock Resources Inc.,1.91,Reduce 1.16%,396089,$21.08,"$8,350,000",,$13.66,-35.20%,$12.12,$28.10,Arnold Van Den Berg - Century Management  Updated 15 May 2026,Q1 2026
CI - Cigna Group,1.9,Add 1.46%,31112,$266.75,"$8,299,000",,$277.40,3.99%,$235.50,$310.19,Arnold Van Den Berg - Century Management  Updated 15 May 2026,Q1 2026
ELV - Elevance Health Inc.,1.89,Add 4.13%,28114,$292.74,"$8,230,000",,$398.02,35.96%,$272.05,$436.24,Arnold Van Den Berg - Century Management  Updated 15 May 2026,Q1 2026
QCOM - QUALCOMM Inc.,1.83,Add 7.65%,62118,$128.79,"$8,000,000",,$164.57,27.78%,$121.54,$258.96,Arnold Van Den Berg - Century Management  Updated 15 May 2026,Q1 2026
VNT - Vontier Corp.,1.81,Reduce 4.65%,222194,$35.47,"$7,881,000",,$33.25,-6.26%,$27.23,$48.13,Arnold Van Den Berg - Century Management  Updated 15 May 2026,Q1 2026
UNH - United Health Group Inc.,1.79,Add 10.58%,28888,$270.60,"$7,817,000",,$399.39,47.59%,$254.51,$461.62,Arnold Van Den Berg - Century Management  Updated 15 May 2026,Q1 2026
ACGL - Arch Capital Group Ltd.,1.78,Add 0.80%,81086,$95.98,"$7,783,000",,$97.78,1.88%,$82.45,$107.09,Arnold Van Den Berg - Century Management  Updated 15 May 2026,Q1 2026
CMCO - Columbus McKinnon Corp.,1.59,Add 26.20%,478328,$14.53,"$6,950,000",,$19.06,31.18%,$11.95,$24.13,Arnold Van Den Berg - Century Management  Updated 15 May 2026,Q1 2026
TMO - Thermo Fisher Scientific,1.59,Add 1.79%,14146,$491.52,"$6,953,000",,$595.87,21.23%,$434.83,$642.71,Arnold Van Den Berg - Century Management  Updated 15 May 2026,Q1 2026
DHR - Danaher Corp.,1.57,Add 1.19%,36228,$189.60,"$6,869,000",,$204.57,7.90%,$160.60,$241.78,Arnold Van Den Berg - Century Management  Updated 15 May 2026,Q1 2026
SWK - Stanley Black & Decker Inc.,1.5,Add 2.90%,92203,$71.06,"$6,552,000",,$102.39,44.09%,$59.87,$104.68,Arnold Van Den Berg - Century Management  Updated 15 May 2026,Q1 2026
DIS - Walt Disney Co.,1.47,Reduce 0.23%,66356,$96.37,"$6,395,000",,$104.35,8.28%,$91.48,$118.07,Arnold Van Den Berg - Century Management  Updated 15 May 2026,Q1 2026
SW - Smurfit Westrock Plc,1.47,Add 3.09%,160915,$39.85,"$6,412,000",,$49.97,25.40%,$32.08,$51.99,Arnold Van Den Berg - Century Management  Updated 15 May 2026,Q1 2026
TKR - Timken Co.,1.37,Reduce 0.66%,59290,$100.57,"$5,963,000",,$131.10,30.36%,$69.80,$146.37,Arnold Van Den Berg - Century Management  Updated 15 May 2026,Q1 2026
ILMN - Illumina Inc.,1.27,Reduce 3.82%,44778,$123.25,"$5,519,000",,$192.60,56.27%,$88.00,$207.00,Arnold Van Den Berg - Century Management  Updated 15 May 2026,Q1 2026
COP - ConocoPhillips,1.26,Reduce 1.12%,41762,$132.01,"$5,513,000",,$124.52,-5.67%,$83.51,$134.87,Arnold Van Den Berg - Century Management  Updated 15 May 2026,Q1 2026
CME - CME Group,1.25,Reduce 1.66%,18498,$295.33,"$5,463,000",,$265.86,-9.98%,$218.31,$319.84,Arnold Van Den Berg - Century Management  Updated 15 May 2026,Q1 2026
MKTX - MarketAxess Holdings Inc.,1.19,Add 3.37%,31423,$164.97,"$5,184,000",,$162.64,-1.41%,$108.75,$194.89,Arnold Van Den Berg - Century Management  Updated 15 May 2026,Q1 2026
WDAY - Workday Inc.,1.13,Add 119.90%,37898,$129.93,"$4,924,000",,$206.55,58.97%,$110.36,$249.85,Arnold Van Den Berg - Century Management  Updated 15 May 2026,Q1 2026
ST - Sensata Technologies Holding,1.04,Add 0.26%,128294,$35.22,"$4,519,000",,$45.33,28.71%,$27.92,$53.75,Arnold Van Den Berg - Century Management  Updated 15 May 2026,Q1 2026
GNRC - Generac Holdings Inc.,1.02,Reduce 1.11%,22794,$195.31,"$4,452,000",,$216.33,10.76%,$134.80,$296.44,Arnold Van Den Berg - Century Management  Updated 15 May 2026,Q1 2026
VTOL - Bristow Group Inc.,1.0,Add 49.09%,92927,$46.89,"$4,357,000",,$46.41,-1.02%,$34.83,$50.23,Arnold Van Den Berg - Century Management  Updated 15 May 2026,Q1 2026
FDX - FedEx Corp.,0.99,Reduce 1.35%,12110,$356.15,"$4,313,000",,$337.07,-5.36%,$172.82,$344.07,Arnold Van Den Berg - Century Management  Updated 15 May 2026,Q1 2026
VRSN - Verisign Inc.,0.82,Reduce 0.87%,14348,$248.33,"$3,563,000",,$286.41,15.33%,$207.53,$312.48,Arnold Van Den Berg - Century Management  Updated 15 May 2026,Q1 2026
FTV - Fortive Corp.,0.8,Add 22.94%,63238,$55.28,"$3,496,000",,$61.88,11.94%,$46.33,$64.56,Arnold Van Den Berg - Century Management  Updated 15 May 2026,Q1 2026
META - Meta Platforms Inc.,0.79,Reduce 0.66%,6056,$572.16,"$3,465,000",,$593.95,3.81%,$519.78,$793.65,Arnold Van Den Berg - Century Management  Updated 15 May 2026,Q1 2026
TREX - Trex Company Inc.,0.71,Buy,84871,$36.42,"$3,091,000",,$50.08,37.51%,$29.77,$66.06,Arnold Van Den Berg - Century Management  Updated 15 May 2026,Q1 2026
CRGY - Crescent Energy Inc A,0.7,Add 4.15%,227213,$13.50,"$3,067,000",,$11.91,-11.78%,$7.53,$14.16,Arnold Van Den Berg - Century Management  Updated 15 May 2026,Q1 2026
INTU - Intuit Inc.,0.68,Buy,6869,$432.38,"$2,970,000",,$356.51,-17.55%,$251.72,$713.52,Arnold Van Den Berg - Century Management  Updated 15 May 2026,Q1 2026
MCO - Moody's Corp.,0.59,Reduce 1.30%,5850,$436.24,"$2,552,000",,$486.60,11.54%,$400.46,$544.40,Arnold Van Den Berg - Century Management  Updated 15 May 2026,Q1 2026
BAC - Bank of America Corp.,0.58,Reduce 12.28%,51725,$48.76,"$2,522,000",,$64.06,31.38%,$45.79,$64.95,Arnold Van Den Berg - Century Management  Updated 15 May 2026,Q1 2026
UPS - United Parcel Service,0.57,Reduce 0.05%,25193,$98.36,"$2,478,000",,$105.38,7.14%,$78.17,$118.73,Arnold Van Den Berg - Century Management  Updated 15 May 2026,Q1 2026
BAM - Brookfield Asset Management,0.43,Add 49.59%,42080,$44.44,"$1,870,000",,$55.89,25.77%,$41.77,$61.11,Arnold Van Den Berg - Century Management  Updated 15 May 2026,Q1 2026
CTRA-OLD - Coterra Energy Inc.,0.4,Reduce 1.89%,49090,$35.14,"$1,725,000",,$32.47,-7.60%,$21.72,$36.88,Arnold Van Den Berg - Century Management  Updated 15 May 2026,Q1 2026
DVN - Devon Energy Corp.,0.33,Reduce 0.98%,28973,$50.32,"$1,458,000",,$44.43,-11.71%,$30.89,$52.34,Arnold Van Den Berg - Century Management  Updated 15 May 2026,Q1 2026
GDXJ - Vaneck Junior Gold Miners,0.28,,10353,$120.06,"$1,243,000",,$115.74,-3.60%,$69.58,$157.49,Arnold Van Den Berg - Century Management  Updated 15 May 2026,Q1 2026
NOG - Northern Oil and Gas Inc.,0.28,Add 10.54%,42343,$29.24,"$1,238,000",,$24.19,-17.27%,$17.18,$29.99,Arnold Van Den Berg - Century Management  Updated 15 May 2026,Q1 2026
OVV - Ovintiv Inc.,0.26,Reduce 2.24%,19300,$59.38,"$1,146,000",,$62.26,4.85%,$34.83,$64.61,Arnold Van Den Berg - Century Management  Updated 15 May 2026,Q1 2026
LBRT - Liberty Oilfield Services Inc.,0.25,,38141,$28.79,"$1,098,000",,$21.19,-26.40%,$9.79,$34.38,Arnold Van Den Berg - Century Management  Updated 15 May 2026,Q1 2026
CVX - Chevron Corp.,0.24,Add 13.77%,5115,$206.84,"$1,058,000",,$197.51,-4.51%,$143.75,$212.76,Arnold Van Den Berg - Century Management  Updated 15 May 2026,Q1 2026
AEM - Agnico-Eagle Mines Ltd.,0.22,Reduce 0.73%,4762,$203.07,"$967,000",,$179.87,-11.42%,$128.83,$254.61,Arnold Van Den Berg - Century Management  Updated 15 May 2026,Q1 2026
ERO - Ero Copper Corp,0.21,,33593,$26.67,"$896,000",,$34.20,28.23%,$13.37,$39.80,Arnold Van Den Berg - Century Management  Updated 15 May 2026,Q1 2026
PSLV - Sprott Physical Silver Trust,0.21,Add 0.53%,38019,$24.38,"$927,000",,$20.91,-14.23%,$12.61,$38.13,Arnold Van Den Berg - Century Management  Updated 15 May 2026,Q1 2026
RSP - Invesco S&P 500 Equal Weight,0.21,Reduce 1.93%,4732,$191.89,"$908,000",,$222.72,16.07%,$179.92,$222.72,Arnold Van Den Berg - Century Management  Updated 15 May 2026,Q1 2026
VIG - Vanguard Dividend Apprec ETF,0.2,Add 4.56%,4062,$215.16,"$874,000",,$246.49,14.56%,$205.20,$247.25,Arnold Van Den Berg - Century Management  Updated 15 May 2026,Q1 2026
SEI - Solaris Energy Infrastructure Inc.,0.19,Reduce 3.86%,14868,$56.50,"$840,000",,$60.98,7.93%,$24.32,$86.19,Arnold Van Den Berg - Century Management  Updated 15 May 2026,Q1 2026
VTI - Vanguard Total Stock Mkt ETF,0.19,Add 2.21%,2639,$320.95,"$847,000",,$384.60,19.83%,$307.65,$384.88,Arnold Van Den Berg - Century Management  Updated 15 May 2026,Q1 2026
XLE - Energy Select Sector SPDR,0.19,Reduce 2.67%,13480,$61.28,"$826,000",,$61.04,-0.39%,$40.93,$63.01,Arnold Van Den Berg - Century Management  Updated 15 May 2026,Q1 2026
MA - Mastercard Inc.,0.18,Reduce 0.25%,1588,$499.37,"$793,000",,$566.09,13.36%,$463.74,$598.04,Arnold Van Den Berg - Century Management  Updated 15 May 2026,Q1 2026
BTE - Baytex Energy Corp.,0.17,Reduce 8.05%,166027,$4.47,"$742,000",,$4.30,-3.80%,$1.90,$5.34,Arnold Van Den Berg - Century Management  Updated 15 May 2026,Q1 2026
FNDF - Schwab Fndmn Intl Lrg Co ETF,0.16,Reduce 2.26%,14694,$48.93,"$719,000",,$55.50,13.43%,$40.05,$55.60,Arnold Van Den Berg - Century Management  Updated 15 May 2026,Q1 2026
VEA - Vanguard FTSE Developed ETF,0.16,Reduce 2.29%,10646,$64.06,"$682,000",,$73.59,14.88%,$56.19,$73.64,Arnold Van Den Berg - Century Management  Updated 15 May 2026,Q1 2026
MOAT - Vaneck Morningstar Wide Moat,0.15,Reduce 4.01%,6629,$96.70,"$641,000",,$114.26,18.16%,$94.07,$114.26,Arnold Van Den Berg - Century Management  Updated 15 May 2026,Q1 2026
VOO - Vanguard S&P 500 ETF,0.15,Add 18.26%,1127,$597.16,"$673,000",,$715.28,19.78%,$575.06,$715.92,Arnold Van Den Berg - Century Management  Updated 15 May 2026,Q1 2026
SU - Suncor Energy Inc.,0.14,Reduce 0.57%,9116,$66.15,"$603,000",,$65.22,-1.41%,$36.86,$69.83,Arnold Van Den Berg - Century Management  Updated 15 May 2026,Q1 2026
VYM - Vanguard High Dvd Yield ETF,0.12,Add 27.65%,3647,$148.07,"$540,000",,$167.00,12.78%,$133.31,$167.39,Arnold Van Den Berg - Century Management  Updated 15 May 2026,Q1 2026
XOP - SPDR S&P Oil & Gas Exploration & Production ETF,0.12,Reduce 16.44%,2918,$181.97,"$531,000",,$178.72,-1.79%,$119.40,$189.43,Arnold Van Den Berg - Century Management  Updated 15 May 2026,Q1 2026
TXN - Texas Instruments,0.1,Reduce 57.89%,2158,$194.16,"$419,000",,$274.35,41.30%,$150.20,$332.33,Arnold Van Den Berg - Century Management  Updated 15 May 2026,Q1 2026
AMZN - Amazon.com Inc.,0.09,Add 18.65%,1807,$208.08,"$376,000",,$265.88,27.78%,$196.00,$287.20,Arnold Van Den Berg - Century Management  Updated 15 May 2026,Q1 2026
VYMI - Vanguard Int High Dvd Yld In,0.09,Reduce 2.80%,3960,$94.19,"$373,000",,$104.60,11.05%,$79.89,$105.30,Arnold Van Den Berg - Century Management  Updated 15 May 2026,Q1 2026
AR - Antero Resources,0.08,,7970,$42.41,"$338,000",,$36.86,-13.09%,$29.10,$45.75,Arnold Van Den Berg - Century Management  Updated 15 May 2026,Q1 2026
EG - Everest Group Ltd,0.08,Reduce 12.74%,1082,$327.17,"$354,000",,$366.50,12.02%,$296.87,$401.07,Arnold Van Den Berg - Century Management  Updated 15 May 2026,Q1 2026
SPSM - Ss SPDR P S&P 600 Small Cap,0.08,Reduce 0.69%,7242,$48.33,"$350,000",,$58.21,20.44%,$43.14,$58.60,Arnold Van Den Berg - Century Management  Updated 15 May 2026,Q1 2026
T - AT&T Inc.,0.08,Reduce 0.36%,11454,$28.99,"$332,000",,$24.57,-15.25%,$19.63,$28.75,Arnold Van Den Berg - Century Management  Updated 15 May 2026,Q1 2026
AZZ - AZZ Inc.,0.07,Reduce 56.58%,2351,$125.05,"$294,000",,$150.27,20.17%,$92.36,$161.93,Arnold Van Den Berg - Century Management  Updated 15 May 2026,Q1 2026
CEF - Sprott Physical Gold And Sil,0.07,Reduce 2.29%,5986,$47.78,"$286,000",,$44.19,-7.51%,$30.58,$61.38,Arnold Van Den Berg - Century Management  Updated 15 May 2026,Q1 2026
HL - Hecla Mining Co.,0.07,,17000,$18.65,"$317,000",,$17.64,-5.42%,$7.39,$34.16,Arnold Van Den Berg - Century Management  Updated 15 May 2026,Q1 2026
RRC - Range Resources Corp.,0.07,Reduce 0.73%,6387,$45.25,"$289,000",,$39.82,-12.00%,$32.28,$48.18,Arnold Van Den Berg - Century Management  Updated 15 May 2026,Q1 2026
URA - Global X Uranium ETF,0.07,Add 0.02%,6114,$48.41,"$296,000",,$45.48,-6.05%,$34.02,$62.28,Arnold Van Den Berg - Century Management  Updated 15 May 2026,Q1 2026
DIA - SPDR Djia Trust,0.06,Reduce 50.95%,569,$463.97,"$264,000",,$537.75,15.90%,$439.43,$546.75,Arnold Van Den Berg - Century Management  Updated 15 May 2026,Q1 2026
NVDA - NVIDIA Corp.,0.06,Buy,1560,$174.36,"$272,000",,$225.95,29.59%,$163.85,$236.26,Arnold Van Den Berg - Century Management  Updated 15 May 2026,Q1 2026
TALO - Talos Energy Inc.,0.06,Reduce 32.23%,17895,$15.76,"$282,000",,$15.38,-2.41%,$8.01,$17.05,Arnold Van Den Berg - Century Management  Updated 15 May 2026,Q1 2026
AAPL - Apple Inc.,0.05,Buy,904,$253.32,"$229,000",,$304.33,20.14%,$222.96,$344.27,Arnold Van Den Berg - Century Management  Updated 15 May 2026,Q1 2026
CW - Curtiss-Wright Corp.,0.05,Buy,327,$681.96,"$223,000",,$687.72,0.84%,$464.78,$808.16,Arnold Van Den Berg - Century Management  Updated 15 May 2026,Q1 2026
GE - GE Aerospace,0.05,Buy,784,$283.16,"$222,000",,$361.73,27.75%,$262.47,$388.84,Arnold Van Den Berg - Century Management  Updated 15 May 2026,Q1 2026
SM - SM Energy Co.,0.05,Buy,7003,$31.13,"$218,000",,$32.15,3.28%,$17.13,$35.63,Arnold Van Den Berg - Century Management  Updated 15 May 2026,Q1 2026
RIG - Transocean Ltd.,0.04,,27743,$6.63,"$184,000",,$5.72,-13.73%,$2.76,$7.66,Arnold Van Den Berg - Century Management  Updated 15 May 2026,Q1 2026
GDX - VanEck Vectors Gold Miners ETF,0.03,,1590,$91.82,"$146,000",,$88.11,-4.04%,$56.18,$117.18,Arnold Van Den Berg - Century Management  Updated 15 May 2026,Q1 2026
VHT - Vanguard Health Care ETF,0.03,Buy,489,$271.98,"$133,000",,$316.09,16.22%,$240.31,$318.85,Arnold Van Den Berg - Century Management  Updated 15 May 2026,Q1 2026
FNDE - Schwab Fndmntl Em Mrk Eq ETF,0.02,Reduce 37.79%,2649,$38.13,"$101,000",,$41.35,8.44%,$32.72,$42.23,Arnold Van Den Berg - Century Management  Updated 15 May 2026,Q1 2026
IVV - Ishares Core S&P 500 ETF,0.02,Reduce 88.49%,116,$655.17,"$76,000",,$781.92,19.35%,$628.53,$782.57,Arnold Van Den Berg - Century Management  Updated 15 May 2026,Q1 2026
REI - Ring Energy Inc.,0.02,Reduce 8.11%,53191,$1.52,"$81,000",,$1.33,-12.50%,$0.80,$2.00,Arnold Van Den Berg - Century Management  Updated 15 May 2026,Q1 2026
GOOGL - Alphabet Inc.,0.01,Add 319.61%,214,$285.05,"$61,000",,$346.14,21.43%,$196.04,$408.37,Arnold Van Den Berg - Century Management  Updated 15 May 2026,Q1 2026
ILF - Ishares Latin America 40 ETF,0.01,,1300,$35.38,"$46,000",,$33.47,-5.40%,$24.79,$38.01,Arnold Van Den Berg - Century Management  Updated 15 May 2026,Q1 2026
IWB - Ishares Russell 1000 ETF,0.01,Reduce 90.07%,161,$354.04,"$57,000",,$426.35,20.42%,$343.95,$426.35,Arnold Van Den Berg - Century Management  Updated 15 May 2026,Q1 2026
IWD - Ishares Russell 1000 Value E,0.01,Reduce 80.33%,247,$214.57,"$53,000",,$258.52,20.48%,$194.47,$259.19,Arnold Van Den Berg - Century Management  Updated 15 May 2026,Q1 2026
IWF - iShares Russell 1000 Growth ETF,0.01,Reduce 79.30%,564,$106.38,"$60,000",,$125.93,18.38%,$102.14,$129.03,Arnold Van Den Berg - Century Management  Updated 15 May 2026,Q1 2026
IWS - Ishares Russell Mid Cap Valu,0.01,Reduce 59.69%,368,$146.74,"$54,000",,$173.13,17.98%,$132.31,$173.13,Arnold Van Den Berg - Century Management  Updated 15 May 2026,Q1 2026
NLR - Vaneck Urani & Nuclr ETF Usd,0.01,,216,$134.26,"$29,000",,$118.93,-11.42%,$101.92,$165.21,Arnold Van Den Berg - Century Management  Updated 15 May 2026,Q1 2026
SCHD - Schwab Us Dvd Equity ETF,0.01,,1899,$30.54,"$58,000",,$34.40,12.64%,$25.63,$34.48,Arnold Van Den Berg - Century Management  Updated 15 May 2026,Q1 2026
VGT - Vanguard Info Tech ETF,0.01,Buy,600,$86.67,"$52,000",,$123.20,42.15%,$82.99,$125.85,Arnold Van Den Berg - Century Management  Updated 15 May 2026,Q1 2026
VIGI - Vanguard Int Div App Indx Fd,0.01,Buy,268,$89.55,"$24,000",,$99.62,11.25%,$84.75,$99.74,Arnold Van Den Berg - Century Management  Updated 15 May 2026,Q1 2026
VPU - Vanguard Utilities ETF,0.01,Buy,162,$197.53,"$32,000",,$190.40,-3.61%,$173.74,$204.49,Arnold Van Den Berg - Century Management  Updated 15 May 2026,Q1 2026
VV - Vanguard Large Cap ETF,0.01,,86,$302.33,"$26,000",,$358.64,18.63%,$288.27,$358.86,Arnold Van Den Berg - Century Management  Updated 15 May 2026,Q1 2026
COPX - Global X Copper Miners ETF,0.0,Buy,274,$76.64,"$21,000",,$85.23,11.21%,$44.75,$99.65,Arnold Van Den Berg - Century Management  Updated 15 May 2026,Q1 2026
DJD - Invesco Dow Jones Industrial,0.0,,150,$60.00,"$9,000",,$65.70,9.50%,$52.47,$68.96,Arnold Van Den Berg - Century Management  Updated 15 May 2026,Q1 2026
EU - Encore Energy Corp,0.0,,10000,$1.80,"$18,000",,$1.17,-35.00%,$1.03,$4.19,Arnold Van Den Berg - Century Management  Updated 15 May 2026,Q1 2026
IJH - Ishares Core S&P Midcap ETF,0.0,Reduce 96.46%,107,$65.42,"$7,000",,$78.45,19.92%,$61.62,$78.45,Arnold Van Den Berg - Century Management  Updated 15 May 2026,Q1 2026
IJK - Ishares S&P Mid Cap 400 Grow,0.0,Reduce 35.94%,41,$97.56,"$4,000",,$118.80,21.77%,$90.91,$118.80,Arnold Van Den Berg - Century Management  Updated 15 May 2026,Q1 2026
IJR - Ishares Core S&P Small Cap E,0.0,Reduce 86.60%,26,$115.38,"$3,000",,$149.71,29.75%,$110.97,$150.69,Arnold Van Den Berg - Century Management  Updated 15 May 2026,Q1 2026
IJS - Ishares S&P Small Cap 600 Va,0.0,Reduce 98.29%,26,$115.38,"$3,000",,$140.15,21.47%,$102.97,$140.39,Arnold Van Den Berg - Century Management  Updated 15 May 2026,Q1 2026
IJT - Ishares S&P Small Cap 600 Gr,0.0,,17,$117.65,"$2,000",,$177.57,50.93%,$132.19,$179.68,Arnold Van Den Berg - Century Management  Updated 15 May 2026,Q1 2026
IVE - Ishares S&P 500 Value ETF,0.0,Reduce 5.26%,18,$222.22,"$4,000",,$237.76,6.99%,$197.23,$238.09,Arnold Van Den Berg - Century Management  Updated 15 May 2026,Q1 2026
IVW - iShares S&P 500 Growth ETF,0.0,Reduce 10.00%,135,$111.11,"$15,000",,$142.79,28.51%,$108.03,$143.26,Arnold Van Den Berg - Century Management  Updated 15 May 2026,Q1 2026
IWN - Ishares Russell 2000 Value E,0.0,,15,$200.00,"$3,000",,$226.93,13.47%,$162.17,$227.40,Arnold Van Den Berg - Century Management  Updated 15 May 2026,Q1 2026
MORT - Vaneck Mortgage Reit Income,0.0,Reduce 41.67%,140,$7.14,"$1,000",,$9.98,39.78%,$9.02,$10.59,Arnold Van Den Berg - Century Management  Updated 15 May 2026,Q1 2026
NAK - Northern Dynasty Minerals Ltd,0.0,Buy,10000,$1.40,"$14,000",,$1.65,17.86%,$0.79,$2.98,Arnold Van Den Berg - Century Management  Updated 15 May 2026,Q1 2026
SCHH - Schwab Us Reit ETF,0.0,Buy,172,$23.26,"$4,000",,$24.09,3.57%,$20.12,$25.03,Arnold Van Den Berg - Century Management  Updated 15 May 2026,Q1 2026
SIL - Global X Silver Miners ETF,0.0,,175,$91.43,"$16,000",,$88.61,-3.08%,$51.31,$119.08,Arnold Van Den Berg - Century Management  Updated 15 May 2026,Q1 2026
VB - Vanguard Small Cap ETF,0.0,,5,$200.00,"$1,000",,$308.69,54.35%,$238.70,$308.87,Arnold Van Den Berg - Century Management  Updated 15 May 2026,Q1 2026
VBR - Vanguard Small Cap Value ETF,0.0,Reduce 77.18%,34,$205.88,"$7,000",,$251.12,21.97%,$195.77,$251.66,Arnold Van Den Berg - Century Management  Updated 15 May 2026,Q1 2026
VNQ - Vanguard Real Estate ETF,0.0,Reduce 80.00%,25,$80.00,"$2,000",,$98.65,23.31%,$85.29,$101.80,Arnold Van Den Berg - Century Management  Updated 15 May 2026,Q1 2026
VTV - Vanguard Value ETF,0.0,Reduce 52.21%,54,$203.70,"$11,000",,$227.03,11.45%,$175.79,$227.34,Arnold Van Den Berg - Century Management  Updated 15 May 2026,Q1 2026
VUG - Vanguard Growth ETF,0.0,Reduce 37.14%,132,$75.76,"$10,000",,$89.85,18.60%,$69.56,$90.50,Arnold Van Den Berg - Century Management  Updated 15 May 2026,Q1 2026
XES - Ss SPDR S&P Og Eqp & Serv,0.0,Reduce 45.16%,34,$117.65,"$4,000",,$121.03,2.87%,$63.49,$134.99,Arnold Van Den Berg - Century Management  Updated 15 May 2026,Q1 2026
XLF - Financial Select Sector SPDR,0.0,,133,$52.63,"$7,000",,$58.22,10.62%,$47.50,$58.41,Arnold Van Den Berg - Century Management  Updated 15 May 2026,Q1 2026
XLK - Technology Select Sect SPDR,0.0,,4,$250.00,"$1,000",,$191.30,-23.48%,$126.53,$198.49,Arnold Van Den Berg - Century Management  Updated 15 May 2026,Q1 2026
NBR - Nabors Industries Ltd.,9.98,Reduce 26.26%,444430,$86.06,"$38,248,000",,$90.75,5.45%,$31.10,$112.90,Bill Miller - Miller Value Partners Updated 15 May 2026,Q1 2026
CRGY - Crescent Energy Inc A,7.06,Buy,2003132,$13.50,"$27,042,000",,$11.91,-11.78%,$7.53,$14.16,Bill Miller - Miller Value Partners Updated 15 May 2026,Q1 2026
GTN - Gray Television Inc.,6.08,Add 34.64%,5370100,$4.34,"$23,306,000",,$4.95,14.06%,$3.55,$6.30,Bill Miller - Miller Value Partners Updated 15 May 2026,Q1 2026
LNC - Lincoln National,5.29,Add 13.06%,570690,$35.50,"$20,259,000",,$45.11,27.07%,$31.40,$47.67,Bill Miller - Miller Value Partners Updated 15 May 2026,Q1 2026
SPY - SPDR S&P 500 ETF Trust,5.1,Buy,30044,$650.35,"$19,539,000",,$778.23,19.66%,$626.01,$778.82,Bill Miller - Miller Value Partners Updated 15 May 2026,Q1 2026
QUAD - Quad/Graphics Inc.,4.57,Reduce 3.17%,2651039,$6.61,"$17,523,000",,$9.75,47.50%,$4.98,$11.15,Bill Miller - Miller Value Partners Updated 15 May 2026,Q1 2026
BFH - Bread Financial Holdings Inc.,3.79,Reduce 3.83%,193697,$74.89,"$14,506,000",,$111.62,49.05%,$53.34,$114.12,Bill Miller - Miller Value Partners Updated 15 May 2026,Q1 2026
TDAY - Gannett Co.,3.62,Reduce 42.14%,1969280,$7.05,"$13,883,000",,$6.82,-3.26%,$3.42,$9.21,Bill Miller - Miller Value Partners Updated 15 May 2026,Q1 2026
CNDT - Conduent Inc.,3.35,Add 79.53%,10023930,$1.28,"$12,831,000",,$1.60,25.00%,$1.15,$2.98,Bill Miller - Miller Value Partners Updated 15 May 2026,Q1 2026
UPS - United Parcel Service,3.06,Add 37.54%,119108,$98.38,"$11,718,000",,$105.38,7.12%,$78.17,$118.73,Bill Miller - Miller Value Partners Updated 15 May 2026,Q1 2026
BLMN - Bloomin Brands Inc.,2.87,Buy,2036734,$5.40,"$10,998,000",,$10.84,100.74%,$5.19,$12.63,Bill Miller - Miller Value Partners Updated 15 May 2026,Q1 2026
FOSL - Fossil Inc.,2.73,Reduce 23.84%,2425185,$4.31,"$10,453,000",,$5.52,28.07%,$1.70,$6.16,Bill Miller - Miller Value Partners Updated 15 May 2026,Q1 2026
CTO - CTO Realty Growth Inc.,2.68,Add 28.08%,556053,$18.49,"$10,281,000",,$21.92,18.55%,$14.20,$22.71,Bill Miller - Miller Value Partners Updated 15 May 2026,Q1 2026
ITRN - Ituran Location & Control Ltd.,2.61,Reduce 5.16%,203900,$49.01,"$9,993,000",,$52.99,8.12%,$30.68,$67.77,Bill Miller - Miller Value Partners Updated 15 May 2026,Q1 2026
VTRS - Viatris Inc.,2.58,Add 18.20%,731676,$13.51,"$9,885,000",,$16.13,19.39%,$9.17,$18.39,Bill Miller - Miller Value Partners Updated 15 May 2026,Q1 2026
CHRD - Chord Energy,2.57,Add 20.02%,69330,$142.18,"$9,857,000",,$134.18,-5.63%,$81.48,$150.63,Bill Miller - Miller Value Partners Updated 15 May 2026,Q1 2026
JXN - Jackson Financial Inc.,2.23,Reduce 6.35%,80680,$105.71,"$8,529,000",,$134.37,27.11%,$87.44,$137.99,Bill Miller - Miller Value Partners Updated 15 May 2026,Q1 2026
VZ - Verizon Communications,2.2,Reduce 15.15%,168000,$50.20,"$8,434,000",,$48.10,-4.18%,$36.55,$50.06,Bill Miller - Miller Value Partners Updated 15 May 2026,Q1 2026
DCH - Dauch Corp.,2.16,Reduce 19.53%,1395905,$5.93,"$8,278,000",,$6.70,12.98%,$4.92,$9.25,Bill Miller - Miller Value Partners Updated 15 May 2026,Q1 2026
JELD - JELD-WEN Holding Inc.,2.14,Add 60.12%,6619885,$1.24,"$8,209,000",,$1.97,58.87%,$0.93,$6.98,Bill Miller - Miller Value Partners Updated 15 May 2026,Q1 2026
MSTR - MicroStrategy Inc.,1.7,Add 106.17%,52058,$124.80,"$6,497,000",,$97.05,-22.24%,$81.81,$399.44,Bill Miller - Miller Value Partners Updated 15 May 2026,Q1 2026
ARLP - Alliance Resource Partners LP,1.34,Add 40.35%,185256,$27.65,"$5,122,000",,$24.87,-10.05%,$20.15,$28.08,Bill Miller - Miller Value Partners Updated 15 May 2026,Q1 2026
MRP - Millrose Properties,1.32,Add 118.36%,180800,$28.00,"$5,062,000",,$30.25,8.04%,$25.60,$32.54,Bill Miller - Miller Value Partners Updated 15 May 2026,Q1 2026
CALM - Cal-Maine Foods Inc.,1.28,,62000,$79.15,"$4,907,000",,$83.08,4.97%,$70.97,$114.09,Bill Miller - Miller Value Partners Updated 15 May 2026,Q1 2026
ABR - Arbor Realty Trust Inc.,1.22,Buy,604000,$7.71,"$4,657,000",,$5.31,-31.13%,$4.73,$11.39,Bill Miller - Miller Value Partners Updated 15 May 2026,Q1 2026
OMF - OneMain Holdings,1.16,,82941,$53.50,"$4,437,000",,$65.31,22.07%,$44.20,$68.16,Bill Miller - Miller Value Partners Updated 15 May 2026,Q1 2026
UGI - UGI Corp.,1.15,Reduce 53.82%,121000,$36.42,"$4,407,000",,$35.11,-3.60%,$30.66,$40.48,Bill Miller - Miller Value Partners Updated 15 May 2026,Q1 2026
BMY - Bristol-Myers Squibb,1.1,Reduce 35.65%,69500,$60.65,"$4,215,000",,$64.58,6.48%,$41.13,$68.10,Bill Miller - Miller Value Partners Updated 15 May 2026,Q1 2026
WAL - Western Alliance Bancorp,1.02,Reduce 14.28%,55252,$70.86,"$3,915,000",,$81.98,15.69%,$65.45,$96.24,Bill Miller - Miller Value Partners Updated 15 May 2026,Q1 2026
BBW - Build-A-Bear Workshop Inc.,1.01,Add 32.99%,103734,$37.45,"$3,885,000",,$37.84,1.04%,$29.35,$74.33,Bill Miller - Miller Value Partners Updated 15 May 2026,Q1 2026
MELI - Mercadolibre Inc.,1.0,Buy,2215,$1729.12,"$3,830,000",,$1825.00,5.55%,$1495.00,$2548.50,Bill Miller - Miller Value Partners Updated 15 May 2026,Q1 2026
CROX - Crocs Inc.,0.84,Buy,38548,$83.01,"$3,200,000",,$131.70,58.66%,$73.21,$141.28,Bill Miller - Miller Value Partners Updated 15 May 2026,Q1 2026
FIGR - Figure Technology Solut Cl A,0.81,Buy,91009,$33.95,"$3,090,000",,$31.72,-6.57%,$24.11,$78.00,Bill Miller - Miller Value Partners Updated 15 May 2026,Q1 2026
LYB - LyondellBasell Industries,0.8,,38000,$80.55,"$3,061,000",,$62.43,-22.50%,$39.52,$83.07,Bill Miller - Miller Value Partners Updated 15 May 2026,Q1 2026
ZD - Ziff Davis Inc.,0.75,Buy,68058,$41.96,"$2,856,000",,$55.41,32.05%,$22.45,$58.06,Bill Miller - Miller Value Partners Updated 15 May 2026,Q1 2026
BCC - Boise Cascade Company,0.73,,37000,$75.84,"$2,806,000",,$83.96,10.71%,$64.57,$91.43,Bill Miller - Miller Value Partners Updated 15 May 2026,Q1 2026
CTRN - Citi Trends Inc.,0.61,Buy,53763,$43.32,"$2,329,000",,$75.57,74.45%,$29.20,$77.91,Bill Miller - Miller Value Partners Updated 15 May 2026,Q1 2026
REZI - Resideo Technologies Inc.,0.61,Buy,69762,$33.71,"$2,352,000",,$21.31,-36.78%,$18.88,$32.01,Bill Miller - Miller Value Partners Updated 15 May 2026,Q1 2026
UPBD - Upbound Group Inc.,0.57,Add 71.43%,120000,$18.05,"$2,166,000",,$19.69,9.09%,$14.83,$25.85,Bill Miller - Miller Value Partners Updated 15 May 2026,Q1 2026
ABNB - Airbnb Inc.,0.53,Buy,16134,$126.26,"$2,037,000",,$184.74,46.32%,$110.81,$187.12,Bill Miller - Miller Value Partners Updated 15 May 2026,Q1 2026
CG - Carlyle Group,0.51,,40000,$48.40,"$1,936,000",,$51.03,5.43%,$39.60,$68.43,Bill Miller - Miller Value Partners Updated 15 May 2026,Q1 2026
CART - Maplebear Inc,0.45,Buy,45557,$37.47,"$1,707,000",,$49.74,32.75%,$32.73,$51.06,Bill Miller - Miller Value Partners Updated 15 May 2026,Q1 2026
BLDR - Builders FirstSource Inc.,0.41,Buy,18893,$82.31,"$1,555,000",,$73.94,-10.17%,$65.10,$151.03,Bill Miller - Miller Value Partners Updated 15 May 2026,Q1 2026
PRDO - Perdoceo Education Corp.,0.39,Buy,40395,$37.21,"$1,503,000",,$31.90,-14.27%,$26.27,$38.32,Bill Miller - Miller Value Partners Updated 15 May 2026,Q1 2026
FOUR - Shift4 Payments Inc. CL A,0.34,Buy,30035,$43.72,"$1,313,000",,$47.85,9.45%,$34.56,$92.79,Bill Miller - Miller Value Partners Updated 15 May 2026,Q1 2026
CPNG - Coupang Inc.,0.31,Buy,62528,$18.89,"$1,181,000",,$16.31,-13.66%,$14.92,$34.08,Bill Miller - Miller Value Partners Updated 15 May 2026,Q1 2026
PINS - Pinterest Inc.,0.29,Buy,59990,$18.34,"$1,100,000",,$23.35,27.32%,$13.84,$38.57,Bill Miller - Miller Value Partners Updated 15 May 2026,Q1 2026
MBC - Masterbrand Inc,0.23,Buy,104854,$8.31,"$871,000",,$9.28,11.67%,$6.61,$14.22,Bill Miller - Miller Value Partners Updated 15 May 2026,Q1 2026
VRM - Vroom Inc,0.2,Buy,58488,$13.30,"$778,000",,$10.51,-20.98%,$6.80,$30.00,Bill Miller - Miller Value Partners Updated 15 May 2026,Q1 2026
PTLO - Portillo's Inc Cl A,0.18,Buy,129323,$5.29,"$684,000",,$5.10,-3.59%,$3.78,$8.14,Bill Miller - Miller Value Partners Updated 15 May 2026,Q1 2026
LAD - Lithia Motors Inc.,0.17,Buy,2654,$249.81,"$663,000",,$378.24,51.41%,$238.86,$438.67,Bill Miller - Miller Value Partners Updated 15 May 2026,Q1 2026
SN - Sharkninja Inc,0.16,Buy,5775,$105.97,"$612,000",,$188.58,77.96%,$83.12,$191.22,Bill Miller - Miller Value Partners Updated 15 May 2026,Q1 2026
FTI - TechnipFMC plc,0.06,Reduce 57.79%,3170,$69.09,"$219,000",,$76.62,10.90%,$34.18,$77.92,Bill Miller - Miller Value Partners Updated 15 May 2026,Q1 2026
TPC - Tutor Perini Corp.,0.06,Reduce 58.99%,2795,$77.28,"$216,000",,$95.70,23.84%,$53.70,$102.30,Bill Miller - Miller Value Partners Updated 15 May 2026,Q1 2026
UNFI - United Natural Foods,0.06,Reduce 58.42%,5250,$45.14,"$237,000",,$48.23,6.85%,$25.97,$57.02,Bill Miller - Miller Value Partners Updated 15 May 2026,Q1 2026
ASML - ASML Holding NV,14.76,Reduce 27.06%,140295,$1320.83,"$185,306,000",,$1861.52,40.94%,$711.50,$1997.36,Pat Dorsey - Dorsey Asset Management Updated 15 May 2026,Q1 2026
AER - AerCap Holdings N.V.,12.27,Reduce 7.54%,1123489,$137.18,"$154,120,000",,$148.69,8.39%,$110.92,$158.38,Pat Dorsey - Dorsey Asset Management Updated 15 May 2026,Q1 2026
SUNB - Sunbelt Rentals Holdings Inc,11.43,Buy,2204996,$65.09,"$143,523,000",,$80.65,23.91%,$60.40,$85.78,Pat Dorsey - Dorsey Asset Management Updated 15 May 2026,Q1 2026
APP - Applovin Corp.,10.04,Buy,316952,$398.00,"$126,147,000",,$314.55,-20.97%,$303.17,$745.61,Pat Dorsey - Dorsey Asset Management Updated 15 May 2026,Q1 2026
DHR - Danaher Corp.,8.76,Reduce 29.88%,580240,$189.60,"$110,014,000",,$204.57,7.90%,$160.60,$241.78,Pat Dorsey - Dorsey Asset Management Updated 15 May 2026,Q1 2026
RPRX - Royalty Pharma plc,8.7,Add 0.76%,2276570,$47.97,"$109,207,000",,$58.38,21.70%,$33.57,$60.44,Pat Dorsey - Dorsey Asset Management Updated 15 May 2026,Q1 2026
SPGI - S&P Global Inc.,7.54,Buy,222683,$425.34,"$94,716,000",,$422.09,-0.76%,$360.90,$545.61,Pat Dorsey - Dorsey Asset Management Updated 15 May 2026,Q1 2026
LYV - Live Nation Inc.,7.38,Add 0.77%,607609,$152.51,"$92,666,000",,$185.79,21.82%,$125.34,$188.00,Pat Dorsey - Dorsey Asset Management Updated 15 May 2026,Q1 2026
META - Meta Platforms Inc.,7.37,Add 0.77%,161683,$572.13,"$92,504,000",,$593.95,3.81%,$519.78,$793.65,Pat Dorsey - Dorsey Asset Management Updated 15 May 2026,Q1 2026
UBER - Uber Technologies Inc.,6.24,Buy,1090281,$71.93,"$78,424,000",,$75.84,5.44%,$65.41,$101.99,Pat Dorsey - Dorsey Asset Management Updated 15 May 2026,Q1 2026
BKNG - Booking Holdings Inc.,5.51,Add 0.78%,411100,$168.41,"$69,235,000",,$214.09,27.12%,$149.76,$229.86,Pat Dorsey - Dorsey Asset Management Updated 15 May 2026,Q1 2026
GE - GE Aerospace,29.85,,47510431,$283.77,"$13,482,035,000",,$361.73,27.47%,$262.47,$388.84,Chris Hohn - TCI Fund Management Updated 15 May 2026,Q1 2026
V - Visa Inc.,20.39,Add 9.90%,30468133,$302.24,"$9,208,689,000",,$362.90,20.07%,$292.74,$373.28,Chris Hohn - TCI Fund Management Updated 15 May 2026,Q1 2026
MCO - Moody's Corp.,13.84,Add 7.71%,14334027,$436.25,"$6,253,219,000",,$486.60,11.54%,$400.46,$544.40,Chris Hohn - TCI Fund Management Updated 15 May 2026,Q1 2026
SPGI - S&P Global Inc.,13.22,Add 19.04%,14035310,$425.34,"$5,969,779,000",,$422.09,-0.76%,$360.90,$545.61,Chris Hohn - TCI Fund Management Updated 15 May 2026,Q1 2026
CP - Canadian Pacific Kansas City,8.1,Reduce 2.38%,46521923,$78.66,"$3,659,638,000",,$93.92,19.40%,$67.98,$93.95,Chris Hohn - TCI Fund Management Updated 15 May 2026,Q1 2026
GOOG - Alphabet Inc. CL C,5.62,Add 16.55%,8854019,$286.86,"$2,539,864,000",,$343.94,19.90%,$196.90,$404.23,Chris Hohn - TCI Fund Management Updated 15 May 2026,Q1 2026
FER - Ferrovial Se,2.94,,20740214,$64.03,"$1,327,928,000",,$64.57,0.84%,$52.14,$74.07,Chris Hohn - TCI Fund Management Updated 15 May 2026,Q1 2026
CNI - Canadian Natl Railway Co.,2.24,,9849934,$102.86,"$1,013,208,000",,$127.70,24.15%,$89.10,$131.55,Chris Hohn - TCI Fund Management Updated 15 May 2026,Q1 2026
MSFT - Microsoft Corp.,2.24,Reduce 83.74%,2728412,$370.17,"$1,009,976,000",,$496.35,34.09%,$349.20,$550.24,Chris Hohn - TCI Fund Management Updated 15 May 2026,Q1 2026
GOOGL - Alphabet Inc.,1.56,Buy,2457000,$287.56,"$706,535,000",,$346.14,20.37%,$196.04,$408.37,Chris Hohn - TCI Fund Management Updated 15 May 2026,Q1 2026
MAR - Marriott Int'l.,8.59,Reduce 15.30%,3370872,$327.07,"$1,102,511,000",,$352.05,7.64%,$255.16,$410.98,Terry Smith - Fundsmith Updated 15 May 2026,Q1 2026
SYK - Stryker Corp.,7.84,Reduce 16.98%,3061416,$328.59,"$1,005,951,000",,$340.90,3.75%,$280.25,$392.86,Terry Smith - Fundsmith Updated 15 May 2026,Q1 2026
WAT - Waters Corp.,7.46,Reduce 9.72%,3212075,$297.80,"$956,556,000",,$415.63,39.57%,$282.77,$419.21,Terry Smith - Fundsmith Updated 15 May 2026,Q1 2026
V - Visa Inc.,7.31,Reduce 12.18%,3104090,$302.24,"$938,180,000",,$362.90,20.07%,$292.74,$373.28,Terry Smith - Fundsmith Updated 15 May 2026,Q1 2026
GOOGL - Alphabet Inc.,6.63,Reduce 15.50%,2956198,$287.56,"$850,084,000",,$346.14,20.37%,$196.04,$408.37,Terry Smith - Fundsmith Updated 15 May 2026,Q1 2026
PM - Philip Morris Intl.,6.59,Reduce 16.51%,5113163,$165.34,"$845,410,000",,$188.52,14.02%,$138.43,$207.76,Terry Smith - Fundsmith Updated 15 May 2026,Q1 2026
IDXX - IDEXX Laboratories,6.42,Reduce 21.87%,1465786,$561.89,"$823,610,000",,$563.26,0.24%,$518.55,$769.98,Terry Smith - Fundsmith Updated 15 May 2026,Q1 2026
ADP - Automatic Data Processing Inc.,6.11,Reduce 7.73%,3855105,$203.18,"$783,280,000",,$274.87,35.28%,$186.74,$301.70,Terry Smith - Fundsmith Updated 15 May 2026,Q1 2026
MSFT - Microsoft Corp.,6.0,Reduce 0.01%,2079737,$370.17,"$769,856,000",,$496.35,34.09%,$349.20,$550.24,Terry Smith - Fundsmith Updated 15 May 2026,Q1 2026
META - Meta Platforms Inc.,5.89,Reduce 3.09%,1321375,$572.13,"$755,998,000",,$593.95,3.81%,$519.78,$793.65,Terry Smith - Fundsmith Updated 15 May 2026,Q1 2026
MTD - Mettler-Toledo International Inc.,5.59,Reduce 2.07%,568516,$1261.20,"$717,012,000",,$1428.70,13.28%,$1023.05,$1525.17,Terry Smith - Fundsmith Updated 15 May 2026,Q1 2026
CHD - Church & Dwight,4.83,Reduce 1.29%,6641508,$93.32,"$619,786,000",,$101.22,8.47%,$80.54,$105.70,Terry Smith - Fundsmith Updated 15 May 2026,Q1 2026
PG - Procter & Gamble,4.73,Reduce 1.13%,4199914,$144.44,"$606,636,000",,$144.44,0.00%,$134.62,$164.77,Terry Smith - Fundsmith Updated 15 May 2026,Q1 2026
TXN - Texas Instruments,3.97,Reduce 0.02%,2623124,$194.14,"$509,253,000",,$274.35,41.32%,$150.20,$332.33,Terry Smith - Fundsmith Updated 15 May 2026,Q1 2026
FTNT - Fortinet Inc.,3.92,Reduce 5.51%,6156675,$81.72,"$503,123,000",,$165.38,102.37%,$73.55,$172.09,Terry Smith - Fundsmith Updated 15 May 2026,Q1 2026
ZTS - Zoetis Inc.,3.57,Reduce 0.60%,3877559,$118.21,"$458,366,000",,$74.95,-36.60%,$70.98,$157.46,Terry Smith - Fundsmith Updated 15 May 2026,Q1 2026
OTIS - Otis Worldwide Corp.,1.64,Reduce 12.23%,2731635,$77.08,"$210,554,000",,$73.49,-4.66%,$69.16,$94.00,Terry Smith - Fundsmith Updated 15 May 2026,Q1 2026
MSCI - MSCI Inc.,0.27,Reduce 61.12%,64788,$539.00,"$34,921,000",,$572.76,6.26%,$497.32,$644.77,Terry Smith - Fundsmith Updated 15 May 2026,Q1 2026
ROL - Rollins Inc.,0.26,Reduce 58.07%,619935,$53.41,"$33,111,000",,$36.36,-31.92%,$36.17,$65.40,Terry Smith - Fundsmith Updated 15 May 2026,Q1 2026
MEDP - Medpace Holdings Inc.,0.23,Reduce 24.10%,62668,$480.20,"$30,093,000",,$587.64,22.37%,$373.00,$677.90,Terry Smith - Fundsmith Updated 15 May 2026,Q1 2026
VRSN - Verisign Inc.,0.22,Reduce 58.07%,113467,$248.36,"$28,181,000",,$286.41,15.32%,$207.53,$312.48,Terry Smith - Fundsmith Updated 15 May 2026,Q1 2026
CLX - Clorox Co.,0.21,Reduce 58.07%,257217,$103.63,"$26,655,000",,$107.10,3.35%,$83.72,$125.83,Terry Smith - Fundsmith Updated 15 May 2026,Q1 2026
PAYC - Paycom Software Inc.,0.21,Reduce 58.07%,219457,$121.54,"$26,673,000",,$220.21,81.18%,$104.33,$232.79,Terry Smith - Fundsmith Updated 15 May 2026,Q1 2026
VRT - Vertiv Holdings Co.,0.18,Reduce 77.79%,91254,$250.58,"$22,866,000",,$291.84,16.47%,$118.57,$379.86,Terry Smith - Fundsmith Updated 15 May 2026,Q1 2026
BMI - Badger Meter Inc.,0.17,Buy,142491,$152.35,"$21,709,000",,$130.78,-14.16%,$111.72,$202.32,Terry Smith - Fundsmith Updated 15 May 2026,Q1 2026
NTNX - Nutanix Inc.,0.17,Reduce 58.07%,577392,$38.01,"$21,947,000",,$66.82,75.80%,$34.01,$82.42,Terry Smith - Fundsmith Updated 15 May 2026,Q1 2026
CPRX-OLD - Catalyst Pharmaceuticals Inc.,0.16,Reduce 74.88%,844887,$24.76,"$20,919,000",,$31.50,27.22%,$19.05,$32.56,Terry Smith - Fundsmith Updated 15 May 2026,Q1 2026
QLYS - Qualys Inc.,0.15,Reduce 65.10%,226077,$87.85,"$19,861,000",,$194.55,121.46%,$74.51,$201.54,Terry Smith - Fundsmith Updated 15 May 2026,Q1 2026
DOCS - Doximity Inc.,0.13,Reduce 58.07%,691786,$23.30,"$16,119,000",,$26.24,12.62%,$17.15,$76.51,Terry Smith - Fundsmith Updated 15 May 2026,Q1 2026
MANH - Manhattan Associates,0.13,Reduce 58.07%,120888,$133.12,"$16,093,000",,$201.28,51.20%,$119.06,$220.72,Terry Smith - Fundsmith Updated 15 May 2026,Q1 2026
ADMA - ADMA Biologics Inc.,0.12,Reduce 21.53%,1649493,$9.01,"$14,862,000",,$9.39,4.22%,$7.21,$20.46,Terry Smith - Fundsmith Updated 15 May 2026,Q1 2026
NSSC - Napco Security Technologies Inc.,0.12,Reduce 78.45%,383596,$39.39,"$15,110,000",,$38.64,-1.90%,$29.46,$47.60,Terry Smith - Fundsmith Updated 15 May 2026,Q1 2026
SABR - Sabre Corp.,0.1,Reduce 58.07%,9013783,$1.45,"$13,070,000",,$2.21,52.41%,$0.81,$2.30,Terry Smith - Fundsmith Updated 15 May 2026,Q1 2026
HD - Home Depot,0.07,Reduce 64.33%,28611,$328.89,"$9,410,000",,$341.29,3.77%,$286.95,$418.06,Terry Smith - Fundsmith Updated 15 May 2026,Q1 2026
ORLA-OLD - Orla Mining Ltd,25.82,,31817229,$15.76,"$501,579,000",,$9.45,-40.04%,$8.43,$21.95,Prem Watsa - Fairfax Financial Holdings Updated 15 May 2026,Q1 2026
UAA - Under Armour Inc.,13.06,Add 2.48%,43000872,$5.90,"$253,705,000",,$5.41,-8.31%,$4.13,$8.15,Prem Watsa - Fairfax Financial Holdings Updated 15 May 2026,Q1 2026
CVS - CVS Health Corp.,10.03,,2712000,$71.82,"$194,776,000",,$94.57,31.68%,$63.26,$110.00,Prem Watsa - Fairfax Financial Holdings Updated 15 May 2026,Q1 2026
KW-OLD - Kennedy-Wilson Holdings Inc.,7.43,,13322009,$10.83,"$144,277,000",,$10.93,0.92%,$6.07,$10.96,Prem Watsa - Fairfax Financial Holdings Updated 15 May 2026,Q1 2026
UA - Under Armour CL C,6.53,Add 132.61%,21999128,$5.77,"$126,935,000",,$5.28,-8.49%,$3.95,$7.91,Prem Watsa - Fairfax Financial Holdings Updated 15 May 2026,Q1 2026
CLF - Cleveland-Cliffs Inc.,6.47,,14899273,$8.44,"$125,750,000",,$12.11,43.48%,$7.73,$16.70,Prem Watsa - Fairfax Financial Holdings Updated 15 May 2026,Q1 2026
KHC - Kraft Heinz Co.,6.1,Add 2.91%,5268200,$22.48,"$118,429,000",,$25.20,12.10%,$20.66,$28.09,Prem Watsa - Fairfax Financial Holdings Updated 15 May 2026,Q1 2026
BB - BlackBerry Ltd.,5.83,,34980220,$3.24,"$113,336,000",,$9.06,179.63%,$3.12,$13.59,Prem Watsa - Fairfax Financial Holdings Updated 15 May 2026,Q1 2026
ATS - Ats Corp,3.57,,2486400,$27.89,"$69,353,000",,$20.29,-27.25%,$19.14,$35.82,Prem Watsa - Fairfax Financial Holdings Updated 15 May 2026,Q1 2026
TAP - Molson Coors Beverage Co.,3.19,Add 7.47%,1438500,$43.06,"$61,942,000",,$42.13,-2.16%,$38.04,$53.62,Prem Watsa - Fairfax Financial Holdings Updated 15 May 2026,Q1 2026
HP - Helmerich & Payne,2.18,,1174105,$36.03,"$42,303,000",,$42.87,18.98%,$16.80,$43.25,Prem Watsa - Fairfax Financial Holdings Updated 15 May 2026,Q1 2026
TSM - Taiwan Semiconductor S.A.,1.63,,93700,$338.10,"$31,680,000",,$432.89,28.04%,$221.29,$479.00,Prem Watsa - Fairfax Financial Holdings Updated 15 May 2026,Q1 2026
GM - General Motors,1.44,,375965,$74.50,"$28,009,000",,$86.64,16.30%,$53.67,$91.85,Prem Watsa - Fairfax Financial Holdings Updated 15 May 2026,Q1 2026
PFE - Pfizer Inc.,1.43,Add 11.22%,990900,$28.07,"$27,815,000",,$26.73,-4.77%,$22.03,$27.79,Prem Watsa - Fairfax Financial Holdings Updated 15 May 2026,Q1 2026
BNS - Bank of Nova Scotia,1.28,,359100,$69.12,"$24,822,000",,$90.68,31.19%,$53.95,$90.78,Prem Watsa - Fairfax Financial Holdings Updated 15 May 2026,Q1 2026
WEN - Wendy's Co.,1.17,Buy,3268902,$6.96,"$22,752,000",,$8.58,23.28%,$6.07,$10.14,Prem Watsa - Fairfax Financial Holdings Updated 15 May 2026,Q1 2026
MRK - Merck & Co.,1.07,,172900,$120.30,"$20,800,000",,$134.71,11.98%,$75.81,$135.05,Prem Watsa - Fairfax Financial Holdings Updated 15 May 2026,Q1 2026
JNJ - Johnson & Johnson,0.92,,73400,$244.37,"$17,937,000",,$261.50,7.01%,$168.49,$274.90,Prem Watsa - Fairfax Financial Holdings Updated 15 May 2026,Q1 2026
GTX - Garrett Motion Inc.,0.17,Reduce 29.18%,184460,$18.17,"$3,352,000",,$28.97,59.44%,$12.13,$36.25,Prem Watsa - Fairfax Financial Holdings Updated 15 May 2026,Q1 2026
CIGI - Colliers International Group Inc.,0.13,Add 13.64%,25000,$104.24,"$2,606,000",,$105.21,0.93%,$88.24,$171.06,Prem Watsa - Fairfax Financial Holdings Updated 15 May 2026,Q1 2026
CNI - Canadian Natl Railway Co.,0.13,Add 25.25%,24800,$102.14,"$2,533,000",,$127.70,25.02%,$89.10,$131.55,Prem Watsa - Fairfax Financial Holdings Updated 15 May 2026,Q1 2026
LULU - Lululemon Athletica Inc.,0.1,,12500,$152.96,"$1,912,000",,$120.25,-21.38%,$104.44,$225.98,Prem Watsa - Fairfax Financial Holdings Updated 15 May 2026,Q1 2026
WBD - Warner Bros. Discovery Inc.,0.08,Buy,57900,$27.44,"$1,589,000",,$27.74,1.09%,$11.25,$30.00,Prem Watsa - Fairfax Financial Holdings Updated 15 May 2026,Q1 2026
CPRI - Capri Holdings Ltd,0.07,,78100,$17.64,"$1,378,000",,$15.76,-10.66%,$14.78,$28.27,Prem Watsa - Fairfax Financial Holdings Updated 15 May 2026,Q1 2026
BRSL - Brightstar Lottery,0.05,Add 87.63%,68733,$12.73,"$875,000",,$11.63,-8.64%,$9.90,$17.62,Prem Watsa - Fairfax Financial Holdings Updated 15 May 2026,Q1 2026
BRK.A - Berkshire Hathaway CL A,0.04,,1,$718000.00,"$718,000",,$759889.00,5.83%,$698000.00,$806102.81,Prem Watsa - Fairfax Financial Holdings Updated 15 May 2026,Q1 2026
PENN - Penn National Gaming Inc.,0.04,,54900,$15.03,"$825,000",,$18.75,24.75%,$11.65,$22.36,Prem Watsa - Fairfax Financial Holdings Updated 15 May 2026,Q1 2026
MX - MagnaChip Semiconductor Corp.,0.02,,125000,$2.79,"$349,000",,$3.79,35.84%,$2.18,$9.86,Prem Watsa - Fairfax Financial Holdings Updated 15 May 2026,Q1 2026
PRTH - Priority Technology Holdings,0.02,,70500,$4.72,"$333,000",,$5.52,16.95%,$4.44,$8.59,Prem Watsa - Fairfax Financial Holdings Updated 15 May 2026,Q1 2026
BIIB - Biogen Inc.,3.76,Reduce 3.20%,29540,$183.34,"$5,416,000",,$209.77,14.42%,$129.40,$219.72,Hillman Capital Management Updated 15 May 2026,Q1 2026
DD - DuPont de Nemours Inc.,3.75,Reduce 11.52%,39300,$137.40,"$5,400,000",,$144.13,4.90%,$84.87,$156.73,Hillman Capital Management Updated 15 May 2026,Q1 2026
WBD - Warner Bros. Discovery Inc.,3.74,Reduce 8.52%,196309,$27.46,"$5,391,000",,$27.74,1.02%,$11.25,$30.00,Hillman Capital Management Updated 15 May 2026,Q1 2026
GSK - GSK plc,3.73,Reduce 14.78%,97432,$55.19,"$5,377,000",,$50.39,-8.70%,$37.21,$60.66,Hillman Capital Management Updated 15 May 2026,Q1 2026
IFF - International Flavors & Fragrances Inc.,3.67,Reduce 4.29%,72773,$72.55,"$5,280,000",,$84.39,16.32%,$58.13,$89.32,Hillman Capital Management Updated 15 May 2026,Q1 2026
PFE - Pfizer Inc.,3.66,Add 7.21%,187937,$28.08,"$5,277,000",,$26.73,-4.81%,$22.03,$27.79,Hillman Capital Management Updated 15 May 2026,Q1 2026
ZBH - Zimmer Biomet Holdings,3.5,Add 21.17%,55700,$90.41,"$5,036,000",,$99.07,9.58%,$78.91,$107.16,Hillman Capital Management Updated 15 May 2026,Q1 2026
CVS - CVS Health Corp.,3.36,Reduce 5.89%,67462,$71.82,"$4,845,000",,$94.57,31.68%,$63.26,$110.00,Hillman Capital Management Updated 15 May 2026,Q1 2026
BF.B - Brown-Forman Corp.,3.24,Add 19.17%,176437,$26.44,"$4,665,000",,$27.91,5.56%,$22.41,$31.11,Hillman Capital Management Updated 15 May 2026,Q1 2026
KMX - CarMax Inc.,3.15,Reduce 1.72%,109181,$41.58,"$4,540,000",,$59.87,43.99%,$30.26,$62.56,Hillman Capital Management Updated 15 May 2026,Q1 2026
KHC - Kraft Heinz Co.,3.14,Add 13.76%,201140,$22.49,"$4,524,000",,$25.20,12.05%,$20.66,$28.09,Hillman Capital Management Updated 15 May 2026,Q1 2026
FISV - Fiserv Inc.,3.13,Add 110.36%,80728,$55.80,"$4,505,000",,$55.21,-1.06%,$47.04,$140.42,Hillman Capital Management Updated 15 May 2026,Q1 2026
BA - Boeing Co.,3.09,Reduce 12.20%,22326,$199.05,"$4,444,000",,$230.53,15.82%,$176.77,$254.35,Hillman Capital Management Updated 15 May 2026,Q1 2026
BAX - Baxter International Inc.,2.89,Add 16.91%,247320,$16.80,"$4,155,000",,$27.07,61.13%,$15.72,$30.00,Hillman Capital Management Updated 15 May 2026,Q1 2026
NKE - NIKE Inc.,2.86,Add 14.33%,77906,$52.82,"$4,115,000",,$41.35,-21.72%,$40.00,$78.02,Hillman Capital Management Updated 15 May 2026,Q1 2026
MSFT - Microsoft Corp.,2.78,Add 2.30%,10828,$370.15,"$4,008,000",,$496.35,34.09%,$349.20,$550.24,Hillman Capital Management Updated 15 May 2026,Q1 2026
ADBE - Adobe Inc.,2.73,Add 122.86%,16200,$243.09,"$3,938,000",,$268.36,10.40%,$190.12,$370.86,Hillman Capital Management Updated 15 May 2026,Q1 2026
EL - Estee Lauder Cos.,2.6,Reduce 4.80%,52172,$71.76,"$3,744,000",,$87.65,22.14%,$65.96,$120.79,Hillman Capital Management Updated 15 May 2026,Q1 2026
CPB - Campbell's Co.,2.57,Add 18.12%,166178,$22.27,"$3,701,000",,$23.14,3.91%,$19.23,$32.13,Hillman Capital Management Updated 15 May 2026,Q1 2026
VZ - Verizon Communications,2.27,Reduce 0.27%,64998,$50.20,"$3,263,000",,$48.10,-4.18%,$36.55,$50.06,Hillman Capital Management Updated 15 May 2026,Q1 2026
BMY - Bristol-Myers Squibb,2.24,Reduce 1.60%,53102,$60.66,"$3,221,000",,$64.58,6.46%,$41.13,$68.10,Hillman Capital Management Updated 15 May 2026,Q1 2026
EFA - iShares MSCI EAFE ETF,2.08,Add 8.02%,30854,$97.13,"$2,997,000",,$108.73,11.94%,$87.06,$108.82,Hillman Capital Management Updated 15 May 2026,Q1 2026
STZ - Constellation Brands,1.96,Add 4.30%,18795,$149.99,"$2,819,000",,$135.48,-9.67%,$123.82,$166.32,Hillman Capital Management Updated 15 May 2026,Q1 2026
CMCSA - Comcast Corp.,1.9,Add 4.81%,95228,$28.71,"$2,734,000",,$26.08,-9.16%,$21.28,$32.04,Hillman Capital Management Updated 15 May 2026,Q1 2026
USB - U.S. Bancorp,1.9,Reduce 1.44%,52528,$52.01,"$2,732,000",,$65.18,25.32%,$43.76,$65.49,Hillman Capital Management Updated 15 May 2026,Q1 2026
TSM - Taiwan Semiconductor S.A.,1.87,Reduce 15.69%,7962,$337.98,"$2,691,000",,$432.89,28.08%,$221.29,$479.00,Hillman Capital Management Updated 15 May 2026,Q1 2026
AKAM - Akamai Technologies Inc.,1.82,Reduce 28.67%,22825,$114.83,"$2,621,000",,$125.07,8.92%,$70.82,$165.45,Hillman Capital Management Updated 15 May 2026,Q1 2026
EFX - Equifax Inc.,1.7,Add 22.36%,13556,$180.07,"$2,441,000",,$185.78,3.17%,$150.75,$269.54,Hillman Capital Management Updated 15 May 2026,Q1 2026
DIS - Walt Disney Co.,1.65,Add 0.24%,24599,$96.39,"$2,371,000",,$104.35,8.26%,$91.48,$118.07,Hillman Capital Management Updated 15 May 2026,Q1 2026
ORCL - Oracle Corp.,1.65,Buy,16109,$147.12,"$2,370,000",,$155.70,5.83%,$114.50,$341.82,Hillman Capital Management Updated 15 May 2026,Q1 2026
TROW - T. Rowe Price Group,1.62,Add 0.81%,25902,$90.15,"$2,335,000",,$111.43,23.61%,$84.21,$122.00,Hillman Capital Management Updated 15 May 2026,Q1 2026
CAG - Conagra Brands Inc.,1.61,Add 6.26%,147639,$15.72,"$2,321,000",,$15.39,-2.10%,$12.39,$19.59,Hillman Capital Management Updated 15 May 2026,Q1 2026
BDX - Becton Dickinson,1.55,Reduce 0.15%,14209,$157.22,"$2,234,000",,$182.21,15.89%,$125.19,$185.01,Hillman Capital Management Updated 15 May 2026,Q1 2026
WST - West Pharmaceutical Services,1.55,,8906,$250.62,"$2,232,000",,$346.33,38.19%,$223.52,$385.75,Hillman Capital Management Updated 15 May 2026,Q1 2026
HSY - Hershey Co.,1.53,Reduce 20.29%,10608,$207.86,"$2,205,000",,$185.92,-10.56%,$157.94,$237.65,Hillman Capital Management Updated 15 May 2026,Q1 2026
UPS - United Parcel Service,1.52,Reduce 9.34%,22316,$98.36,"$2,195,000",,$105.38,7.14%,$78.17,$118.73,Hillman Capital Management Updated 15 May 2026,Q1 2026
CRM - Salesforce.com,1.42,Add 5.38%,10956,$186.66,"$2,045,000",,$199.60,6.93%,$146.32,$267.75,Hillman Capital Management Updated 15 May 2026,Q1 2026
DEO - Diageo ADR,1.42,Add 7.01%,27507,$74.45,"$2,048,000",,$94.91,27.48%,$71.73,$112.30,Hillman Capital Management Updated 15 May 2026,Q1 2026
UNH - United Health Group Inc.,1.39,Reduce 3.59%,7405,$270.63,"$2,004,000",,$399.39,47.58%,$254.51,$461.62,Hillman Capital Management Updated 15 May 2026,Q1 2026
IVV - Ishares Core S&P 500 ETF,0.57,Add 22.31%,1250,$653.60,"$817,000",,$781.92,19.63%,$628.53,$782.57,Hillman Capital Management Updated 15 May 2026,Q1 2026
INTU - Intuit Inc.,0.29,Buy,957,$432.60,"$414,000",,$356.51,-17.59%,$251.72,$713.52,Hillman Capital Management Updated 15 May 2026,Q1 2026
APD - Air Products & Chemicals,0.27,Reduce 2.05%,1339,$290.52,"$389,000",,$305.15,5.04%,$224.64,$314.87,Hillman Capital Management Updated 15 May 2026,Q1 2026
CLX - Clorox Co.,0.26,Buy,3555,$103.52,"$368,000",,$107.10,3.46%,$83.72,$125.83,Hillman Capital Management Updated 15 May 2026,Q1 2026
RTX - RTX Corp.,0.26,Reduce 12.11%,1975,$192.91,"$381,000",,$220.66,14.38%,$148.90,$226.88,Hillman Capital Management Updated 15 May 2026,Q1 2026
GE - GE Aerospace,0.25,Reduce 2.14%,1282,$283.93,"$364,000",,$361.73,27.40%,$262.47,$388.84,Hillman Capital Management Updated 15 May 2026,Q1 2026
NOW - ServiceNow Inc.,0.25,Buy,3377,$104.53,"$353,000",,$126.52,21.04%,$81.24,$194.73,Hillman Capital Management Updated 15 May 2026,Q1 2026
CSGP - CoStar Group Inc.,0.24,Buy,8557,$40.32,"$345,000",,$32.54,-19.30%,$25.89,$91.89,Hillman Capital Management Updated 15 May 2026,Q1 2026
SPYM - Ste Str SPDR Pt S&P 500 ETF,0.24,Add 1.88%,4444,$76.51,"$340,000",,$91.60,19.72%,$73.86,$91.68,Hillman Capital Management Updated 15 May 2026,Q1 2026
BLK - BlackRock Inc.,0.23,Add 4.20%,347,$962.54,"$334,000",,$1183.00,22.90%,$912.25,$1200.54,Hillman Capital Management Updated 15 May 2026,Q1 2026
GOOG - Alphabet Inc. CL C,0.22,Reduce 1.83%,1127,$286.60,"$323,000",,$343.94,20.01%,$196.90,$404.23,Hillman Capital Management Updated 15 May 2026,Q1 2026
MDT - Medtronic plc,0.22,Reduce 1.90%,3668,$86.70,"$318,000",,$90.60,4.50%,$72.65,$103.76,Hillman Capital Management Updated 15 May 2026,Q1 2026
TMO - Thermo Fisher Scientific,0.22,Add 3.47%,656,$490.85,"$322,000",,$595.87,21.40%,$434.83,$642.71,Hillman Capital Management Updated 15 May 2026,Q1 2026
IWR - Ishares Russell Mid Cap ETF,0.17,Add 0.66%,2449,$97.18,"$238,000",,$114.75,18.08%,$90.78,$114.75,Hillman Capital Management Updated 15 May 2026,Q1 2026
BWX - State Street SPDR Bloomberg,0.16,Add 66.41%,10384,$21.96,"$228,000",,$21.84,-0.55%,$21.24,$22.92,Hillman Capital Management Updated 15 May 2026,Q1 2026
IGOV - Ishares International Treasu,0.16,Buy,5608,$41.01,"$230,000",,$41.28,0.66%,$40.27,$43.12,Hillman Capital Management Updated 15 May 2026,Q1 2026
GOOGL - Alphabet Inc.,0.0,,6,$333.33,"$2,000",,$346.14,3.84%,$196.04,$408.37,Hillman Capital Management Updated 15 May 2026,Q1 2026
GOOGL - Alphabet Inc.,10.1,Reduce 2.63%,2117644,$287.56,"$608,950,000",,$346.14,20.37%,$196.04,$408.37,Ruane Cunniff LP Updated 15 May 2026,Q1 2026
FWONK - Liberty Media Corp Formula One Series C,7.56,Reduce 2.44%,5357168,$85.02,"$455,466,000",,$103.31,21.51%,$80.15,$109.36,Ruane Cunniff LP Updated 15 May 2026,Q1 2026
SCHW - Charles Schwab Corp.,7.35,Reduce 15.73%,4714780,$93.98,"$443,095,000",,$109.78,16.81%,$83.96,$110.00,Ruane Cunniff LP Updated 15 May 2026,Q1 2026
ICE - Intercontinental Exchange Inc.,6.89,Reduce 2.39%,2639372,$157.28,"$415,120,000",,$154.51,-1.76%,$121.79,$181.33,Ruane Cunniff LP Updated 15 May 2026,Q1 2026
TSM - Taiwan Semiconductor S.A.,6.77,Reduce 15.00%,1208419,$337.95,"$408,385,000",,$432.89,28.09%,$221.29,$479.00,Ruane Cunniff LP Updated 15 May 2026,Q1 2026
ELV - Elevance Health Inc.,6.74,Reduce 2.43%,1387968,$292.75,"$406,328,000",,$398.02,35.96%,$272.05,$436.24,Ruane Cunniff LP Updated 15 May 2026,Q1 2026
COF - Capital One Financial,6.11,Reduce 2.43%,2017807,$182.43,"$368,109,000",,$223.88,22.72%,$174.23,$257.54,Ruane Cunniff LP Updated 15 May 2026,Q1 2026
SUNB - Sunbelt Rentals Holdings Inc,5.93,Buy,5488261,$65.09,"$357,231,000",,$80.65,23.91%,$60.40,$85.78,Ruane Cunniff LP Updated 15 May 2026,Q1 2026
MSA - MSA Safety Inc.,4.83,Reduce 1.95%,1776282,$163.95,"$291,221,000",,$189.95,15.86%,$149.74,$207.73,Ruane Cunniff LP Updated 15 May 2026,Q1 2026
ZTS - Zoetis Inc.,4.76,Buy,2425010,$118.21,"$286,660,000",,$74.95,-36.60%,$70.98,$157.46,Ruane Cunniff LP Updated 15 May 2026,Q1 2026
GOOG - Alphabet Inc. CL C,4.52,Reduce 16.80%,950394,$286.86,"$272,630,000",,$343.94,19.90%,$196.90,$404.23,Ruane Cunniff LP Updated 15 May 2026,Q1 2026
ALGN - Align Technology Inc.,3.43,Reduce 1.31%,1206535,$171.43,"$206,836,000",,$174.94,2.05%,$122.00,$200.44,Ruane Cunniff LP Updated 15 May 2026,Q1 2026
UNH - United Health Group Inc.,3.27,Reduce 2.36%,728407,$270.59,"$197,100,000",,$399.39,47.60%,$254.51,$461.62,Ruane Cunniff LP Updated 15 May 2026,Q1 2026
ACN - Accenture,3.05,Reduce 1.61%,928204,$198.29,"$184,054,000",,$178.85,-9.80%,$116.75,$285.21,Ruane Cunniff LP Updated 15 May 2026,Q1 2026
ICLR - ICON plc,3.0,Reduce 2.68%,1634611,$110.66,"$180,886,000",,$166.42,50.39%,$66.57,$203.91,Ruane Cunniff LP Updated 15 May 2026,Q1 2026
TECH - Bio-Techne Corp.,2.94,Add 131.39%,3392001,$52.26,"$177,266,000",,$72.24,38.23%,$43.12,$72.39,Ruane Cunniff LP Updated 15 May 2026,Q1 2026
BRK.B - Berkshire Hathaway CL B,2.47,Reduce 1.81%,310388,$479.20,"$148,738,000",,$506.45,5.69%,$464.01,$537.74,Ruane Cunniff LP Updated 15 May 2026,Q1 2026
SAP - SAP SE,2.13,Add 1532.83%,749909,$171.21,"$128,392,000",,$208.21,21.61%,$144.97,$276.56,Ruane Cunniff LP Updated 15 May 2026,Q1 2026
META - Meta Platforms Inc.,1.91,Reduce 15.84%,201147,$572.13,"$115,082,000",,$593.95,3.81%,$519.78,$793.65,Ruane Cunniff LP Updated 15 May 2026,Q1 2026
BRK.A - Berkshire Hathaway CL A,1.31,Reduce 4.35%,110,$718136.36,"$78,995,000",,$759889.00,5.81%,$698000.00,$806102.81,Ruane Cunniff LP Updated 15 May 2026,Q1 2026
CACC - Credit Acceptance Corp.,1.03,Reduce 72.73%,146203,$423.46,"$61,911,000",,$586.19,38.43%,$401.90,$668.86,Ruane Cunniff LP Updated 15 May 2026,Q1 2026
LBRDK - Liberty Broadband Corp. CL C,0.97,Reduce 36.82%,1163448,$50.30,"$58,521,000",,$36.77,-26.90%,$26.25,$65.73,Ruane Cunniff LP Updated 15 May 2026,Q1 2026
FWONA - Liberty Media Corp Formula One Series A,0.94,Reduce 2.04%,723842,$78.08,"$56,518,000",,$94.54,21.08%,$73.70,$99.52,Ruane Cunniff LP Updated 15 May 2026,Q1 2026
AMTM - Amentum Holdings Inc.,0.7,Reduce 32.21%,1622982,$26.08,"$42,327,000",,$21.69,-16.83%,$19.80,$38.11,Ruane Cunniff LP Updated 15 May 2026,Q1 2026
CHTR - Charter Communications,0.55,Reduce 57.86%,152563,$215.88,"$32,935,000",,$156.28,-27.61%,$111.55,$285.82,Ruane Cunniff LP Updated 15 May 2026,Q1 2026
GLIBK - GCI Liberty Inc. Series C,0.31,Reduce 6.00%,506727,$37.21,"$18,855,000",,$26.71,-28.22%,$19.30,$41.18,Ruane Cunniff LP Updated 15 May 2026,Q1 2026
LBRDA - Liberty Broadband Corp. CL A,0.19,Reduce 65.72%,223760,$50.22,"$11,237,000",,$36.73,-26.86%,$26.14,$65.40,Ruane Cunniff LP Updated 15 May 2026,Q1 2026
GLBAV-OLD - GCI Liberty Inc. Series A,0.08,Buy,127548,$36.85,"$4,700,000",,,,,,Ruane Cunniff LP Updated 15 May 2026,Q1 2026
EQH - Equitable Holdings Inc.,0.02,Reduce 0.44%,40459,$37.10,"$1,501,000",,$52.69,42.02%,$34.72,$53.80,Ruane Cunniff LP Updated 15 May 2026,Q1 2026
GPI - Group 1 Automotive,0.02,Add 11.16%,4013,$330.68,"$1,327,000",,$262.47,-20.63%,$260.95,$486.11,Ruane Cunniff LP Updated 15 May 2026,Q1 2026
GMED - Globus Medical Inc.,0.01,Buy,6008,$86.22,"$518,000",,$85.67,-0.64%,$54.15,$101.40,Ruane Cunniff LP Updated 15 May 2026,Q1 2026
J - Jacobs Solutions Inc.,0.01,Reduce 3.07%,6288,$127.23,"$800,000",,$143.79,13.02%,$105.35,$167.07,Ruane Cunniff LP Updated 15 May 2026,Q1 2026
KSPI - Jsc Kaspi.kz ADR,0.01,Reduce 0.71%,4083,$73.97,"$302,000",,$98.83,33.61%,$65.63,$99.60,Ruane Cunniff LP Updated 15 May 2026,Q1 2026
LAD - Lithia Motors Inc.,0.01,Reduce 2.00%,2988,$249.67,"$746,000",,$378.24,51.50%,$238.86,$438.67,Ruane Cunniff LP Updated 15 May 2026,Q1 2026
MU - Micron Technology Inc.,0.01,,2162,$337.65,"$730,000",,$960.15,184.36%,$113.28,$1254.81,Ruane Cunniff LP Updated 15 May 2026,Q1 2026
NFLX - Netflix Inc.,0.01,Add 55.00%,8091,$96.16,"$778,000",,$77.52,-19.38%,$65.08,$126.71,Ruane Cunniff LP Updated 15 May 2026,Q1 2026
VTI - Vanguard Total Stock Mkt ETF,0.01,Add 2.61%,2748,$320.96,"$882,000",,$384.60,19.83%,$307.65,$384.88,Ruane Cunniff LP Updated 15 May 2026,Q1 2026
VXUS - Vanguard Total Intl Stock,0.01,Add 8.72%,5912,$77.13,"$456,000",,$87.78,13.81%,$68.38,$88.62,Ruane Cunniff LP Updated 15 May 2026,Q1 2026
AAPL - Apple Inc.,0.0,Add 7.86%,961,$253.90,"$244,000",,$304.33,19.86%,$222.96,$344.27,Ruane Cunniff LP Updated 15 May 2026,Q1 2026
ATAI - AtaiBeckley Inc.,0.0,Buy,42112,$3.54,"$149,000",,$7.25,104.80%,$3.27,$7.26,Ruane Cunniff LP Updated 15 May 2026,Q1 2026
AXP - American Express,0.0,,932,$302.58,"$282,000",,$344.45,13.84%,$289.26,$384.36,Ruane Cunniff LP Updated 15 May 2026,Q1 2026
CPA - Copa Holdings SA,0.0,,2555,$113.50,"$290,000",,$136.74,20.48%,$106.15,$160.47,Ruane Cunniff LP Updated 15 May 2026,Q1 2026
DG - Dollar General,0.0,Add 0.83%,2188,$118.83,"$260,000",,$122.16,2.80%,$93.78,$156.68,Ruane Cunniff LP Updated 15 May 2026,Q1 2026
FERG - Ferguson Enterprises Inc.,0.0,,1000,$233.00,"$233,000",,$247.69,6.30%,$204.50,$269.59,Ruane Cunniff LP Updated 15 May 2026,Q1 2026
MSFT - Microsoft Corp.,0.0,Add 6.97%,737,$370.42,"$273,000",,$496.35,34.00%,$349.20,$550.24,Ruane Cunniff LP Updated 15 May 2026,Q1 2026
RMNI - Rimini Street Inc.,0.0,Reduce 5.05%,35265,$3.29,"$116,000",,$4.99,51.67%,$2.87,$5.08,Ruane Cunniff LP Updated 15 May 2026,Q1 2026
SBGI - Sinclair Broadcast Group Inc.,0.0,,17959,$12.92,"$232,000",,$14.14,9.44%,$12.03,$16.99,Ruane Cunniff LP Updated 15 May 2026,Q1 2026
SDHC - Smith Douglas Homes Corp,0.0,Add 18.68%,14490,$12.77,"$185,000",,$14.20,11.20%,$10.72,$23.49,Ruane Cunniff LP Updated 15 May 2026,Q1 2026
SPGI - S&P Global Inc.,0.0,,531,$425.61,"$226,000",,$422.09,-0.83%,$360.90,$545.61,Ruane Cunniff LP Updated 15 May 2026,Q1 2026
STLA - Stellantis N.V.,0.0,Reduce 1.98%,25075,$7.10,"$178,000",,$5.38,-24.23%,$5.25,$12.22,Ruane Cunniff LP Updated 15 May 2026,Q1 2026
MSGE - Madison Square Garden Entertainment Corp.,4.03,Reduce 11.27%,6105583,$58.91,"$359,680,000",,$83.82,42.28%,$35.31,$89.19,John Rogers - Ariel Investments Updated 14 May 2026,Q1 2026
OSW - OneSpaWorld Holdings Ltd,3.96,Add 10.14%,15432414,$22.95,"$354,173,000",,$26.75,16.56%,$18.97,$29.25,John Rogers - Ariel Investments Updated 14 May 2026,Q1 2026
JLL - Jones Lang Lasalle Inc.,3.49,Add 14.67%,1024277,$304.32,"$311,709,000",,$367.88,20.89%,$259.83,$373.29,John Rogers - Ariel Investments Updated 14 May 2026,Q1 2026
AMG - Affiliated Managers Group,3.3,Reduce 10.00%,1064030,$276.70,"$294,417,000",,$368.84,33.30%,$214.97,$392.91,John Rogers - Ariel Investments Updated 14 May 2026,Q1 2026
SPHR - Sphere Entertainment Co.,3.24,Reduce 22.29%,2462309,$117.40,"$289,075,000",,$174.24,48.42%,$38.22,$177.86,John Rogers - Ariel Investments Updated 14 May 2026,Q1 2026
NVST - Envista Holdings Corp.,3.08,Reduce 9.25%,10863592,$25.37,"$275,609,000",,$28.00,10.37%,$18.77,$30.42,John Rogers - Ariel Investments Updated 14 May 2026,Q1 2026
NCLH - Norwegian Cruise Line Hlgs Ltd.,3.07,Add 2.16%,14661579,$18.70,"$274,171,000",,$19.46,4.06%,$14.53,$27.18,John Rogers - Ariel Investments Updated 14 May 2026,Q1 2026
PBH - Prestige Consumer Healthcare,2.84,Add 4.19%,4274326,$59.27,"$253,340,000",,$51.06,-13.85%,$42.62,$71.07,John Rogers - Ariel Investments Updated 14 May 2026,Q1 2026
GNRC - Generac Holdings Inc.,2.83,Reduce 9.07%,1294787,$195.33,"$252,911,000",,$216.33,10.75%,$134.80,$296.44,John Rogers - Ariel Investments Updated 14 May 2026,Q1 2026
CRL - Charles River Labs,2.79,Add 1.15%,1444183,$172.50,"$249,122,000",,$282.51,63.77%,$144.26,$288.87,John Rogers - Ariel Investments Updated 14 May 2026,Q1 2026
LAZ - Lazard Inc.,2.77,Add 10.00%,5826289,$42.48,"$247,501,000",,$44.94,5.79%,$37.82,$57.45,John Rogers - Ariel Investments Updated 14 May 2026,Q1 2026
FAF - First Amer'n Corp.,2.59,Reduce 2.00%,3839002,$60.29,"$231,454,000",,$73.53,21.96%,$55.74,$79.87,John Rogers - Ariel Investments Updated 14 May 2026,Q1 2026
MSGS - Madison Square Garden Sports Corp.,2.58,Reduce 0.71%,717341,$321.40,"$230,553,000",,$412.22,28.26%,$188.60,$426.67,John Rogers - Ariel Investments Updated 14 May 2026,Q1 2026
ATGE - Adtalem Global Education,2.49,Add 1.77%,1931284,$115.25,"$222,580,000",,,,,,John Rogers - Ariel Investments Updated 14 May 2026,Q1 2026
CLB - Core Laboratories Inc.,2.48,Reduce 3.59%,13170388,$16.79,"$221,131,000",,$12.44,-25.91%,$9.78,$20.32,John Rogers - Ariel Investments Updated 14 May 2026,Q1 2026
BIO - Bio-Rad Laboratories Inc.,2.45,Add 2.78%,785961,$278.75,"$219,086,000",,$359.79,29.07%,$236.73,$362.42,John Rogers - Ariel Investments Updated 14 May 2026,Q1 2026
BOKF - BOK Financial Corp.,2.36,Reduce 2.33%,1649883,$128.06,"$211,284,000",,$145.42,13.56%,$101.28,$146.22,John Rogers - Ariel Investments Updated 14 May 2026,Q1 2026
MIDD - Middleby Corp.,2.34,Add 1.02%,1574530,$132.58,"$208,751,000",,$116.74,-11.95%,$88.87,$148.55,John Rogers - Ariel Investments Updated 14 May 2026,Q1 2026
REZI - Resideo Technologies Inc.,2.29,Reduce 0.69%,6078851,$33.71,"$204,918,000",,$21.31,-36.78%,$18.88,$32.01,John Rogers - Ariel Investments Updated 14 May 2026,Q1 2026
MAT - Mattel Inc.,2.21,Add 8.26%,13567083,$14.53,"$197,129,000",,$14.82,2.00%,$12.73,$22.48,John Rogers - Ariel Investments Updated 14 May 2026,Q1 2026
CG - Carlyle Group,2.16,Add 0.80%,3981757,$48.39,"$192,678,000",,$51.03,5.46%,$39.60,$68.43,John Rogers - Ariel Investments Updated 14 May 2026,Q1 2026
BYD - Boyd Gaming Corp.,2.09,Reduce 2.81%,2274418,$82.18,"$186,911,000",,$82.78,0.73%,$75.81,$91.41,John Rogers - Ariel Investments Updated 14 May 2026,Q1 2026
GNTX - Gentex Corp.,2.04,Add 5.73%,8342402,$21.85,"$182,282,000",,$23.71,8.51%,$20.26,$28.80,John Rogers - Ariel Investments Updated 14 May 2026,Q1 2026
SJM - J.M. Smucker Co,2.01,Add 15.63%,1860459,$96.44,"$179,423,000",,$120.83,25.29%,$87.28,$127.65,John Rogers - Ariel Investments Updated 14 May 2026,Q1 2026
MHK - Mohawk Industries,1.92,Add 1.67%,1744678,$98.46,"$171,781,000",,$139.28,41.46%,$92.99,$143.13,John Rogers - Ariel Investments Updated 14 May 2026,Q1 2026
ZBRA - Zebra Technologies Corp.,1.82,Add 63.40%,777363,$209.08,"$162,531,000",,$381.73,82.58%,$199.05,$386.23,John Rogers - Ariel Investments Updated 14 May 2026,Q1 2026
NTRS - Northern Trust Corp.,1.78,Reduce 8.63%,1141118,$139.57,"$159,266,000",,$190.28,36.33%,$119.17,$192.25,John Rogers - Ariel Investments Updated 14 May 2026,Q1 2026
MANU - Manchester United plc,1.7,Add 0.76%,9050387,$16.82,"$152,227,000",,$23.30,38.53%,$14.59,$24.22,John Rogers - Ariel Investments Updated 14 May 2026,Q1 2026
ADT - ADT Inc.,1.43,Reduce 9.66%,19475052,$6.57,"$127,950,000",,$7.46,13.55%,$6.15,$8.73,John Rogers - Ariel Investments Updated 14 May 2026,Q1 2026
AQN - Algonquin Power & Utilities,1.35,Add 23.37%,19641661,$6.14,"$120,600,000",,$5.79,-5.70%,$5.13,$6.95,John Rogers - Ariel Investments Updated 14 May 2026,Q1 2026
KN - Knowles Corp.,1.1,Reduce 4.50%,3818862,$25.68,"$98,068,000",,$38.14,48.52%,$20.08,$42.93,John Rogers - Ariel Investments Updated 14 May 2026,Q1 2026
AXTA - Axalta Coating Systems Ltd.,1.07,Reduce 28.73%,3466960,$27.70,"$96,034,000",,$37.10,33.94%,$24.94,$38.61,John Rogers - Ariel Investments Updated 14 May 2026,Q1 2026
BCO - Brink's Co.,1.07,Reduce 10.17%,922958,$103.63,"$95,646,000",,$114.14,10.14%,$90.86,$135.75,John Rogers - Ariel Investments Updated 14 May 2026,Q1 2026
LH - Labcorp Holdings Inc.,1.06,Reduce 1.69%,354019,$266.81,"$94,457,000",,$322.52,20.88%,$242.59,$323.97,John Rogers - Ariel Investments Updated 14 May 2026,Q1 2026
OMC - Omnicom Group,0.93,Add 1.53%,1104945,$75.31,"$83,213,000",,$87.82,16.61%,$64.98,$87.82,John Rogers - Ariel Investments Updated 14 May 2026,Q1 2026
XRAY - DENTSPLY SIRONA Inc.,0.83,Add 21.08%,6386815,$11.60,"$74,087,000",,$11.54,-0.52%,$9.41,$14.76,John Rogers - Ariel Investments Updated 14 May 2026,Q1 2026
LFUS - Littelfuse Inc.,0.82,Reduce 2.74%,215427,$339.35,"$73,105,000",,$450.63,32.79%,$231.99,$500.57,John Rogers - Ariel Investments Updated 14 May 2026,Q1 2026
NVT - nVent Electric plc,0.79,Reduce 2.71%,596399,$118.28,"$70,543,000",,$170.89,44.48%,$85.15,$184.40,John Rogers - Ariel Investments Updated 14 May 2026,Q1 2026
INTC - Intel Corp.,0.72,Reduce 4.52%,1455291,$44.13,"$64,222,000",,$104.81,137.50%,$21.36,$142.35,John Rogers - Ariel Investments Updated 14 May 2026,Q1 2026
DIS - Walt Disney Co.,0.71,Add 17.34%,654369,$96.38,"$63,068,000",,$104.35,8.27%,$91.48,$118.07,John Rogers - Ariel Investments Updated 14 May 2026,Q1 2026
SLB - Schlumberger Ltd.,0.71,Reduce 3.71%,1237399,$51.39,"$63,590,000",,$52.07,1.32%,$31.05,$58.51,John Rogers - Ariel Investments Updated 14 May 2026,Q1 2026
LIND - Lindblad Expeditions Hldgs Inc.,0.67,Reduce 32.82%,3439063,$17.30,"$59,496,000",,$34.41,98.90%,$11.37,$34.95,John Rogers - Ariel Investments Updated 14 May 2026,Q1 2026
SMG - Scotts Miracle-Gro Co.,0.66,Buy,962642,$60.81,"$58,538,000",,$61.91,1.81%,$50.49,$75.34,John Rogers - Ariel Investments Updated 14 May 2026,Q1 2026
KEYS - Keysight Technologies Inc.,0.65,Reduce 20.90%,204324,$282.38,"$57,696,000",,$354.64,25.59%,$152.85,$374.96,John Rogers - Ariel Investments Updated 14 May 2026,Q1 2026
FSLR - First Solar Inc.,0.6,Add 7.92%,271480,$197.26,"$53,552,000",,$223.26,13.18%,$176.47,$320.95,John Rogers - Ariel Investments Updated 14 May 2026,Q1 2026
WEX - WEX Inc.,0.58,Add 0.28%,337724,$153.04,"$51,685,000",,$198.42,29.65%,$125.29,$198.42,John Rogers - Ariel Investments Updated 14 May 2026,Q1 2026
CVS - CVS Health Corp.,0.56,Reduce 14.90%,702151,$71.82,"$50,428,000",,$94.57,31.68%,$63.26,$110.00,John Rogers - Ariel Investments Updated 14 May 2026,Q1 2026
RLI - RLI Corp.,0.56,Add 133.68%,872033,$57.04,"$49,741,000",,$63.91,12.04%,$45.27,$66.91,John Rogers - Ariel Investments Updated 14 May 2026,Q1 2026
FDS - FactSet Research Systems,0.55,Add 79.41%,225047,$216.99,"$48,833,000",,$287.38,32.44%,$183.16,$381.24,John Rogers - Ariel Investments Updated 14 May 2026,Q1 2026
BMY - Bristol-Myers Squibb,0.49,Reduce 1.49%,721731,$60.65,"$43,773,000",,$64.58,6.48%,$41.13,$68.10,John Rogers - Ariel Investments Updated 14 May 2026,Q1 2026
GCMG - Gcm Grosvenor Inc Class A,0.48,Reduce 2.48%,4396403,$9.80,"$43,085,000",,$13.91,41.94%,$9.20,$14.87,John Rogers - Ariel Investments Updated 14 May 2026,Q1 2026
T - AT&T Inc.,0.48,Add 23.84%,1489147,$28.99,"$43,170,000",,$24.57,-15.25%,$19.63,$28.75,John Rogers - Ariel Investments Updated 14 May 2026,Q1 2026
KKR - KKR & Co. L.P.,0.45,Add 65.87%,439405,$92.50,"$40,645,000",,$116.44,25.88%,$82.35,$151.00,John Rogers - Ariel Investments Updated 14 May 2026,Q1 2026
HPE - Hewlett Packard Enterprise,0.44,Add 25.57%,1659398,$23.81,"$39,510,000",,$60.36,153.51%,$19.62,$64.06,John Rogers - Ariel Investments Updated 14 May 2026,Q1 2026
SCHW - Charles Schwab Corp.,0.42,Add 17.72%,402927,$93.98,"$37,867,000",,$109.78,16.81%,$83.96,$110.00,John Rogers - Ariel Investments Updated 14 May 2026,Q1 2026
MTB - M&T Bank Corp.,0.41,Reduce 1.53%,177635,$206.72,"$36,721,000",,$253.92,22.83%,$170.99,$255.50,John Rogers - Ariel Investments Updated 14 May 2026,Q1 2026
CBRE - CBRE Group,0.4,Add 24.67%,263149,$135.46,"$35,646,000",,$151.16,11.59%,$121.69,$174.27,John Rogers - Ariel Investments Updated 14 May 2026,Q1 2026
FDX - FedEx Corp.,0.39,Add 38.53%,98918,$356.18,"$35,233,000",,$337.07,-5.37%,$172.82,$344.07,John Rogers - Ariel Investments Updated 14 May 2026,Q1 2026
KMT - Kennametal Inc.,0.35,Reduce 63.45%,869000,$36.13,"$31,397,000",,$30.48,-15.64%,$19.86,$43.30,John Rogers - Ariel Investments Updated 14 May 2026,Q1 2026
MAS - Masco Corp.,0.35,Add 29.09%,523429,$60.37,"$31,599,000",,$74.65,23.65%,$57.76,$83.64,John Rogers - Ariel Investments Updated 14 May 2026,Q1 2026
KFY - Korn Ferry,0.33,Reduce 0.57%,463417,$62.95,"$29,172,000",,$84.31,33.93%,$57.98,$85.69,John Rogers - Ariel Investments Updated 14 May 2026,Q1 2026
GILD - Gilead Sciences,0.32,Reduce 1.36%,202271,$139.37,"$28,191,000",,$137.21,-1.55%,$106.44,$155.38,John Rogers - Ariel Investments Updated 14 May 2026,Q1 2026
SWK - Stanley Black & Decker Inc.,0.32,Reduce 5.80%,396952,$71.06,"$28,207,000",,$102.39,44.09%,$59.87,$104.68,John Rogers - Ariel Investments Updated 14 May 2026,Q1 2026
FITB - Fifth Third Bancorp,0.3,Buy,567418,$46.46,"$26,362,000",,$58.10,25.05%,$39.08,$59.50,John Rogers - Ariel Investments Updated 14 May 2026,Q1 2026
AFL - AFLAC Inc.,0.29,Add 12.82%,239266,$109.71,"$26,250,000",,$121.19,10.46%,$101.63,$130.22,John Rogers - Ariel Investments Updated 14 May 2026,Q1 2026
BAC - Bank of America Corp.,0.28,Reduce 1.03%,512111,$48.75,"$24,965,000",,$64.06,31.41%,$45.79,$64.95,John Rogers - Ariel Investments Updated 14 May 2026,Q1 2026
FISV - Fiserv Inc.,0.27,Add 34.74%,432559,$55.80,"$24,137,000",,$55.21,-1.06%,$47.04,$140.42,John Rogers - Ariel Investments Updated 14 May 2026,Q1 2026
KMX - CarMax Inc.,0.26,Reduce 0.27%,561947,$41.58,"$23,366,000",,$59.87,43.99%,$30.26,$62.56,John Rogers - Ariel Investments Updated 14 May 2026,Q1 2026
MSFT - Microsoft Corp.,0.26,Reduce 63.94%,62192,$370.18,"$23,022,000",,$496.35,34.08%,$349.20,$550.24,John Rogers - Ariel Investments Updated 14 May 2026,Q1 2026
PSKY - Paramount Skydance Corp.,0.26,Reduce 1.58%,2546320,$9.02,"$22,968,000",,$9.88,9.53%,$7.62,$20.57,John Rogers - Ariel Investments Updated 14 May 2026,Q1 2026
TAP - Molson Coors Beverage Co.,0.26,Add 6.35%,548715,$43.06,"$23,628,000",,$42.13,-2.16%,$38.04,$53.62,John Rogers - Ariel Investments Updated 14 May 2026,Q1 2026
CNP - CenterPoint Energy,0.23,Reduce 52.16%,476867,$43.16,"$20,582,000",,$40.52,-6.12%,$36.00,$45.26,John Rogers - Ariel Investments Updated 14 May 2026,Q1 2026
SSD - Simpson Manufacturing,0.18,Add 0.40%,91750,$171.62,"$15,746,000",,$195.01,13.63%,$155.55,$213.18,John Rogers - Ariel Investments Updated 14 May 2026,Q1 2026
MTN - Vail Resorts Inc.,0.16,Add 0.09%,112309,$128.32,"$14,411,000",,$146.77,14.38%,$116.69,$160.49,John Rogers - Ariel Investments Updated 14 May 2026,Q1 2026
IWN - Ishares Russell 2000 Value E,0.14,Add 96.45%,65455,$189.60,"$12,410,000",,$226.93,19.69%,$162.17,$227.40,John Rogers - Ariel Investments Updated 14 May 2026,Q1 2026
MGPI - MGP Ingredients Inc.,0.13,Reduce 0.10%,628860,$18.39,"$11,565,000",,$18.11,-1.52%,$15.72,$30.06,John Rogers - Ariel Investments Updated 14 May 2026,Q1 2026
SNA - Snap-On Inc.,0.13,Reduce 0.26%,32608,$363.22,"$11,844,000",,$404.10,11.25%,$312.04,$423.02,John Rogers - Ariel Investments Updated 14 May 2026,Q1 2026
APA - APA Corp.,0.11,Reduce 25.29%,222147,$42.44,"$9,428,000",,$39.90,-5.98%,$19.29,$45.04,John Rogers - Ariel Investments Updated 14 May 2026,Q1 2026
JNJ - Johnson & Johnson,0.11,Reduce 6.26%,40553,$244.45,"$9,913,000",,$261.50,6.97%,$168.49,$274.90,John Rogers - Ariel Investments Updated 14 May 2026,Q1 2026
CVX - Chevron Corp.,0.1,,41499,$206.90,"$8,586,000",,$197.51,-4.54%,$143.75,$212.76,John Rogers - Ariel Investments Updated 14 May 2026,Q1 2026
PHIN - PHINIA Inc.,0.1,Reduce 5.42%,132555,$68.44,"$9,072,000",,$73.38,7.22%,$50.13,$86.94,John Rogers - Ariel Investments Updated 14 May 2026,Q1 2026
B - Barrick Mining Corp.,0.09,Reduce 4.09%,207277,$40.79,"$8,455,000",,$40.85,0.15%,$22.91,$54.01,John Rogers - Ariel Investments Updated 14 May 2026,Q1 2026
LMT - Lockheed Martin Corp.,0.09,Reduce 2.47%,13114,$604.39,"$7,926,000",,$599.04,-0.89%,$420.09,$687.50,John Rogers - Ariel Investments Updated 14 May 2026,Q1 2026
HCKT - Hackett Group Inc.,0.06,Reduce 0.61%,425568,$13.01,"$5,537,000",,$11.19,-13.99%,$9.05,$20.72,John Rogers - Ariel Investments Updated 14 May 2026,Q1 2026
KB - Kb Financial Group Inc ADR,0.06,Reduce 2.64%,49961,$99.74,"$4,983,000",,$119.25,19.56%,$76.31,$125.66,John Rogers - Ariel Investments Updated 14 May 2026,Q1 2026
TSM - Taiwan Semiconductor S.A.,0.06,Add 58.35%,16092,$337.93,"$5,438,000",,$432.89,28.10%,$221.29,$479.00,John Rogers - Ariel Investments Updated 14 May 2026,Q1 2026
AJG - Arthur J. Gallagher & Co.,0.05,Add 28.70%,19764,$216.56,"$4,280,000",,$253.09,16.87%,$190.12,$310.73,John Rogers - Ariel Investments Updated 14 May 2026,Q1 2026
BWA - BorgWarner Inc.,0.04,,64987,$54.26,"$3,526,000",,$67.68,24.73%,$39.54,$78.82,John Rogers - Ariel Investments Updated 14 May 2026,Q1 2026
LESL - Leslie's Inc.,0.04,Add 1.64%,2882994,$1.12,"$3,229,000",,$0.77,-31.25%,$0.74,$12.53,John Rogers - Ariel Investments Updated 14 May 2026,Q1 2026
MOS - Mosaic Co.,0.04,Add 0.89%,148341,$25.50,"$3,783,000",,$21.62,-15.22%,$19.80,$35.99,John Rogers - Ariel Investments Updated 14 May 2026,Q1 2026
BAP - Credicorp Ltd.,0.03,Add 32.21%,7585,$339.22,"$2,573,000",,$377.14,11.18%,$230.45,$413.25,John Rogers - Ariel Investments Updated 14 May 2026,Q1 2026
IFS - Intercorp Financial Services,0.03,Add 34.03%,46465,$50.21,"$2,333,000",,$54.72,8.98%,$36.51,$61.38,John Rogers - Ariel Investments Updated 14 May 2026,Q1 2026
ORCL - Oracle Corp.,0.03,Reduce 0.10%,16367,$147.13,"$2,408,000",,$155.70,5.82%,$114.50,$341.82,John Rogers - Ariel Investments Updated 14 May 2026,Q1 2026
KSPI - Jsc Kaspi.kz ADR,0.02,Add 72.52%,22724,$74.06,"$1,683,000",,$98.83,33.45%,$65.63,$99.60,John Rogers - Ariel Investments Updated 14 May 2026,Q1 2026
VT - Vanguard Tot World Stk ETF,0.02,Buy,9964,$138.30,"$1,378,000",,$162.46,17.47%,$129.59,$162.51,John Rogers - Ariel Investments Updated 14 May 2026,Q1 2026
RCL - Royal Caribbean Cruises Ltd.,0.01,Buy,1740,$275.29,"$479,000",,$310.29,12.71%,$230.90,$360.34,John Rogers - Ariel Investments Updated 14 May 2026,Q1 2026
VWO - Vanguard FTSE Emerging Marke,0.01,Buy,20245,$54.04,"$1,094,000",,$60.38,11.73%,$49.71,$61.52,John Rogers - Ariel Investments Updated 14 May 2026,Q1 2026
BRC - Brady Corp.,0.0,Reduce 7.74%,2764,$81.40,"$225,000",,$93.92,15.38%,$70.38,$99.25,John Rogers - Ariel Investments Updated 14 May 2026,Q1 2026
FICO - Fair Isaac Corp.,0.0,Reduce 7.69%,204,$1068.63,"$218,000",,$1101.36,3.06%,$870.01,$1998.01,John Rogers - Ariel Investments Updated 14 May 2026,Q1 2026
HDB - HDFC Bank Ltd.,0.0,Add 7.00%,14072,$24.87,"$350,000",,$23.19,-6.76%,$22.26,$37.19,John Rogers - Ariel Investments Updated 14 May 2026,Q1 2026
IWS - Ishares Russell Mid Cap Valu,0.0,Buy,1145,$145.85,"$167,000",,$173.13,18.70%,$132.31,$173.13,John Rogers - Ariel Investments Updated 14 May 2026,Q1 2026
MSI - Motorola Solutions Inc.,0.0,Reduce 7.81%,696,$433.91,"$302,000",,$465.53,7.29%,$357.34,$493.57,John Rogers - Ariel Investments Updated 14 May 2026,Q1 2026
PGR - Progressive Corp.,0.0,Reduce 7.68%,1010,$198.02,"$200,000",,$209.06,5.58%,$187.79,$239.38,John Rogers - Ariel Investments Updated 14 May 2026,Q1 2026
VXUS - Vanguard Total Intl Stock,0.0,Buy,4685,$77.05,"$361,000",,$87.78,13.93%,$68.38,$88.62,John Rogers - Ariel Investments Updated 14 May 2026,Q1 2026
XCEM - Columbia Em Core Ex China,0.0,Buy,8466,$40.75,"$345,000",,$51.04,25.25%,$32.77,$55.43,John Rogers - Ariel Investments Updated 14 May 2026,Q1 2026
ZBH - Zimmer Biomet Holdings,0.0,Reduce 6.66%,3014,$90.58,"$273,000",,$99.07,9.37%,$78.91,$107.16,John Rogers - Ariel Investments Updated 14 May 2026,Q1 2026
MA - Mastercard Inc.,18.64,Reduce 24.10%,2281106,$499.66,"$1,139,777,000",,$566.09,13.30%,$463.74,$598.04,Chuck Akre - Akre Capital Management Updated 14 May 2026,Q1 2026
BN - Brookfield Corp.,11.27,Reduce 36.57%,17027077,$40.47,"$689,086,000",,$44.90,10.95%,$37.87,$49.40,Chuck Akre - Akre Capital Management Updated 14 May 2026,Q1 2026
KKR - KKR & Co. L.P.,10.16,Reduce 17.12%,6718078,$92.50,"$621,422,000",,$116.44,25.88%,$82.35,$151.00,Chuck Akre - Akre Capital Management Updated 14 May 2026,Q1 2026
MCO - Moody's Corp.,8.89,Reduce 28.19%,1246114,$436.25,"$543,617,000",,$486.60,11.54%,$400.46,$544.40,Chuck Akre - Akre Capital Management Updated 14 May 2026,Q1 2026
V - Visa Inc.,8.1,Reduce 38.77%,1638798,$302.24,"$495,310,000",,$362.90,20.07%,$292.74,$373.28,Chuck Akre - Akre Capital Management Updated 14 May 2026,Q1 2026
ROP - Roper Technologies Inc.,7.27,Add 13.76%,1257232,$353.86,"$444,884,000",,$397.04,12.20%,$305.19,$540.19,Chuck Akre - Akre Capital Management Updated 14 May 2026,Q1 2026
CSGP - CoStar Group Inc.,6.83,Add 7.59%,10348273,$40.34,"$417,449,000",,$32.54,-19.34%,$25.89,$91.89,Chuck Akre - Akre Capital Management Updated 14 May 2026,Q1 2026
FICO - Fair Isaac Corp.,6.35,Add 31.11%,363765,$1067.54,"$388,334,000",,$1101.36,3.17%,$870.01,$1998.01,Chuck Akre - Akre Capital Management Updated 14 May 2026,Q1 2026
ORLY - O'Reilly Automotive,5.87,Reduce 42.17%,3885813,$92.31,"$358,699,000",,$92.75,0.48%,$82.59,$108.72,Chuck Akre - Akre Capital Management Updated 14 May 2026,Q1 2026
CPRT - Copart Inc.,4.34,Add 1.66%,7998938,$33.20,"$265,565,000",,$29.44,-11.33%,$26.81,$50.11,Chuck Akre - Akre Capital Management Updated 14 May 2026,Q1 2026
ABNB - Airbnb Inc.,4.2,Reduce 41.42%,2034473,$126.28,"$256,913,000",,$184.74,46.29%,$110.81,$187.12,Chuck Akre - Akre Capital Management Updated 14 May 2026,Q1 2026
CCC - CCC Intelligent Solutions Hldgs Inc.,3.09,Add 26.88%,31513070,$6.00,"$189,078,000",,$7.04,17.33%,$4.08,$10.14,Chuck Akre - Akre Capital Management Updated 14 May 2026,Q1 2026
CRM - Salesforce.com,2.19,Buy,717799,$186.67,"$133,992,000",,$199.60,6.93%,$146.32,$267.75,Chuck Akre - Akre Capital Management Updated 14 May 2026,Q1 2026
NOW - ServiceNow Inc.,1.87,Buy,1096099,$104.55,"$114,597,000",,$126.52,21.01%,$81.24,$194.73,Chuck Akre - Akre Capital Management Updated 14 May 2026,Q1 2026
GSHD - Goosehead Insurance Inc.,0.31,Add 19.48%,443385,$42.66,"$18,915,000",,$66.75,56.47%,$33.68,$90.79,Chuck Akre - Akre Capital Management Updated 14 May 2026,Q1 2026
SOPH - Sophia Genetics SA,0.3,,3719140,$4.95,"$18,410,000",,$7.57,52.93%,$2.99,$7.88,Chuck Akre - Akre Capital Management Updated 14 May 2026,Q1 2026
AMT - American Tower Corp.,0.14,Reduce 80.11%,50772,$172.58,"$8,762,000",,$174.89,1.34%,$160.06,$206.80,Chuck Akre - Akre Capital Management Updated 14 May 2026,Q1 2026
PRM - Perimeter Solutions SA,0.1,Buy,250000,$24.42,"$6,105,000",,$34.55,41.48%,$17.74,$38.17,Chuck Akre - Akre Capital Management Updated 14 May 2026,Q1 2026
BRK.B - Berkshire Hathaway CL B,0.08,Reduce 13.13%,10339,$479.16,"$4,954,000",,$506.45,5.70%,$464.01,$537.74,Chuck Akre - Akre Capital Management Updated 14 May 2026,Q1 2026
OKTA - Okta Inc.,16.62,Reduce 36.04%,565036,$78.71,"$44,474,000",,$154.57,96.38%,$62.66,$157.00,Dennis Hong - ShawSpring Partners Updated 14 May 2026,Q1 2026
AMZN - Amazon.com Inc.,14.51,Add 57.47%,186499,$208.27,"$38,842,000",,$265.88,27.66%,$196.00,$287.20,Dennis Hong - ShawSpring Partners Updated 14 May 2026,Q1 2026
BABA - Alibaba Group Holdings,13.61,Reduce 23.24%,290261,$125.46,"$36,416,000",,$122.17,-2.62%,$91.99,$190.92,Dennis Hong - ShawSpring Partners Updated 14 May 2026,Q1 2026
ZS - Zscaler Inc.,10.51,Buy,200416,$140.29,"$28,116,000",,$187.65,33.76%,$114.63,$336.99,Dennis Hong - ShawSpring Partners Updated 14 May 2026,Q1 2026
BRZE - Braze Inc A,9.81,Reduce 24.50%,1112099,$23.61,"$26,257,000",,$29.14,23.42%,$15.26,$37.33,Dennis Hong - ShawSpring Partners Updated 14 May 2026,Q1 2026
INTU - Intuit Inc.,6.61,Reduce 19.29%,40939,$432.37,"$17,701,000",,$356.51,-17.55%,$251.72,$713.52,Dennis Hong - ShawSpring Partners Updated 14 May 2026,Q1 2026
FWONK - Liberty Media Corp Formula One Series C,6.45,Reduce 45.42%,202928,$85.02,"$17,253,000",,$103.31,21.51%,$80.15,$109.36,Dennis Hong - ShawSpring Partners Updated 14 May 2026,Q1 2026
CPNG - Coupang Inc.,6.39,Buy,906291,$18.88,"$17,111,000",,$16.31,-13.61%,$14.92,$34.08,Dennis Hong - ShawSpring Partners Updated 14 May 2026,Q1 2026
CSGP - CoStar Group Inc.,5.11,Reduce 64.59%,339081,$40.34,"$13,679,000",,$32.54,-19.34%,$25.89,$91.89,Dennis Hong - ShawSpring Partners Updated 14 May 2026,Q1 2026
PCOR - Procore Technologies Inc.,4.62,Reduce 68.20%,216756,$57.00,"$12,355,000",,$60.66,6.42%,$38.03,$82.32,Dennis Hong - ShawSpring Partners Updated 14 May 2026,Q1 2026
GDS - GDS Holdings Ltd,3.34,Buy,221782,$40.29,"$8,936,000",,$34.82,-13.58%,$26.97,$48.61,Dennis Hong - ShawSpring Partners Updated 14 May 2026,Q1 2026
CEG - Constellation Energy Corp.,2.42,Buy,23167,$279.23,"$6,469,000",,$278.53,-0.25%,$228.63,$411.04,Dennis Hong - ShawSpring Partners Updated 14 May 2026,Q1 2026
ADI - Analog Devices,7.83,Reduce 8.09%,1723135,$318.14,"$548,198,000",,$382.21,20.14%,$221.38,$445.91,First Pacific Advisors Updated 14 May 2026,Q1 2026
GOOGL - Alphabet Inc.,6.92,Reduce 11.92%,1683493,$287.56,"$484,105,000",,$346.14,20.37%,$196.04,$408.37,First Pacific Advisors Updated 14 May 2026,Q1 2026
IFF - International Flavors & Fragrances Inc.,5.61,Add 1.57%,5409925,$72.55,"$392,490,000",,$84.39,16.32%,$58.13,$89.32,First Pacific Advisors Updated 14 May 2026,Q1 2026
META - Meta Platforms Inc.,5.56,Reduce 3.06%,680613,$572.13,"$389,399,000",,$593.95,3.81%,$519.78,$793.65,First Pacific Advisors Updated 14 May 2026,Q1 2026
GOOG - Alphabet Inc. CL C,5.46,Reduce 1.22%,1333157,$286.86,"$382,429,000",,$343.94,19.90%,$196.90,$404.23,First Pacific Advisors Updated 14 May 2026,Q1 2026
C - Citigroup Inc.,5.15,Reduce 9.46%,3175212,$113.41,"$360,101,000",,$138.83,22.41%,$88.80,$147.21,First Pacific Advisors Updated 14 May 2026,Q1 2026
TEL - TE Connectivity plc,4.93,Reduce 7.25%,1650857,$209.02,"$345,062,000",,$215.83,3.26%,$190.27,$251.59,First Pacific Advisors Updated 14 May 2026,Q1 2026
BDX - Becton Dickinson,4.45,Add 1.50%,1980440,$157.23,"$311,385,000",,$182.21,15.89%,$125.19,$185.01,First Pacific Advisors Updated 14 May 2026,Q1 2026
AMZN - Amazon.com Inc.,4.21,Add 0.36%,1416219,$208.27,"$294,956,000",,$265.88,27.66%,$196.00,$287.20,First Pacific Advisors Updated 14 May 2026,Q1 2026
CMCSA - Comcast Corp.,3.52,Add 2.29%,8592563,$28.71,"$246,692,000",,$26.08,-9.16%,$21.28,$32.04,First Pacific Advisors Updated 14 May 2026,Q1 2026
LBRDK - Liberty Broadband Corp. CL C,3.34,Add 73.92%,4642610,$50.30,"$233,523,000",,$36.77,-26.90%,$26.25,$65.73,First Pacific Advisors Updated 14 May 2026,Q1 2026
AON - Aon Plc,3.24,Add 7.12%,703258,$322.78,"$226,998,000",,$355.30,10.07%,$303.10,$381.47,First Pacific Advisors Updated 14 May 2026,Q1 2026
FERG - Ferguson Enterprises Inc.,2.72,Reduce 7.91%,816993,$233.26,"$190,572,000",,$247.69,6.19%,$204.50,$269.59,First Pacific Advisors Updated 14 May 2026,Q1 2026
AMRZ - Amrize Ltd,2.52,Reduce 7.68%,3146383,$56.02,"$176,260,000",,$46.84,-16.39%,$46.03,$65.29,First Pacific Advisors Updated 14 May 2026,Q1 2026
MTN - Vail Resorts Inc.,2.16,Add 8.15%,1176350,$128.32,"$150,949,000",,$146.77,14.38%,$116.69,$160.49,First Pacific Advisors Updated 14 May 2026,Q1 2026
NXPI - NXP Semiconductors NV,2.16,Add 0.34%,768915,$196.86,"$151,369,000",,$232.95,18.33%,$180.63,$338.80,First Pacific Advisors Updated 14 May 2026,Q1 2026
FBIN - Fortune Brands Innovations Inc.,2.11,Add 7.60%,3792230,$38.97,"$147,783,000",,$48.60,24.71%,$32.11,$64.07,First Pacific Advisors Updated 14 May 2026,Q1 2026
KMX - CarMax Inc.,1.77,Add 1.97%,2981709,$41.58,"$123,979,000",,$59.87,43.99%,$30.26,$62.56,First Pacific Advisors Updated 14 May 2026,Q1 2026
NOV - Nov Inc.,1.7,Reduce 21.91%,6320758,$18.81,"$118,893,000",,$20.69,9.99%,$11.73,$21.46,First Pacific Advisors Updated 14 May 2026,Q1 2026
BIO - Bio-Rad Laboratories Inc.,1.62,Add 1.47%,407358,$278.75,"$113,551,000",,$359.79,29.07%,$236.73,$362.42,First Pacific Advisors Updated 14 May 2026,Q1 2026
BAX - Baxter International Inc.,1.61,Buy,6700925,$16.80,"$112,576,000",,$27.07,61.13%,$15.72,$30.00,First Pacific Advisors Updated 14 May 2026,Q1 2026
ICLR - ICON plc,1.57,Add 1.05%,991075,$110.66,"$109,672,000",,$166.42,50.39%,$66.57,$203.91,First Pacific Advisors Updated 14 May 2026,Q1 2026
TMO - Thermo Fisher Scientific,1.56,Add 1.52%,221896,$491.53,"$109,069,000",,$595.87,21.23%,$434.83,$642.71,First Pacific Advisors Updated 14 May 2026,Q1 2026
JEF - Jefferies Financial Group Inc.,1.53,Add 0.24%,2586501,$41.27,"$106,745,000",,$55.88,35.40%,$35.26,$69.47,First Pacific Advisors Updated 14 May 2026,Q1 2026
LPLA - LPL Financial Holdings Inc.,1.38,Reduce 17.24%,320624,$300.83,"$96,453,000",,$375.26,24.74%,$260.15,$399.35,First Pacific Advisors Updated 14 May 2026,Q1 2026
AJG - Arthur J. Gallagher & Co.,1.2,Buy,387687,$216.58,"$83,965,000",,$253.09,16.86%,$190.12,$310.73,First Pacific Advisors Updated 14 May 2026,Q1 2026
DEI - Douglas Emmett Inc.,1.16,Add 32.29%,8636970,$9.42,"$81,360,000",,$11.87,26.01%,$8.79,$15.90,First Pacific Advisors Updated 14 May 2026,Q1 2026
WAT - Waters Corp.,1.14,Buy,267472,$297.80,"$79,653,000",,$415.63,39.57%,$282.77,$419.21,First Pacific Advisors Updated 14 May 2026,Q1 2026
MAR - Marriott Int'l.,1.09,Reduce 40.30%,232754,$327.07,"$76,127,000",,$352.05,7.64%,$255.16,$410.98,First Pacific Advisors Updated 14 May 2026,Q1 2026
UBER - Uber Technologies Inc.,1.0,Add 1.74%,969817,$71.93,"$69,759,000",,$75.84,5.44%,$65.41,$101.99,First Pacific Advisors Updated 14 May 2026,Q1 2026
WFC - Wells Fargo,0.99,Reduce 21.36%,872730,$79.61,"$69,478,000",,$88.28,10.89%,$72.36,$96.18,First Pacific Advisors Updated 14 May 2026,Q1 2026
WAB - WABTEC Corp.,0.93,Reduce 41.35%,260732,$249.91,"$65,160,000",,$296.78,18.75%,$183.59,$306.64,First Pacific Advisors Updated 14 May 2026,Q1 2026
AVTR - Avantor Inc.,0.91,Add 103.82%,8089023,$7.84,"$63,418,000",,$13.81,76.15%,$7.27,$15.93,First Pacific Advisors Updated 14 May 2026,Q1 2026
DELL - Dell Technologies Inc.,0.9,,382985,$164.13,"$62,859,000",,$495.65,201.99%,$109.70,$500.62,First Pacific Advisors Updated 14 May 2026,Q1 2026
PYPL - PayPal Holdings Inc.,0.9,Buy,1391409,$45.23,"$62,933,000",,$60.50,33.76%,$38.22,$78.53,First Pacific Advisors Updated 14 May 2026,Q1 2026
CNH - CNH Industrial NV,0.76,Buy,4809255,$11.00,"$52,902,000",,$10.41,-5.36%,$8.91,$13.18,First Pacific Advisors Updated 14 May 2026,Q1 2026
KMI - Kinder Morgan,0.64,Reduce 67.31%,1332715,$33.53,"$44,686,000",,$32.26,-3.79%,$24.74,$34.48,First Pacific Advisors Updated 14 May 2026,Q1 2026
VNO - Vornado Realty Trust,0.62,Add 0.24%,1680601,$25.99,"$43,679,000",,$39.77,53.02%,$24.57,$42.43,First Pacific Advisors Updated 14 May 2026,Q1 2026
VYX - NCR Voyix Corp.,0.49,Add 7.28%,5405082,$6.33,"$34,214,000",,$8.40,32.70%,$6.02,$13.82,First Pacific Advisors Updated 14 May 2026,Q1 2026
MICC - Magnum Ice Cream Co NV,0.48,Add 32.84%,2255110,$14.95,"$33,714,000",,$20.03,33.98%,$12.94,$20.03,First Pacific Advisors Updated 14 May 2026,Q1 2026
PCG - PG&E Corp.,0.29,Add 1.74%,1162062,$17.57,"$20,417,000",,$17.38,-1.08%,$14.15,$19.04,First Pacific Advisors Updated 14 May 2026,Q1 2026
AVGO - Broadcom Inc.,0.28,Reduce 27.46%,62465,$309.52,"$19,334,000",,$420.34,35.80%,$279.82,$494.22,First Pacific Advisors Updated 14 May 2026,Q1 2026
MRSH - Marsh,0.27,Buy,108697,$173.45,"$18,853,000",,$188.00,8.39%,$155.72,$209.50,First Pacific Advisors Updated 14 May 2026,Q1 2026
RUSHA - Rush Enterprises Inc.,0.12,Reduce 12.83%,129094,$66.11,"$8,534,000",,$82.45,24.72%,$45.26,$83.61,First Pacific Advisors Updated 14 May 2026,Q1 2026
STGW - Stagwell Inc.,0.11,,1191918,$6.29,"$7,497,000",,$9.35,48.65%,$4.29,$9.40,First Pacific Advisors Updated 14 May 2026,Q1 2026
TDW - Tidewater Inc.,0.1,Reduce 13.07%,82549,$83.55,"$6,897,000",,$91.11,9.05%,$46.65,$93.13,First Pacific Advisors Updated 14 May 2026,Q1 2026
VBIL - Vanguard 0 3m T Bill ETF,0.1,Buy,90159,$75.66,"$6,821,000",,$75.57,-0.12%,$72.79,$75.58,First Pacific Advisors Updated 14 May 2026,Q1 2026
GLD - SPDR Gold Trust,0.09,Buy,13995,$430.30,"$6,022,000",,$398.64,-7.36%,$305.19,$509.70,First Pacific Advisors Updated 14 May 2026,Q1 2026
ECHO - EchoStar Corp.,0.08,Reduce 80.30%,47066,$117.07,"$5,510,000",,$91.71,-21.66%,$26.52,$147.25,First Pacific Advisors Updated 14 May 2026,Q1 2026
EQPT - Equipmentshare.com Inc A,0.08,Buy,285714,$20.37,"$5,820,000",,$21.60,6.04%,$15.71,$35.50,First Pacific Advisors Updated 14 May 2026,Q1 2026
NATL - NCR Atleos Corp.,0.07,Reduce 94.56%,110933,$43.58,"$4,834,000",,$46.89,7.60%,$33.31,$48.50,First Pacific Advisors Updated 14 May 2026,Q1 2026
VT - Vanguard Tot World Stk ETF,0.05,Add 33.67%,26390,$138.31,"$3,650,000",,$162.46,17.46%,$129.59,$162.51,First Pacific Advisors Updated 14 May 2026,Q1 2026
ALGT - Allegiant Travel Company,0.04,,34186,$81.03,"$2,770,000",,$87.30,7.74%,$53.70,$123.63,First Pacific Advisors Updated 14 May 2026,Q1 2026
MRVI - Maravai LifeSciences Holdings Inc.,0.04,,884883,$2.83,"$2,504,000",,$5.90,108.48%,$2.28,$7.44,First Pacific Advisors Updated 14 May 2026,Q1 2026
OEC - Orion SA,0.04,,417388,$6.50,"$2,713,000",,$6.45,-0.77%,$4.28,$10.73,First Pacific Advisors Updated 14 May 2026,Q1 2026
PDLB - Ponce Financial Group Inc.,0.04,,181562,$16.71,"$3,034,000",,$20.68,23.76%,$13.91,$20.85,First Pacific Advisors Updated 14 May 2026,Q1 2026
RSVR - Reservoir Media Inc.,0.04,Reduce 6.17%,308747,$9.79,"$3,023,000",,$10.04,2.55%,$7.07,$13.39,First Pacific Advisors Updated 14 May 2026,Q1 2026
PARR - Par Pacific Holdings,0.03,Reduce 25.31%,32651,$62.63,"$2,045,000",,$81.44,30.03%,$27.76,$87.03,First Pacific Advisors Updated 14 May 2026,Q1 2026
PBFS - Pioneer Bancorp Inc.,0.03,,166974,$13.92,"$2,324,000",,$17.31,24.35%,$12.49,$19.42,First Pacific Advisors Updated 14 May 2026,Q1 2026
ASLE - Aersale Corp,0.02,,208726,$6.22,"$1,298,000",,$5.74,-7.72%,$5.56,$9.12,First Pacific Advisors Updated 14 May 2026,Q1 2026
CVX - Chevron Corp.,0.02,Buy,6144,$206.87,"$1,271,000",,$197.51,-4.52%,$143.75,$212.76,First Pacific Advisors Updated 14 May 2026,Q1 2026
DG - Dollar General,0.02,Buy,9077,$118.76,"$1,078,000",,$122.16,2.86%,$93.78,$156.68,First Pacific Advisors Updated 14 May 2026,Q1 2026
EMR - Emerson Electric,0.02,Buy,8426,$131.02,"$1,104,000",,$163.29,24.63%,$122.14,$166.35,First Pacific Advisors Updated 14 May 2026,Q1 2026
FNV - Franco Nevada Corp.,0.02,Buy,6611,$247.01,"$1,633,000",,$231.18,-6.41%,$172.08,$284.60,First Pacific Advisors Updated 14 May 2026,Q1 2026
NFLX - Netflix Inc.,0.02,,16400,$96.16,"$1,577,000",,$77.52,-19.38%,$65.08,$126.71,First Pacific Advisors Updated 14 May 2026,Q1 2026
ROST - Ross Stores Inc.,0.02,Buy,5154,$216.72,"$1,117,000",,$244.34,12.74%,$142.48,$257.00,First Pacific Advisors Updated 14 May 2026,Q1 2026
SCCO - Southern Copper Corp.,0.02,Buy,7056,$172.05,"$1,214,000",,$187.72,9.11%,$90.54,$221.49,First Pacific Advisors Updated 14 May 2026,Q1 2026
TSLA - Tesla Inc.,0.02,Buy,3000,$371.67,"$1,115,000",,$338.95,-8.80%,$297.38,$498.83,First Pacific Advisors Updated 14 May 2026,Q1 2026
BIDU - Baidu Inc.,0.01,Buy,3421,$111.37,"$381,000",,$104.71,-5.98%,$84.82,$165.30,First Pacific Advisors Updated 14 May 2026,Q1 2026
CPAY - Corpay Inc.,0.01,Buy,2147,$291.10,"$625,000",,$424.11,45.69%,$252.84,$424.11,First Pacific Advisors Updated 14 May 2026,Q1 2026
CSL - Carlisle Companies,0.01,Buy,2632,$333.59,"$878,000",,$379.20,13.67%,$291.67,$430.31,First Pacific Advisors Updated 14 May 2026,Q1 2026
DIS - Walt Disney Co.,0.01,Buy,7872,$96.42,"$759,000",,$104.35,8.22%,$91.48,$118.07,First Pacific Advisors Updated 14 May 2026,Q1 2026
GWW - W.W. Grainger Inc.,0.01,Buy,669,$1091.18,"$730,000",,$1316.58,20.66%,$901.22,$1417.14,First Pacific Advisors Updated 14 May 2026,Q1 2026
HSIC - Henry Schein Inc.,0.01,Buy,9914,$73.73,"$731,000",,$89.59,21.51%,$61.95,$92.18,First Pacific Advisors Updated 14 May 2026,Q1 2026
MCD - McDonald's Corp.,0.01,Buy,2142,$310.92,"$666,000",,$272.32,-12.41%,$260.96,$337.56,First Pacific Advisors Updated 14 May 2026,Q1 2026
NVST - Envista Holdings Corp.,0.01,Buy,30397,$25.36,"$771,000",,$28.00,10.41%,$18.77,$30.42,First Pacific Advisors Updated 14 May 2026,Q1 2026
ORLY - O'Reilly Automotive,0.01,Buy,8355,$92.28,"$771,000",,$92.75,0.51%,$82.59,$108.72,First Pacific Advisors Updated 14 May 2026,Q1 2026
SMG - Scotts Miracle-Gro Co.,0.01,Buy,7357,$60.76,"$447,000",,$61.91,1.89%,$50.49,$75.34,First Pacific Advisors Updated 14 May 2026,Q1 2026
UPWK - Upwork Inc.,0.01,,57081,$10.97,"$626,000",,$8.74,-20.33%,$7.44,$22.84,First Pacific Advisors Updated 14 May 2026,Q1 2026
DEO - Diageo ADR,0.0,Buy,1,$0.00,$0,,$94.91,%,$71.73,$112.30,First Pacific Advisors Updated 14 May 2026,Q1 2026
EBC - Eastern Bankshares Inc.,0.0,Reduce 99.90%,83,$24.10,"$2,000",,$23.44,-2.74%,$15.26,$23.75,First Pacific Advisors Updated 14 May 2026,Q1 2026
HYBB - Ishares Bb Rated Corp Bond,0.0,Reduce 50.35%,142,$49.30,"$7,000",,$46.62,-5.44%,$44.09,$46.63,First Pacific Advisors Updated 14 May 2026,Q1 2026
UNIT - Uniti Group Inc.,0.0,,25235,$9.39,"$237,000",,$9.82,4.58%,$5.30,$12.94,First Pacific Advisors Updated 14 May 2026,Q1 2026
NVDA - NVIDIA Corp.,8.49,Reduce 3.80%,4761351,$174.40,"$830,380,000",,$225.95,29.56%,$163.85,$236.26,Mairs & Power Funds Updated 14 May 2026,Q1 2026
MSFT - Microsoft Corp.,7.35,Add 1.54%,1942391,$370.17,"$719,015,000",,$496.35,34.09%,$349.20,$550.24,Mairs & Power Funds Updated 14 May 2026,Q1 2026
AMZN - Amazon.com Inc.,5.54,Add 0.39%,2602912,$208.27,"$542,108,000",,$265.88,27.66%,$196.00,$287.20,Mairs & Power Funds Updated 14 May 2026,Q1 2026
GOOG - Alphabet Inc. CL C,4.72,Reduce 5.09%,1611610,$286.86,"$462,307,000",,$343.94,19.90%,$196.90,$404.23,Mairs & Power Funds Updated 14 May 2026,Q1 2026
GGG - Graco Inc.,3.3,Reduce 2.30%,3815684,$84.65,"$322,998,000",,$82.25,-2.84%,$72.23,$94.99,Mairs & Power Funds Updated 14 May 2026,Q1 2026
JPM - JPMorgan Chase & Co.,3.17,Reduce 17.41%,1054197,$294.16,"$310,103,000",,$363.49,23.57%,$276.43,$366.09,Mairs & Power Funds Updated 14 May 2026,Q1 2026
AAPL - Apple Inc.,3.13,Reduce 0.75%,1208398,$253.79,"$306,679,000",,$304.33,19.91%,$222.96,$344.27,Mairs & Power Funds Updated 14 May 2026,Q1 2026
LLY - Eli Lilly & Co.,3.07,Reduce 5.51%,326306,$919.77,"$300,126,000",,$1214.36,32.03%,$639.97,$1249.45,Mairs & Power Funds Updated 14 May 2026,Q1 2026
TTC - Toro Co.,2.6,Reduce 20.56%,2718983,$93.44,"$254,062,000",,$97.21,4.03%,$66.72,$104.28,Mairs & Power Funds Updated 14 May 2026,Q1 2026
V - Visa Inc.,2.6,Add 4.78%,840917,$302.24,"$254,159,000",,$362.90,20.07%,$292.74,$373.28,Mairs & Power Funds Updated 14 May 2026,Q1 2026
LFUS - Littelfuse Inc.,2.51,Reduce 6.96%,724710,$339.35,"$245,930,000",,$450.63,32.79%,$231.99,$500.57,Mairs & Power Funds Updated 14 May 2026,Q1 2026
NVT - nVent Electric plc,2.5,Reduce 2.12%,2066420,$118.28,"$244,416,000",,$170.89,44.48%,$85.15,$184.40,Mairs & Power Funds Updated 14 May 2026,Q1 2026
MSI - Motorola Solutions Inc.,2.4,Add 2.95%,540732,$433.97,"$234,661,000",,$465.53,7.27%,$357.34,$493.57,Mairs & Power Funds Updated 14 May 2026,Q1 2026
WEC - WEC Energy Group,2.26,Add 0.10%,1910685,$115.77,"$221,200,000",,$110.19,-4.82%,$101.22,$119.91,Mairs & Power Funds Updated 14 May 2026,Q1 2026
LNT - Alliant Energy,2.12,Reduce 2.30%,2889060,$71.76,"$207,319,000",,$70.37,-1.94%,$61.37,$78.22,Mairs & Power Funds Updated 14 May 2026,Q1 2026
ECL - Ecolab Inc.,2.07,Reduce 1.14%,761818,$266.02,"$202,659,000",,$276.11,3.79%,$242.49,$307.61,Mairs & Power Funds Updated 14 May 2026,Q1 2026
UNH - United Health Group Inc.,2.05,Reduce 10.77%,741083,$270.59,"$200,530,000",,$399.39,47.60%,$254.51,$461.62,Mairs & Power Funds Updated 14 May 2026,Q1 2026
META - Meta Platforms Inc.,1.9,Add 2.56%,324625,$572.13,"$185,728,000",,$593.95,3.81%,$519.78,$793.65,Mairs & Power Funds Updated 14 May 2026,Q1 2026
FAST - Fastenal,1.86,Reduce 15.96%,3922442,$46.40,"$182,001,000",,$51.42,10.82%,$38.34,$52.92,Mairs & Power Funds Updated 14 May 2026,Q1 2026
VZ - Verizon Communications,1.7,Reduce 1.73%,3315436,$50.20,"$166,435,000",,$48.10,-4.18%,$36.55,$50.06,Mairs & Power Funds Updated 14 May 2026,Q1 2026
TSM - Taiwan Semiconductor S.A.,1.68,Reduce 0.06%,486253,$337.95,"$164,330,000",,$432.89,28.09%,$221.29,$479.00,Mairs & Power Funds Updated 14 May 2026,Q1 2026
ENTG - Entegris Inc.,1.61,Reduce 0.44%,1343104,$117.24,"$157,466,000",,$164.58,40.38%,$67.81,$186.78,Mairs & Power Funds Updated 14 May 2026,Q1 2026
FUL - H.B. Fuller Co.,1.49,Reduce 2.05%,2361617,$61.68,"$145,665,000",,$60.14,-2.50%,$48.30,$68.05,Mairs & Power Funds Updated 14 May 2026,Q1 2026
TECH - Bio-Techne Corp.,1.47,Reduce 0.62%,2750282,$52.26,"$143,730,000",,$72.24,38.23%,$43.12,$72.39,Mairs & Power Funds Updated 14 May 2026,Q1 2026
CHRW - C.H. Robinson Worldwide,1.44,Reduce 1.66%,848203,$166.07,"$140,861,000",,$150.69,-9.26%,$116.37,$210.33,Mairs & Power Funds Updated 14 May 2026,Q1 2026
JNJ - Johnson & Johnson,1.44,Reduce 28.19%,577590,$244.44,"$141,186,000",,$261.50,6.98%,$168.49,$274.90,Mairs & Power Funds Updated 14 May 2026,Q1 2026
SHW - Sherwin-Williams,1.43,Reduce 6.78%,437760,$320.55,"$140,324,000",,$360.20,12.37%,$289.86,$376.95,Mairs & Power Funds Updated 14 May 2026,Q1 2026
FISV - Fiserv Inc.,1.23,Add 31.01%,2152853,$55.80,"$120,129,000",,$55.21,-1.06%,$47.04,$140.42,Mairs & Power Funds Updated 14 May 2026,Q1 2026
WFC - Wells Fargo,1.11,Reduce 21.02%,1365876,$79.61,"$108,737,000",,$88.28,10.89%,$72.36,$96.18,Mairs & Power Funds Updated 14 May 2026,Q1 2026
ROK - Rockwell Automation Inc.,1.04,Reduce 14.16%,283553,$358.88,"$101,762,000",,$447.28,24.63%,$329.33,$497.36,Mairs & Power Funds Updated 14 May 2026,Q1 2026
WM - Waste Management Inc.,0.94,Add 39724.00%,398240,$229.79,"$91,512,000",,$224.76,-2.19%,$191.77,$247.15,Mairs & Power Funds Updated 14 May 2026,Q1 2026
AMP - Ameriprise Financial Inc.,0.89,Add 362.43%,197047,$444.40,"$87,568,000",,$569.56,28.16%,$419.52,$569.56,Mairs & Power Funds Updated 14 May 2026,Q1 2026
PANW - Palo Alto Networks,0.87,Add 141.42%,532679,$160.32,"$85,399,000",,$395.55,146.73%,$139.57,$395.55,Mairs & Power Funds Updated 14 May 2026,Q1 2026
HRL - Hormel Foods Corp.,0.79,Reduce 9.80%,3417959,$22.65,"$77,417,000",,$24.52,8.26%,$19.47,$27.88,Mairs & Power Funds Updated 14 May 2026,Q1 2026
ABT - Abbott Labs,0.76,Add 1.93%,721778,$102.67,"$74,105,000",,$111.09,8.20%,$81.39,$134.38,Mairs & Power Funds Updated 14 May 2026,Q1 2026
CASY - Casey's Gen'l Stores,0.71,Reduce 7.64%,95937,$727.86,"$69,829,000",,$851.95,17.05%,$488.30,$927.15,Mairs & Power Funds Updated 14 May 2026,Q1 2026
QCOM - QUALCOMM Inc.,0.63,Reduce 13.13%,478055,$128.78,"$61,564,000",,$164.57,27.79%,$121.54,$258.96,Mairs & Power Funds Updated 14 May 2026,Q1 2026
CGNX - Cognex Corp.,0.61,Add 4.46%,1223875,$48.99,"$59,958,000",,$62.27,27.11%,$34.50,$72.88,Mairs & Power Funds Updated 14 May 2026,Q1 2026
TNC - Tennant Co.,0.55,Reduce 25.02%,803464,$66.40,"$53,350,000",,$68.69,3.45%,$59.89,$91.93,Mairs & Power Funds Updated 14 May 2026,Q1 2026
HD - Home Depot,0.52,Reduce 2.33%,153398,$328.89,"$50,451,000",,$341.29,3.77%,$286.95,$418.06,Mairs & Power Funds Updated 14 May 2026,Q1 2026
MMM - 3M Co.,0.52,Add 0.77%,351848,$145.23,"$51,099,000",,$182.03,25.34%,$138.62,$184.90,Mairs & Power Funds Updated 14 May 2026,Q1 2026
HON - Honeywell Int'l Inc.,0.48,Reduce 10.91%,208448,$226.03,"$47,116,000",,$234.67,3.82%,$186.58,$252.00,Mairs & Power Funds Updated 14 May 2026,Q1 2026
ISRG - Intuitive Surgical Inc.,0.47,Add 60.39%,99885,$460.99,"$46,046,000",,$400.49,-13.12%,$328.57,$603.88,Mairs & Power Funds Updated 14 May 2026,Q1 2026
AXP - American Express,0.46,Reduce 6.67%,148821,$302.48,"$45,016,000",,$344.45,13.88%,$289.26,$384.36,Mairs & Power Funds Updated 14 May 2026,Q1 2026
TXN - Texas Instruments,0.46,Reduce 1.82%,231151,$194.14,"$44,876,000",,$274.35,41.32%,$150.20,$332.33,Mairs & Power Funds Updated 14 May 2026,Q1 2026
IDA - IDACORP Inc. Hldg. Co.,0.44,Reduce 0.37%,301377,$142.97,"$43,088,000",,$140.74,-1.56%,$119.22,$153.97,Mairs & Power Funds Updated 14 May 2026,Q1 2026
WK - Workiva Inc.,0.44,Reduce 1.70%,715640,$59.63,"$42,674,000",,$71.62,20.11%,$43.34,$97.10,Mairs & Power Funds Updated 14 May 2026,Q1 2026
DCI - Donaldson Co.,0.43,Reduce 10.93%,499374,$84.87,"$42,382,000",,$95.75,12.82%,$72.25,$112.42,Mairs & Power Funds Updated 14 May 2026,Q1 2026
PIPR - Piper Sandler Companies,0.43,Add 210.52%,546090,$76.55,"$41,803,000",,$77.42,1.14%,$68.52,$93.05,Mairs & Power Funds Updated 14 May 2026,Q1 2026
MEDP - Medpace Holdings Inc.,0.42,Add 28.58%,85720,$480.19,"$41,162,000",,$587.64,22.38%,$373.00,$677.90,Mairs & Power Funds Updated 14 May 2026,Q1 2026
TRV - Travelers Companies Inc.,0.42,Add 25.14%,142414,$291.68,"$41,539,000",,$370.29,26.95%,$249.31,$398.70,Mairs & Power Funds Updated 14 May 2026,Q1 2026
ZTS - Zoetis Inc.,0.37,Add 33.89%,303116,$118.21,"$35,831,000",,$74.95,-36.60%,$70.98,$157.46,Mairs & Power Funds Updated 14 May 2026,Q1 2026
MDT - Medtronic plc,0.36,Reduce 2.61%,401968,$86.65,"$34,831,000",,$90.60,4.56%,$72.65,$103.76,Mairs & Power Funds Updated 14 May 2026,Q1 2026
PG - Procter & Gamble,0.36,Add 12.55%,243410,$144.44,"$35,158,000",,$144.44,0.00%,$134.62,$164.77,Mairs & Power Funds Updated 14 May 2026,Q1 2026
XEL - Xcel Energy Inc.,0.33,Add 1.51%,402263,$79.44,"$31,956,000",,$78.85,-0.74%,$67.09,$83.22,Mairs & Power Funds Updated 14 May 2026,Q1 2026
USB - U.S. Bancorp,0.32,Reduce 7.17%,601518,$52.01,"$31,285,000",,$65.18,25.32%,$43.76,$65.49,Mairs & Power Funds Updated 14 May 2026,Q1 2026
ADP - Automatic Data Processing Inc.,0.26,Add 12.33%,124436,$203.18,"$25,283,000",,$274.87,35.28%,$186.74,$301.70,Mairs & Power Funds Updated 14 May 2026,Q1 2026
DIS - Walt Disney Co.,0.24,Reduce 19.02%,239846,$96.38,"$23,116,000",,$104.35,8.27%,$91.48,$118.07,Mairs & Power Funds Updated 14 May 2026,Q1 2026
SCHW - Charles Schwab Corp.,0.24,Reduce 9.37%,247732,$93.98,"$23,282,000",,$109.78,16.81%,$83.96,$110.00,Mairs & Power Funds Updated 14 May 2026,Q1 2026
SFM - Sprouts Farmers Market Inc.,0.23,Buy,292177,$77.13,"$22,536,000",,$83.01,7.62%,$64.75,$152.25,Mairs & Power Funds Updated 14 May 2026,Q1 2026
TGT - Target Corp.,0.21,Reduce 13.29%,168879,$121.20,"$20,468,000",,$155.54,28.33%,$81.20,$155.71,Mairs & Power Funds Updated 14 May 2026,Q1 2026
CLFD - Clearfield Inc.,0.2,Add 0.21%,731733,$26.47,"$19,369,000",,$29.18,10.24%,$23.76,$52.73,Mairs & Power Funds Updated 14 May 2026,Q1 2026
GNRC - Generac Holdings Inc.,0.2,Reduce 8.13%,99747,$195.33,"$19,484,000",,$216.33,10.75%,$134.80,$296.44,Mairs & Power Funds Updated 14 May 2026,Q1 2026
SPY - SPDR S&P 500 ETF Trust,0.18,Add 0.47%,27180,$650.33,"$17,676,000",,$778.23,19.67%,$626.01,$778.82,Mairs & Power Funds Updated 14 May 2026,Q1 2026
BMI - Badger Meter Inc.,0.16,Add 1.95%,104815,$152.35,"$15,969,000",,$130.78,-14.16%,$111.72,$202.32,Mairs & Power Funds Updated 14 May 2026,Q1 2026
GOOGL - Alphabet Inc.,0.16,Add 11.80%,55766,$287.56,"$16,036,000",,$346.14,20.37%,$196.04,$408.37,Mairs & Power Funds Updated 14 May 2026,Q1 2026
PFG - Principal Financial Group,0.15,Reduce 22.63%,163884,$90.11,"$14,768,000",,$114.81,27.41%,$74.28,$116.61,Mairs & Power Funds Updated 14 May 2026,Q1 2026
HSY - Hershey Co.,0.14,Reduce 4.51%,64560,$207.88,"$13,421,000",,$185.92,-10.56%,$157.94,$237.65,Mairs & Power Funds Updated 14 May 2026,Q1 2026
XOM - ExxonMobil Holdings Corp.,0.14,Reduce 3.56%,83523,$169.67,"$14,171,000",,$158.68,-6.48%,$102.47,$175.22,Mairs & Power Funds Updated 14 May 2026,Q1 2026
CAT - Caterpillar Inc.,0.13,Reduce 0.03%,18450,$708.46,"$13,071,000",,$856.71,20.93%,$401.84,$1071.47,Mairs & Power Funds Updated 14 May 2026,Q1 2026
BRK.B - Berkshire Hathaway CL B,0.12,Reduce 3.73%,23929,$479.21,"$11,467,000",,$506.45,5.68%,$464.01,$537.74,Mairs & Power Funds Updated 14 May 2026,Q1 2026
GLW - Corning Inc.,0.12,Reduce 2.32%,88250,$135.97,"$11,999,000",,$160.80,18.26%,$62.68,$271.78,Mairs & Power Funds Updated 14 May 2026,Q1 2026
KNF - Knife River Corp.,0.11,Add 8.54%,134428,$81.65,"$10,976,000",,$66.46,-18.60%,$58.72,$96.28,Mairs & Power Funds Updated 14 May 2026,Q1 2026
ABBV - AbbVie Inc.,0.1,Reduce 2.45%,45317,$217.49,"$9,856,000",,$249.80,14.86%,$189.40,$267.47,Mairs & Power Funds Updated 14 May 2026,Q1 2026
AIR - AAR Corp.,0.1,Reduce 20.31%,89391,$109.46,"$9,785,000",,$143.97,31.53%,$71.67,$154.00,Mairs & Power Funds Updated 14 May 2026,Q1 2026
CRM - Salesforce.com,0.1,Reduce 83.11%,49996,$186.67,"$9,333,000",,$199.60,6.93%,$146.32,$267.75,Mairs & Power Funds Updated 14 May 2026,Q1 2026
ONB - Old National Bancorp,0.1,Reduce 26.57%,433191,$22.10,"$9,574,000",,$27.01,22.22%,$19.04,$27.36,Mairs & Power Funds Updated 14 May 2026,Q1 2026
EMR - Emerson Electric,0.09,Reduce 3.23%,64752,$131.02,"$8,484,000",,$163.29,24.63%,$122.14,$166.35,Mairs & Power Funds Updated 14 May 2026,Q1 2026
MINN - Mairs & Power Mn Muni Bond,0.09,Add 26.52%,410865,$22.12,"$9,090,000",,$22.11,-0.05%,$21.01,$22.91,Mairs & Power Funds Updated 14 May 2026,Q1 2026
PLXS - Plexus Corp.,0.09,,45868,$202.54,"$9,290,000",,$265.80,31.23%,$126.86,$307.06,Mairs & Power Funds Updated 14 May 2026,Q1 2026
VOO - Vanguard S&P 500 ETF,0.09,Buy,14866,$597.54,"$8,883,000",,$715.28,19.70%,$575.06,$715.92,Mairs & Power Funds Updated 14 May 2026,Q1 2026
BSY - Bentley Systems Inc Class B,0.08,Add 184.58%,236158,$35.12,"$8,294,000",,$36.77,4.70%,$28.08,$56.94,Mairs & Power Funds Updated 14 May 2026,Q1 2026
CVX - Chevron Corp.,0.08,Add 80.53%,39017,$206.91,"$8,073,000",,$197.51,-4.54%,$143.75,$212.76,Mairs & Power Funds Updated 14 May 2026,Q1 2026
JBTM - JBT Marel Corp.,0.08,Reduce 14.05%,59100,$127.87,"$7,557,000",,$117.08,-8.44%,$113.58,$169.95,Mairs & Power Funds Updated 14 May 2026,Q1 2026
QCRH - QCR Holdings Inc.,0.08,,91002,$85.45,"$7,776,000",,$106.08,24.14%,$66.45,$106.55,Mairs & Power Funds Updated 14 May 2026,Q1 2026
RDNT - RadNet Inc.,0.08,Add 39.17%,133116,$55.89,"$7,440,000",,$77.31,38.33%,$50.82,$85.84,Mairs & Power Funds Updated 14 May 2026,Q1 2026
WTFC - Wintrust Financial Corp.,0.08,Add 23.83%,57744,$138.94,"$8,023,000",,$162.17,16.72%,$117.89,$166.65,Mairs & Power Funds Updated 14 May 2026,Q1 2026
ASB - Associated Banc-Corp,0.07,Add 3.75%,270040,$25.86,"$6,983,000",,$32.15,24.32%,$23.23,$32.39,Mairs & Power Funds Updated 14 May 2026,Q1 2026
BKH - Black Hills,0.07,Add 4.41%,98285,$69.41,"$6,822,000",,$73.99,6.60%,$56.42,$77.95,Mairs & Power Funds Updated 14 May 2026,Q1 2026
KHC - Kraft Heinz Co.,0.07,Reduce 81.08%,316563,$22.49,"$7,120,000",,$25.20,12.05%,$20.66,$28.09,Mairs & Power Funds Updated 14 May 2026,Q1 2026
PATK - Patrick Industries Inc.,0.07,Add 9.17%,57894,$111.07,"$6,430,000",,$86.76,-21.89%,$81.29,$147.22,Mairs & Power Funds Updated 14 May 2026,Q1 2026
SCHB - Schwab Us Broad Market ETF,0.07,,261246,$25.10,"$6,557,000",,$30.11,19.96%,$24.12,$30.12,Mairs & Power Funds Updated 14 May 2026,Q1 2026
SYY - Sysco Corp.,0.07,Reduce 28.34%,99279,$71.33,"$7,082,000",,$83.65,17.27%,$67.23,$90.56,Mairs & Power Funds Updated 14 May 2026,Q1 2026
AMBA - Ambarella Inc.,0.06,Buy,117581,$51.47,"$6,052,000",,$82.49,60.27%,$48.30,$96.69,Mairs & Power Funds Updated 14 May 2026,Q1 2026
CFR - Cullen Frost Bankers,0.06,Reduce 0.08%,42696,$137.09,"$5,853,000",,$168.66,23.03%,$116.34,$170.29,Mairs & Power Funds Updated 14 May 2026,Q1 2026
HUBG - Hub Group 'A',0.06,Reduce 32.24%,159933,$36.04,"$5,764,000",,$42.11,16.84%,$32.65,$52.92,Mairs & Power Funds Updated 14 May 2026,Q1 2026
MRK - Merck & Co.,0.06,Reduce 3.18%,50348,$120.28,"$6,056,000",,$134.71,12.00%,$75.81,$135.05,Mairs & Power Funds Updated 14 May 2026,Q1 2026
NWE - Northwestern Corp.,0.06,Add 5.29%,86002,$65.94,"$5,671,000",,$71.47,8.39%,$52.69,$74.47,Mairs & Power Funds Updated 14 May 2026,Q1 2026
GBCI - Glacier Bancorp,0.05,Add 9.09%,106200,$44.67,"$4,744,000",,$49.80,11.48%,$39.06,$54.58,Mairs & Power Funds Updated 14 May 2026,Q1 2026
JHX - James Hardie Industries PLC,0.05,Add 165.53%,240761,$18.94,"$4,560,000",,$31.01,63.73%,$16.46,$31.28,Mairs & Power Funds Updated 14 May 2026,Q1 2026
LTH - Life Time Group Holdings Inc,0.05,,172317,$26.94,"$4,642,000",,$44.28,64.37%,$24.14,$47.24,Mairs & Power Funds Updated 14 May 2026,Q1 2026
MCD - McDonald's Corp.,0.05,Reduce 14.16%,14329,$310.84,"$4,454,000",,$272.32,-12.39%,$260.96,$337.56,Mairs & Power Funds Updated 14 May 2026,Q1 2026
ORCL - Oracle Corp.,0.05,Add 7.34%,30718,$147.11,"$4,519,000",,$155.70,5.84%,$114.50,$341.82,Mairs & Power Funds Updated 14 May 2026,Q1 2026
OSK - Oshkosh Corp.,0.05,Reduce 5.38%,33183,$147.21,"$4,885,000",,$151.78,3.10%,$116.25,$179.20,Mairs & Power Funds Updated 14 May 2026,Q1 2026
PNR - Pentair plc,0.05,Reduce 2.51%,57578,$87.12,"$5,016,000",,$66.43,-23.75%,$57.35,$112.57,Mairs & Power Funds Updated 14 May 2026,Q1 2026
SOLV - Solventum Corp,0.05,Reduce 0.51%,72513,$65.30,"$4,735,000",,$86.36,32.25%,$62.38,$90.00,Mairs & Power Funds Updated 14 May 2026,Q1 2026
WWD - Woodward Inc.,0.05,,14000,$357.93,"$5,011,000",,$360.24,0.65%,$232.66,$450.92,Mairs & Power Funds Updated 14 May 2026,Q1 2026
AMAT - Applied Materials,0.04,,11327,$341.75,"$3,871,000",,$549.88,60.90%,$153.78,$739.67,Mairs & Power Funds Updated 14 May 2026,Q1 2026
BRK.A - Berkshire Hathaway CL A,0.04,,5,$718200.00,"$3,591,000",,$759889.00,5.80%,$698000.00,$806102.81,Mairs & Power Funds Updated 14 May 2026,Q1 2026
COP - ConocoPhillips,0.04,Add 0.66%,26028,$132.01,"$3,436,000",,$124.52,-5.67%,$83.51,$134.87,Mairs & Power Funds Updated 14 May 2026,Q1 2026
CTAS - Cintas Corp.,0.04,Add 14.38%,22438,$169.13,"$3,795,000",,$201.22,18.97%,$160.72,$223.73,Mairs & Power Funds Updated 14 May 2026,Q1 2026
GIS - General Mills,0.04,Reduce 10.65%,96924,$37.23,"$3,608,000",,$38.87,4.41%,$31.21,$48.32,Mairs & Power Funds Updated 14 May 2026,Q1 2026
HWKN - Hawkins Inc.,0.04,Add 106.47%,25951,$153.60,"$3,986,000",,$128.85,-16.11%,$117.69,$185.41,Mairs & Power Funds Updated 14 May 2026,Q1 2026
IVV - Ishares Core S&P 500 ETF,0.04,Reduce 0.31%,6461,$653.30,"$4,221,000",,$781.92,19.69%,$628.53,$782.57,Mairs & Power Funds Updated 14 May 2026,Q1 2026
NKE - NIKE Inc.,0.04,Add 4.38%,65955,$52.82,"$3,484,000",,$41.35,-21.72%,$40.00,$78.02,Mairs & Power Funds Updated 14 May 2026,Q1 2026
TREX - Trex Company Inc.,0.04,Add 27.99%,116022,$36.42,"$4,226,000",,$50.08,37.51%,$29.77,$66.06,Mairs & Power Funds Updated 14 May 2026,Q1 2026
COST - Costco Co.,0.03,Add 1.02%,2963,$996.29,"$2,952,000",,$956.87,-3.96%,$840.35,$1094.76,Mairs & Power Funds Updated 14 May 2026,Q1 2026
PII - Polaris Inc.,0.03,Reduce 17.50%,62491,$54.50,"$3,406,000",,$68.58,25.83%,$46.69,$77.98,Mairs & Power Funds Updated 14 May 2026,Q1 2026
VEA - Vanguard FTSE Developed ETF,0.03,Add 781.98%,45237,$64.08,"$2,899,000",,$73.59,14.84%,$56.19,$73.64,Mairs & Power Funds Updated 14 May 2026,Q1 2026
VO - Vanguard Mid Cap ETF,0.03,Add 424.92%,43988,$71.79,"$3,158,000",,$84.31,17.44%,$68.69,$84.31,Mairs & Power Funds Updated 14 May 2026,Q1 2026
ALRS - Alerus Financial Corp.,0.02,,79436,$23.70,"$1,883,000",,$33.90,43.04%,$19.80,$34.40,Mairs & Power Funds Updated 14 May 2026,Q1 2026
AMGN - Amgen,0.02,Reduce 10.14%,4964,$351.93,"$1,747,000",,$417.46,18.62%,$264.02,$421.79,Mairs & Power Funds Updated 14 May 2026,Q1 2026
APG - APi Group Corp.,0.02,Buy,57969,$40.52,"$2,349,000",,$43.59,7.58%,$33.40,$49.99,Mairs & Power Funds Updated 14 May 2026,Q1 2026
BMY - Bristol-Myers Squibb,0.02,Reduce 2.96%,24200,$60.66,"$1,468,000",,$64.58,6.46%,$41.13,$68.10,Mairs & Power Funds Updated 14 May 2026,Q1 2026
CSCO - Cisco Systems,0.02,Reduce 2.16%,19827,$77.57,"$1,538,000",,$112.63,45.20%,$64.42,$129.88,Mairs & Power Funds Updated 14 May 2026,Q1 2026
EFA - iShares MSCI EAFE ETF,0.02,Add 29.84%,15702,$97.12,"$1,525,000",,$108.73,11.95%,$87.06,$108.82,Mairs & Power Funds Updated 14 May 2026,Q1 2026
GE - GE Aerospace,0.02,Reduce 3.22%,7525,$283.72,"$2,135,000",,$361.73,27.50%,$262.47,$388.84,Mairs & Power Funds Updated 14 May 2026,Q1 2026
KO - Coca Cola Co.,0.02,Reduce 0.41%,23315,$76.05,"$1,773,000",,$87.44,14.98%,$64.04,$90.92,Mairs & Power Funds Updated 14 May 2026,Q1 2026
LOW - Lowe's Cos.,0.02,Reduce 0.19%,6850,$236.35,"$1,619,000",,$216.87,-8.24%,$199.40,$289.87,Mairs & Power Funds Updated 14 May 2026,Q1 2026
PFE - Pfizer Inc.,0.02,Reduce 2.83%,71829,$28.08,"$2,017,000",,$26.73,-4.81%,$22.03,$27.79,Mairs & Power Funds Updated 14 May 2026,Q1 2026
RTX - RTX Corp.,0.02,Reduce 5.61%,8562,$192.95,"$1,652,000",,$220.66,14.36%,$148.90,$226.88,Mairs & Power Funds Updated 14 May 2026,Q1 2026
SOLS - Solstice Adv Materials Inc,0.02,Buy,22239,$76.17,"$1,694,000",,$62.72,-17.66%,$40.36,$90.72,Mairs & Power Funds Updated 14 May 2026,Q1 2026
UPS - United Parcel Service,0.02,Reduce 11.95%,17427,$98.35,"$1,714,000",,$105.38,7.15%,$78.17,$118.73,Mairs & Power Funds Updated 14 May 2026,Q1 2026
VB - Vanguard Small Cap ETF,0.02,Add 288.03%,5805,$261.84,"$1,520,000",,$308.69,17.89%,$238.70,$308.87,Mairs & Power Funds Updated 14 May 2026,Q1 2026
WMT - Walmart Inc.,0.02,Reduce 1.88%,15700,$124.27,"$1,951,000",,$115.35,-7.18%,$94.85,$135.16,Mairs & Power Funds Updated 14 May 2026,Q1 2026
XYL - Xylem Inc.,0.02,Add 136.01%,14090,$119.52,"$1,684,000",,$120.86,1.12%,$104.88,$152.72,Mairs & Power Funds Updated 14 May 2026,Q1 2026
ACWX - iShares MSCI ACWI EX U.S. ETF,0.01,Reduce 22.56%,7550,$68.48,"$517,000",,$77.95,13.83%,$60.24,$78.12,Mairs & Power Funds Updated 14 May 2026,Q1 2026
ALCC-OLD - AltC Acquisition Corp.,0.01,,15561,$49.61,"$772,000",,$18.23,-63.25%,$10.27,$18.80,Mairs & Power Funds Updated 14 May 2026,Q1 2026
AMCR - Amcor plc,0.01,Reduce 3.25%,17129,$39.76,"$681,000",,$46.60,17.20%,$35.66,$49.46,Mairs & Power Funds Updated 14 May 2026,Q1 2026
AVGO - Broadcom Inc.,0.01,Add 6.32%,3533,$309.37,"$1,093,000",,$420.34,35.87%,$279.82,$494.22,Mairs & Power Funds Updated 14 May 2026,Q1 2026
AWK - American Water Works Inc.,0.01,Reduce 0.42%,5025,$136.12,"$684,000",,$136.48,0.26%,$118.81,$143.94,Mairs & Power Funds Updated 14 May 2026,Q1 2026
AXGN - AxoGen Inc.,0.01,,22000,$33.14,"$729,000",,$47.87,44.45%,$13.64,$49.90,Mairs & Power Funds Updated 14 May 2026,Q1 2026
BA - Boeing Co.,0.01,Add 14.41%,2597,$199.08,"$517,000",,$230.53,15.80%,$176.77,$254.35,Mairs & Power Funds Updated 14 May 2026,Q1 2026
BAC - Bank of America Corp.,0.01,Reduce 3.49%,21707,$48.74,"$1,058,000",,$64.06,31.43%,$45.79,$64.95,Mairs & Power Funds Updated 14 May 2026,Q1 2026
BDX - Becton Dickinson,0.01,,7119,$157.18,"$1,119,000",,$182.21,15.92%,$125.19,$185.01,Mairs & Power Funds Updated 14 May 2026,Q1 2026
BIL - SPDR Bloomberg 1 3 Month T B,0.01,Add 8.50%,6985,$91.62,"$640,000",,$91.51,-0.12%,$88.19,$91.51,Mairs & Power Funds Updated 14 May 2026,Q1 2026
BMO - Bank of Montreal,0.01,,6746,$135.34,"$913,000",,$183.81,35.81%,$108.56,$184.14,Mairs & Power Funds Updated 14 May 2026,Q1 2026
BNY - Bank of New York Mellon Corp.,0.01,,5888,$118.55,"$698,000",,$162.15,36.78%,$97.96,$163.67,Mairs & Power Funds Updated 14 May 2026,Q1 2026
BRC - Brady Corp.,0.01,,7000,$81.29,"$569,000",,$93.92,15.54%,$70.38,$99.25,Mairs & Power Funds Updated 14 May 2026,Q1 2026
BSX - Boston Scientific,0.01,,10176,$62.79,"$639,000",,$51.79,-17.52%,$42.20,$109.50,Mairs & Power Funds Updated 14 May 2026,Q1 2026
CB - Chubb Limited,0.01,Add 4.50%,2439,$325.95,"$795,000",,$344.40,5.66%,$262.86,$365.91,Mairs & Power Funds Updated 14 May 2026,Q1 2026
CIEN - Ciena Corp.,0.01,Reduce 6.67%,2800,$388.21,"$1,087,000",,$447.52,15.28%,$84.41,$637.51,Mairs & Power Funds Updated 14 May 2026,Q1 2026
CM - Can Imperial Bk Of Commerce,0.01,,10176,$94.73,"$964,000",,$122.37,29.18%,$70.29,$122.50,Mairs & Power Funds Updated 14 May 2026,Q1 2026
GEV - Ge Vernova Inc,0.01,Reduce 9.32%,846,$872.34,"$738,000",,$1058.04,21.29%,$529.18,$1195.94,Mairs & Power Funds Updated 14 May 2026,Q1 2026
GLD - SPDR Gold Trust,0.01,Buy,1430,$430.07,"$615,000",,$398.64,-7.31%,$305.19,$509.70,Mairs & Power Funds Updated 14 May 2026,Q1 2026
IBM - International Business Machines,0.01,Add 0.55%,3647,$242.39,"$884,000",,$237.39,-2.06%,$197.77,$330.09,Mairs & Power Funds Updated 14 May 2026,Q1 2026
IDXX - IDEXX Laboratories,0.01,Reduce 2.39%,2080,$562.02,"$1,169,000",,$563.26,0.22%,$518.55,$769.98,Mairs & Power Funds Updated 14 May 2026,Q1 2026
IEX - IDEX Corp.,0.01,,4000,$189.50,"$758,000",,$239.06,26.15%,$155.87,$243.80,Mairs & Power Funds Updated 14 May 2026,Q1 2026
INTC - Intel Corp.,0.01,,14333,$44.16,"$633,000",,$104.81,137.34%,$21.36,$142.35,Mairs & Power Funds Updated 14 May 2026,Q1 2026
IWD - Ishares Russell 1000 Value E,0.01,Add 30.58%,2562,$213.51,"$547,000",,$258.52,21.08%,$194.47,$259.19,Mairs & Power Funds Updated 14 May 2026,Q1 2026
KMB - Kimberly-Clark,0.01,Reduce 6.96%,9694,$96.45,"$935,000",,$110.64,14.71%,$91.17,$129.81,Mairs & Power Funds Updated 14 May 2026,Q1 2026
MDY - SPDR S&P Midcap 400 ETF Trst,0.01,Buy,819,$616.61,"$505,000",,$715.10,15.97%,$563.38,$715.10,Mairs & Power Funds Updated 14 May 2026,Q1 2026
MOS - Mosaic Co.,0.01,Reduce 16.67%,20000,$25.50,"$510,000",,$21.62,-15.22%,$19.80,$35.99,Mairs & Power Funds Updated 14 May 2026,Q1 2026
NEE - NextEra Energy Inc.,0.01,Reduce 3.91%,12272,$92.89,"$1,140,000",,$85.96,-7.46%,$67.81,$98.03,Mairs & Power Funds Updated 14 May 2026,Q1 2026
NEM - Newmont Corp.,0.01,,5000,$108.20,"$541,000",,$114.02,5.38%,$66.49,$134.29,Mairs & Power Funds Updated 14 May 2026,Q1 2026
NSC - Norfolk Southern Corp.,0.01,Reduce 10.54%,2715,$286.92,"$779,000",,$338.63,18.02%,$263.58,$357.18,Mairs & Power Funds Updated 14 May 2026,Q1 2026
PEP - PepsiCo Inc.,0.01,Reduce 1.37%,8978,$155.27,"$1,394,000",,$139.97,-9.85%,$133.40,$168.19,Mairs & Power Funds Updated 14 May 2026,Q1 2026
PSX - Phillips 66,0.01,,6604,$182.16,"$1,203,000",,$231.43,27.05%,$115.58,$231.43,Mairs & Power Funds Updated 14 May 2026,Q1 2026
QQQ - Invesco Qqq Trust Series 1,0.01,Add 13.84%,1760,$577.27,"$1,016,000",,$733.12,27.00%,$554.99,$747.83,Mairs & Power Funds Updated 14 May 2026,Q1 2026
RSP - Invesco S&P 500 Equal Weight,0.01,Buy,5385,$191.83,"$1,033,000",,$222.72,16.10%,$179.92,$222.72,Mairs & Power Funds Updated 14 May 2026,Q1 2026
SCHF - Schwab Intl Equity ETF,0.01,Add 1.95%,30586,$24.75,"$757,000",,$28.52,15.23%,$21.62,$28.52,Mairs & Power Funds Updated 14 May 2026,Q1 2026
SHEL - Shell plc,0.01,Add 8.37%,8132,$92.97,"$756,000",,$89.92,-3.28%,$67.38,$94.05,Mairs & Power Funds Updated 14 May 2026,Q1 2026
SNA - Snap-On Inc.,0.01,Reduce 7.41%,3123,$363.11,"$1,134,000",,$404.10,11.29%,$312.04,$423.02,Mairs & Power Funds Updated 14 May 2026,Q1 2026
SYK - Stryker Corp.,0.01,Reduce 1.05%,4155,$328.52,"$1,365,000",,$340.90,3.77%,$280.25,$392.86,Mairs & Power Funds Updated 14 May 2026,Q1 2026
TJX - TJX Companies Inc.,0.01,,3315,$159.58,"$529,000",,$153.04,-4.10%,$130.83,$170.00,Mairs & Power Funds Updated 14 May 2026,Q1 2026
TMO - Thermo Fisher Scientific,0.01,,1241,$491.54,"$610,000",,$595.87,21.23%,$434.83,$642.71,Mairs & Power Funds Updated 14 May 2026,Q1 2026
UNP - Union Pacific,0.01,Reduce 8.75%,4190,$242.72,"$1,017,000",,$298.17,22.85%,$207.45,$315.99,Mairs & Power Funds Updated 14 May 2026,Q1 2026
VCEL - Vericel Corp.,0.01,,25865,$32.17,"$832,000",,$44.77,39.17%,$28.95,$49.32,Mairs & Power Funds Updated 14 May 2026,Q1 2026
VGLT - Vanguard Long Term Treasury,0.01,Buy,12875,$55.38,"$713,000",,$53.04,-4.23%,$52.35,$56.59,Mairs & Power Funds Updated 14 May 2026,Q1 2026
VIG - Vanguard Dividend Apprec ETF,0.01,Reduce 3.24%,2300,$215.22,"$495,000",,$246.49,14.53%,$205.20,$247.25,Mairs & Power Funds Updated 14 May 2026,Q1 2026
VONE - Vanguard Russell 1000,0.01,Buy,3270,$294.80,"$964,000",,$352.52,19.58%,$284.28,$352.71,Mairs & Power Funds Updated 14 May 2026,Q1 2026
VSAT - Viasat Inc.,0.01,,13000,$45.77,"$595,000",,$85.01,85.73%,$25.50,$93.03,Mairs & Power Funds Updated 14 May 2026,Q1 2026
VTI - Vanguard Total Stock Mkt ETF,0.01,Add 19.47%,1546,$320.83,"$496,000",,$384.60,19.88%,$307.65,$384.88,Mairs & Power Funds Updated 14 May 2026,Q1 2026
VWO - Vanguard FTSE Emerging Marke,0.01,Buy,20515,$54.06,"$1,109,000",,$60.38,11.69%,$49.71,$61.52,Mairs & Power Funds Updated 14 May 2026,Q1 2026
WAB - WABTEC Corp.,0.01,,5237,$249.95,"$1,309,000",,$296.78,18.74%,$183.59,$306.64,Mairs & Power Funds Updated 14 May 2026,Q1 2026
WY - Weyerhaeuser Co.,0.01,,36117,$24.42,"$882,000",,$24.89,1.92%,$20.60,$27.28,Mairs & Power Funds Updated 14 May 2026,Q1 2026
XLK - Technology Select Sect SPDR,0.01,,4470,$132.89,"$594,000",,$191.30,43.95%,$126.53,$198.49,Mairs & Power Funds Updated 14 May 2026,Q1 2026
ZBH - Zimmer Biomet Holdings,0.01,Reduce 27.48%,8050,$90.43,"$728,000",,$99.07,9.55%,$78.91,$107.16,Mairs & Power Funds Updated 14 May 2026,Q1 2026
ACN - Accenture,0.0,Add 3.80%,1229,$198.54,"$244,000",,$178.85,-9.92%,$116.75,$285.21,Mairs & Power Funds Updated 14 May 2026,Q1 2026
ADBE - Adobe Inc.,0.0,,2009,$242.91,"$488,000",,$268.36,10.48%,$190.12,$370.86,Mairs & Power Funds Updated 14 May 2026,Q1 2026
ADI - Analog Devices,0.0,Buy,648,$317.90,"$206,000",,$382.21,20.23%,$221.38,$445.91,Mairs & Power Funds Updated 14 May 2026,Q1 2026
AEBI - Aebi Schmidt Holding Ag,0.0,,10401,$9.71,"$101,000",,$13.87,42.84%,$8.89,$15.90,Mairs & Power Funds Updated 14 May 2026,Q1 2026
AMD - Advanced Micro Devices,0.0,Reduce 4.12%,1930,$203.63,"$393,000",,$488.37,139.83%,$149.22,$584.73,Mairs & Power Funds Updated 14 May 2026,Q1 2026
AMT - American Tower Corp.,0.0,,2020,$172.77,"$349,000",,$174.89,1.23%,$160.06,$206.80,Mairs & Power Funds Updated 14 May 2026,Q1 2026
BAX - Baxter International Inc.,0.0,Reduce 8.20%,22543,$16.81,"$379,000",,$27.07,61.04%,$15.72,$30.00,Mairs & Power Funds Updated 14 May 2026,Q1 2026
BBY - Best Buy Co. Inc.,0.0,Reduce 11.45%,5895,$64.12,"$378,000",,$85.69,33.64%,$54.38,$91.27,Mairs & Power Funds Updated 14 May 2026,Q1 2026
BOH - Bank of Hawaii Corp.,0.0,,4000,$74.25,"$297,000",,$79.92,7.64%,$57.68,$86.31,Mairs & Power Funds Updated 14 May 2026,Q1 2026
BP - BP plc,0.0,Reduce 13.69%,5610,$47.06,"$264,000",,$42.89,-8.86%,$31.50,$47.72,Mairs & Power Funds Updated 14 May 2026,Q1 2026
CAH - Cardinal Health Inc.,0.0,,2121,$211.22,"$448,000",,$230.24,9.00%,$143.97,$258.30,Mairs & Power Funds Updated 14 May 2026,Q1 2026
CLF - Cleveland-Cliffs Inc.,0.0,,13500,$8.44,"$114,000",,$12.11,43.48%,$7.73,$16.70,Mairs & Power Funds Updated 14 May 2026,Q1 2026
CVNA - Carvana Co.,31.05,Add 24.36%,1886490,$62.98,"$118,818,000",,$74.54,18.36%,$54.46,$97.38,Robert Vinall - RV Capital GmbH Updated 11 May 2026,Q1 2026
META - Meta Platforms Inc.,21.77,Add 6.77%,145534,$572.46,"$83,313,000",,$593.95,3.75%,$519.78,$793.65,Robert Vinall - RV Capital GmbH Updated 11 May 2026,Q1 2026
CACC - Credit Acceptance Corp.,13.77,Reduce 4.81%,124160,$424.43,"$52,697,000",,$586.19,38.11%,$401.90,$668.86,Robert Vinall - RV Capital GmbH Updated 11 May 2026,Q1 2026
IBKR - Interactive Brokers Group Inc.,13.36,Add 0.72%,757919,$67.44,"$51,111,000",,$92.24,36.77%,$58.76,$97.84,Robert Vinall - RV Capital GmbH Updated 11 May 2026,Q1 2026
HTHT - H World Group Ltd ADR,7.34,Reduce 7.46%,558380,$50.29,"$28,081,000",,$40.58,-19.31%,$30.82,$55.19,Robert Vinall - RV Capital GmbH Updated 11 May 2026,Q1 2026
YUMC - Yum China Holdings Inc.,5.37,Reduce 5.13%,421539,$48.78,"$20,563,000",,$47.38,-2.87%,$40.15,$57.69,Robert Vinall - RV Capital GmbH Updated 11 May 2026,Q1 2026
MSFT - Microsoft Corp.,2.46,Add 119.30%,25220,$373.04,"$9,408,000",,$496.35,33.06%,$349.20,$550.24,Robert Vinall - RV Capital GmbH Updated 11 May 2026,Q1 2026
GOOGL - Alphabet Inc.,2.44,,32520,$287.55,"$9,351,000",,$346.14,20.38%,$196.04,$408.37,Robert Vinall - RV Capital GmbH Updated 11 May 2026,Q1 2026
CRM - Salesforce.com,0.76,Add 41.27%,15511,$186.64,"$2,895,000",,$199.60,6.94%,$146.32,$267.75,Robert Vinall - RV Capital GmbH Updated 11 May 2026,Q1 2026
DE - Deere & Co.,0.74,,5001,$563.29,"$2,817,000",,$613.22,8.86%,$429.14,$670.49,Robert Vinall - RV Capital GmbH Updated 11 May 2026,Q1 2026
PAYC - Paycom Software Inc.,0.7,Add 72.61%,21395,$125.12,"$2,677,000",,$220.21,76.00%,$104.33,$232.79,Robert Vinall - RV Capital GmbH Updated 11 May 2026,Q1 2026
MORN - Morningstar Inc.,0.17,Buy,3700,$176.76,"$654,000",,$204.76,15.84%,$141.06,$263.33,Robert Vinall - RV Capital GmbH Updated 11 May 2026,Q1 2026
SPOT - Spotify Technology S.A.,0.06,Buy,500,$484.00,"$242,000",,$497.33,2.75%,$405.00,$748.30,Robert Vinall - RV Capital GmbH Updated 11 May 2026,Q1 2026
AMZN - Amazon.com Inc.,18.91,Reduce 1.19%,312530,$208.27,"$65,091,000",,$265.88,27.66%,$196.00,$287.20,Josh Tarasoff - Greenlea Lane Capital Updated 11 May 2026,Q1 2026
BN - Brookfield Corp.,16.37,Reduce 1.47%,1392742,$40.47,"$56,364,000",,$44.90,10.95%,$37.87,$49.40,Josh Tarasoff - Greenlea Lane Capital Updated 11 May 2026,Q1 2026
BRK.A - Berkshire Hathaway CL A,13.14,Reduce 5.97%,63,$718142.86,"$45,243,000",,$759889.00,5.81%,$698000.00,$806102.81,Josh Tarasoff - Greenlea Lane Capital Updated 11 May 2026,Q1 2026
MKL - Markel Group Inc.,12.54,Reduce 1.53%,22555,$1914.08,"$43,172,000",,$1830.96,-4.34%,$1719.41,$2207.59,Josh Tarasoff - Greenlea Lane Capital Updated 11 May 2026,Q1 2026
SGOV - Ishares 0 3 Month Treasury B,11.2,Buy,383000,$100.66,"$38,553,000",,$100.53,-0.13%,$96.81,$100.53,Josh Tarasoff - Greenlea Lane Capital Updated 11 May 2026,Q1 2026
GOOGL - Alphabet Inc.,8.36,Reduce 1.11%,100035,$287.56,"$28,766,000",,$346.14,20.37%,$196.04,$408.37,Josh Tarasoff - Greenlea Lane Capital Updated 11 May 2026,Q1 2026
NFLX - Netflix Inc.,7.8,Buy,279480,$96.15,"$26,872,000",,$77.52,-19.38%,$65.08,$126.71,Josh Tarasoff - Greenlea Lane Capital Updated 11 May 2026,Q1 2026
TSLA - Tesla Inc.,5.91,Reduce 11.86%,54735,$371.75,"$20,348,000",,$338.95,-8.82%,$297.38,$498.83,Josh Tarasoff - Greenlea Lane Capital Updated 11 May 2026,Q1 2026
TRUP - Trupanion Inc.,5.78,,776490,$25.61,"$19,886,000",,$30.70,19.88%,$21.16,$51.78,Josh Tarasoff - Greenlea Lane Capital Updated 11 May 2026,Q1 2026
C - Citigroup Inc.,16.91,Reduce 4.04%,840897,$113.41,"$95,366,000",,$138.83,22.41%,$88.80,$147.21,Kahn Brothers Group Updated 08 May 2026,Q1 2026
BAYRY - Bayer Ag Sponsored ADR,13.26,Reduce 3.56%,6513893,$11.48,"$74,777,000",,$14.27,24.30%,$7.42,$15.23,Kahn Brothers Group Updated 08 May 2026,Q1 2026
FLG - Flagstar Financial Inc.,9.53,Reduce 2.24%,4083618,$13.17,"$53,781,000",,$14.28,8.43%,$10.55,$15.44,Kahn Brothers Group Updated 08 May 2026,Q1 2026
DIS - Walt Disney Co.,6.47,Reduce 3.92%,378909,$96.38,"$36,519,000",,$104.35,8.27%,$91.48,$118.07,Kahn Brothers Group Updated 08 May 2026,Q1 2026
GOOG - Alphabet Inc. CL C,6.21,Reduce 9.89%,122029,$286.86,"$35,005,000",,$343.94,19.90%,$196.90,$404.23,Kahn Brothers Group Updated 08 May 2026,Q1 2026
OGN - Organon & Co.,5.88,Add 52.56%,5536993,$5.99,"$33,167,000",,$13.71,128.88%,$5.68,$13.72,Kahn Brothers Group Updated 08 May 2026,Q1 2026
SEB - Seaboard Corp.,5.88,Reduce 19.41%,5871,$5654.06,"$33,195,000",,$4201.10,-25.70%,$3135.21,$5986.51,Kahn Brothers Group Updated 08 May 2026,Q1 2026
BP - BP plc,5.18,Reduce 40.08%,622256,$47.00,"$29,246,000",,$42.89,-8.74%,$31.50,$47.72,Kahn Brothers Group Updated 08 May 2026,Q1 2026
MRK - Merck & Co.,4.85,Reduce 47.15%,227288,$120.29,"$27,341,000",,$134.71,11.99%,$75.81,$135.05,Kahn Brothers Group Updated 08 May 2026,Q1 2026
Z - Zillow Group Inc.,4.0,Buy,545212,$41.38,"$22,561,000",,$36.00,-13.00%,$29.23,$93.88,Kahn Brothers Group Updated 08 May 2026,Q1 2026
SEG - Seaport Entertainment Group,3.4,Add 52.38%,893227,$21.48,"$19,187,000",,$28.69,33.57%,$17.74,$29.61,Kahn Brothers Group Updated 08 May 2026,Q1 2026
PTEN - Patterson-UTI Energy Inc.,3.25,Reduce 2.98%,1690156,$10.83,"$18,304,000",,$10.92,0.83%,$4.93,$12.96,Kahn Brothers Group Updated 08 May 2026,Q1 2026
IDT - IDT Corp. CL B,3.24,Reduce 4.96%,372566,$49.10,"$18,293,000",,$66.55,35.54%,$45.54,$68.82,Kahn Brothers Group Updated 08 May 2026,Q1 2026
PFE - Pfizer Inc.,2.41,Reduce 12.50%,484733,$28.08,"$13,611,000",,$26.73,-4.81%,$22.03,$27.79,Kahn Brothers Group Updated 08 May 2026,Q1 2026
MBI - MBIA Inc.,2.15,Add 99.89%,2056434,$5.91,"$12,154,000",,$5.08,-14.04%,$4.84,$8.26,Kahn Brothers Group Updated 08 May 2026,Q1 2026
BMY - Bristol-Myers Squibb,1.83,Reduce 15.73%,170381,$60.65,"$10,334,000",,$64.58,6.48%,$41.13,$68.10,Kahn Brothers Group Updated 08 May 2026,Q1 2026
GSK - GSK plc,1.58,Reduce 9.91%,160982,$55.19,"$8,885,000",,$50.39,-8.70%,$37.21,$60.66,Kahn Brothers Group Updated 08 May 2026,Q1 2026
XOM - ExxonMobil Holdings Corp.,0.55,Reduce 9.70%,18255,$169.65,"$3,097,000",,$158.68,-6.47%,$102.47,$175.22,Kahn Brothers Group Updated 08 May 2026,Q1 2026
GNE - Genie Energy Ltd.,0.44,Reduce 8.04%,175011,$14.14,"$2,475,000",,$14.58,3.11%,$12.62,$16.18,Kahn Brothers Group Updated 08 May 2026,Q1 2026
NVS - Novartis AG,0.36,Reduce 2.13%,13386,$152.77,"$2,045,000",,$151.82,-0.62%,$116.45,$165.46,Kahn Brothers Group Updated 08 May 2026,Q1 2026
FRFHF - Fairfax Financial Holdings Ltd.,0.31,,1018,$1698.43,"$1,729,000",,$1647.42,-3.00%,$1500.00,$1933.22,Kahn Brothers Group Updated 08 May 2026,Q1 2026
CSX - CSX Corp.,0.27,Reduce 2.80%,36481,$41.06,"$1,498,000",,$50.25,22.38%,$31.48,$53.60,Kahn Brothers Group Updated 08 May 2026,Q1 2026
FBAK - First National Bank Alaska,0.26,,4920,$298.98,"$1,471,000",,$202.54,-32.26%,$165.01,$211.60,Kahn Brothers Group Updated 08 May 2026,Q1 2026
TRMLF - Tourmaline Oil Corp,0.23,,26959,$47.70,"$1,286,000",,$43.08,-9.69%,$38.60,$50.79,Kahn Brothers Group Updated 08 May 2026,Q1 2026
JPM - JPMorgan Chase & Co.,0.15,Reduce 18.74%,2818,$294.18,"$829,000",,$363.49,23.56%,$276.43,$366.09,Kahn Brothers Group Updated 08 May 2026,Q1 2026
AAPL - Apple Inc.,0.14,,3092,$253.88,"$785,000",,$304.33,19.87%,$222.96,$344.27,Kahn Brothers Group Updated 08 May 2026,Q1 2026
MSFT - Microsoft Corp.,0.14,Reduce 12.54%,2092,$369.98,"$774,000",,$496.35,34.16%,$349.20,$550.24,Kahn Brothers Group Updated 08 May 2026,Q1 2026
PEYUF - Peyto Exploration & Development Corp.,0.11,Reduce 1.73%,31307,$19.48,"$610,000",,$18.17,-6.72%,$12.33,$20.78,Kahn Brothers Group Updated 08 May 2026,Q1 2026
HLN - Haleon Plc ADR,0.1,Reduce 13.61%,56431,$10.01,"$565,000",,$9.79,-2.20%,$8.59,$11.13,Kahn Brothers Group Updated 08 May 2026,Q1 2026
SEIC - SEI Investments,0.09,,6596,$78.53,"$518,000",,$106.12,35.13%,$74.64,$107.00,Kahn Brothers Group Updated 08 May 2026,Q1 2026
BAC - Bank of America Corp.,0.08,Reduce 9.78%,9459,$48.74,"$461,000",,$64.06,31.43%,$45.79,$64.95,Kahn Brothers Group Updated 08 May 2026,Q1 2026
CVX - Chevron Corp.,0.07,Reduce 2.50%,1953,$206.86,"$404,000",,$197.51,-4.52%,$143.75,$212.76,Kahn Brothers Group Updated 08 May 2026,Q1 2026
AM - Antero Midstream Corp.,0.05,Reduce 37.39%,11806,$22.79,"$269,000",,$22.17,-2.72%,$16.41,$23.35,Kahn Brothers Group Updated 08 May 2026,Q1 2026
BX - Blackstone Group,0.05,,2300,$114.78,"$264,000",,$150.07,30.75%,$99.78,$182.67,Kahn Brothers Group Updated 08 May 2026,Q1 2026
DB - Deutsche Bank AG,0.05,,10000,$29.80,"$298,000",,$38.37,28.76%,$27.13,$39.01,Kahn Brothers Group Updated 08 May 2026,Q1 2026
IBM - International Business Machines,0.05,,1228,$242.67,"$298,000",,$237.39,-2.18%,$197.77,$330.09,Kahn Brothers Group Updated 08 May 2026,Q1 2026
OBT - Orange County Bancorp Inc,0.05,,8000,$32.00,"$256,000",,$38.91,21.59%,$22.84,$40.10,Kahn Brothers Group Updated 08 May 2026,Q1 2026
PEG - Public Serv. Enterprise Inc.,0.05,Reduce 20.34%,3524,$80.87,"$285,000",,$75.81,-6.26%,$74.20,$86.18,Kahn Brothers Group Updated 08 May 2026,Q1 2026
PEP - PepsiCo Inc.,0.05,,1800,$155.56,"$280,000",,$139.97,-10.02%,$133.40,$168.19,Kahn Brothers Group Updated 08 May 2026,Q1 2026
PG - Procter & Gamble,0.05,Reduce 0.80%,1852,$144.71,"$268,000",,$144.44,-0.19%,$134.62,$164.77,Kahn Brothers Group Updated 08 May 2026,Q1 2026
PNC - PNC Financial Services,0.05,Reduce 40.54%,1342,$207.90,"$279,000",,$255.47,22.88%,$172.82,$258.13,Kahn Brothers Group Updated 08 May 2026,Q1 2026
VZ - Verizon Communications,0.05,Reduce 30.26%,5682,$50.16,"$285,000",,$48.10,-4.11%,$36.55,$50.06,Kahn Brothers Group Updated 08 May 2026,Q1 2026
CMCSA - Comcast Corp.,0.04,Add 2.05%,7169,$28.73,"$206,000",,$26.08,-9.22%,$21.28,$32.04,Kahn Brothers Group Updated 08 May 2026,Q1 2026
PIFYF - Pine Cliff Energy Ltd,0.04,,520000,$0.49,"$253,000",,$0.37,-24.49%,$0.35,$0.66,Kahn Brothers Group Updated 08 May 2026,Q1 2026
WRLC - Windrock Ltd Co,0.04,Reduce 5.62%,537,$469.27,"$252,000",,,,,,Kahn Brothers Group Updated 08 May 2026,Q1 2026
ZDGE - Zedge Inc.,0.04,Reduce 5.61%,77928,$2.93,"$228,000",,$2.99,2.05%,$2.17,$4.61,Kahn Brothers Group Updated 08 May 2026,Q1 2026
RFL - Rafael Holdings Inc.,0.01,Reduce 1.16%,58557,$1.25,"$73,000",,$2.09,67.20%,$1.12,$3.96,Kahn Brothers Group Updated 08 May 2026,Q1 2026
AEM - Agnico-Eagle Mines Ltd.,7.41,Reduce 8.38%,138588,$202.98,"$28,131,000",,$179.87,-11.39%,$128.83,$254.61,Muhlenkamp Updated 06 May 2026,Q1 2026
EQT - EQT Corp.,6.72,Reduce 11.06%,401242,$63.64,"$25,535,000",,$53.94,-15.24%,$47.79,$67.84,Muhlenkamp Updated 06 May 2026,Q1 2026
NEM - Newmont Corp.,6.59,Reduce 18.74%,231182,$108.25,"$25,025,000",,$114.02,5.33%,$66.49,$134.29,Muhlenkamp Updated 06 May 2026,Q1 2026
MCK - McKesson Corp.,6.19,Reduce 0.09%,27169,$865.36,"$23,511,000",,$860.12,-0.61%,$657.19,$997.90,Muhlenkamp Updated 06 May 2026,Q1 2026
RGLD - Royal Gold Inc.,5.89,Reduce 0.04%,87892,$254.49,"$22,368,000",,$225.90,-11.23%,$165.09,$304.97,Muhlenkamp Updated 06 May 2026,Q1 2026
RUSHA - Rush Enterprises Inc.,5.78,Reduce 11.61%,331905,$66.11,"$21,942,000",,$82.45,24.72%,$45.26,$83.61,Muhlenkamp Updated 06 May 2026,Q1 2026
BRK.B - Berkshire Hathaway CL B,4.84,Reduce 0.16%,38351,$479.21,"$18,378,000",,$506.45,5.68%,$464.01,$537.74,Muhlenkamp Updated 06 May 2026,Q1 2026
SLB - Schlumberger Ltd.,4.36,Add 0.04%,322171,$51.39,"$16,556,000",,$52.07,1.32%,$31.05,$58.51,Muhlenkamp Updated 06 May 2026,Q1 2026
AAPL - Apple Inc.,4.18,Reduce 0.45%,62559,$253.79,"$15,877,000",,$304.33,19.91%,$222.96,$344.27,Muhlenkamp Updated 06 May 2026,Q1 2026
WAB - WABTEC Corp.,4.16,Reduce 0.23%,63155,$249.91,"$15,783,000",,$296.78,18.75%,$183.59,$306.64,Muhlenkamp Updated 06 May 2026,Q1 2026
LYB - LyondellBasell Industries,3.97,Add 0.72%,187159,$80.56,"$15,078,000",,$62.43,-22.50%,$39.52,$83.07,Muhlenkamp Updated 06 May 2026,Q1 2026
BGC - BGC Group Inc.,3.72,Reduce 17.92%,1443941,$9.78,"$14,122,000",,$10.93,11.76%,$8.21,$12.89,Muhlenkamp Updated 06 May 2026,Q1 2026
CE - Celanese Corp.,3.65,Add 0.67%,210800,$65.77,"$13,864,000",,$44.01,-33.08%,$35.07,$70.65,Muhlenkamp Updated 06 May 2026,Q1 2026
MTZ - MasTec Inc.,3.63,Reduce 59.50%,42832,$321.75,"$13,781,000",,$289.08,-10.15%,$167.66,$441.43,Muhlenkamp Updated 06 May 2026,Q1 2026
NMIH - NMI Holdings,3.62,Reduce 21.71%,366219,$37.51,"$13,737,000",,$45.28,20.71%,$34.84,$46.74,Muhlenkamp Updated 06 May 2026,Q1 2026
MCHP - Microchip Technology,3.45,,202985,$64.61,"$13,115,000",,$78.70,21.81%,$47.57,$105.38,Muhlenkamp Updated 06 May 2026,Q1 2026
FRDM - Freedom 100 Emeging Mrkt ETF,3.41,Buy,236825,$54.65,"$12,942,000",,$68.68,25.67%,$40.19,$76.55,Muhlenkamp Updated 06 May 2026,Q1 2026
MSFT - Microsoft Corp.,3.21,Reduce 0.21%,32937,$370.16,"$12,192,000",,$496.35,34.09%,$349.20,$550.24,Muhlenkamp Updated 06 May 2026,Q1 2026
URI - United Rentals,2.99,Reduce 0.02%,15603,$728.58,"$11,368,000",,$1126.01,54.55%,$698.94,$1177.15,Muhlenkamp Updated 06 May 2026,Q1 2026
GLD - SPDR Gold Trust,2.5,Reduce 0.98%,22083,$430.29,"$9,502,000",,$398.64,-7.36%,$305.19,$509.70,Muhlenkamp Updated 06 May 2026,Q1 2026
TMHC-OLD - Taylor Morrison Home Corp.,2.43,Add 0.04%,158606,$58.24,"$9,237,000",,$72.46,24.42%,$54.15,$72.50,Muhlenkamp Updated 06 May 2026,Q1 2026
AMLP - Alerian MLP ETF,2.09,Reduce 14.57%,150615,$52.64,"$7,928,000",,$54.57,3.67%,$42.02,$55.66,Muhlenkamp Updated 06 May 2026,Q1 2026
EQX - Equinox Gold Corp,1.98,Add 0.23%,519219,$14.46,"$7,508,000",,$11.16,-22.82%,$6.77,$18.92,Muhlenkamp Updated 06 May 2026,Q1 2026
ICLR - ICON plc,1.92,Reduce 10.64%,66005,$110.66,"$7,304,000",,$166.42,50.39%,$66.57,$203.91,Muhlenkamp Updated 06 May 2026,Q1 2026
TRV - Travelers Companies Inc.,0.51,,6627,$291.69,"$1,933,000",,$370.29,26.95%,$249.31,$398.70,Muhlenkamp Updated 06 May 2026,Q1 2026
GEV - Ge Vernova Inc,0.33,,1426,$873.07,"$1,245,000",,$1058.04,21.19%,$529.18,$1195.94,Muhlenkamp Updated 06 May 2026,Q1 2026
EPD - Enterprise Products Partners LP,0.25,,24855,$37.86,"$941,000",,$38.10,0.63%,$28.18,$39.58,Muhlenkamp Updated 06 May 2026,Q1 2026
RUSHB - Rush Enterprises Inc. - CL B,0.16,Reduce 0.49%,9454,$64.31,"$608,000",,$80.12,24.58%,$47.43,$81.52,Muhlenkamp Updated 06 May 2026,Q1 2026
XOM - ExxonMobil Holdings Corp.,0.07,Buy,1640,$169.51,"$278,000",,$158.68,-6.39%,$102.47,$175.22,Muhlenkamp Updated 06 May 2026,Q1 2026
MOH - Molina Healthcare Inc.,43.49,Buy,125000,$191.36,"$23,920,000",,$205.18,7.22%,$121.06,$244.89,Michael Burry - Scion Asset Management Updated 03 Nov 2025,Q3 2025
LULU - Lululemon Athletica Inc.,32.35,Add 100.00%,100000,$177.93,"$17,793,000",,$120.25,-32.42%,$104.44,$225.98,Michael Burry - Scion Asset Management Updated 03 Nov 2025,Q3 2025
SLM - SLM Corp.,24.16,Buy,480054,$27.68,"$13,288,000",,$27.73,0.18%,$17.55,$32.47,Michael Burry - Scion Asset Management Updated 03 Nov 2025,Q3 2025
