Stock,% of Portfolio,RecentActivity,Shares,ReportedPrice*,Value, ,Current Price,+/-Reported Price,52Week Low,52Week High
STATE STR SPDR S&AMP;P 500 ETF T,4.9836994183669265,Add 752.52%,14028230.0,746.7700000641563,10475861318.0,,,,,
ALPHABET INC,3.5801566043478914,Add 132.50%,38086841.0,197.5900043797279,7525579080.0,,341.75,72.95915401835097,201.55446650056933,404.2267181336527
NVIDIA CORPORATION,2.5114629354024363,Add 19.92%,26383918.0,200.0900000144027,5279158153.0,,214.72000122070312,7.3117103329738296,163.8517783946414,236.26463268418732
ADVANCED MICRO DEVICES INC,1.6330168867643355,Reduce 18.97%,5909078.0,580.9100000033847,3432642501.0,,473.25,-18.532991341646273,149.22000122070312,584.72998046875
AMAZON COM INC,1.5934667583642088,Add 74.84%,14053483.0,238.33999998434552,3349507138.0,,258.6300048828125,8.513050641856026,196.0,287.20001220703125
MICRON TECHNOLOGY INC,1.463972033630597,Reduce 54.16%,2665973.0,1154.290000311331,3077305975.0,,966.780029296875,-16.244615388150415,114.06692085746202,1254.8069810301963
META PLATFORMS INC,1.3139589888278163,Add 43.46%,4903291.0,563.2900001244062,2761974788.0,,549.9000244140625,-2.3771016185954763,519.7782492802263,788.2166289656076
TESLA INC,1.2403333826134963,Reduce 15.18%,6198792.0,420.59999996773564,2607211915.0,,362.8599853515625,-13.7280110843087,297.3800048828125,498.8299865722656
INVESCO QQQ TR,1.121760624934892,Add 326.94%,3202022.0,736.4000000624605,2357969001.0,,713.4400024414062,-3.117870399118259,554.990063621082,747.828194840854
APPLE INC,1.0189777400044377,Reduce 19.95%,7402256.0,289.35999997838496,2141916796.0,,309.3500061035156,6.908351578180779,223.86305742355088,344.2730974331505
MICROSOFT CORP,0.9967239749195644,Reduce 30.82%,5616693.0,373.0200000249257,2095138823.0,,483.239990234375,29.54801088469365,348.54386902384044,549.2013167264516
BLOOM ENERGY CORP,0.9523984597020575,Add 0.14%,6613695.0,302.7000000756007,2001965477.0,,201.4499969482422,-33.44896039050904,44.63999938964844,351.2799987792969
CROWDSTRIKE HLDGS INC,0.9219655768138941,Add 6.53%,2539501.0,763.1399999448711,1937994793.0,,,,,
LUMENTUM HLDGS INC,0.8961489794086822,Reduce 90.48%,7734711.0,243.54208670498485,1883727657.0,,,,,
SANDISK CORP,0.880828369370724,Reduce 57.83%,814311.0,2273.729999963159,1851523350.0,,1596.0799560546875,-29.80345264914706,45.630001068115234,2354.389892578125
WESTERN DIGITAL CORP,0.8717989334663258,Reduce 98.17%,2869087.0,638.7200001254755,1832543249.0,,459.44000244140625,-28.068636906445704,74.36845559919652,799.8699951171875
SEAGATE TECHNOLOGY HLDNGS PL,0.8564511415456542,Add 3.08%,1865577.0,965.0,1800281805.0,,,,,
INTEL CORP,0.8511395047117315,Reduce 40.99%,12813268.0,139.63000001248705,1789116611.0,,90.06999969482422,-35.4938052805491,23.649999618530273,142.35000610351562
HOME DEPOT INC,0.7840291460722277,Add 16.22%,4672930.0,352.6799999144006,1648048952.0,,335.6099853515625,-4.84008579079652,286.94770281038166,418.0559748917175
BROADCOM INC,0.6624852559507483,Reduce 52.94%,3686461.0,377.75000006781573,1392560643.0,,368.45001220703125,-2.4619425173037457,285.08119233248743,494.21781760890264
CLOUDFLARE INC,0.6107449496700897,Add 16.72%,119494702.0,10.743582757334297,1283801220.0,,293.1400146484375,2628.5126504779823,158.8300018310547,332.2200012207031
MARVELL TECHNOLOGY INC,0.5701964554607076,Add 83.24%,4023523.0,297.89000013172534,1198567267.0,,237.0399932861328,-20.42700554522978,61.30938118307147,329.79864574979393
BERKSHIRE HATHAWAY INC DEL,0.5674031063365119,Add 219.64%,2383532.0,500.3899997986182,1192695577.0,,,,,
GENERAL MTRS CO,0.5540429914327145,Add 17.60%,15109137.0,77.08000000264741,1164612280.0,,,,,
BOSTON SCIENTIFIC CORP,0.5536396660889902,Add 11.60%,27267209.0,42.67999999559911,1163764480.0,,50.369998931884766,18.017804444888935,42.20000076293945,109.5
STRATEGY INC,0.5420743289840346,Reduce 11.18%,945811555.0,1.2047366570817588,1139453851.0,,119.25,9798.428781013441,81.80999755859375,365.2099914550781
ELI LILLY &AMP; CO,0.52727670984413,Reduce 20.89%,924063.0,1199.429999902604,1108348884.0,,,,,
VISA INC,0.527036255532904,Add 15.10%,3229017.0,343.0900001455551,1107843443.0,,371.0400085449219,8.146552912503727,292.7381694353985,373.27653822285373
WARNER BROS DISCOVERY INC,0.5178660896255218,Add 167.63%,40831490.0,26.660000014694543,1088567524.0,,28.549999237060547,7.089269397315336,11.25,30.0
MASTERCARD INCORPORATED,0.5168496393510432,Add 86.17%,2115325.0,513.6,1086430920.0,,580.6300048828125,13.051013411762552,463.74259988972767,598.0432666718583
CIPHER DIGITAL INC,0.4838322511807086,Reduce 2.73%,69731909.0,14.584822867820813,1017027541.0,,15.765000343322754,8.09181905188456,5.710000038146973,30.139999389648438
PALANTIR TECHNOLOGIES INC,0.482482910496559,Reduce 4.52%,8692819.0,116.67000003106013,1014191193.0,,179.94000244140625,54.229881197824845,106.37000274658203,207.52000427246094
CITIGROUP INC,0.47412195328603013,Add 4.74%,7120722.0,139.95999998314778,996616251.0,,131.64999389648438,-5.937415038342379,90.91666570498032,147.21154110017517
CAPITAL ONE FINL CORP,0.46228976732311533,Add 96.59%,4843708.0,200.62000000825813,971744699.0,,,,,
COSTCO WHOLESALE CORPORATION,0.45865786541873094,Reduce 0.89%,1030616.0,935.4700004657409,964110350.0,,947.739990234375,1.3116390437454184,840.3509938826251,1094.7594789612422
SPACE EXPLORATION TECHN CORP,0.4340539966283662,Buy 100%,5340000.0,170.86,912392400.0,,136.97000122070312,-19.83495187831961,104.83000183105469,225.63999938964844
ORACLE CORP,0.42722327470604976,Reduce 2.96%,7496423.0,119.79500769900524,898034051.0,,146.47000122070312,22.267199638837194,114.5,341.8239855426254
DELL TECHNOLOGIES INC,0.4211941435887147,Add 60.18%,2052011.0,431.4599999707604,885360666.0,,442.0799865722656,2.461406990734929,109.6987412978457,514.0
WELLS FARGO &AMP; CO,0.4165677735449751,Add 301.62%,10595788.0,82.63999996979932,875635920.0,,,,1.5,2.75
SUPER MICRO COMPUTER INC,0.4132470558395303,Add 285.52%,442288300.0,1.9640033163888804,868655688.0,,37.2400016784668,1796.127229914164,19.479999542236328,58.779998779296875
UNITEDHEALTH GROUP INC,0.39352276053822705,Reduce 37.77%,1990219.0,415.63000051753096,827194724.0,,390.1099853515625,-6.140080151623233,254.516344356629,461.6199951171875
NORFOLK SOUTHN CORP,0.38929703223563583,Add 14.92%,2601202.0,314.58999993080124,818312137.0,,,,,
3M CO,0.37848621608881244,Reduce 7.54%,4913764.0,161.91000015466759,795587530.0,,178.9600067138672,10.530545700026101,138.62307999597104,184.89999389648438
JPMORGAN CHASE &AMP; CO,0.3619975843234527,Reduce 48.92%,2324651.0,327.33000007312927,760928012.0,,,,,
FORTINET INC,0.3544334282510491,Add 65.72%,4849811.0,153.62000003711483,745027966.0,,153.50999450683594,-0.0716088596877489,73.55000305175781,172.08999633789062
CELESTICA INC,0.35300612893585276,Add 75.43%,2034565.0,364.71075979386256,742027747.0,,296.54998779296875,-18.688993996069332,179.00999450683594,474.0299987792969
SHERWIN WILLIAMS CO,0.34413308174367274,Add 41.32%,2100884.0,344.3200000571188,723376379.0,,346.5899963378906,0.6592693658211082,289.8599853515625,376.951782499269
NETFLIX INC.,0.34051333383301513,Add 43.96%,10024756.0,71.39999996009878,715767578.0,,79.58999633789062,11.470583168583676,65.08000183105469,126.70999908447266
GOLDMAN SACHS GROUP INC,0.3383381961630167,Add 81.86%,703200.0,1011.37,711195384.0,,1039.280029296875,2.7596259822691,704.400106252295,1153.989990234375
COHERENT CORP,0.3366597966123883,"Add 1,364.44%",1793970.0,394.4700000557423,707667346.0,,289.5199890136719,-26.6053213241159,85.94000244140625,440.0
BOEING CO,0.3337877571817759,Add 98.05%,5757722.0,121.85900031297099,701630247.0,,214.1999969482422,75.77691955301735,176.77000427246094,254.35000610351562
SELECT SECTOR SPDR TR,0.31774262915743895,"Add 1,877.36%",11747425.0,56.855267005322446,667902985.0,,,,,
TARGET CORP,0.3109993862091495,Reduce 49.11%,5005195.0,130.61000000998962,653728519.0,,165.44000244140625,26.667178951652005,81.20354574102596,165.47999572753906
INTUIT,0.30135194198799414,"Add 2,085.92%",2427009.0,261.0,633449349.0,,378.80999755859375,45.13793009907807,328.57000732421875,603.8800048828125
INTERCONTINENTAL EXCHANGE IN,0.30134104059585987,Add 107.38%,5145207.0,123.11000004470179,633426434.0,,161.25,30.980423963487453,121.79000091552734,179.35732808146108
INSMED INC,0.3011932864141779,Add 5.23%,5938059.0,106.62000007073019,633115851.0,,125.7699966430664,17.960979703275544,90.38999938964844,212.75
ABBVIE INC,0.29325119242075326,Add 152.57%,2449616.0,251.63999990202547,616421370.0,,264.9599914550781,5.293272754029057,189.4018585166218,267.4700012207031
TARGA RES CORP,0.29306305860725956,Reduce 5.38%,2297404.0,268.1399997562466,616025908.0,,299.1000061035156,11.546209582834829,141.10581007506866,307.94000244140625
BOOKING HOLDINGS INC,0.28992009282220155,"Add 1,558.55%",3419094.0,178.24000012868908,609419315.0,,209.6199951171875,17.605472938645704,149.76350628582819,229.85622322129115
FIRST SOLAR INC,0.2868340174136819,Add 110.73%,2555231.0,235.96000009392498,602932307.0,,214.27999877929688,-9.187998519239818,182.99000549316406,320.95001220703125
AMERICAN EXPRESS CO,0.2819418460732083,Reduce 12.72%,1752103.0,338.2500001426857,592648840.0,,336.0,-0.665188511969416,289.2612224526533,384.36057542335186
SCHWAB CHARLES CORP,0.2813853289343569,Add 138.50%,6410307.0,92.27000001715986,591479027.0,,,,,
MERCK &AMP; CO INC,0.2719755597997778,Reduce 9.53%,4449023.0,128.5000001123842,571699456.0,,,,,
RTX CORPORATION,0.26396534340414196,Add 117.14%,2924481.0,189.72999995554767,554861780.0,,209.91000366210938,10.636169141037122,148.40720686546177,226.41000366210938
CHENIERE ENERGY INC,0.2580028684838879,Add 27.27%,2269062.0,239.00999972675933,542328508.0,,277.510009765625,16.10811684987222,184.87842793621542,299.54404568207144
GUARDANT HEALTH INC,0.25792054406293863,Reduce 0.94%,176290858.0,3.075346425507782,542155460.0,,170.69000244140625,5450.269102227174,53.400001525878906,176.5800018310547
ROBINHOOD MKTS INC,0.2559828716818324,Reduce 34.74%,5365800.0,100.28,538082424.0,,,,,
TORONTO DOMINION BK ONT,0.2549810672837774,Reduce 3.36%,4412700.0,121.4622806898271,535976606.0,,,,,
ISHARES TR,0.2522233014642934,Add 205.90%,11188536.0,47.385977307486876,530179713.0,,,,,
GAMESTOP CORP,0.25032435887742865,"Add 269,160.21%",516855734.0,1.0180560132859047,526188088.0,,18.209999084472656,1688.7030621917922,17.790000915527344,28.100000381469727
DEVON ENERGY CORP NEW,0.2471371966650497,Add 214.23%,12572328.0,41.32000000318159,519488593.0,,49.099998474121094,18.828650702663243,30.88654330926887,52.33773751303255
COINBASE GLOBAL INC,0.245082639381459,Reduce 55.29%,51638043.0,9.976556663853431,515169862.0,,186.49000549316406,1769.282276207035,139.11000061035156,402.1600036621094
AT&AMP;T INC,0.24365988140116612,Add 5.32%,24742956.0,20.69999999191689,512179189.0,,,,,
SYSCO CORP,0.24044068389116857,Add 52.58%,6047049.0,83.57999993054463,505412355.0,,84.0999984741211,0.6221566690698545,67.2341471705827,90.5624908257144
ALIBABA GROUP HLDG LTD,0.23969182699477543,Reduce 67.77%,135921573.0,3.7068305485252147,503838239.0,,,,,
AMGEN INC,0.23765210683175572,Add 371.78%,1379517.0,362.11999997100435,499550696.0,,439.3299865722656,21.321657629361436,264.0224916487972,443.20001220703125
CISCO SYS INC,0.23623237212647982,Add 627.38%,4227536.0,117.45999986753513,496566378.0,,111.04000091552734,-5.4656895617639245,64.78846428244626,129.88410380965527
DIAMONDBACK ENERGY INC,0.2293021870726302,Add 62.37%,2742058.0,175.7799999124745,481998955.0,,210.72000122070312,19.87711988031982,131.14119758222617,216.89999389648438
ASTERA LABS INC,0.22429553945931976,Reduce 46.78%,976098.0,483.0200000409795,471474856.0,,284.9700012207031,-41.002442715306564,97.88999938964844,499.47601318359375
APPLIED DIGITAL CORP,0.22274799086698585,Add 24.50%,75141721.0,6.231183738791397,468221870.0,,27.209999084472656,336.6746388022626,13.15999984741211,50.724998474121094
ALNYLAM PHARMACEUTICALS INC,0.21974197111489066,Add 4.07%,1534409.0,301.0299998240365,461903141.0,,236.22000122070312,-21.529415221478686,197.80999755859375,495.54998779296875
RIVIAN AUTOMOTIVE INC,0.21939987006358264,Add 65.31%,31272477.0,14.747281962986175,461184036.0,,16.969999313354492,15.072047553895409,12.15999984741211,22.690000534057617
BANK NOVA SCOTIA B C,0.21775372369569604,Add 7.18%,5271601.0,86.8282320683982,457723795.0,,,,,
TE CONNECTIVITY PLC,0.2138336249485986,Reduce 1.28%,2229471.0,201.61000030949046,449483649.0,,203.52000427246094,0.9473756063877988,190.27000427246094,251.58750875764795
SOFI TECHNOLOGIES INC,0.21358696138709388,Reduce 54.10%,25039886.0,17.930000000798724,448965156.0,,18.90999984741211,5.465699088509365,14.880000114440918,32.72999954223633
FREEPORT MCMORAN INC,0.2129091283806111,Reduce 25.99%,7116240.0,62.89000005620946,447540334.0,,76.66000366210938,21.895378587363084,34.776152565400324,77.33000183105469
BANK OF AMER CORP,0.21123301709950773,Buy 100%,7792508.0,56.98000002053254,444017106.0,,61.689998626708984,8.26605581691683,45.88160689443775,65.2300033569336
GENERAL DYNAMICS CORP,0.2093642929908612,Add 36.06%,1242347.0,354.2399997746201,440089001.0,,384.2900085449219,8.482951894032471,305.42578602709887,400.0
MP MATERIALS CORP,0.2082662204754373,Add 54.74%,7816119.0,56.00999997569126,437780825.0,,60.04999923706055,7.2129963633684655,37.810001373291016,100.2509994506836
JOHNSON &AMP; JOHNSON,0.20520663761438326,Reduce 10.69%,1698427.0,253.96999988813178,431349505.0,,,,,
BANK MONTREAL MEDIUM,0.204753105448914,Reduce 1.97%,2437600.0,176.5655435674434,430396169.0,,,,,
REDDIT INC,0.2030338200879345,Reduce 9.98%,2458706.0,173.58000021149337,426782188.0,,153.2899932861328,-11.689138668417332,119.2699966430664,282.95001220703125
LAS VEGAS SANDS CORP,0.19922618717146748,Add 6.20%,9066431.0,46.19000001213267,418778448.0,,47.029998779296875,1.8185727797002866,43.92947882290992,69.23679450278107
NOVO-NORDISK A S,0.19570933669955742,Reduce 7.84%,8581267.0,47.940000002330656,411385940.0,,46.7400016784668,-2.5031254146965374,34.14539805400969,61.10931574755392
VANECK ETF TRUST,0.19482049146591615,Add 444.72%,5042638.0,81.21097826177488,409517565.0,,40.349998474121094,-50.314601131811024,33.43000030517578,45.76716083900743
CHEVRON CORPORATION,0.1924769195568028,Add 57.49%,2440826.0,165.76000009832737,404591318.0,,205.27000427246094,23.83566852720595,142.51048093881724,210.92053767232753
CHIPOTLE MEXICAN GRILL INC,0.191014295734945,Reduce 24.77%,11809319.0,34.0,401516846.0,,36.900001525878906,8.529416252585019,28.040000915527344,43.720001220703125
CENTENE CORP DEL,0.18952381068549198,Reduce 31.97%,6206322.0,64.18999997099732,398383809.0,,,,,
GE AEROSPACE,0.18874633043930428,Reduce 35.61%,1061594.0,373.7300003579523,396749526.0,,348.3699951171875,-6.785648788289783,265.0240933710656,388.8399963378906
TAIWAN SEMICONDUCTOR MANUFAC,0.18528926659858302,Reduce 80.82%,815551.0,477.5699999141685,389482691.0,,418.95001220703125,-12.274637795019103,223.161949858343,479.0
OTIS WORLDWIDE CORP,0.18527225633556083,Add 57.43%,5439203.0,71.6000000367701,389446935.0,,71.48999786376953,-0.15363431975429467,68.74332533380222,93.42918153424849
MCKESSON CORP,0.18334152583156668,Add 539.58%,510043.0,755.6000003921238,385388491.0,,858.9000244140625,13.671257804172907,670.650402608597,997.8966126895185
ENBRIDGE INC,0.17757934585450866,Add 61.97%,6889513.0,54.18035266063073,373276244.0,,50.459999084472656,-6.8666101150379,43.2807604606163,57.65683944518375
UNITED AIRLS HLDGS INC,0.1775440161147984,Add 100.67%,2744334.0,135.98999975950449,373201980.0,,,,,
TECK RESOURCES LTD,0.17590206950644754,Add 33.45%,6217769.0,59.4667584144731,369750567.0,,69.19999694824219,16.367528335629274,31.51254781237451,71.15219769496261
LIBERTY MEDIA CORP DEL,0.1752760374986698,Add 15.88%,3879638.0,94.96623963369778,368434632.0,,,,,
WW GRAINGER INC,0.1735731877168068,Add 40.38%,268197.0,1360.4000007457205,364855199.0,,,,,
OSCAR HEALTH INC,0.1730217585285936,Add 94.08%,12752317.0,28.52000001254674,363696081.0,,32.040000915527344,12.342219149481275,10.6899995803833,33.47999954223633
HEWLETT PACKARD ENTERPRISE C,0.17284316789320223,Reduce 24.94%,4977832.0,72.98773421843083,363320679.0,,53.45000076293945,-26.768516196188095,19.621582932025888,64.06257161473991
CANADIAN IMPERIAL BANK OF CO,0.17110524479102066,Add 7.77%,3126500.0,115.03838829361906,359667521.0,,116.48999786376953,1.2618479723876526,71.50882478494474,124.86000061035156
WATERS CORP,0.16925467222576857,Reduce 7.47%,948639.0,375.04000046382237,355777571.0,,410.70001220703125,9.508322232057157,282.7699890136719,421.739990234375
PALO ALTO NETWORKS INC,0.1692529205816124,Reduce 24.78%,1043264.0,341.01999973161156,355773889.0,,357.8699951171875,4.941057826179451,139.57000732421875,398.8800048828125
NEXTERA ENERGY INC,0.16877456045393077,Add 5.33%,6280532.0,56.486992503182854,354768364.0,,83.6500015258789,48.08719285447089,67.81184278781012,98.03196328840686
NATERA INC,0.16519962980047562,Add 160.36%,1279255.0,271.45000019542624,347253770.0,,332.0299987792969,22.317184947598818,157.4250030517578,333.55999755859375
CATERPILLAR INC,0.1651340259219371,Add 19.70%,325961.0,1064.9000003067852,347115869.0,,827.9000244140625,-22.25560858526113,406.85762326836976,1071.4723093369823
MEDTRONIC PLC,0.16363276364632612,Add 358.85%,4396781.0,78.23000008415248,343960178.0,,93.3499984741211,19.327621594917478,72.65447002253417,103.76283615785873
UNITY SOFTWARE INC,0.16210107594920312,Add 0.71%,67921860.0,5.016654903149001,340740532.0,,46.93000030517578,835.4839272623154,16.780000686645508,52.150001525878906
OREILLY AUTOMOTIVE INC,0.161679281273302,Reduce 16.97%,3690454.0,92.09000003793571,339853909.0,,89.11000061035156,-3.2359641941107187,82.58999633789062,108.72000122070312
ISHARES INC,0.16018618017517577,Add 594.57%,9171962.0,36.71137898303547,336715373.0,,62.720001220703125,70.84621432958532,34.400001525878906,109.83000183105469
DOORDASH INC,0.1588577911912656,"Add 7,678.93%",157473611.0,2.120501739177112,333923066.0,,223.49000549316406,10439.487016874235,143.3000030517578,285.5
KKR &AMP; CO INC,0.157814916398956,Reduce 9.77%,3614414.0,91.7800000221336,331730917.0,,,,,
ROYAL BK CDA,0.15765305915073158,Add 14.01%,1602000.0,206.86060486891387,331390689.0,,,,,
TEXAS INSTRS INC,0.15760964910792727,Reduce 75.72%,1111482.0,298.0700002339219,331299440.0,,,,,
PLANET LABS PBC,0.15696056266575198,Add 20.13%,9958800.0,33.13,329935044.0,,22.290000915527344,-32.719586732486135,6.255000114440918,51.7599983215332
THERMO FISHER SCIENTIFIC INC,0.15330103359377378,Add 111.46%,642737.0,501.3599995021292,322242622.0,,629.27001953125,25.51260973275503,434.8341016176903,642.7097244270524
IREN LIMITED,0.15270626619824448,Reduce 48.51%,7019296.0,45.72999998860285,320992406.0,,41.880001068115234,-8.4189786167661,18.8700008392334,76.87000274658203
SHOPIFY INC,0.15203831413937807,Add 92.42%,2798985.0,114.18008813909327,319588354.0,,149.25,30.71456015884735,94.0,182.19000244140625
ARM HOLDINGS PLC,0.150169902586465,Reduce 31.04%,890264.0,354.5699994608341,315660906.0,,243.32000732421875,-31.376030771295994,100.0199966430664,452.70001220703125
APPLIED MATLS INC,0.14987590324408517,Reduce 59.40%,435744.0,723.0,315042912.0,,,,,
GILEAD SCIENCES INC,0.14936365056218917,"Add 1,024.89%",2485089.0,126.33999989537598,313966144.0,,146.1199951171875,15.656162132492973,106.44034949748199,155.3805941192722
MARA HOLDINGS INC,0.1487454262632357,Add 68.34%,106947769.0,2.9235450530997054,312666621.0,,11.260000228881836,285.1488526555579,6.659999847412109,23.450000762939453
VERTIV HOLDINGS CO,0.1483027807422177,Add 61.27%,931056.0,334.8199990118747,311736169.0,,261.95001220703125,-21.76392898270663,118.56939204767133,379.8559491193527
SALESFORCE INC,0.14795965258614785,Add 2.49%,1985286.0,156.66000012088938,311014905.0,,209.1699981689453,33.518446321674766,146.32000732421875,267.74756558580185
PFIZER INC,0.14756323819697437,Reduce 41.25%,12881297.0,24.080000018631665,310181632.0,,28.06999969482422,16.56976608432446,22.034658835373435,28.440000534057617
ETSY INC,0.14739753513360643,Add 21.29%,221924493.0,1.39612043633237,309833320.0,,81.02999877929688,5703.940453172073,44.0,87.9739990234375
EXXON MOBIL CORP,0.14710063715791769,Add 4.43%,2261624.0,136.71999987619515,309209233.0,,165.11000061035156,20.765067846594924,105.29816999741539,174.09340787768787
L3HARRIS TECHNOLOGIES INC,0.14601240372571964,"Add 4,815.77%",1056202.0,290.58999982957806,306921739.0,,266.7300109863281,-8.210877475908694,262.67999267578125,376.3886678088942
EXELIXIS INC,0.1437045411902211,Add 54.08%,5551747.0,54.40999995136666,302070554.0,,54.08000183105469,-0.6065027028247243,33.7599983215332,57.56999969482422
CLEANSPARK INC,0.14348767841449322,Add 78.37%,105189640.0,2.8673422877005756,301614703.0,,11.979999542236328,317.808490936864,8.0,23.610000610351562
UBER TECHNOLOGIES INC,0.14137410090349847,Reduce 14.05%,4118236.0,72.16000005827738,297171910.0,,78.80000305175781,9.201777976881766,65.41000366210938,101.98999786376953
EQUINIX INC,0.14098875393682608,Add 18.36%,284310.0,1042.3900003517288,296361901.0,,1065.3900146484375,2.206469199526852,709.7948780591765,1118.6549839367933
WAYFAIR INC,0.14079347939036554,Reduce 68.61%,29482011.0,10.03837319645529,295951429.0,,101.5199966430664,911.3192113530381,55.599998474121094,119.9800033569336
DISNEY WALT CO,0.13912496602040234,Reduce 3.00%,3038381.0,96.25000024684199,292444172.0,,,,,
CME GROUP INC,0.1389884476702468,Add 640.09%,1322996.0,220.83000024187527,292157207.0,,274.9800109863281,24.521129685795547,218.30999755859375,319.81669858888057
HUT 8 CORP,0.13630403444739347,Reduce 19.27%,2482031.0,115.43550543889259,286514503.0,,80.86000061035156,-29.95222717402494,21.0,140.8000030517578
COREWEAVE INC,0.13575038644648493,Reduce 22.62%,2866694.0,99.54000008372013,285350721.0,,87.8499984741211,-11.744024110676033,60.54999923706055,153.1999969482422
GENERAC HLDGS INC,0.1353142146825764,Reduce 30.82%,971394.0,292.8099998558772,284433877.0,,,,,
CENTERPOINT ENERGY INC,0.1349740003832302,Add 25.85%,219613302.0,1.2919014258981454,283718738.0,,38.77000045776367,2901.0029929961797,35.7861147204755,44.99112522252598
WALMART INC,0.13446549361281862,Add 38.54%,2495584.0,113.26000006411326,282649844.0,,103.69999694824219,-8.440758529453845,94.8498413916635,135.16000366210938
NEBIUS GROUP N.V.,0.13256382651045082,Add 18.50%,1008989.0,276.16999987115815,278652492.0,,,,,
CBRE GROUP INC,0.132270599756368,Add 386.71%,2064267.0,134.6899998885803,278036122.0,,,,,
DIGITAL RLTY TR INC,0.13176298736157116,Add 42.85%,1542316.0,179.5800004668304,276969108.0,,,,,
NEWMONT CORP,0.13113198919047292,Add 107.56%,2951207.0,93.40000006776889,275642734.0,,,,,
MONGODB INC,0.13062231116859133,Reduce 22.01%,817420.0,335.9,274571378.0,,,,,
JOHNSON CONTROLS INTERNATION,0.13050970404564302,"Add 1,270.64%",1877590.0,146.11000005325977,274334675.0,,,,,
ELASTIC N V,0.12999061938065992,Add 37.19%,4792065.0,57.019999937396506,273243546.0,,,,,
BRIDGEBIO PHARMA INC,0.1298213768733697,Reduce 94.39%,3663907.0,74.48000017467692,272887794.0,,,,,
SHELL PLC,0.12922207575464426,Add 17.41%,3503070.0,77.54000005709278,271628048.0,,,,,
TJX COS INC NEW,0.1289906189572492,Add 63.74%,1789713.0,151.5000002793744,271141520.0,,,,,
FISERV INC,0.12850132128182334,Reduce 22.94%,5506891.0,49.0500000817158,270113004.0,,,,,
ROBLOX CORP,0.1279970390089964,Reduce 16.82%,4947646.0,54.380000105100486,269052990.0,,,,,
DOW HLDGS INC,0.12797686275144426,Add 49.42%,9832258.0,27.360000012204726,269010579.0,,,,,
ROSS STORES INC,0.12639777171954333,Reduce 65.04%,1248256.0,212.8500003204471,265691290.0,,,,,
CREDO TECHNOLOGY GROUP HOLDI,0.12280142410023638,Add 15.69%,949188.0,271.9500004214128,258131677.0,,,,,
APPLOVIN CORP,0.12208893213575445,Reduce 18.86%,498096.0,515.2299978317433,256634001.0,,,,,
LIBERTY LIVE HOLDINGS INC,0.11999855701171905,Add 4.35%,2430794.0,103.76855463687997,252239980.0,,,,,
INVESCO EXCH TRADED FD TR II,0.11966395872520919,Add 3.05%,10708508.0,23.4894203749019,251536646.0,,,,,
MORGAN STANLEY,0.11914501202242199,Reduce 41.40%,1198076.0,209.03999996661312,250445807.0,,,,,
CUMMINS INC,0.1171557275080996,Reduce 17.46%,345290.0,713.2100002896117,246264281.0,,,,,
INTERDIGITAL INC,0.1155235747884622,Add 0.09%,52024107.0,4.667710202118414,242833455.0,,,,,
S&AMP;P GLOBAL INC,0.11502593896335545,Add 82.03%,593693.0,407.26000138118525,241787412.0,,,,,
ICON PUB LTD CO,0.11493836912457185,Buy 100%,1390843.0,173.71000033792455,241603338.0,,,,,
PARKER-HANNIFIN CORP,0.1147378758012528,Add 156.78%,246577.0,978.1200030822015,241181896.0,,,,,
EXPAND ENERGY CORPORATION,0.11470393662533084,Add 87.83%,2644046.0,91.19000009833414,241110555.0,,,,,
ALBEMARLE CORP,0.11462149517438087,Reduce 29.80%,3507301.0,68.69591774415711,240937261.0,,,,,
ROGERS COMMUNICATIONS INC,0.11436023901840411,Reduce 3.54%,7396595.0,32.499831882102505,240388094.0,,,,,
MAXLINEAR INC,0.11337103818054171,"Add 7,084.46%",1861351.0,128.03000025250478,238308769.0,,,,,
CAMECO CORP,0.11255020830947685,Add 71.32%,2322963.0,101.8455154042488,236583364.0,,,,,
CHEESECAKE FACTORY INC,0.1124581228253021,Add 203.89%,61490524.0,3.8443288920419674,236389798.0,,,,,
ZOOM COMMUNICATIONS INC,0.1123743593159301,Add 287.82%,2736806.0,86.30999968576509,236213725.0,,,,,
WEC ENERGY GROUP INC,0.11235469399423449,Reduce 9.87%,187342614.0,1.2606442440266152,236172388.0,,,,,
MAKEMYTRIP LIMITED MAURITIUS,0.11233949198744195,Add 282.14%,214517000.0,1.1008005565992438,236140433.0,,,,,
DRAFTKINGS INC NEW,0.11198203526799907,Add 75.10%,206562126.0,1.1395557092591118,235389050.0,,,,,
CVS HEALTH CORP,0.11113788169838881,Reduce 11.87%,2258237.0,103.45000015498816,233614618.0,,,,,
NIKE INC,0.11066113905852115,Add 108.81%,5666565.0,41.04999995588156,232612493.0,,,,,
VIPER ENERGY INC,0.11026536976154643,Add 3.28%,5466523.0,42.400000146345306,231780576.0,,,,,
UNILEVER PLC,0.10962193310915894,"Add 1,241.12%",3832802.0,60.11999993738262,230428056.0,,,,,
SAP SE,0.10870065201179925,Reduce 65.21%,1482652.0,154.1100001888508,228491500.0,,,,,
ASML HLDG NV,0.10863802668949696,Reduce 79.14%,114786.0,1989.4400013938982,228359860.0,,,,,
BLACKSTONE INC,0.10715371330751756,Reduce 50.81%,1914165.0,117.67000023508945,225239796.0,,,,,
NORTHROP GRUMMAN CORP,0.10689446045777154,Add 112.29%,441175.0,509.31000170000567,224694840.0,,,,,
AXALTA COATING SYS LTD,0.10658388424395733,Add 27.62%,6547107.0,34.21999991752082,224042001.0,,,,,
CORE &AMP; MAIN INC,0.10509165230766526,Add 19.12%,4578348.0,48.250000218419395,220905292.0,,,,,
NIO INC,0.10415720533523178,Reduce 14.10%,141676268.0,1.545361577423821,218941061.0,,,,,
COMFORT SYS USA INC,0.10411807640208559,Add 14.93%,110426.0,1981.9500027167514,218858811.0,,,,,
ADVANCED ENERGY INDS,0.1038725008390016,"Add 36,498.31%",585573.0,372.8700008367872,218342605.0,,,,,
HDFC BANK LTD,0.10380046126189045,Add 248.27%,8447200.0,25.83,218191176.0,,,,,
AST SPACEMOBILE INC,0.10367153796848479,Reduce 49.84%,2452399.0,88.86000035067703,217920176.0,,,,,
ROCKET LAB CORP,0.10270729687051841,Reduce 61.00%,2123889.0,101.65000007062515,215893317.0,,,,,
VISTRA CORP,0.10222630499501718,Add 128.11%,1354613.0,158.62999985973855,214882260.0,,,,,
HUNTINGTON BANCSHARES INC,0.10219855651583723,Add 139.35%,12116409.0,17.730000035489063,214823932.0,,,,,
SANMINA CORP,0.10193885267243015,Add 628.33%,846681.0,253.08000061416283,214278028.0,,,,,
WELLTOWER INC,0.10143159517348897,Reduce 56.39%,939383.0,226.97000052161897,213211760.0,,,,,
LOCKHEED MARTIN CORP,0.09992979722397255,Reduce 60.96%,412309.0,509.45999966044883,210054943.0,,,,,
SPDR SERIES TRUST,0.0998655206369049,Reduce 32.31%,1639069.0,128.07260219063383,209919832.0,,,,,
NASDAQ INC,0.09981728810175647,Add 52.45%,2661995.0,78.8200000375658,209818446.0,,,,,
WILLIAMS SONOMA INC,0.09977303839248403,Add 12.21%,899723.0,233.10000077801723,209725432.0,,,,,
SPOTIFY TECHNOLOGY S A,0.09949918486082689,Reduce 25.43%,455535.0,459.1300009878494,209149785.0,,,,,
OCCIDENTAL PETE CORP,0.09928870878330553,Add 127.41%,4315068.0,48.367107772113904,208707359.0,,,,,
AMERICAN AIRLINES GROUP INC,0.09905727577249596,Reduce 40.88%,11523015.0,18.069999995660858,208220881.0,,,,,
ASTRAZENECA PLC,0.09874131522718814,"Add 4,277.50%",1094593.0,189.61999939703617,207556724.0,,,,,
TERAWULF INC,0.09861129251780071,Reduce 11.84%,8392041.0,24.700000035748158,207283413.0,,,,,
TRANSOCEAN LTD,0.09816639155274569,Add 4.10%,42198000.0,4.89,206348220.0,,,,,
ALTRIA GROUP INC,0.09565145346998877,Reduce 20.35%,2794465.0,71.95000008946256,201061757.0,,,,,
MODERNA INC,0.0954705721864138,Reduce 46.45%,2865651.0,70.0300001640116,200681540.0,,,,,
BARRICK MNG CORP,0.0954424540636952,Reduce 38.92%,5462034.0,36.730352648848395,200622435.0,,,,,
GODADDY INC,0.09494380826016816,Add 19.43%,2351252.0,84.87999967676795,199574269.0,,,,,
QUALCOMM INC,0.09468818334044247,Add 315.87%,1077098.0,184.78999961006335,199036939.0,,,,,
TOWER SEMICONDUCTOR LTD,0.09398340488990622,Add 747.36%,757963.0,260.6400008971414,197555477.0,,,,,
AGILENT TECHNOLOGIES INC,0.09391430105317737,Reduce 12.37%,1486187.0,132.8299998586988,197410219.0,,,,,
CITIZENS FINL GROUP INC,0.09320138711466869,Reduce 5.46%,2795942.0,70.07000002145968,195911656.0,,,,,
ADOBE INC,0.09306314280986933,Reduce 13.15%,954156.0,205.0199998742344,195621063.0,,,,,
NXP SEMICONDUCTORS N V,0.09295350615571812,Buy 100%,695266.0,281.030000028766,195390604.0,,,,,
AXT INC,0.09238560190265649,Add 195.66%,2694185.0,72.08000007423395,194196855.0,,,,,
SERVICENOW INC,0.092341388348994,Reduce 57.87%,1955116.0,99.28000026596888,194103917.0,,,,,
MERCADOLIBRE INC,0.09221433420547688,Buy 100%,114197.0,1697.3900014886556,193836846.0,,,,,
ALCOA CORP,0.09217053739279234,Reduce 3.01%,3715857.0,52.14000000538234,193744784.0,,,,,
IONQ INC,0.09176160174501209,Add 41.63%,3621577.0,53.259999994477546,192885191.0,,,,,
TG THERAPEUTICS INC,0.09091672078161726,Add 474.73%,3478508.0,54.9400001379902,191109230.0,,,,,
JD.COM INC,0.09087442062089233,"Add 2,495.77%",134931935.0,1.415679053294537,191020314.0,,,,,
TAKE-TWO INTERACTIVE SOFTWAR,0.09025597272803516,Reduce 7.39%,758942.0,249.9799997891802,189720321.0,,,,,
SNOWFLAKE INC,0.09022571048249967,Reduce 96.74%,745213.0,254.5000006709491,189656709.0,,,,,
APPLIED OPTOELECTRONICS INC,0.08831330516397412,Reduce 7.52%,23784256.0,7.805028040397816,185636785.0,,,,,
NAVITAS SEMICONDUCTOR CORP,0.08774724960433748,Add 130.64%,10292797.0,17.91999997668272,184446922.0,,,,,
UNITED PARCEL SVCS INC,0.08711737891739188,Reduce 1.19%,1703469.0,107.5000002935187,183122918.0,,,,,
CARMAX INC,0.08648249592114989,Add 5.68%,3437103.0,52.890000096011086,181788378.0,,,,,
BATH &AMP; BODY WORKS INC,0.08636610197379008,Reduce 19.17%,7848842.0,23.12999994139263,181543715.0,,,,,
ZSCALER INC,0.08597846055308044,Add 6.34%,1280403.0,141.14999964854815,180728883.0,,,,,
PERFORMANCE FOOD GROUP CO,0.08545684975271735,Add 163.61%,1606874.0,111.78999971372988,179632444.0,,,,,
HIMS &AMP; HERS HEALTH INC,0.08533517756203526,Add 107.91%,5173830.0,34.66999998067196,179376686.0,,,,,
EQT CORP,0.0852223972727445,Reduce 40.89%,3369186.0,53.16999981597929,179139619.0,,,,,
XOMETRY INC,0.0848222127097694,Add 121.36%,72080416.0,2.4736042172675585,178298421.0,,,,,
LINDE PLC,0.08467459125723455,Reduce 37.18%,342984.0,518.9400001166235,177988117.0,,,,,
VIAVI SOLUTIONS INC,0.08438550860207741,Add 557.20%,3714774.0,47.74999986540231,177380458.0,,,,,
ROPER TECHNOLOGIES INC,0.08416296273534205,Reduce 54.71%,522807.0,338.39000051644297,176912661.0,,,,,
THE TRADE DESK INC,0.08407441907374812,Add 41.55%,9774698.0,18.080000016368793,176726540.0,,,,,
AIR PRODUCTS AND CHEMICALS I,0.08382713896394728,Reduce 18.99%,601019.0,293.1800009650277,176206751.0,,,,,
VENTURE GLOBAL INC,0.08336438283635313,Add 16.54%,15744297.0,11.130000024770874,175234026.0,,,,,
CARNIVAL CORP LTD,0.08311417983092613,Buy 100%,6115089.0,28.570000044153076,174708093.0,,,,,
AKAMAI TECHNOLOGIES INC,0.08309883795901085,"Add 2,744.20%",1477674.0,118.21000031130005,174675844.0,,,,,
INTUITIVE SURGICAL INC,0.08244231678167196,Reduce 33.02%,435767.0,397.6799987149096,173295820.0,,,,,
BLACKBERRY LTD,0.08178222143199596,"Add 3,583.94%",13596927.0,12.643171725493563,171908283.0,,,,,
DYNATRACE INC,0.08160243861293934,Add 23.61%,3906408.0,43.9099999283229,171530375.0,,,,,
GALAXY DIGITAL INC.,0.0815195314206453,Add 22.84%,6267597.0,27.340000003191015,171356102.0,,,,,
GARRETT MOTION INC,0.08029015029302186,Add 91.23%,4658347.0,36.230000040787,168771912.0,,,,,
AMERICAN TOWER CORP,0.08002648360447061,Reduce 11.06%,1028414.0,163.57000001944743,168217678.0,,,,,
GRANITE CONSTR INC,0.0795630861905314,Add 61.64%,44229299.0,3.7812854551459205,167243605.0,,,,,
MOODYS CORP,0.07953240530109112,Add 48.58%,369114.0,452.9200003251028,167179113.0,,,,,
STARBUCKS CORP,0.07910806783920016,Reduce 26.77%,1627235.0,102.19000021508879,166287145.0,,,,,
FIRST CTZNS BANCSHARES INC D,0.078837439292805,Add 13.39%,79642.0,2080.789997739886,165718277.0,,,,,
AGNICO EAGLE MINES LTD,0.07858269923405989,Add 458.48%,1064604.0,155.15892012429035,165182807.0,,,,,
ABBOTT LABORATORIES,0.07843140370552883,Reduce 66.34%,1816892.0,90.73999995596877,164864780.0,,,,,
LULULEMON ATHLETICA INC,0.07840959854260171,Reduce 21.38%,1443501.0,114.18000056806333,164818945.0,,,,,
MICROCHIP TECHNOLOGY INC.,0.07800172996104696,Add 25.93%,11680336.0,14.037403975365093,163961595.0,,,,,
ATI INC,0.07784372471247827,Reduce 52.62%,830185.0,197.1000006022754,163629464.0,,,,,
LOWES COS INC,0.07768529320829745,Reduce 19.13%,740607.0,220.48999941939516,163296437.0,,,,,
EXPEDITORS INTL WASH INC,0.07699069256196459,Add 0.80%,992983.0,162.97999965759735,161836369.0,,,,,
PENTAIR PLC,0.07695882805202987,Add 253.60%,2110219.0,76.66000021798685,161769389.0,,,,,
FLUOR CORP,0.0768696678421398,Add 2.63%,3084214.0,52.39000017508513,161581972.0,,,,,
BLACKROCK INC,0.07670705227756967,Reduce 7.67%,167686.0,961.5599990458356,161240150.0,,,,,
SUNRUN INC,0.076510813422933,Reduce 32.78%,21504020.0,7.478957469347591,160827651.0,,,,,
HALOZYME THERAPEUTICS INC,0.07612724093553885,Add 7.64%,2044479.0,78.27000032771186,160021372.0,,,,,
AXSOME THERAPEUTICS INC.,0.07607959259893027,Add 7.61%,653353.0,244.77000029080756,159921214.0,,,,,
CLEVELAND-CLIFFS INC NEW,0.07553547873722151,Add 15.95%,16909209.0,9.390000028978292,158777473.0,,,,,
AURORA INNOVATION INC,0.07522233547510022,Reduce 20.97%,23184639.0,6.82000000086264,158119238.0,,,,,
TOTALENERGIES SE,0.07458482739128254,Reduce 7.48%,2017738.0,77.70046457964314,156779180.0,,,,,
RALPH LAUREN CORP,0.07438217947904897,Add 37.86%,389510.0,401.4099997432672,156353209.0,,,,,
INTERNATIONAL BUSINESS MACHS,0.07415587723473156,Reduce 33.74%,554310.0,281.2100016236402,155877516.0,,,,,
JEFFERIES FINANCIAL GROUP IN,0.07362408292138455,Add 4.52%,3096432.0,49.97999988373715,154759671.0,,,,,
TELADOC HEALTH INC,0.0735321068555031,Add 2.04%,150914609.0,1.0241972995470572,154566335.0,,,,,
JABIL INC,0.07350788402402583,Add 37.06%,400839.0,385.4800006985348,154515418.0,,,,,
BJS WHSL CLUB HLDGS INC,0.07302210153020505,Add 164.94%,1759852.0,87.21999974997898,153494291.0,,,,,
GITLAB INC,0.07180743050278603,Add 161.39%,4944023.0,30.529999961569757,150941022.0,,,,,
GE VERNOVA INC,0.07111283413803855,Add 38.85%,127233.0,1174.8600048729497,149480963.0,,,,,
RIOT PLATFORMS INC,0.07105689427345667,,5455200.0,27.38,149363376.0,,,,,
CENTURI HOLDINGS INC,0.07100911653782298,Add 4.69%,4935944.0,30.239999886546524,149262946.0,,,,,
PROCTER &AMP; GAMBLE CO,0.07076969741879792,Reduce 63.07%,1014455.0,146.63999980284981,148759681.0,,,,,
STERLING INFRASTRUCTURE INC,0.07058805496448696,"Add 1,270.35%",176775.0,839.36,148377864.0,,,,,
ARAMARK,0.0695918746667074,Add 49.53%,2570894.0,56.89999976661815,146283868.0,,,,,
KENVUE INC,0.06924208483950263,Reduce 71.02%,7616358.0,19.109999950107387,145548601.0,,,,,
PAYPAL HLDGS INC,0.06922131486877643,Reduce 15.42%,3369730.0,43.180000178055806,145504942.0,,,,,
DAVITA INC,0.06863002649924224,Add 28.49%,648427.0,222.48000006168775,144262039.0,,,,,
DIGITALOCEAN HLDGS INC,0.06851655497177687,"Add 1,100.49%",917172.0,157.0299998255507,144023519.0,,,,,
AMER SPORTS INC,0.06830810551134005,Reduce 28.50%,4243066.0,33.8399998963014,143585353.0,,,,,
MONSTER BEVERAGE CORP NEW,0.06810711124253038,Add 27.55%,1489418.0,96.11999989257549,143162858.0,,,,,
SEA LTD,0.06808390933130275,Add 12.83%,59883488.0,2.389875603104482,143114087.0,,,,,
AMETEK INC,0.06803658258933011,Reduce 33.60%,591116.0,241.93999993233138,143014605.0,,,,,
HUMANA INC,0.06781061573586826,Reduce 47.03%,358843.0,397.2200015048364,142539617.0,,,,,
C H ROBINSON WORLDWIDE IN,0.06776126998851846,Reduce 42.88%,756270.0,188.33999894217675,142435891.0,,,,,
CRACKER BARREL OLD CTRY STOR,0.06704378617120367,"Add 54,848.37%",62218588.0,2.265042112495385,140927722.0,,,,,
ONTO INNOVATION INC,0.06693047734398311,Reduce 48.55%,371752.0,378.44999892401387,140689544.0,,,,,
MARSH &AMP; MCLENNAN COS INC,0.06657332414137121,Reduce 51.45%,839616.0,166.67000033348577,139938799.0,,,,,
INTERACTIVE BROKERS GROUP IN,0.06656012544080941,Add 216.42%,1607434.0,87.03999977604057,139911055.0,,,,,
CLEAR SECURE INC,0.06578755094001505,Add 63.83%,2481376.0,55.72999980655894,138287084.0,,,,,
ENERGY FUELS INC,0.06495813601451181,Reduce 17.63%,9416802.0,14.500000424772656,136543633.0,,,,,
PILGRIMS PRIDE CORP,0.06456078443386969,Add 34.89%,4827762.0,28.110000037284358,135708390.0,,,,,
T-MOBILE US INC,0.06438656482142963,Reduce 16.91%,806905.0,167.73000043375615,135342176.0,,,,,
SUNCOR ENERGY INC NEW,0.06433830707250056,Add 35.89%,2516488.0,53.74185650795871,135240737.0,,,,,
KEYSIGHT TECHNOLOGIES INC,0.06393081146460644,"Add 9,991.43%",383878.0,350.06999880170264,134384171.0,,,,,
LUMEN TECHNOLOGIES INC,0.06391537920366627,Add 16.36%,17493715.0,7.68000004573071,134351732.0,,,,,
JBS N.V.,0.06377062784053775,Add 77.03%,11312022.0,11.850000026520458,134047461.0,,,,,
NRG ENERGY INC,0.06356084252545928,Reduce 4.14%,914737.0,146.06000085270412,133606487.0,,,,,
SUN LIFE FINANCIAL INC.,0.06355017566905802,Add 4.19%,1703192.0,78.43159491120203,133584065.0,,,,,
PEPSICO INC,0.0631527817482937,Add 29.93%,980419.0,135.40000040798884,132748733.0,,,,,
KINDER MORGAN INC DEL,0.0630209541127986,Reduce 29.10%,4143623.0,31.97000016652094,132471628.0,,,,,
CARDINAL HEALTH INC,0.06218765055629794,Add 42.68%,550261.0,237.5599997092289,130720003.0,,,,,
FEDEX CORP,0.06203415524433992,Add 429.27%,416432.0,313.1299996157836,130397352.0,,,,,
COCA COLA CO,0.06195112578899641,Reduce 33.77%,1602348.0,81.27000002496337,130222822.0,,,,,
VALE S A,0.06113543857771647,Add 12.87%,8544430.0,15.039999976592938,128508227.0,,,,,
PLANET FITNESS MASTER ISSUER,0.06080867035942124,Add 820.17%,2450093.0,52.170000077548075,127821352.0,,,,,
PTC THERAPEUTICS INC,0.06010647655926533,Reduce 5.58%,1548919.0,81.57000010975396,126345323.0,,,,,
UPSTART HLDGS INC,0.06009267463089528,Add 8.93%,85399400.0,1.479124103916421,126316311.0,,,,,
AEHR TEST SYS,0.05947336233352107,Add 207.20%,1301421.0,96.05999980021838,125014501.0,,,,,
ALCON AG,0.059302763039393976,Add 60.07%,1857763.0,67.09999983851546,124655897.0,,,,,
VERADERMICS INC,0.05928438695063243,Add 655.22%,1013643.0,122.93999958565294,124617270.0,,,,,
MEDPACE HLDGS INC,0.05908989831295679,Reduce 45.78%,234537.0,529.5900007248323,124208450.0,,,,,
FORD MTR CO,0.05896707627873168,Reduce 36.67%,8917286.0,13.899999955143302,123950275.0,,,,,
MONDAY COM LTD,0.05892706343606835,Reduce 8.77%,1711095.0,72.38999997077894,123866167.0,,,,,
REPUBLIC SVCS INC,0.05885742630409261,Add 131.14%,580626.0,213.07999986221768,123719788.0,,,,,
RIGETTI COMPUTING INC,0.05883677621775733,Reduce 54.14%,6401469.0,19.319999987502868,123676381.0,,,,,
MODINE MFG CO,0.058767707109443304,Add 29.77%,462629.0,267.02000090785486,123531196.0,,,,,
REALTY INCOME CORP,0.05859161787138301,Reduce 12.84%,1987751.0,61.960000020123246,123161052.0,,,,,
DOXIMITY INC,0.05843230816646555,Add 104.13%,5922188.0,20.73999997973722,122826179.0,,,,,
PINNACLE WEST CAP CORP,0.0583786713190917,Reduce 4.77%,100555106.0,1.2203600382063144,122713433.0,,,,,
SILICON MOTION TECHNOLOGY CO,0.058372490136983875,Buy 100%,368105.0,333.33000095081564,122700440.0,,,,,
CF INDUSTRIES HOLD,0.058321932225237044,Add 626.18%,1132405.0,108.2600006181534,122594166.0,,,,,
SNAP INC,0.05827912208011901,Reduce 1.71%,133515353.0,0.9175287728895118,122504178.0,,,,,
HUBSPOT INC,0.05825455101303005,Add 339.19%,670936.0,182.50999946343615,122452529.0,,,,,
TWIST BIOSCIENCE CORP,0.05802739530602494,"Add 2,441.82%",1185605.0,102.87999966261951,121975042.0,,,,,
FASTLY INC,0.057793358139834904,Add 152.16%,6616726.0,18.360000096724573,121483090.0,,,,,
AIRBNB INC,0.05758712273477634,Reduce 68.16%,845909.0,143.10000011821603,121049578.0,,,,,
ON SEMICONDUCTOR CORP,0.05737943777519745,Add 258.94%,1410139.0,85.53271627832433,120613019.0,,,,,
CNX RES CORP,0.05699001616642905,Reduce 36.33%,3530635.0,33.92999984422066,119794445.0,,,,,
AECOM,0.05682080458169999,Add 61.09%,1711157.0,69.79999964936005,119438758.0,,,,,
ZILLOW GROUP INC,0.05616767108986788,Add 206.00%,3750795.0,31.47755475839122,118065855.0,,,,,
AERCAP HOLDINGS NV,0.055255785693780375,Add 22.79%,796742.0,145.78000030122675,116149049.0,,,,,
FIVE BELOW INC,0.05503672218316209,Reduce 54.39%,643465.0,179.78999945606986,115688572.0,,,,,
FEDEX FGHT HLDG CO INC,0.05503180264154915,Buy 100%,766081.0,151.0,115678231.0,,,,,
HOWMET AEROSPACE INC,0.05502764284347705,Add 260.03%,430222.0,268.8600001859505,115669487.0,,,,,
AGIOS PHARMACEUTICALS INC,0.05485232096066495,Add 15.88%,3107005.0,37.11000014483401,115300956.0,,,,,
BROOKFIELD CORP,0.054595573789835414,Reduce 25.17%,2694174.0,42.596085850431336,114761267.0,,,,,
AMERICAN EAGLE OUTFITTERS IN,0.05412840810502143,Add 46.52%,6615074.0,17.200000030233976,113779273.0,,,,,
TC ENERGY CORP,0.05409508119581022,Add 65.53%,1718093.0,66.1833899561898,113709219.0,,,,,
CROCS INC,0.05367365568771606,Add 76.56%,935207.0,120.63999948674464,112823372.0,,,,,
CARVANA CO,0.0533505120693192,Add 256.98%,1703800.0,65.82,112144116.0,,,,,
BROOKFIELD RENEWABLE CORP,0.05328915171763375,Add 107.25%,3017418.0,37.122843106258394,112015135.0,,,,,
TRADEWEB MKTS INC,0.05315631172505981,Add 191.54%,1121171.0,99.66000012486944,111735902.0,,,,,
AXON ENTERPRISE INC,0.05302288467955574,Add 9.12%,198811.0,560.6100014586718,111455435.0,,,,,
NUTRIEN LTD,0.05260829638759747,Add 109.47%,1756976.0,62.939937711158265,110583960.0,,,,,
VAXCYTE INC,0.052594908821546806,Reduce 33.62%,1901872.0,58.12999981071281,110555819.0,,,,,
LAM RESEARCH CORP,0.05251105254449136,Reduce 74.40%,254724.0,433.33000031406544,110379551.0,,,,,
ARISTA NETWORKS INC,0.05227578323317247,Reduce 35.59%,646839.0,169.8799995052865,109885009.0,,,,,
INTUITIVE MACHINES INC,0.052133696443351564,Reduce 16.87%,5123251.0,21.39000002147074,109586339.0,,,,,
INTELLIA THERAPEUTICS INC,0.05186475864745369,Add 12.48%,6443323.0,16.919999975168093,109021025.0,,,,,
LIQUIDIA CORPORATION,0.05151687507721082,Add 49.37%,1358206.0,79.7300004564845,108289765.0,,,,,
STERIS PLC,0.0510500933078868,Add 189.29%,509610.0,210.57000058868547,107308578.0,,,,,
GARTNER INC,0.051003874069335015,Add 216.12%,827121.0,129.61999997581975,107211424.0,,,,,
CARPENTER TECHNOLOGY CORP,0.05025982824772497,Add 2.81%,171272.0,616.8400030361063,105647421.0,,,,,
U HAUL HOLDING COMPANY,0.050182886255342424,Add 35.29%,1762470.0,59.85105391864826,105485687.0,,,,,
SPX TECHNOLOGIES INC,0.05008301399453866,Add 151.49%,429399.0,245.17000039590218,105275753.0,,,,,
ROIVANT SCIENCES LTD,0.05004884266154223,Add 113.44%,2972702.0,35.39000007400674,105203924.0,,,,,
ENPHASE ENERGY INC,0.0498680974372363,Reduce 3.53%,40177658.0,2.6090120285259037,104823993.0,,,,,
NUTANIX INC,0.04975899502979542,Add 7.68%,79948917.0,1.308268591055461,104594657.0,,,,,
EMERSON ELEC CO,0.04959271062227789,Add 3.69%,728223.0,143.15000075526316,104245123.0,,,,,
CARRIER GLOBAL CORPORATION,0.04958327495954207,Add 1.48%,1420931.0,73.35000010556459,104225289.0,,,,,
BCE INC,0.04951962300820963,Reduce 25.37%,4837273.0,21.518630641685924,104091491.0,,,,,
TRIP COM GROUP LTD,0.04947485142125133,Add 69.23%,2610376.0,39.84000006129385,103997380.0,,,,,
UNUM GROUP,0.04926986956924858,Add 11.08%,1158462.0,89.40000017264269,103566503.0,,,,,
ARCUTIS BIOTHERAPEUTICS INC,0.04926618026983765,Add 58.22%,3949609.0,26.220000005063792,103558748.0,,,,,
TERADYNE INC,0.04920791931024276,Reduce 75.75%,213782.0,483.8399958836572,103436282.0,,,,,
SITIME CORP,0.04901200395316887,Add 9.81%,138184.0,745.5599997105309,103024463.0,,,,,
ANALOG DEVICES INC,0.04862213420512966,Add 107.75%,257333.0,397.1699976295306,102204947.0,,,,,
TEXAS ROADHOUSE INC,0.04814090541523684,Reduce 47.42%,523694.0,193.2300007256146,101193392.0,,,,,
IMMUNITYBIO INC,0.04811035344908996,Reduce 8.12%,11551019.0,8.754999970132506,101129171.0,,,,,
PELOTON INTERACTIVE INC,0.047963280515216714,Reduce 4.53%,17059225.0,5.910000014654828,100820020.0,,,,,
KYNDRYL HLDGS INC,0.04768657639915335,Add 128.22%,8862810.0,11.309999988716896,100238381.0,,,,,
INGRAM MICRO HLDG CORP,0.04750494345947661,Add 449.52%,3640415.0,27.430000151081675,99856584.0,,,,,
APOLLO GLOBAL MGMT INC,0.047503431108370575,Add 11.53%,1278799.0,78.08373716275975,99853405.0,,,,,
CONOCOPHILLIPS,0.047473295883201636,Add 86.82%,959889.0,103.95999954161367,99790060.0,,,,,
BRUKER CORP,0.047410380840287966,Add 35.84%,340853.0,292.37768480840714,99657811.0,,,,,
ADAPTIVE BIOTECHNOLOGIES COR,0.04720432431035236,Add 135.34%,4625859.0,21.449999881103164,99224675.0,,,,,
BAYTEX ENERGY CORP,0.046717881976649826,Add 8.70%,24534834.0,4.002560644999677,98202161.0,,,,,
RAMBUS INC DEL,0.04671110279978255,"Add 5,676.66%",739701.0,132.74000035149336,98187911.0,,,,,
CHECK POINT SOFTWARE TECH LT,0.046559490433932635,Add 143.54%,744649.0,131.42999990599597,97869218.0,,,,,
INVESCO LTD,0.04629970999772025,Add 24.13%,3687880.0,26.3899999457683,97323153.0,,,,,
BRISTOL-MYERS SQUIBB CO,0.0461504643971275,Add 58.90%,1683607.0,57.61999979805263,97009435.0,,,,,
ANNALY CAPITAL MANAGEMENT IN,0.045955367298594785,Reduce 30.88%,4320185.0,22.359999861117057,96599336.0,,,,,
CHARTER COMMUNICATIONS INC,0.045883623150875526,Add 60.86%,678212.0,142.2099992332781,96448528.0,,,,,
US FOODS HLDG CORP,0.04564362126050572,Add 37.48%,938328.0,102.25,95944038.0,,,,,
CORE SCIENTIFIC INC NEW,0.04559815700817768,"Add 6,006.90%",3745544.0,25.590000010679358,95848471.0,,,,,
LIVE NATION ENTERTAINMENT IN,0.04558321808102077,Reduce 6.84%,523276.0,183.11000122306393,95817069.0,,,,,
ICICI BANK LIMITED,0.04541059502419941,Reduce 51.02%,3288123.0,29.030000094278712,95454211.0,,,,,
AVANTOR INC,0.045079422006001436,Reduce 26.99%,9571523.0,9.899999926866393,94758077.0,,,,,
GDS HLDGS LTD,0.04500936004560868,"Add 1,898.88%",39274322.0,2.4089736036690845,94610805.0,,,,,
CRH PLC,0.04492592288818972,Add 155.21%,882574.0,107.0,94435418.0,,,,,
CAVA GROUP INC,0.04453828670052888,Add 269.21%,1192923.0,78.47999996646892,93620597.0,,,,,
QORVO INC,0.04402575428838741,Reduce 38.04%,992208.0,93.27000084659669,92543241.0,,,,,
THE CIGNA GROUP,0.043954041063229296,Add 514.15%,335144.0,275.68000023870337,92392498.0,,,,,
ULTRA CLEAN HLDGS INC,0.043861977938444915,Reduce 45.35%,646602.0,142.58999972162164,92198979.0,,,,,
KIRBY CORP,0.04344946431247389,Add 298.59%,671706.0,135.97000026797437,91331865.0,,,,,
HUNT J B TRANS SVCS INC,0.04327036987720161,Reduce 51.46%,314257.0,289.43000155923335,90955404.0,,,,,
IQVIA HLDGS INC,0.042856639805248155,"Add 9,224.68%",466234.0,193.21999897047405,90085733.0,,,,,
PETROLEO BRASILEIRO S A,0.04277121123489121,Add 242.28%,5563500.0,16.16,89906160.0,,,,,
TRAVERE THERAPEUTICS INC,0.04256733641057758,Reduce 79.70%,7940469.0,11.268554791914685,89477610.0,,,,,
CYTOKINETICS INC,0.042477082493486265,Add 40.25%,1048103.0,85.18999945616032,89287894.0,,,,,
EQUITABLE HLDGS INC,0.04246159695059458,Reduce 7.59%,2034078.0,43.88000017698436,89255343.0,,,,,
WOODWARD INC,0.042336239266355255,Reduce 12.73%,209176.0,425.4400026771714,88991838.0,,,,,
KLA CORP,0.042230427019420626,Add 334.78%,294221.0,301.7100003058925,88769418.0,,,,,
STRYKER CORPORATION,0.04208111386492506,Reduce 53.23%,280954.0,314.840002277953,88455558.0,,,,,
WASTE CONNECTIONS INC,0.04204300775495534,Reduce 30.98%,530332.0,166.64176025583973,88375458.0,,,,,
KOSMOS ENERGY LTD,0.041763756095585025,Add 46.86%,73972308.0,1.1867747049341761,87788464.0,,,,,
BRITISH AMERN TOB PLC,0.04166502559088521,Add 76.65%,1418085.0,61.760000282070536,87580930.0,,,,,
ARROW ELECTRS INC,0.041600949762599176,Add 91.79%,409757.0,213.4099990970258,87446241.0,,,,,
CIENA CORP,0.04151623621700234,Add 746.64%,177895.0,490.5599988757413,87268171.0,,,,,
TELUS CORPORATION,0.041507663055856715,Reduce 11.44%,8257906.0,10.565650662528734,87250150.0,,,,,
SS&AMP;C TECH HLDGS,0.0414900842934411,Add 49.27%,1405531.0,62.0500003201637,87213199.0,,,,,
MADRIGAL PHARMACEUTICALS INC,0.04145117657554006,Add 27.43%,162271.0,536.9500033893918,87131414.0,,,,,
TENCENT MUSIC ENTMT GROUP,0.04140417999137417,Add 56.27%,10423069.0,8.349999985608845,87032626.0,,,,,
AMBIQ MICRO INC,0.04133146772962509,Buy 100%,983916.0,88.30000020326939,86879783.0,,,,,
PROPETRO HLDG CORP,0.041165705199793415,Add 27.21%,6034264.0,14.340000039772871,86531346.0,,,,,
WILLIAMS COS INC,0.04113566416950305,Reduce 40.31%,1163145.0,74.33999974207859,86468199.0,,,,,
DECKERS OUTDOOR CORP,0.04096197309499278,Reduce 34.77%,867188.0,99.2899994003607,86103096.0,,,,,
ZIFF DAVIS INC,0.04070242624305,Add 31.07%,42838818.0,1.9971961411260226,85557522.0,,,,,
RESTAURANT BRANDS INTL INC,0.04065254577325817,Add 682.23%,1178819.0,72.49007014647711,85452672.0,,,,,
BANDWIDTH INC,0.04064772232945065,Reduce 7.97%,3911050.0,21.846443538180285,85442533.0,,,,,
DATADOG INC,0.04028141176715326,Reduce 16.82%,926905.0,91.34974889551788,84672539.0,,,,,
VICTORIAS SECRET AND CO,0.040226474269284315,Reduce 30.21%,1012902.0,83.48000003949049,84557059.0,,,,,
PDD HOLDINGS INC,0.04017436689935806,Reduce 37.98%,1107073.0,76.27999960255556,84447528.0,,,,,
AMERIPRISE FINL INC,0.04013643728585275,Reduce 34.00%,183904.0,458.75999978249524,84367799.0,,,,,
EXLSERVICE HLDGS INC,0.04004621666998113,Reduce 5.44%,3255149.0,25.859999956991217,84178153.0,,,,,
DOCUSIGN INC,0.03982036399212967,Reduce 26.03%,1884363.0,44.42000028656899,83703405.0,,,,,
DANAHER CORP DEL,0.03973227608151391,Reduce 69.30%,438462.0,190.48000054736784,83518242.0,,,,,
EATON CORP PLC,0.03970815220223233,Add 20.89%,195878.0,426.1199981621213,83467533.0,,,,,
MOOG INC,0.039630784429969354,Reduce 28.72%,196548.0,423.83999837189896,83304904.0,,,,,
WEBSTER FINL CORP,0.03952230142521487,"Add 1,103.43%",1087109.0,76.42000020237161,83076870.0,,,,,
STATE STR CORP,0.03949155821492058,Add 59.32%,489459.0,169.60000122584322,83012247.0,,,,,
TEMPUS AI INC,0.03948673286818621,Add 36.61%,1432800.0,57.93,83002104.0,,,,,
VIRTU FINL INC,0.03911480439012562,Add 18.69%,1380230.0,59.56999992754831,82220301.0,,,,,
DICKS SPORTING GOODS INC,0.038934676189847556,Add 116.03%,360838.0,226.81000060969188,81841667.0,,,,,
CORNING INC,0.03889015055618332,Add 135.24%,320041.0,255.43000115610187,81748073.0,,,,,
SHIFT4 PMTS INC,0.03871460079788214,Reduce 2.48%,1330307.0,61.173144995854344,81379063.0,,,,,
FIDELITY NATL FINL INC,0.03835545190074685,Add 195.81%,1709587.0,47.16000004679493,80624123.0,,,,,
FAIR ISAAC CORP,0.038260923058509616,Reduce 71.38%,67314.0,1194.7800011884601,80425421.0,,,,,
TRUIST FINL CORP,0.03788386524115198,Add 901.77%,1598411.0,49.81999998748757,79632836.0,,,,,
PORCH GROUP INC,0.03784557549874222,Add 21.27%,5289385.0,15.039999924376842,79552350.0,,,,,
MASTEC INC,0.03781370147417329,Add 258.06%,191043.0,416.05999696403427,79485350.0,,,,,
HILTON WORLDWIDE HLDGS INC,0.037777320843115685,"Add 29,676.70%",240298.0,330.45999966708007,79408877.0,,,,,
VERIZON COMMUNICATIONS INC,0.03773887077911966,Reduce 25.21%,1873596.0,42.33999965841088,79328054.0,,,,,
TYSON FOODS INC,0.03699950901192612,Add 8.50%,1358496.0,57.25000073610817,77773897.0,,,,,
AUTOZONE INC,0.03658714619290715,Reduce 66.92%,24064.0,3195.939993351064,76907100.0,,,,,
GENUINE PARTS CO,0.03656393381558191,Add 0.39%,651452.0,117.9800000614013,76858307.0,,,,,
CORCEPT THERAPEUTICS INC,0.03652522352634051,Reduce 25.25%,883001.0,86.95000005662507,76776937.0,,,,,
GRAPHIC PACKAGING HLDG CO,0.036520150799116954,Add 123.75%,7262656.0,10.570000011015255,76766274.0,,,,,
CONSTELLATION ENERGY CORP,0.03647403384288282,Add 16.43%,308690.0,248.36999902815123,76669335.0,,,,,
THE REALREAL INC,0.0362162676547305,Add 2.03%,25006501.0,3.044308518012976,76127504.0,,,,,
FIDELITY NATL INFORMATION SV,0.03619908565256101,Add 4.68%,1957083.0,38.87999997956142,76091387.0,,,,,
IRHYTHM HOLDINGS INC,0.036193076209600494,Add 13.33%,639586.0,118.95000046905342,76078755.0,,,,,
RH,0.03614181611784972,Add 26.99%,461185.0,164.72999989158365,75971005.0,,,,,
HECLA MINING COMPANY,0.0359886357402837,Reduce 47.28%,4902723.0,15.430000022436511,75649016.0,,,,,
MKS INC.,0.035981023557192245,"Add 1,213.72%",24765925.0,3.0539144005321828,75633015.0,,,,,
UNDER ARMOUR INC,0.03594301021490598,Add 20.18%,11911891.0,6.342662974333798,75553110.0,,,,,
PPL CORP,0.035547563464030624,Reduce 25.70%,2004445.0,37.27808495618488,74721871.0,,,,,
ROCKWELL AUTOMATION INC,0.03550260586597372,Reduce 12.42%,150738.0,495.07999973463893,74627369.0,,,,,
PHILIP MORRIS INTL INC,0.03549132959725197,Reduce 51.49%,412380.0,180.91000048498958,74603666.0,,,,,
ACUITY INC,0.03540400428456732,Reduce 3.34%,197579.0,376.65999929142265,74420106.0,,,,,
OKLO INC,0.03512441247702435,Add 112.93%,1410900.0,52.33,73832397.0,,,,,
KINROSS GOLD CORP,0.035068332747319735,Add 327.65%,3119015.0,23.63390878209948,73714516.0,,,,,
CARETRUST REIT INC,0.03489260078377363,Add 72.77%,1817723.0,40.34999997249306,73345123.0,,,,,
ECHOSTAR CORP,0.0348630469027543,Add 7.50%,722000.0,101.5,73283000.0,,,,,
ICHOR HOLDINGS,0.034836723715777465,Reduce 56.87%,652188.0,112.27999901868786,73227668.0,,,,,
CACI INTL INC,0.03474739081527668,"Add 12,553.69%",157665.0,463.2600006342562,73039888.0,,,,,
VITA COCO CO INC,0.03473787380241845,Reduce 9.09%,1104020.0,66.14000018115614,73019883.0,,,,,
EQUINOX GOLD CORP,0.03472726355809068,Reduce 2.52%,35464943.0,2.0583024763355744,72997580.0,,,,,
GLOBAL X FDS,0.0345300332785704,Add 10.90%,1091962.0,66.47025903831819,72582997.0,,,,,
CIRCLE INTERNET GROUP INC,0.03439472185976308,Reduce 72.80%,1154376.0,62.63000010395226,72298569.0,,,,,
MIDDLEBY CORP,0.034271314675534695,Reduce 46.39%,418808.0,172.0099998089817,72039164.0,,,,,
PAYLOCITY HLDG CORP,0.034257930915337714,Reduce 4.55%,688903.0,104.5300005951491,72011031.0,,,,,
LYONDELLBASELL INDUSTRIES NV,0.034214552270826246,Add 103.78%,1365999.0,52.65000047584222,71919848.0,,,,,
MAPLEBEAR INC,0.034134076543301944,"Add 4,091.08%",1515326.0,47.3499999340076,71750686.0,,,,,
SLB LIMITED,0.034098923775787805,Add 20.42%,1541768.0,46.48999979244608,71676794.0,,,,,
MANULIFE FINL CORP,0.03404059716521693,Add 21.31%,1766103.0,40.51529837161253,71554190.0,,,,,
B2GOLD CORP,0.034031020685894954,Reduce 32.31%,19115687.0,3.7421652698121703,71534060.0,,,,,
METTLER TOLEDO INTERNATIONAL,0.03393748041415107,Reduce 34.40%,55841.0,1277.510001611719,71337436.0,,,,,
PINNACLE FINL PARTNERS INC,0.03385654608125834,Reduce 29.32%,705465.0,100.88000113400382,71167310.0,,,,,
XYLEM INC,0.03377464553726263,Reduce 6.46%,600585.0,118.21000024975649,70995153.0,,,,,
FLUENCE ENERGY INC,0.03374107362622077,Reduce 45.02%,3567635.0,19.880000056059547,70924584.0,,,,,
EAGLE MATLS INC,0.03373514648484608,Reduce 8.65%,315165.0,225.0,70912125.0,,,,,
SYNOPSYS INC,0.03358960350415214,Add 243.32%,158285.0,446.0700003158859,70606190.0,,,,,
PLAINS GP HLDGS L P,0.03353802609935081,Add 97.74%,2904729.0,24.27000005852525,70497773.0,,,,,
SENSATA TECHNOLOGIES HLDG PL,0.03352123324572009,Add 805.38%,1475963.0,47.74000025745903,70462474.0,,,,,
CENTURY ALUM CO,0.033505154465386044,Reduce 4.48%,14316838.0,4.919289859953714,70428676.0,,,,,
UNITED NAT FOODS INC,0.033503020808666774,Reduce 2.78%,1542023.0,45.67000038261427,70424191.0,,,,,
INNODATA INC,0.03348844343760944,Add 165.83%,931378.0,75.5799997423173,70393549.0,,,,,
AVNET INC,0.03343758391195848,Add 7.72%,791338.0,88.8199997978108,70286641.0,,,,,
CONSTELLIUM SE,0.033334499510648895,Reduce 32.03%,2198618.0,31.869999699811427,70069955.0,,,,,
PEBBLEBROOK HOTEL TR,0.033042239443400775,Add 10.73%,19311760.0,3.5965451621188333,69455617.0,,,,,
VICI PPTYS INC,0.03301460656702635,Reduce 22.26%,2613843.0,26.550000133902458,69397532.0,,,,,
UIPATH INC,0.032988163495658605,Add 444.81%,6379204.0,10.870000081514872,69341948.0,,,,,
X-ENERGY INC,0.0329829789714832,Buy 100%,3776201.0,18.359999904666093,69331050.0,,,,,
VISHAY INTERTECHNOLOGY INC,0.03272306723331885,Add 3.83%,26615542.0,2.5843812987163663,68784709.0,,,,,
ALKERMES PLC,0.03270363597162456,Add 84.72%,1312031.0,52.39499981326661,68743864.0,,,,,
VANGUARD INDEX FDS,0.03253276313176423,"Add 23,982.61%",727054.0,94.05722958679823,68384685.0,,,,,
INSULET CORP,0.032471886123496135,Add 235.58%,448320.0,152.25,68256720.0,,,,,
BROOKDALE SR LIVING INC,0.03245366274461349,Add 22.78%,4239802.0,16.08999995754519,68218414.0,,,,,
CANADIAN SOLAR INC,0.03232350778181069,Add 18.84%,4241250.0,16.02,67944825.0,,,,,
PITNEY BOWES INC,0.03231970430678936,Add 84.59%,3877673.0,17.51999975242884,67936830.0,,,,,
FORTUNA MNG CORP,0.03206247379254249,Add 9.40%,7976417.0,8.449423469209295,67396125.0,,,,,
FORMFACTOR INC,0.032059951463016156,Add 73.66%,421377.0,159.92999855236522,67390823.0,,,,,
A10 NETWORKS INC,0.03200879888663184,"Add 10,548.81%",28047577.0,2.398898806838109,67283299.0,,,,,
SOCIEDAD QUIMICA Y MINERA DE,0.031985285371134174,Reduce 4.39%,908075.0,74.04,67233873.0,,,,,
MARRIOTT INTL INC NEW,0.03183668581420359,Reduce 12.30%,180581.0,370.59000116291304,66921513.0,,,,,
ITT INC,0.031828348615986116,Add 113.78%,338309.0,197.76000047294042,66903988.0,,,,,
JETBLUE AIRWAYS CORP,0.03179064592650647,Add 18.26%,30498373.0,2.1910918329971243,66824736.0,,,,,
HP INC,0.0316950719017024,Add 52.05%,3036638.0,21.939999762895678,66623837.0,,,,,
MADISON SQUARE GRDN SPRT COR,0.03157790013299677,Add 28.51%,165184.0,401.8400026636962,66377539.0,,,,,
ARGENX SE,0.03149745960961901,Reduce 46.75%,71363.0,927.7700068663032,66208451.0,,,,,
KEMPER CORP,0.031471024625690326,Reduce 7.57%,2453742.0,26.95999986958694,66152884.0,,,,,
ALLIANT ENERGY CORP,0.031445657659450565,"Add 1,472.01%",9497877.0,6.959403875202848,66099562.0,,,,,
EVERUS CONSTR GROUP,0.031397175840886096,Reduce 5.69%,397696.0,165.95000201158675,65997652.0,,,,,
AMERICAN INTL GROUP INC,0.03138161275372568,Add 579.50%,885079.0,74.53000014687954,65964938.0,,,,,
CHEFS WHSE INC,0.03121123372338032,Add 123.89%,682693.0,96.09999956056383,65606797.0,,,,,
INSPIRE MED SYS INC,0.0312067204566477,Add 22.58%,1470462.0,44.610000122410504,65597310.0,,,,,
AMPHENOL CORP,0.03120197598430403,Add 19.57%,371979.0,176.31999924726932,65587337.0,,,,,
VIKING THERAPEUTICS INC,0.031194525074262264,Add 0.25%,1680894.0,39.01000003569529,65571675.0,,,,,
MOONLAKE IMMUNOTHERAPEUTICS,0.031172996311458645,Add 40.78%,3365507.0,19.469999913831703,65526421.0,,,,,
DIGITAL TURBINE INC,0.031126106766927498,"Add 1,648.34%",5071927.0,12.899999940850885,65427858.0,,,,,
REGAL REXNORD CORPORATION,0.031022007154148813,Reduce 53.87%,273769.0,238.1899995982014,65209038.0,,,,,
TRIMBLE INC,0.031003314703800123,Add 56.26%,1273344.0,51.1800000628267,65169746.0,,,,,
HASBRO INC,0.03093665803098743,Reduce 21.22%,787379.0,82.5900004953142,65029632.0,,,,,
RESIDEO TECHNOLOGIES INC,0.03062279213239867,Add 37.55%,2069771.0,31.099999951685476,64369878.0,,,,,
US BANCORP,0.030567552069162174,Add 153.09%,1063804.0,60.40000037600912,64253762.0,,,,,
ONDAS INC,0.030531148127250784,Add 57.12%,7788500.0,8.24,64177240.0,,,,,
SYNAPTICS INC,0.030442426066265613,Buy 100%,42506903.0,1.5054200490682654,63990744.0,,,,,
CHEMOURS CO,0.03038953231182276,Add 0.39%,3113039.0,20.519999910055738,63879560.0,,,,,
REDWIRE CORPORATION,0.030301371614255373,Add 112.76%,5208033.0,12.23000007872454,63694244.0,,,,,
MCDONALDS CORP,0.030277701583025122,Reduce 38.02%,235450.0,270.3099978764069,63644489.0,,,,,
HCA HEALTHCARE INC,0.030261001021346136,Add 158.00%,163147.0,389.89000104200505,63609384.0,,,,,
PLUG PWR INC,0.03022493151882686,Reduce 52.81%,23444120.0,2.7099999914690764,63533565.0,,,,,
COCA-COLA EUROPACIFIC PARTNE,0.030038120715218653,Reduce 33.45%,630887.0,100.08271528815779,63140884.0,,,,,
LENNAR CORP,0.029983147061739747,Reduce 35.90%,696627.0,90.47212927434624,63025328.0,,,,,
ARK ETF TR,0.029970931698622486,Reduce 27.34%,989144.0,63.69108137945537,62999651.0,,,,,
GREENBRIER COS INC,0.029938735603685904,Add 8.87%,25358855.0,2.4816567624997266,62931974.0,,,,,
NOKIA CORP,0.029722894223939342,Add 58.82%,4704689.0,13.280000017004312,62478270.0,,,,,
BIOHAVEN LTD,0.029661920642134115,Add 47.17%,4190195.0,14.880000095460952,62350102.0,,,,,
PENUMBRA INC,0.029641240584701113,Reduce 2.29%,197329.0,315.7500012669197,62306632.0,,,,,
AFFIRM HLDGS INC,0.029513359143740328,"Add 2,637.63%",30331533.0,2.045324316446518,62037822.0,,,,,
HARLEY DAVIDSON INC,0.02944806877239871,Add 63.96%,2530686.0,24.4600001738659,61900580.0,,,,,
XERIS BIOPHARMA HOLDINGS INC,0.029406729113996232,Add 0.20%,7804758.0,7.9199999538742905,61813683.0,,,,,
BANK OZK LITTLE ROCK ARK,0.02921750730208182,Add 13.01%,1179035.0,52.09000072092856,61415934.0,,,,,
ACCENTURE PLC IRELAND,0.02903075929505933,Add 19.53%,490384.0,124.44000008156873,61023385.0,,,,,
BRINKER INTL INC,0.029005788613333985,Reduce 40.37%,362922.0,168.0,60970896.0,,,,,
DUOLINGO INC,0.02899136918520437,Reduce 2.47%,529826.0,115.01999901854572,60940586.0,,,,,
AMKOR TECHNOLOGY INC,0.02891501043989826,Reduce 52.65%,704860.0,86.23000028374429,60780078.0,,,,,
ABSCI CORPORATION,0.0288905916069565,Add 706.34%,5239754.0,11.590000026718812,60728749.0,,,,,
CONSOLIDATED EDISON INC,0.028754982855830443,Reduce 13.30%,546359.0,110.62999968884927,60443696.0,,,,,
BITDEER TECHNOLOGIES GROUP,0.028736346066091822,"Add 1,791.75%",3806208.0,15.870000010509147,60404521.0,,,,,
T1 ENERGY INC,0.028730540236303174,Add 15.32%,26630833.0,2.2677592172952306,60392317.0,,,,,
PROGRESSIVE CORP,0.028640095075064445,Reduce 40.60%,275588.0,218.450001451442,60202199.0,,,,,
PEMBINA PIPELINE CORP,0.028524303404049482,Reduce 25.66%,1297219.0,46.22103284025288,59958802.0,,,,,
BURLINGTON STORES INC,0.028506836438585714,Add 2.02%,189148.0,316.7999978852539,59922086.0,,,,,
SENTINELONE INC,0.028377150071517244,Add 336.02%,3514996.0,16.96999996586056,59649482.0,,,,,
INVITATION HOMES INC,0.028053214359823258,"Add 3,168.29%",1951955.0,30.210000230538103,58968561.0,,,,,
ELBIT SYS LTD,0.02803620980558159,Add 22.50%,77674.0,758.7199963951902,58932817.0,,,,,
ELEVANCE HEALTH INC FORMERLY,0.027932537399878467,Reduce 63.34%,151824.0,386.72999657498156,58714895.0,,,,,
KIMBERLY-CLARK CORP,0.027801871025487434,Reduce 71.66%,532388.0,109.77000045079905,58440231.0,,,,,
ARRAY TECHNOLOGIES INC,0.027741942626249048,Add 35.09%,55781592.0,1.0454032936170055,58314260.0,,,,,
GROUPON INC,0.02763127791587258,Add 4.68%,36769902.0,1.5795973565553696,58081640.0,,,,,
LENNOX INTL INC,0.0276301975291592,Buy 100%,101369.0,572.950004439227,58079369.0,,,,,
ULTRAGENYX PHARMACEUTICAL IN,0.02748356559858111,Add 37.21%,1730193.0,33.390000421918245,57771145.0,,,,,
IBOTTA INC,0.027473054782180723,,1690546.0,34.15999978705105,57749051.0,,,,,
INSIGHT ENTERPRISES INC,0.027373962245649613,Add 48.38%,472420.0,121.8,57540756.0,,,,,
QUANTUMSCAPE CORP,0.027270252257141404,Reduce 64.70%,7582375.0,7.56,57322755.0,,,,,
NATIONAL GRID PLC,0.027144607706680958,Add 63.99%,688532.0,82.87000023237844,57058647.0,,,,,
AUTONATION INC,0.027124485682543765,Add 50.97%,306886.0,185.79000019551233,57016350.0,,,,,
CADENCE DESIGN SYSTEM INC,0.027118599454096136,Reduce 83.52%,151881.0,375.32000052672817,57003977.0,,,,,
ADIENT PLC,0.027094944170548897,Reduce 5.62%,3098708.0,18.379999987091395,56954253.0,,,,,
GSK PLC,0.02708373402853483,"Add 3,632.13%",1086049.0,52.42000038672288,56930689.0,,,,,
NOVAVAX INC,0.027031335035070356,Reduce 25.48%,6031905.0,9.419999983421489,56820545.0,,,,,
FMC CORP,0.02685841607312539,Reduce 19.34%,4909310.0,11.5,56457065.0,,,,,
ATLASSIAN CORPORATION,0.026693937543178954,Reduce 64.33%,721318.0,77.78999969500276,56111327.0,,,,,
MOLINA HEALTHCARE INC,0.02669153890389722,Add 32.05%,245327.0,228.70000040761923,56106285.0,,,,,
CROWN HLDGS INC,0.026688061780828942,Add 30.50%,501690.0,111.82000039865255,56098976.0,,,,,
AMERICAN HOMES 4 RENT,0.026596175628240674,Add 14.23%,1667835.0,33.519999880084065,55905829.0,,,,,
POWELL INDS INC,0.026562637969881935,Add 117.26%,194983.0,286.36000061543825,55835332.0,,,,,
QUANTA SVCS INC,0.0264897563476441,Add 22.99%,77332.0,720.0399963792479,55682133.0,,,,,
LIBERTY ENERGY INC,0.0262690287275043,Reduce 6.61%,2108368.0,26.19000003794404,55218158.0,,,,,
FIGMA INC,0.026193585290008203,Buy 100%,3043647.0,18.08999992443276,55059574.0,,,,,
BAUSCH PLUS LOMB CORP,0.02617914873553703,Add 5.45%,3323021.0,16.56000007222344,55029228.0,,,,,
CRISPR THERAPEUTICS AG,0.02615688449150978,Add 606.46%,1008112.0,54.53999952386243,54982428.0,,,,,
GOLD FIELDS LTD,0.026038858308653018,"Add 1,381.35%",1629483.0,33.59000001841075,54734334.0,,,,,
WOLFSPEED INC,0.02591230701355335,Add 92.33%,1800255.0,30.255891526478194,54468320.0,,,,,
LIBERTY GLOBAL LTD,0.0258458192254977,Add 115.39%,4842938.0,11.218099632908784,54328561.0,,,,,
OMEGA HEALTHCARE INVS INC,0.02572577451299548,Reduce 33.69%,1134149.0,47.67999971785012,54076224.0,,,,,
BALL CORP,0.025685456726306045,Add 162.46%,865248.0,62.399999768852396,53991475.0,,,,,
BUTTERFLY NETWORK INC,0.025607497619527558,Add 470.64%,6392827.0,8.419999946815391,53827603.0,,,,,
STIFEL FINL CORP,0.025305694849908866,Add 22.50%,762408.0,69.76999979013861,53193206.0,,,,,
RAYMOND JAMES FINL INC,0.02527385365082793,Add 147.08%,349446.0,152.02999891256445,53126275.0,,,,,
TEXTRON INC,0.025229114413625905,Reduce 34.95%,578134.0,91.7300003113465,53032232.0,,,,,
RALLIANT CORP,0.02493361556489621,Add 816.46%,711817.0,73.63000040740809,52411086.0,,,,,
WHIRLPOOL CORP,0.024899409027753235,Add 20.05%,1413804.0,37.02011240596292,52339183.0,,,,,
NOVAGOLD RESOURCES INC,0.024666322373519758,Reduce 8.92%,8684037.0,5.970636582962509,51849229.0,,,,,
FABRINET,0.024640308887886122,Add 618.95%,92148.0,562.0800017363372,51794548.0,,,,,
ILLINOIS TOOL WKS INC,0.02459356158713626,Reduce 81.08%,191135.0,270.4700028775473,51696284.0,,,,,
MAGNA INTL INC,0.024448492910957173,Reduce 51.20%,782414.0,65.68306037468655,51391346.0,,,,,
VULCAN MATLS CO,0.02437887480824983,Add 469.47%,173706.0,295.0099996545888,51245007.0,,,,,
DXC TECHNOLOGY CO,0.024311215292992492,Add 110.14%,5774326.0,8.849999982681961,51102785.0,,,,,
BLACKLINE INC,0.02426109838454081,"Add 323,741.83%",53514863.0,0.952958395875927,50997438.0,,,,,
SOLSTICE ADVANCED MATLS INC,0.02424188453223798,Add 17.98%,575136.0,88.60000069548768,50957050.0,,,,,
DELTA AIR LINES INC,0.02420926123022583,Reduce 38.31%,543332.0,93.65999977914056,50888475.0,,,,,
ALLEGION PLC,0.02417809366724623,Add 315.36%,361755.0,140.4900001382151,50822960.0,,,,,
BLOCK INC,0.02414522250901318,Reduce 0.13%,667814.0,76.0,50753864.0,,,,,
ROLLINS INC,0.02410845415661194,"Add 4,429.72%",1214101.0,41.74000021415022,50676576.0,,,,,
SOUTHWEST AIRLS CO,0.024087487232957817,Add 86.08%,984685.0,51.42000030466596,50632503.0,,,,,
ROYAL GOLD INC,0.023970481494618973,Add 710.51%,252425.0,199.6099990096068,50386554.0,,,,,
AVEPOINT INC,0.02396253915372079,Reduce 18.43%,4493297.0,11.20999991765512,50369859.0,,,,,
WATTS WATER TECHNOLOGIES INC,0.023771457706552052,"Add 4,087.96%",127649.0,391.4499996083009,49968201.0,,,,,
REMITLY GLOBAL INC,0.02367997592591727,Reduce 4.70%,2221147.0,22.409999878441184,49775904.0,,,,,
EQUIFAX INC,0.023668176352314538,Add 224.20%,313452.0,158.7199985962763,49751101.0,,,,,
SEMTECH CORP,0.023666083608522317,"Add 2,596.17%",307363.0,161.8500014640669,49746702.0,,,,,
MGM RESORTS INTERNATIONAL,0.023617220728858156,Add 323.88%,1038360.0,47.809999422165724,49643991.0,,,,,
FERMI INC,0.023613914869205478,Add 554.17%,5418891.0,9.160000081197426,49637042.0,,,,,
PACIRA BIOSCIENCES INC,0.02353916837866451,Reduce 1.63%,1950332.0,25.370000082037315,49479923.0,,,,,
APTARGROUP INC,0.02337191633284887,Reduce 18.58%,392399.0,125.2000005096853,49128355.0,,,,,
URBAN OUTFITTERS INC,0.023299244984026846,Add 202.06%,691160.0,70.8600005787372,48975598.0,,,,,
COMMVAULT SYS INC,0.023295225051077482,Reduce 53.66%,345496.0,141.72999976844883,48967148.0,,,,,
CANADIAN NAT RES LTD MED TER,0.02325738772952391,Add 38.22%,1237179.0,39.51539187134602,48887613.0,,,,,
CEREBRAS SYSTEMS INC,0.023166873587187234,Buy 100%,220350.0,221.0,48697350.0,,,,,
LINCOLN NATL CORP IND,0.023143126487419962,Add 53.23%,1376165.0,35.350000181664264,48647433.0,,,,,
ESTABLISHMENT LABS HLDGS INC,0.023142704989124917,Add 39.02%,566910.0,85.80999982360515,48646547.0,,,,,
DROPBOX INC,0.023128862623559517,Reduce 11.58%,1769838.0,27.470000079103286,48617450.0,,,,,
BOOST RUN INC,0.02308901533553126,Buy 100%,1250546.0,38.809999792090814,48533690.0,,,,,
LITHIUM ARGENTINA AG,0.02307980802401623,Add 104.17%,5866986.0,8.269038992082136,48514336.0,,,,,
MGP INGREDIENTS INC NEW,0.022822284459036002,Add 45.35%,48455377.0,0.9900452327509494,47973015.0,,,,,
AGREE RLTY CORP,0.022818654626088827,Add 85.46%,633290.0,75.74000063162217,47965385.0,,,,,
NETAPP INC,0.02279045705617466,Add 164.49%,309551.0,154.7600007753165,47906113.0,,,,,
LAUDER ESTEE COS INC,0.022774136604131946,Add 78.13%,606356.0,78.95000131935694,47871807.0,,,,,
KB HOME,0.022752890425964064,Add 9.48%,764134.0,62.58999992147974,47827147.0,,,,,
IMMUNOVANT INC,0.02274111701760538,Buy 100%,1240654.0,38.53000030629007,47802399.0,,,,,
BELLRING BRANDS INC,0.02266936573391047,Add 64.94%,3682502.0,12.940000032586541,47651576.0,,,,,
TAPESTRY INC,0.0224318052986763,Reduce 64.28%,322122.0,146.379998882411,47152218.0,,,,,
ON HLDG AG,0.022421569455204286,Add 281.08%,1330624.0,35.41999993987783,47130702.0,,,,,
AMC GLOBAL MEDIA INC,0.02235899075460958,Buy 100%,36274859.0,1.2956400464575204,46999160.0,,,,,
AMBARELLA INC,0.022273609757423627,Add 97.31%,545684.0,85.79999963348752,46819687.0,,,,,
MARKEL GROUP INC,0.022024523770051676,Add 128.97%,23705.0,1953.0099978907404,46296102.0,,,,,
DESCARTES SYS GROUP INC,0.021998163951733176,Reduce 33.08%,667861.0,69.23700141197045,46240693.0,,,,,
BOOT BARN HLDGS INC,0.021944709309604248,Add 31.75%,280808.0,164.26999943021568,46128330.0,,,,,
BIONTECH SE,0.021355251079958365,Add 82.21%,482421.0,93.04999989635608,44889274.0,,,,,
TARSUS PHARMACEUTICALS INC,0.02127595088548943,Reduce 10.19%,710559.0,62.93999935262237,44722583.0,,,,,
NETEASE COM INC,0.021092250415801095,Reduce 9.29%,346000.0,128.14,44336440.0,,,,,
ADMA BIOLOGICS INC,0.021002782407494675,Add 840.50%,5274597.0,8.36999983126673,44148376.0,,,,,
GUIDEWIRE SOFTWARE INC,0.02099956027662295,Reduce 4.08%,358729.0,123.04999874557117,44141603.0,,,,,
ALGONQUIN POWER &AMP; UTILITIES,0.020970421233654727,Add 120.95%,7517208.0,5.8639260746809185,44080352.0,,,,,
TRAVEL PLUS LEISURE CO,0.020884157278415045,Add 533.47%,574369.0,76.43000057454354,43899023.0,,,,,
CELSIUS HLDGS INC,0.020713959501851186,Add 60.99%,1487065.0,29.279999865506888,43541263.0,,,,,
ZOETIS INC,0.020689928865984766,Add 683.46%,605215.0,71.86000016523053,43490750.0,,,,,
FIRST HAWAIIAN INC,0.02066870076562186,Reduce 3.24%,1482803.0,29.300000067439843,43446128.0,,,,,
V2X INC,0.02066103149472521,Add 80.17%,582484.0,74.55999993132859,43430007.0,,,,,
WESTERN ALLIANCE BANCORP,0.02055397806375923,Add 304.94%,525608.0,82.20000076102342,43204978.0,,,,,
FULL TRUCK ALLIANCE CO LTD,0.020495527287212052,Reduce 52.80%,5305679.0,8.1199999095309,43082113.0,,,,,
ACADIA PHARMACEUTICALS INC,0.020436390505539075,Add 132.65%,1697937.0,25.299999941105,42957806.0,,,,,
IMPERIAL OIL LTD,0.020272137948154884,Add 48.08%,379898.0,112.16837940710401,42612543.0,,,,,
EVOLENT HEALTH INC,0.020269623706067618,Reduce 1.27%,25288561.0,1.6848431193850848,42607258.0,,,,,
SOUTH BOW CORP,0.02021860195590355,Add 130.88%,1207006.0,35.211100027671776,42500009.0,,,,,
ASANA INC,0.02018412234875904,Reduce 13.80%,6061076.0,7.0,42427532.0,,,,,
ORLA MNG LTD NEW,0.020109847784074375,Add 74.17%,4323060.0,9.778121284460545,42271405.0,,,,,
DILLARDS INC,0.020098573894011176,Add 13.83%,79951.0,528.4199947467824,42247707.0,,,,,
UROGEN PHARMA LTD,0.020059769409891206,Add 11.99%,1145819.0,36.79999982545236,42166139.0,,,,,
METHANEX CORP,0.02000895317582585,Add 99.91%,911381.0,46.1490002534615,42059322.0,,,,,
CENOVUS ENERGY INC,0.019996648375147114,Reduce 21.09%,1695447.0,24.791961647872213,42033457.0,,,,,
AGILON HEALTH INC,0.019893278059079828,Reduce 47.43%,390149.0,107.1800004613622,41816170.0,,,,,
COCA COLA CONS INC,0.019890411299795466,Reduce 42.91%,218993.0,190.92000200919665,41810144.0,,,,,
RYANAIR HOLDINGS PLC,0.019851398445186522,"Add 11,834.26%",644450.0,64.75000077585538,41728138.0,,,,,
WINGSTOP INC,0.01978508572640015,Add 67.08%,239829.0,173.41000045866014,41588747.0,,,,,
SALLY BEAUTY HLDGS INC,0.019736311808565752,Add 6.44%,2933962.0,14.140000109067534,41486223.0,,,,,
SPIRIT AEROSYSTEMS INC,0.019705982960590857,,26547000.0,1.5603447093833578,41422471.0,,,,,
STMICROELECTRONICS N V,0.019533978830724184,Add 107.48%,548283.0,74.89000023710383,41060914.0,,,,,
AAON INC,0.019531378481197414,Add 838.95%,323628.0,126.8599997528026,41055448.0,,,,,
AMERICAN ELEC PWR CO INC,0.01945972091664937,Add 186.21%,298990.0,136.81000033445935,40904822.0,,,,,
8X8 INC NEW,0.01945917477664631,,42569145.0,0.9608760993437853,40903674.0,,,,,
PEDIATRIX MEDICAL GROUP INC,0.019438313465431803,Reduce 5.58%,1613100.0,25.33,40859823.0,,,,,
PAGERDUTY INC,0.01938265190390026,Add 5.96%,4222054.0,9.649999976314845,40742821.0,,,,,
SOLVENTUM CORP,0.01932000850379299,Add 260.87%,526392.0,77.15000037994498,40611143.0,,,,,
REVOLUTION MEDICINES INC,0.019317677418414073,Reduce 35.39%,1717845.0,23.637896899894926,40606243.0,,,,,
TEXAS CAP BANCSHARES INC,0.019307669926162847,Add 40.30%,393039.0,103.25999964380125,40585207.0,,,,,
ASBURY AUTOMOTIVE GROUP INC,0.01920118880044398,Add 91.88%,200723.0,201.08000079711843,40361381.0,,,,,
OTTER TAIL CORP,0.01913533278409919,Add 11.92%,447021.0,89.98000093955318,40222950.0,,,,,
MONOLITHIC PWR SYS INC,0.019094359439113404,Add 10.75%,29035.0,1382.3600137764768,40136823.0,,,,,
VOYA FINANCIAL INC,0.019033295944014993,Add 964.65%,441936.0,90.52999981897831,40008466.0,,,,,
QFIN HOLDINGS INC,0.019015637734403807,Reduce 20.55%,2528232.0,15.810000031642666,39971348.0,,,,,
COPART INC,0.018973601129046204,Add 608.97%,1414792.0,28.189999660727512,39882986.0,,,,,
KEYCORP,0.018962379093739393,Add 62.44%,1729258.0,23.05000005782827,39859397.0,,,,,
PUBLIC SVC ENTERPRISE GROUP,0.018954378713572594,Reduce 30.47%,490914.0,81.159999511116,39842580.0,,,,,
SPHERE ENTERTAINMENT CO,0.018944994429861448,Reduce 22.29%,230150.0,173.0299978275038,39822854.0,,,,,
LYFT INC,0.018944241822296252,Add 572.48%,12007686.0,3.316315233426324,39821272.0,,,,,
ARMOUR RESIDENTIAL REIT INC,0.01888452655086394,Add 5.28%,2274828.0,17.45000017583747,39695749.0,,,,,
FTI CONSULTING INC,0.018868112855406072,Reduce 17.51%,266165.0,149.0100013149738,39661247.0,,,,,
GENWORTH FINL INC,0.01880760073335953,Reduce 29.09%,4174662.0,9.469999966464352,39534049.0,,,,,
PRUDENTIAL FINL INC,0.018693694387111232,Add 59.88%,364075.0,107.9300006866717,39294615.0,,,,,
VIPSHOP HLDGS LTD,0.018660388410095256,Add 69.57%,2958115.0,13.260000033805312,39224605.0,,,,,
TRANE TECHNOLOGIES PLC,0.01864633244099207,Reduce 27.23%,79801.0,491.1599979950126,39195059.0,,,,,
HOULIHAN LOKEY INC,0.018553683690472694,Add 109.91%,290765.0,134.12999845235842,39000309.0,,,,,
AMPLIFY ETF TR,0.018513992442445313,"Add 2,406.51%",1486988.0,26.17161470032038,38916877.0,,,,,
ENCOMPASS HEALTH CORP,0.018494005050382047,Reduce 31.97%,384595.0,101.08000104005512,38874863.0,,,,,
SIGMA LITHIUM CORPORATION,0.018415080683964,Add 22.99%,3059997.0,12.649999983660114,38708962.0,,,,,
NETSTREIT CORP,0.018411951320775725,Reduce 17.20%,1831632.0,21.12999991264621,38702384.0,,,,,
SIBANYE STILLWATER LTD,0.018323350095644893,Reduce 11.89%,4536648.0,8.490000105804992,38516142.0,,,,,
MADDEN STEVEN LTD,0.01823184595561974,Add 42.06%,910304.0,42.099999560586355,38323798.0,,,,,
USA TODAY CO INC,0.0182056654881559,Add 17.71%,4475879.0,8.550000122880892,38268766.0,,,,,
RAPID7 INC,0.01819799193567386,Add 93.59%,28492369.0,1.342557229972699,38252636.0,,,,,
BANCO BRADESCO S A,0.018194063818944523,Add 321.27%,11021435.0,3.469999959170471,38244379.0,,,,,
BALLARD PWR SYS INC NEW,0.018149136191985347,Add 18.37%,9804394.0,3.891106375365984,38149940.0,,,,,
TWILIO INC,0.018146025858065472,Reduce 36.41%,184866.0,206.33000119005118,38143402.0,,,,,
KROGER CO,0.01801829236966649,Add 0.81%,682062.0,55.53000020525993,37874903.0,,,,,
VERSANT MEDIA GROUP INC,0.017833131403628504,Add 841.45%,1040980.0,36.01000019212665,37485690.0,,,,,
SATELLOGIC INC,0.01771845722640029,Add 284.64%,6511301.0,5.720000043002159,37244642.0,,,,,
RUBRIK INC.,0.01763939061620096,Add 2.90%,461864.0,80.28000017321116,37078442.0,,,,,
VIRIDIAN THERAPEUTICS INC,0.017603878195514077,"Add 1,122.32%",15432222.0,2.3978267031150797,37003794.0,,,,,
LIBERTY BROADBAND CORP,0.017599071402316396,Reduce 11.11%,1112006.0,33.26752733348561,36993690.0,,,,,
NORTHERN OIL &AMP; GAS INC,0.017563201707115318,"Add 14,181.80%",38533000.0,0.9580954247009057,36918291.0,,,,,
PAR TECHNOLOGY CORP,0.017547343190563003,Add 0.73%,29131216.0,1.2661660261624506,36884956.0,,,,,
ALAMOS GOLD INC,0.017542529261389675,Add 786.98%,1215856.0,30.32829298864339,36874837.0,,,,,
BUNGE GLOBAL SA,0.017484622721918718,Add 202.60%,344356.0,106.73000034847658,36753116.0,,,,,
ENVIRI CORP,0.017350704245558235,Reduce 66.64%,1661577.0,21.95000051156221,36471616.0,,,,,
KINIKSA PHARMACEUTICALS INTL,0.017333711108877606,Reduce 40.60%,569756.0,63.94999964897254,36435896.0,,,,,
ANAPTYSBIO INC,0.017329695933245345,Reduce 6.84%,539666.0,67.50000185299797,36427456.0,,,,,
ALIGN TECHNOLOGY INC,0.01732651899688607,Add 199.41%,215942.0,168.66000129664448,36420778.0,,,,,
FLAGSTAR BANK NATIONAL ASSOC,0.017135662570816154,Add 231.34%,2410950.0,14.94,36019593.0,,,,,
ANGLOGOLD ASHANTI PLC,0.01708659607798012,Add 261.26%,444016.0,80.88999945947894,35916454.0,,,,,
OPENLANE INC,0.017071606247530235,Add 13.86%,870149.0,41.24000027581483,35884945.0,,,,,
LITHIA MTRS INC,0.017059242931851175,Add 212.67%,123443.0,290.48999943293666,35858957.0,,,,,
ASSURANT INC,0.01704927968264898,Add 213.36%,133460.0,268.5300014985763,35838014.0,,,,,
SUPERNUS PHARMACEUTICALS,0.016985638673145877,Add 23.33%,767668.0,46.510000416846864,35704239.0,,,,,
COGENT BIOSCIENCES INC,0.016983592075329523,Reduce 50.63%,922479.0,38.699999674789346,35699937.0,,,,,
TXNM ENERGY INC,0.016965446240715606,Reduce 2.00%,24418394.0,1.460447972131173,35661794.0,,,,,
VERISK ANALYTICS INC,0.016920970083149207,Reduce 83.52%,198119.0,179.529999646677,35568304.0,,,,,
NEW YORK TIMES CO MTN BE,0.01688705136369077,Add 29.96%,507245.0,69.98000177429053,35497006.0,,,,,
NUVATION BIO INC,0.01676245342299229,"Add 7,187.79%",28640000.0,1.2302757681564245,35235098.0,,,,,
ARROWHEAD PHARMACEUTICALS IN,0.01673455556405541,Reduce 63.82%,431560.0,81.51000092686996,35176456.0,,,,,
KEURIG DR PEPPER INC,0.016652379571399624,"Add 1,691.29%",1069469.0,32.72999965403392,35003720.0,,,,,
SOUTHSTATE BK CORP,0.01653002089986004,Buy 100%,347813.0,99.90000086253245,34746519.0,,,,,
AMERESCO INC,0.016521277902493955,Reduce 1.08%,1258266.0,27.599999523153294,34728141.0,,,,,
OMEROS CORP,0.01650509398545201,Add 36.64%,18380000.0,1.887601849836779,34694122.0,,,,,
NOVA LTD,0.016504972198134255,Add 41.06%,63900.0,542.94,34693866.0,,,,,
NOVANTA INC,0.01649977340200755,Add 22.84%,497634.0,69.69567593854117,34682938.0,,,,,
SOUTHERN CO,0.016410959524802354,Add 13.56%,408257.0,84.4964054504883,34496249.0,,,,,
EVERFORTH INC,0.016348534009818262,Buy 100%,1923057.0,17.870000213202207,34365029.0,,,,,
TFI INTERNATIONAL INC,0.016319591919777967,Buy 100%,238717.0,143.70234210383006,34304192.0,,,,,
STRIDE INC,0.016319027226238215,Add 0.59%,15566465.0,2.2036477132091328,34303005.0,,,,,
PROSPERITY BANCSHARES INC,0.016290533275468727,Add 58.79%,468891.0,73.03000057582679,34243110.0,,,,,
AZENTA INC,0.016282634226156154,Add 97.48%,1341164.0,25.520000536847096,34226506.0,,,,,
UBS GROUP AG,0.01623381796819957,Reduce 53.05%,688537.0,49.55999895430456,34123893.0,,,,,
DAVE INC,0.016221168737762807,Reduce 11.20%,140400.0,242.8582905982906,34097304.0,,,,,
VENTAS INC,0.01613268026104724,Reduce 9.82%,381884.0,88.79999947628076,33911299.0,,,,,
E L F BEAUTY INC,0.016094807735347126,Add 117.13%,457185.0,74.0,33831690.0,,,,,
TOAST INC,0.016043014348349465,Reduce 54.03%,1212179.0,27.819999356530676,33722819.0,,,,,
POOL CORP,0.016032145781703172,Reduce 9.80%,156817.0,214.8999980869421,33699973.0,,,,,
PLEXUS CORP,0.01602386043824209,Reduce 31.67%,112025.0,300.67000223164473,33682557.0,,,,,
IAMGOLD CORP,0.01598790891718689,Add 51.99%,2121244.0,15.843055301511754,33606986.0,,,,,
ARGAN INC,0.015883433476357314,Add 57.78%,41810.0,798.5500119588615,33387376.0,,,,,
CULLEN FROST BANKERS INC,0.01588214329195984,Add 3.62%,216054.0,154.5199996297222,33384664.0,,,,,
MADISON SQUARE GARDEN ENTMT,0.015859907591835188,Add 30.02%,412139.0,80.8900007036461,33337924.0,,,,,
BILL HOLDINGS INC,0.01584241303393224,Reduce 0.75%,28075900.0,1.186111576120445,33301150.0,,,,,
KBR INC,0.015831602030822855,Reduce 46.95%,963754.0,34.5299993566823,33278425.0,,,,,
ROYAL CARIBBEAN GROUP,0.015759239431880616,Reduce 35.18%,104325.0,317.52999760364247,33126317.0,,,,,
ASTRONICS CORP,0.015717204729449853,Reduce 33.18%,406571.0,81.2599988685863,33037959.0,,,,,
NU HLDGS LTD,0.01569706890909307,Reduce 38.25%,2469733.0,13.360000048588248,32995633.0,,,,,
SOLAREDGE TECHNOLOGIES INC,0.015669072573692225,Add 1.18%,563600.0,58.44,32936784.0,,,,,
PG&AMP;E CORP,0.015635947850457754,"Add 8,414.33%",10271600.0,3.1998086958214884,32867155.0,,,,,
TAKEDA PHARMACEUTICAL CO LTD,0.015629192935907688,Reduce 21.25%,2049467.0,16.029999995120683,32852956.0,,,,,
VALARIS LTD,0.015583462749553773,Add 4.83%,451196.0,72.60000088653268,32756830.0,,,,,
HAPPEN INC,0.015550729553516615,Buy 100%,1576086.0,20.740000228413933,32688024.0,,,,,
APOGEE THERAPEUTICS INC,0.015538822464547427,Add 318.26%,246086.0,132.73000089399642,32662995.0,,,,,
CAREDX INC,0.015424797185371633,Add 30.03%,1137660.0,28.50000087899724,32423311.0,,,,,
SERVICE CORP INTL,0.015396604372774564,Add 0.09%,426067.0,75.95999924894441,32364049.0,,,,,
BRIGHT HORIZONS FAM SOL IN D,0.015328814031296979,Reduce 10.89%,454593.0,70.88000035196319,32221552.0,,,,,
DOLLAR TREE INC,0.01532461902907834,Add 11.11%,266331.0,120.94999831037319,32212734.0,,,,,
ENERPAC TOOL GROUP CORP,0.015289961974006009,Add 25.33%,896260.0,35.86000044629907,32139884.0,,,,,
NEOGENOMICS INC,0.015233651990153758,Reduce 47.29%,2194758.0,14.589999899761159,32021519.0,,,,,
AFLAC INC,0.015208069517449371,Add 154.92%,272646.0,117.25000183387984,31967744.0,,,,,
PAN AMERN SILVER CORP,0.015171737411026186,Reduce 10.78%,712033.0,44.78917831055583,31891373.0,,,,,
TRONOX HOLDINGS PLC,0.015164287452447836,Add 38.91%,5059637.0,6.299999980235737,31875713.0,,,,,
FIRST MAJESTIC SILVER CORP,0.015135320148626914,Reduce 64.54%,1875874.0,16.959999978676606,31814823.0,,,,,
DENTSPLY SIRONA INC,0.015077821311231414,Add 22.79%,2987178.0,10.610000140600928,31693959.0,,,,,
MATTEL INC,0.015059949973814156,Reduce 41.27%,2280720.0,13.879999736925182,31656393.0,,,,,
CLOROX CO DEL,0.01499461631088693,Add 1.97%,330250.0,95.44,31519060.0,,,,,
HARMONY GOLD MNG LTD,0.0149430389060856,Reduce 13.71%,2065131.0,15.210000237273084,31410643.0,,,,,
TRINITY INDS INC,0.014913524510798195,Reduce 7.54%,906553.0,34.58000028680066,31348603.0,,,,,
V F CORP,0.014722471607532057,Add 22.55%,1855336.0,16.680000280272683,30947005.0,,,,,
INTERFACE INC,0.014711257659664315,Reduce 12.19%,862819.0,35.84000004635966,30923433.0,,,,,
AVIS BUDGET GROUP INC,0.014673745738600369,Reduce 43.20%,208649.0,147.83000158160357,30844582.0,,,,,
PENGUIN SOLUTIONS INC,0.014667968928446035,"Add 1,727.50%",4256454.0,7.243691344955214,30832439.0,,,,,
RAYONIER INC,0.014660074636450561,Reduce 31.83%,1448113.0,21.280000248599386,30815845.0,,,,,
ALLSTATE CORP,0.014658491401319735,Reduce 17.30%,129497.0,237.94000633219304,30812517.0,,,,,
GARMIN LTD,0.014655771643133756,Reduce 37.31%,129691.0,237.53999892051107,30806800.0,,,,,
FLUTTER ENTMT PLC,0.014654560905931847,Reduce 3.39%,301500.0,102.17,30804255.0,,,,,
HARMONIC INC,0.014616029967545118,Reduce 39.35%,1881400.0,16.33,30723262.0,,,,,
COMPASS DIVERSIFIED,0.014565797932019621,Reduce 7.89%,2872202.0,10.659999888587222,30617673.0,,,,,
IONIS PHARMACEUTICALS INC,0.014505181624728596,Reduce 10.49%,384541.0,79.29000028605532,30490256.0,,,,,
EMCOR GROUP INC,0.014454030951271119,Add 68.13%,36611.0,829.8799814263473,30382736.0,,,,,
EXTREME NETWORKS INC,0.01444747298964899,Reduce 36.20%,938182.0,32.36999963759697,30368951.0,,,,,
WAFD INC,0.0144308723316291,Add 43.26%,790567.0,38.370000265632136,30334056.0,,,,,
ARRIVENT BIOPHARMA INC,0.01441165562493601,Add 136.45%,872011.0,34.73999983945156,30293662.0,,,,,
STANTEC INC,0.014324339826885555,Add 43.47%,437000.0,68.90188100686498,30110122.0,,,,,
RIO TINTO PLC,0.014313394191702243,Reduce 9.29%,316940.0,94.92999936896574,30087114.0,,,,,
TAYSHA GENE THERAPIES INC,0.014250458216593336,Reduce 0.65%,4398652.0,6.810000200061292,29954821.0,,,,,
BORR DRILLING LTD,0.014242449273255754,Add 16.14%,7248907.0,4.130000012415665,29937986.0,,,,,
NUSCALE PWR CORP,0.014102512790763974,Add 264.52%,2955517.0,10.030000165791636,29643836.0,,,,,
MGIC INVT CORP WIS,0.014098852035255646,Add 18.02%,1050927.0,28.19999961938365,29636141.0,,,,,
COSTAR GROUP INC,0.014056521903432987,Reduce 82.35%,1043332.0,28.319999769967758,29547162.0,,,,,
TORM PLC,0.014035659165023348,Add 87.78%,1132130.0,26.060000176658157,29503308.0,,,,,
ROYALTY PHARMA PLC,0.014007036290960456,Reduce 53.20%,525114.0,56.07000003808697,29443142.0,,,,,
FIVE9 INC,0.013900068015970561,"Add 10,560.67%",30118958.0,0.970096375844078,29218292.0,,,,,
REX AMERICAN RES CORP,0.013888442084441973,Add 0.42%,646597.0,45.1499991493929,29193854.0,,,,,
ARVINAS INC,0.013817494787336937,Reduce 3.94%,3495153.0,8.309999876972482,29044721.0,,,,,
BLOCK H &AMP; R INC,0.013794632072818527,Reduce 36.20%,761467.0,38.07999952722837,28996663.0,,,,,
REGENERON PHARMACEUTICALS,0.013727504901344662,Add 51.58%,46277.0,623.5399874667761,28855560.0,,,,,
EVERPURE INC,0.013706822465253107,Reduce 42.72%,365682.0,78.79000060161562,28812085.0,,,,,
COLUMBIA BKG SYS INC,0.013687580544779386,Buy 100%,897711.0,32.05000050127491,28771638.0,,,,,
HALLIBURTON CO,0.013647090543210942,Add 39.89%,844964.0,33.9499990532141,28686527.0,,,,,
HONDA MOTOR CO LTD,0.013611224178131832,Add 38.07%,1055372.0,27.110000075802656,28611135.0,,,,,
VALERO ENERGY CORP,0.013599959802702833,Add 965.69%,109766.0,260.43999963558844,28587457.0,,,,,
ESSENT GROUP LTD,0.013568422596184576,Add 34.71%,443702.0,64.28000099165656,28521165.0,,,,,
VNET GROUP INC,0.013506981370108438,Add 27.16%,3531345.0,8.040000056635645,28392014.0,,,,,
VANGUARD WORLD FD,0.013502075148983373,"Add 6,009.69%",230030.0,123.38260661652828,28381701.0,,,,,
EOG RES INC,0.013494289323817778,Add 95.47%,218649.0,129.73000105191426,28365335.0,,,,,
PBF ENERGY INC,0.013492360707465501,Reduce 53.75%,623051.0,45.51999916539737,28361281.0,,,,,
EVOLV TECHNOLOGIES HLDNGS IN,0.013371381657884871,Add 186.96%,4846031.0,5.800000041270888,28106980.0,,,,,
CHUBB LIMITED,0.01333814228330829,Buy 100%,82283.0,340.7400070488436,28037110.0,,,,,
MUELLER INDS INC,0.013336693204519679,Reduce 33.09%,228049.0,122.93000188555968,28034064.0,,,,,
WABASH NATL CORP,0.013284811331423962,Reduce 8.59%,2068519.0,13.500000241718833,27925007.0,,,,,
ACV AUCTIONS INC,0.013274408030390032,Reduce 31.42%,3880826.0,7.190000015460626,27903139.0,,,,,
FEDERAL RLTY INVT TR NEW,0.013265119844484304,Buy 100%,225888.0,123.44000123955234,27883615.0,,,,,
INVESCO EXCHANGE TRADED FD T,0.013221958609364301,Add 175.76%,417337.0,66.59579428615244,27792889.0,,,,,
HILTON GRAND VACATIONS INC,0.013179368252296276,Add 194.27%,528993.0,52.36999922494248,27703363.0,,,,,
BITMINE IMMERSION TECHS INC,0.013108489936289186,Buy 100%,2070201.0,13.309999850256085,27554375.0,,,,,
GXO LOGISTICS INCORPORATED,0.013004973570586938,Add 84.92%,539187.0,50.70000018546441,27336781.0,,,,,
ALUMIS INC,0.012961836122052432,Add 69.23%,968234.0,28.140000247873964,27246105.0,,,,,
TEXAS PACIFIC LAND CORPORATI,0.012955821446043105,Add 24.15%,62228.0,437.6400012855949,27233462.0,,,,,
BROOKFIELD INFRASTRUCTURE CO,0.012942628929993538,Reduce 35.18%,706616.0,38.50143642374359,27205731.0,,,,,
INTER &AMP; CO INC,0.012901882509033414,Add 113.34%,4994490.0,5.430000060066193,27120081.0,,,,,
SYNDAX PHARMACEUTICALS INC,0.012894895913140591,Reduce 22.59%,1239954.0,21.860000451629656,27105395.0,,,,,
CLEARWAY ENERGY INC,0.012874469896440718,Reduce 6.05%,791763.0,34.179999570578566,27062459.0,,,,,
UFP INDUSTRIES INC,0.012859111849647305,Reduce 11.28%,297886.0,90.740001208516,27030176.0,,,,,
OCEANAGOLD CORP,0.012812500132434786,Buy 100%,1075544.0,25.04053483632469,26932197.0,,,,,
DUKE ENERGY CORP NEW,0.012808153371800664,Reduce 99.81%,212696.0,126.58000150449467,26923060.0,,,,,
ORMAT TECHNOLOGIES INC,0.012796840471737247,Add 49.20%,247009.0,108.89999959515646,26899280.0,,,,,
BAIDU INC,0.012766399351078794,Reduce 66.70%,234800.0,114.29,26835292.0,,,,,
AXCELIS TECHNOLOGIES INC,0.012766001639369246,Reduce 73.98%,141644.0,189.45000141199063,26834456.0,,,,,
COTY INC,0.012755992719922893,Reduce 3.12%,12413619.0,2.159999996777733,26813417.0,,,,,
GE HEALTHCARE TECHNOLOGIES I,0.01273147350759032,Reduce 12.97%,418089.0,64.01000026310187,26761877.0,,,,,
DEERE &AMP; CO,0.01265023613359833,Reduce 81.20%,41920.0,634.3300095419847,26591114.0,,,,,
BEST BUY INC,0.012639861376467,Add 437.54%,350149.0,75.87999965728875,26569306.0,,,,,
OMADA HEALTH INC,0.012552263469512524,Add 675.56%,1202058.0,21.94999991680934,26385173.0,,,,,
QNITY ELECTRONICS INC,0.012523754295328315,Reduce 83.22%,161198.0,163.31000384620157,26325246.0,,,,,
INTERCONTINENTAL HOTELS GROU,0.012501552372155073,Add 38.08%,151794.0,173.11999815539482,26278577.0,,,,,
MYRIAD GENETICS INC,0.012446898886116987,Add 1.83%,4582083.0,5.710000015276894,26163694.0,,,,,
CENCORA INC,0.012388910045060203,Reduce 31.51%,92027.0,282.979995001467,26041800.0,,,,,
ANTERO RESOURCES CORP,0.012375835510474715,Reduce 70.92%,740305.0,35.13999905444378,26014317.0,,,,,
DOLLAR GEN CORP,0.012278891854077602,Add 17.48%,224225.0,115.10999665514551,25810539.0,,,,,
WHEATON PRECIOUS METALS CORP,0.012200845212664475,Add 811.38%,228319.0,112.32741471362436,25646483.0,,,,,
GREEN PLAINS INC,0.012182321647072829,Add 41.30%,1664990.0,15.379999879879158,25607546.0,,,,,
COMCAST CORP NEW,0.012176164251550508,Add 13.54%,1042550.0,24.550000479593304,25594603.0,,,,,
BROOKFIELD ASSET MANAGMT LTD,0.012099753175756303,Reduce 71.03%,567472.0,44.8198060873488,25433985.0,,,,,
HIMAX TECHNOLOGIES INC,0.012081915615290456,Add 299.79%,1655573.0,15.340000108723686,25396490.0,,,,,
CABLE ONE INC,0.012064568058485891,Add 21.70%,477500.0,53.11,25360025.0,,,,,
COPA HOLDINGS SA,0.012012643369536273,Add 476.41%,162312.0,155.57000098575583,25250878.0,,,,,
KOREA ELEC PWR CORP,0.012003459844606743,"Add 2,019.72%",2085254.0,12.100000287734732,25231574.0,,,,,
HAYWARD HLDGS INC,0.01199702081591211,Add 81.96%,1456848.0,17.31000008236961,25218039.0,,,,,
BROWN FORMAN CORP,0.011989504730626072,Reduce 38.63%,944738.0,26.67643304281187,25202240.0,,,,,
KODIAK GAS SVCS INC,0.011966686259156692,Add 77.91%,334810.0,75.12999910396941,25154275.0,,,,,
VERTEX INC,0.011959521263872622,Add 33.61%,2189827.0,11.480000018266283,25139214.0,,,,,
COUPANG INC,0.011957350500079967,Reduce 78.39%,1447015.0,17.370000310985027,25134651.0,,,,,
FERGUSON ENTERPRISES INC,0.011925407970144804,Add 19.64%,105623.0,237.3300038817303,25067507.0,,,,,
G III APPAREL GROUP LTD,0.011903945809780587,Add 6.86%,742284.0,33.709999137796316,25022393.0,,,,,
VERRA MOBILITY CORP,0.011886194356754245,Add 119.93%,5878842.0,4.250000085050764,24985079.0,,,,,
BLACK HILLS CORP,0.011876073164624338,Reduce 3.49%,335535.0,74.4,24963804.0,,,,,
STONECO LTD,0.011830785408760706,Reduce 19.08%,2294152.0,10.84000013948509,24868608.0,,,,,
STUBHUB HLDGS INC,0.011786789264489679,Buy 100%,1925107.0,12.869999953249351,24776127.0,,,,,
BP PLC,0.011705381102813805,Add 84.03%,665900.0,36.95,24605005.0,,,,,
ATMUS FILTRATION TECHNOLOGIE,0.011692847475182566,Reduce 70.26%,482029.0,50.99000060162356,24578659.0,,,,,
CRONOS GROUP INC,0.01168059405352851,Add 16.04%,8840503.0,2.777319571069655,24552902.0,,,,,
HELEN OF TROY LTD,0.011670276384202379,Reduce 6.12%,843867.0,29.070000367356467,24531214.0,,,,,
TOYOTA MOTOR CORP,0.011631016624835953,Add 92.18%,145165.0,168.41999793338616,24448689.0,,,,,
LIFE360 INC,0.011602099748576287,"Add 19,621.45%",20628241.0,1.1822580994666487,24387905.0,,,,,
SENSIENT TECHNOLOGIES CORP,0.011573344145366307,Reduce 1.48%,197319.0,123.29000248328848,24327460.0,,,,,
TRINET GROUP INC,0.01156138044432363,Add 20.37%,491055.0,49.490000101821586,24302312.0,,,,,
VERACYTE INC,0.011540139499204558,Add 880.27%,413037.0,58.72999997578909,24257663.0,,,,,
FIRSTENERGY CORP,0.011521521738734334,Add 712.99%,10279752.0,2.3559447737649704,24218528.0,,,,,
TETRA TECHNOLOGIES INC DEL,0.011516074610655017,,2136547.0,11.330000229342017,24207078.0,,,,,
BRP INC,0.011491556825517574,Add 270.46%,395863.0,61.019951346804326,24155541.0,,,,,
GLOBANT S A,0.011488987874283662,Reduce 45.16%,834490.0,28.940000479334685,24150141.0,,,,,
INTAPP INC,0.011469537583320968,Add 10.81%,956337.0,25.210000240500996,24109256.0,,,,,
AEROVIRONMENT INC,0.01137422283229884,"Add 65,693.44%",22857300.0,1.0460072712000106,23908902.0,,,,,
COMMERCE BANCSHARES INC,0.011373427408879748,Reduce 38.61%,413978.0,57.75000120779365,23907230.0,,,,,
AURINIA PHARMACEUTICALS INC,0.011370700514718122,Reduce 10.46%,1408456.0,16.969999772800854,23901498.0,,,,,
HUDSON PACIFIC PROPERTIES IN,0.011359238234897767,Reduce 5.27%,1571916.0,15.189999974553348,23877404.0,,,,,
VEEVA SYS INC,0.011357691155376898,Reduce 86.54%,134525.0,177.47000185839065,23874152.0,,,,,
AEVA TECHNOLOGIES INC,0.01134821315251889,Buy 100%,830579.0,28.720000144477527,23854229.0,,,,,
KT CORP,0.011327586852769115,Add 18.10%,1377944.0,17.279999767769954,23810872.0,,,,,
COEUR MNG INC,0.0112912295325653,Add 8.63%,1454303.0,16.320153365564124,23734448.0,,,,,
CATHAY GEN BANCORP,0.011285819987291073,Reduce 15.34%,382692.0,61.989999790954606,23723077.0,,,,,
MELCO RESORTS AND ENTMNT LTD,0.011285141593872635,Add 7.71%,4501262.0,5.270000057761579,23721651.0,,,,,
EDISON INTL,0.011262287442525007,Reduce 72.10%,317980.0,74.45,23673611.0,,,,,
CEVA INC,0.01125472758992165,Add 6.65%,501648.0,47.16000063789749,23657720.0,,,,,
CHURCHILL CAP CORP XI,0.0112313958039372,,1426898.0,16.545454545454547,23608676.0,,,,,
CVB FINL CORP,0.01121680653958712,Add 7.87%,1045588.0,22.54999961744014,23578009.0,,,,,
HALEON PLC,0.011208707207224644,"Add 1,107.90%",2525293.0,9.330000122758033,23560984.0,,,,,
INGREDION INC,0.011161543641228544,Reduce 7.78%,247723.0,94.70999866786693,23461845.0,,,,,
WP CAREY INC,0.011100769866741514,Reduce 42.12%,326351.0,71.50000153209275,23334097.0,,,,,
HARTFORD INSURANCE GROUP INC,0.011059109565166508,Add 318.23%,175419.0,132.52000068407642,23246526.0,,,,,
ACUSHNET HLDGS CORP,0.010951432449928739,Add 28.38%,194214.0,118.53000298639645,23020186.0,,,,,
PATTERN GROUP INC,0.010940106705109151,Buy 100%,912917.0,25.189999748060337,22996379.0,,,,,
SCIENCE APPLICATIONS INTL CO,0.010840010374669976,Add 692.41%,206376.0,110.40999922471605,22785974.0,,,,,
OMNICOM GROUP INC,0.01082330267701534,Add 11.55%,312383.0,72.83000035213183,22750854.0,,,,,
USA RARE EARTH INC,0.010735398398839635,Add 70.81%,1045694.0,21.5800004590253,22566077.0,,,,,
PATHWARD FINANCIAL INC,0.01060388046468773,Add 93.36%,256026.0,87.05999781272214,22289623.0,,,,,
MOLSON COORS BEVERAGE CO,0.01058077560272894,Reduce 55.21%,570869.0,38.95999957958831,22241056.0,,,,,
SCHWAB STRATEGIC TR,0.010496134844083724,Reduce 11.86%,803250.0,27.46733769063181,22063139.0,,,,,
REPLIMUNE GROUP INC,0.010479846741797293,Reduce 14.83%,1989964.0,11.069999758789606,22028901.0,,,,,
VISHAY PRECISION GROUP INC,0.010435522818378088,Buy 100%,146326.0,149.91000232357885,21935731.0,,,,,
HANCOCK WHITNEY CORPORATION,0.010400885744037577,Add 422.44%,292598.0,74.72000150376968,21862923.0,,,,,
DOLBY LABORATORIES INC,0.010380924041486649,Add 5.88%,415005.0,52.58000024096095,21820963.0,,,,,
ATMOS ENERGY CORP,0.01034861567386651,Buy 100%,126273.0,172.27000229661132,21753050.0,,,,,
CENTRUS ENERGY CORP,0.010330589723643507,Reduce 66.51%,129357.0,167.86999543897895,21715159.0,,,,,
HERCULES CAPITAL INC,0.01030409384605595,Reduce 11.33%,1373460.0,15.769999854382363,21659464.0,,,,,
Q2 HLDGS INC,0.010291423207692238,Reduce 8.94%,449747.0,48.09999844356938,21632830.0,,,,,
ONE GAS INC,0.010290298577929836,Add 10.21%,280660.0,77.069999287394,21630466.0,,,,,
RITHM CAPITAL CORP,0.010289418474266366,Reduce 15.62%,2303367.0,9.389999943560882,21628616.0,,,,,
GENPACT LIMITED,0.010288016968648752,Reduce 9.43%,786388.0,27.5,21625670.0,,,,,
UNIVERSAL HLTH SVCS INC,0.01027448382869484,Add 38.75%,145250.0,148.69000344234078,21597223.0,,,,,
LIGAND PHARMACEUTICALS INC,0.010152502888132983,Reduce 22.60%,67515.0,316.0899948159668,21340816.0,,,,,
MINERALS TECHNOLOGIES INC,0.010138238072809114,Reduce 21.57%,288101.0,73.97000010413015,21310831.0,,,,,
AMPRIUS TECHNOLOGIES INC,0.010133187229244214,Add 33.07%,1536812.0,13.859999791776744,21300214.0,,,,,
RIGEL PHARMACEUTICALS INC,0.010096989754894954,Add 21.73%,542539.0,39.12000058981935,21224126.0,,,,,
AVISTA CORP,0.010059652427368573,Reduce 14.53%,516882.0,40.90999880049992,21145642.0,,,,,
PENSKE AUTOMOTIVE GRP INC,0.010044151185330457,Reduce 6.28%,117983.0,178.95000127136962,21113058.0,,,,,
PVH CORPORATION,0.010042502774955362,Add 0.26%,284266.0,74.2599994371469,21109593.0,,,,,
STELLANTIS N.V,0.010041065113727791,Reduce 33.67%,3677103.0,5.739999940170292,21106571.0,,,,,
GLOBALFOUNDRIES INC,0.010007520319393401,Add 195.17%,255261.0,82.40999996082441,21036059.0,,,,,
RANGE RES CORP,0.010005105029501813,Reduce 51.92%,565501.0,37.18999966401474,21030982.0,,,,,
AGNC INVT CORP,0.009996336818355099,Add 9.32%,1927757.0,10.899999844378726,21012551.0,,,,,
JAZZ PHARMACEUTICALS PLC,0.0099820230026651,Reduce 70.79%,87075.0,240.97000287108816,20982463.0,,,,,
GROUP 1 AUTOMOTIVE INC,0.00996254940084862,Add 7.98%,71922.0,291.1700036150274,20941529.0,,,,,
BRIXMOR PPTY GROUP INC,0.00993223625202015,Add 37.65%,662157.0,31.52999968285467,20877810.0,,,,,
KAISER ALUMINIUM CORPORATION,0.009908699425668695,Add 10.92%,106468.0,195.63000150279896,20828335.0,,,,,
TURNING PT BRANDS INC,0.00989670860791855,Add 68.54%,245291.0,84.81000118226922,20803130.0,,,,,
EVERSPIN TECHNOLOGIES INC,0.00986819800653921,Add 68.60%,857866.0,24.180000139881987,20743200.0,,,,,
LA Z BOY INC,0.009839665521501213,Add 16.63%,515534.0,40.119999844821095,20683224.0,,,,,
BERKLEY W R CORP,0.009742687136689273,Add 44.59%,290364.0,70.53000027551624,20479373.0,,,,,
FERRARI N V,0.009736099203969416,Reduce 48.52%,54972.0,372.2899839918504,20465525.0,,,,,
ONEMAIN HLDGS INC,0.00969182285372121,Reduce 13.14%,334139.0,60.970000508770305,20372455.0,,,,,
CHEGG INC,0.009689162561998978,,21257000.0,0.9581249941195842,20366863.0,,,,,
ALIGNMENT HEALTHCARE INC,0.009682670727084536,Add 654.53%,854818.0,23.81000049133266,20353217.0,,,,,
HYLIION HOLDINGS CORP,0.009665906893088123,Add 164.18%,3899804.0,5.210000041027703,20317979.0,,,,,
NUCOR CORP,0.009662592945996374,Add 777.77%,91183.0,222.74999725826086,20311013.0,,,,,
THERAVANCE BIOPHARMA INC,0.009586769398864001,Add 24.25%,1185390.0,17.0,20151630.0,,,,,
VERICEL CORP,0.00957283426561515,Add 52.99%,452289.0,44.49000086228053,20122338.0,,,,,
CASEYS GEN STORES INC,0.009566102186187168,Buy 100%,25300.0,794.79,20108187.0,,,,,
CAMPING WORLD HLDGS INC,0.009479526626677448,Add 40.30%,2611560.0,7.630000076582579,19926203.0,,,,,
ENCORE CAP GROUP INC,0.009465670940624164,Reduce 59.17%,213282.0,93.2900010314982,19897078.0,,,,,
TRANSMEDICS GROUP INC,0.009465087217816016,"Add 240,576.38%",18005000.0,1.105018106081644,19895851.0,,,,,
INNIO NV,0.009407594564932743,Buy 100%,500000.0,39.55,19775000.0,,,,,
IMAX CORP,0.009385609575419254,Add 92.73%,494952.0,39.860000565711424,19728787.0,,,,,
CBOE GLOBAL MKTS INC,0.009356721243062189,Add 21.83%,81226.0,242.13999212074953,19668063.0,,,,,
ALBANY INTL CORP,0.009341309438585549,Reduce 43.50%,263566.0,74.5,19635667.0,,,,,
W &AMP; T OFFSHORE INC,0.009337156776489098,Add 112.94%,6230774.0,3.1499999839506296,19626938.0,,,,,
INNOVATIVE INDL PPTYS INC,0.009281173144589898,Reduce 13.22%,314767.0,61.98000108016406,19509259.0,,,,,
MAIN STR CAP CORP,0.009263209039489191,Reduce 30.92%,375318.0,51.88000042630516,19471498.0,,,,,
ARCHER DANIELS MIDLAND CO,0.009262353673874641,Add 36.31%,254839.0,76.40000156961847,19469700.0,,,,,
SEABRIDGE GOLD INC,0.009213978419213212,Add 111.29%,752283.0,25.745648911380425,19368014.0,,,,,
SIMON PPTY GROUP INC NEW,0.009205503258799848,Add 82.86%,86520.0,223.65001155802128,19350199.0,,,,,
AMBEV SA,0.009189334565172623,Add 15.84%,6151660.0,3.1399999349769003,19316212.0,,,,,
SKYWATER TECHNOLOGY INC,0.009149897357878373,Reduce 24.74%,552364.0,34.81999913100781,19233314.0,,,,,
HONEYWELL INTL INC,0.009131964175338817,Reduce 92.67%,85733.0,223.899991835116,19195618.0,,,,,
ODDITY TECH LTD,0.009107121941175167,"Add 4,221.69%",1265261.0,15.130000055324553,19143399.0,,,,,
HONEYWELL AEROSPACE INC,0.009069535805964464,Buy 100%,86233.0,221.08000417473588,19064392.0,,,,,
CANTOR EQUITY PARTNERS IV IN,0.009063308477880774,,1831856.0,10.399999781642226,19051302.0,,,,,
WORKDAY INC,0.008984484015121823,Reduce 54.32%,154269.0,122.42000012964367,18885611.0,,,,,
LEVI STRAUSS &AMP; CO NEW,0.008984194294510441,Reduce 43.18%,760572.0,24.829999000752064,18885002.0,,,,,
OKTA INC,0.0089620351871911,Reduce 99.80%,138061.0,136.4499967405712,18838423.0,,,,,
FOX CORP,0.008951312194448061,Add 26.40%,374646.0,50.2230986050832,18815883.0,,,,,
JONES LANG LASALLE INC,0.008940520696338786,Reduce 31.22%,60633.0,309.95001072023484,18793199.0,,,,,
IRON MTN INC DEL,0.008918689368167622,Add 284.52%,148423.0,126.30999912412497,18747309.0,,,,,
ZEVRA THERAPEUTICS INC,0.00891599672668911,Add 54.40%,1306949.0,14.340000260147871,18741649.0,,,,,
SSR MINING IN,0.008912232737399719,Reduce 59.85%,662662.0,28.270425948673683,18733737.0,,,,,
BOISE CASCADE CO DEL,0.008870469677775357,Reduce 4.19%,240190.0,77.6300012490112,18645950.0,,,,,
XEROX HOLDINGS CORP,0.008867439266782759,Add 50.33%,6097229.0,3.057057558441712,18639580.0,,,,,
SUNOCOCORP LLC,0.008810000847314427,Reduce 11.66%,273664.0,67.67000043849391,18518843.0,,,,,
FIRST TR EXCHANGE TRADED FD,0.008769972781236377,Reduce 52.53%,76932.0,239.6233426922477,18434703.0,,,,,
CURBLINE PPTYS CORP,0.008749194723071117,Add 138.07%,604968.0,30.399999669404,18391027.0,,,,,
LEMONADE INC,0.008735720573849241,Reduce 53.62%,282286.0,65.04999893724803,18362704.0,,,,,
MARATHON PETE CORP,0.008700825177190208,Add 120.96%,71535.0,255.66999370937305,18289353.0,,,,,
SPIRE INC,0.008698609218885104,Add 166.91%,234149.0,78.08999824897822,18284695.0,,,,,
KITE REALTY GROUP TRUST,0.008679801641462597,Add 132.06%,642888.0,28.379999315588407,18245161.0,,,,,
PROG HOLDINGS INC,0.008672793637642824,Reduce 29.81%,391127.0,46.610001355058586,18230430.0,,,,,
BIOAGE LABS INC,0.008660730032941051,Add 6.23%,742761.0,24.50999985190391,18205072.0,,,,,
NMI HLDGS INC,0.008636967709759061,Reduce 19.83%,441838.0,41.08999904942535,18155123.0,,,,,
RLX TECHNOLOGY INC,0.008632793639735663,Reduce 0.62%,9550710.0,1.9,18146349.0,,,,,
SUMMIT THERAPEUTICS INC,0.008619597793564127,Reduce 44.54%,1243556.0,14.570000064331643,18118611.0,,,,,
COURSERA INC,0.008579032626385505,Add 812.45%,3197401.0,5.640000112591445,18033342.0,,,,,
KLAVIYO INC,0.008578321407479078,"Add 1,033.77%",1194162.0,15.100000669925857,18031847.0,,,,,
FIRST BANCORP CORPORATION,0.008565132697283194,Reduce 27.03%,690607.0,26.069999290479245,18004124.0,,,,,
HUBBELL INC,0.008526913363166503,Add 125.47%,34258.0,523.2000116761049,17923786.0,,,,,
AMPHASTAR PHARMACEUTICALS IN,0.008515896843958405,Add 33.28%,887048.0,20.180000405840495,17900629.0,,,,,
NOV INC,0.008499204845450197,Add 902.12%,963102.0,18.54999989616884,17865542.0,,,,,
FIRST INTST BANCSYSTEM INC,0.008494948949572681,Buy 100%,463086.0,38.559999654491826,17856596.0,,,,,
FIRST TR EXCHANGE-TRADED FD,0.008490661179670594,Add 405.22%,492695.0,36.224404550482554,17847583.0,,,,,
ALPHA METALLURGICAL RESOUR I,0.00848277402365077,Reduce 28.92%,108106.0,164.94000333006494,17831004.0,,,,,
AMN HEALTHCARE SVCS INC,0.00847951430997396,Reduce 38.21%,550638.0,32.36999989103549,17824152.0,,,,,
FORTIVE CORP,0.008461241930725187,Reduce 78.88%,291140.0,61.09000137390946,17785743.0,,,,,
FULTON FINL CORP PA,0.008445604153686306,Reduce 0.69%,733893.0,24.19000044965683,17752872.0,,,,,
IQIYI INC,0.008440192229753528,Reduce 8.39%,19141056.0,0.9268817770555605,17741496.0,,,,,
ARTISAN PARTNERS ASSET MGMT,0.008437818804252418,Add 49.98%,513655.0,34.5299997079752,17736507.0,,,,,
MANCHESTER UTD PLC NEW,0.008434877355089587,Add 51.25%,773237.0,22.929999469761533,17730324.0,,,,,
AELUMA INC,0.008382138213452475,"Add 3,091.93%",797983.0,22.08000045113743,17619465.0,,,,,
SERVISFIRST BANCSHARES INC,0.008378208193796298,Add 14.25%,203011.0,86.74999876853964,17611204.0,,,,,
BOSTON BEER INC,0.008375895186222355,Add 113.39%,99454.0,177.0300038208619,17606342.0,,,,,
ETORO GROUP LTD,0.008359578540033327,Add 21.11%,445200.0,39.47,17572044.0,,,,,
CUSTOMERS BANCORP INC,0.008359212226616638,Add 51.42%,222140.0,79.1,17571274.0,,,,,
BIOGEN INC,0.00830906249267697,Add 269.12%,80838.0,216.05999653628245,17465858.0,,,,,
LOGITECH INTL S A,0.008293673999054119,Reduce 72.35%,185384.0,94.03999805808483,17433511.0,,,,,
FASTENAL CO,0.008289966146106503,Add 367.27%,362809.0,48.03000201207798,17425717.0,,,,,
ROCKET COS INC,0.0082891512176873,Reduce 63.12%,1106286.0,15.749999548037307,17424004.0,,,,,
ERASCA INC,0.008276061459687093,Reduce 22.14%,949590.0,18.320000210617213,17396489.0,,,,,
ABIVAX SA,0.008264113457790845,Add 136.37%,130357.0,133.26000138082344,17371374.0,,,,,
SONIC AUTOMOTIVE INC,0.008260230059842246,Add 154.51%,204779.0,84.78999799784158,17363211.0,,,,,
ZIONS BANCORPORATION NATL AS,0.008250562240031952,Reduce 19.69%,250656.0,69.19000143623133,17342889.0,,,,,
FORTUNE BRANDS INNOVATIONS I,0.008230801296262639,"Add 1,879.79%",315143.0,54.9000009519488,17301351.0,,,,,
NOMAD FOODS LTD,0.008214063627510274,Reduce 34.53%,1576819.0,10.94999996829059,17266168.0,,,,,
ARHAUS INC,0.008201246463779887,Add 15.28%,2047414.0,8.42000005861052,17239226.0,,,,,
PROTO LABS INC,0.008196116648751129,Reduce 6.33%,211366.0,81.51000160858416,17228443.0,,,,,
LOUISIANA PAC CORP,0.008193677096542331,Add 35.61%,218959.0,78.6600002740239,17223315.0,,,,,
VIASAT INC,0.008185515443325847,Reduce 6.45%,191584.0,89.8099997912143,17206159.0,,,,,
IDT CORP,0.008184026878805305,Add 24.10%,295788.0,58.15999972953602,17203030.0,,,,,
ANTERO MIDSTREAM CORP,0.00815602673755078,Add 61.66%,753590.0,22.75000066349076,17144173.0,,,,,
CINEMARK HLDGS INC,0.008153108599241739,Reduce 59.61%,540121.0,31.729999389025792,17138039.0,,,,,
ORIC PHARMACEUTICALS INC,0.008141548318689129,"Add 3,459.85%",1580216.0,10.829999822809034,17113739.0,,,,,
MERITAGE HOMES CORP,0.008123180793098358,Reduce 28.63%,203639.0,83.8499992634024,17075130.0,,,,,
METLIFE INC,0.008119806428079442,Add 202.05%,201726.0,84.6100006940107,17068037.0,,,,,
ANHEUSER BUSCH INBEV SA NV,0.008075025326486941,Reduce 91.37%,205994.0,82.40000194180413,16973906.0,,,,,
NCR ATLEOS CORPORATION,0.008058035044196575,Add 943.93%,390191.0,43.41000176836472,16938192.0,,,,,
UGI CORP NEW,0.008018507923609138,Reduce 10.92%,487988.0,34.539998934400025,16855105.0,,,,,
JANUX THERAPEUTICS INC,0.008012453286136171,"Add 1,014.40%",1096509.0,15.359999781123548,16842378.0,,,,,
MOHAWK INDS INC,0.007973744899821618,Add 42.56%,138144.0,121.33000347463516,16761012.0,,,,,
STARWOOD PPTY TR INC,0.007972554143351528,Add 93.16%,1023108.0,16.379999960903444,16758509.0,,,,,
UNIVERSAL CORP VA MTNS BK EN,0.007948136261873181,Add 84.30%,320245.0,52.17000109291324,16707182.0,,,,,
REINSURANCE GROUP AMER INC,0.007943829462702697,Reduce 59.29%,78524.0,212.650005093984,16698129.0,,,,,
WHITEFIBER INC,0.007940959849028073,Buy 100%,429655.0,38.85000058186219,16692097.0,,,,,
NUTEX HEALTH INC,0.007922794985145755,Buy 100%,97454.0,170.8899993843249,16653914.0,,,,,
ASCENDIS PHARMA A/S,0.007902913205522107,Add 26.69%,62283.0,266.72000385337896,16612122.0,,,,,
KRANESHARES TRUST,0.007902691038813544,"Add 4,338.14%",678858.0,24.46999961700385,16611655.0,,,,,
BLACKSTONE SECD LENDING FD,0.007895200167308136,Add 45.58%,699954.0,23.709999514253795,16595909.0,,,,,
RYDER SYS INC,0.007892551293146945,Add 143.84%,62897.0,263.7699890296835,16590341.0,,,,,
PACCAR INC,0.007848165524605443,Reduce 34.87%,137338.0,120.12000320377463,16497041.0,,,,,
KNIGHT-SWIFT TRANSN HLDGS IN,0.007846290665936395,Add 561.88%,211803.0,77.87000184133369,16493100.0,,,,,
FIREFLY AEROSPACE INC,0.007844866800928415,Buy 100%,560888.0,29.39999964342257,16490107.0,,,,,
ELDORADO GOLD CORP NEW,0.007837775068327684,Add 10.33%,529913.0,31.090386535148223,16475200.0,,,,,
ATOMERA INC,0.007831526808048753,Add 93.72%,1890019.0,8.710000269838558,16462066.0,,,,,
FLEX LTD,0.007815736321130966,Buy 100%,101369.0,162.07000167704132,16428874.0,,,,,
FIDELITY COVINGTON TRUST,0.007809844383902815,Add 419.04%,350053.0,46.8971527168743,16416489.0,,,,,
ENTRAVISION COMMUNICATIONS C,0.007797448718467473,Add 105.77%,1256935.0,13.040000477351652,16390433.0,,,,,
HOVNANIAN ENTERPRISES INC,0.007788284222806342,Add 4.22%,114958.0,142.4100019137424,16371169.0,,,,,
BEYOND MEAT INC,0.007772996584306007,Add 5.15%,23711733.0,0.6890695842433786,16339034.0,,,,,
BLUE BIRD CORP,0.007770968540026346,Reduce 64.65%,206874.0,78.95999980664558,16334771.0,,,,,
PHARVARIS N V,0.007754941138716986,Add 46.78%,471402.0,34.57999966058693,16301081.0,,,,,
SABRA HEALTH CARE REIT INC,0.007737942768987549,Reduce 19.22%,833693.0,19.50999948422261,16265350.0,,,,,
CSX CORP,0.007700672519632277,Add 14.19%,340564.0,47.530000234904456,16187007.0,,,,,
WEATHERFORD INTL PLC,0.007698362366448595,Add 0.91%,198554.0,81.5,16182151.0,,,,,
LAMAR ADVERTISING CO,0.00769613356338732,"Add 1,295.90%",103715.0,155.98000289254207,16177466.0,,,,,
OIL STS INTL INC,0.007689645534326558,Reduce 6.89%,2017956.0,8.010000218042416,16163828.0,,,,,
BIO-TECHNE CORP,0.007679281243292847,Buy 100%,228479.0,70.65000284490041,16142042.0,,,,,
SAREPTA THERAPEUTICS INC,0.007666526876148178,Reduce 3.38%,16907000.0,0.9531692198497663,16115232.0,,,,,
METROPOLITAN BK HLDG CORP,0.007643519539189934,Add 38.52%,162686.0,98.76000393395867,16066870.0,,,,,
KORNIT DIGITAL LTD,0.007638383063917237,Add 9.12%,988066.0,16.250000506039072,16056073.0,,,,,
CERUS CORP,0.0076207795634527006,Add 47.03%,5485983.0,2.9199999343782146,16019070.0,,,,,
VERMILION ENERGY INC,0.007585752389110002,Reduce 1.06%,1705934.0,9.34704507911795,15945442.0,,,,,
FS KKR CAP CORP,0.007572987080136002,Reduce 31.95%,1516058.0,10.5,15918609.0,,,,,
VARONIS SYS INC,0.007530417655263218,"Add 7,737.33%",15028400.0,1.0532809214553778,15829127.0,,,,,
PROTHENA CORP PLC,0.007505221476707337,Reduce 8.61%,1611457.0,9.789999981383307,15776164.0,,,,,
EBAY INC.,0.0074917325798024535,Reduce 23.46%,140920.0,111.75,15747810.0,,,,,
LITHIUM AMERS CORP NEW,0.007490365802599669,Reduce 53.03%,4090933.0,3.8487398840313443,15744937.0,,,,,
WARNER MUSIC GROUP CORP,0.007467547806861998,Add 43.82%,579866.0,27.070000655323817,15696973.0,,,,,
CIRRUS LOGIC INC,0.007464497415137582,Add 69.95%,105639.0,148.5300031238463,15690561.0,,,,,
SMITH &AMP; NEPHEW PLC,0.007440415875978193,Reduce 40.46%,542865.0,28.81000064472751,15639941.0,,,,,
BRINKS CO,0.007438009149257384,Add 170.58%,165466.0,94.4899979451972,15634882.0,,,,,
DIEBOLD NIXDORF INC,0.007433377425328981,Add 17.88%,183782.0,85.02000195884254,15625146.0,,,,,
RUSH STREET INTERACTIVE INC,0.007432350320567125,Reduce 62.16%,525319.0,29.739999885783686,15622987.0,,,,,
F N B CORP,0.007404440092605787,"Add 2,224.05%",815740.0,19.07999975482384,15564319.0,,,,,
ENLIVEN THERAPEUTICS INC,0.0073807048861312665,Add 57.96%,305703.0,50.749999182212804,15514427.0,,,,,
SAVARA INC,0.007370220234974931,Add 19.09%,2514998.0,6.160000127236682,15492388.0,,,,,
NOVOCURE LTD,0.007369356306189599,Add 58.02%,1022480.0,15.15,15490572.0,,,,,
ARES CAPITAL CORP,0.007362448681760633,Reduce 57.98%,835189.0,18.529999796453257,15476052.0,,,,,
LEONARDO DRS INC,0.007352529675607467,Reduce 29.22%,362203.0,42.669999972391174,15455202.0,,,,,
ARCHER AVIATION INC,0.00735246592755833,Add 95.16%,4736596.0,3.2629061038771305,15455068.0,,,,,
LIBERTY LATIN AMERICA LTD,0.0073293415605994285,Add 21.85%,1972564.0,7.8103726925970465,15406460.0,,,,,
WYNN RESORTS LTD,0.007297829092130091,Add 4.77%,158000.0,97.09,15340220.0,,,,,
BORGWARNER INC,0.007296268216389634,Reduce 78.56%,230978.0,66.39999913411667,15336939.0,,,,,
HUNTINGTON INGALLS INDS INC,0.007283844007051693,Add 667.76%,54703.0,279.8900060325759,15310823.0,,,,,
CALIX INC,0.007262967472422468,"Add 1,840.89%",409082.0,37.31999941332056,15266940.0,,,,,
BUCKLE INC,0.007260561697165079,Add 164.62%,361656.0,42.1999994469883,15261883.0,,,,,
AMERICAN SUPERCONDUCTOR CORP,0.007244316886464256,Reduce 37.05%,366845.0,41.51000013629734,15227736.0,,,,,
PROCURE ETF TRUST II,0.007229573009308434,Buy 100%,299916.0,50.67000093359474,15196744.0,,,,,
ADTRAN HOLDINGS INC,0.007220362367671434,Reduce 10.42%,1091898.0,13.900000732669168,15177383.0,,,,,
LANDSTAR SYS INC,0.007175296302784654,Buy 100%,72930.0,206.80999588646648,15082653.0,,,,,
HYATT HOTELS CORP,0.007170703588856468,Reduce 37.58%,77760.0,193.84000771604937,15072999.0,,,,,
K&AMP;F GROWTH ACQUISITION CORP,0.007148306139950425,,1422909.0,10.559999971888574,15025919.0,,,,,
KRAFT HEINZ CO,0.007131761618272313,Reduce 16.83%,634680.0,23.62000063023886,14991142.0,,,,,
EQV VENTURES AC CORP. II,0.007125072354698228,,1732733.0,8.643617337466303,14977081.0,,,,,
CUSHMAN AND WAKEFIELD LTD,0.0071207955266254725,Reduce 29.49%,1117856.0,13.389999248561532,14968091.0,,,,,
RXO INC,0.007119434458203208,Add 870.33%,542415.0,27.590000276541026,14965230.0,,,,,
RENAISSANCERE HLDGS LTD,0.007114033951831471,Reduce 56.73%,47188.0,316.90001695346274,14953878.0,,,,,
SUNBELT RENTALS HOLDINGS INC,0.00710217205737473,Add 54.84%,200122.0,74.59921447916771,14928944.0,,,,,
EXCELERATE ENERGY INC,0.007098948499307879,Add 14.35%,392792.0,37.98999979632986,14922168.0,,,,,
DRUGS MADE IN AMER ACQ II CO,0.007093730673912775,Add 3.55%,2475000.0,6.024727272727273,14911200.0,,,,,
CURTISS WRIGHT CORP,0.007088684587664975,Add 10.96%,19664.0,757.7600183075672,14900593.0,,,,,
CHART INDS INC,0.007082106645311027,Add 353.44%,71249.0,208.9399991578829,14886766.0,,,,,
GRAND CANYON ED INC,0.007081273163355135,Reduce 25.31%,104011.0,143.10999798098277,14885014.0,,,,,
PRA GROUP INC,0.007078288898338406,Reduce 4.64%,783504.0,18.990000051052707,14878741.0,,,,,
D. BORAL ARC ACQ I CORP.,0.007070661967563943,,1610950.0,9.226052329370868,14862709.0,,,,,
FORWARD AIR CORP,0.00706538229704654,"Add 1,008.17%",1099305.0,13.510000409349544,14851611.0,,,,,
DEFINIUM THERAPEUTICS INC,0.0070583776233487374,Add 16.08%,315410.0,47.040001902285915,14836887.0,,,,,
PRESTIGE CONSMR HEALTHCARE I,0.007056188781751101,Reduce 17.65%,313778.0,47.269999808782,14832286.0,,,,,
EPR PPTYS,0.0070432460248492776,Reduce 30.51%,255216.0,58.009999373080056,14805080.0,,,,,
BICARA THERAPEUTICS INC,0.007036714228471198,Add 79.89%,498193.0,29.689999658766784,14791350.0,,,,,
STAR BULK CARRIERS CORP.,0.007024231504132929,Reduce 49.63%,591314.0,24.970000710282523,14765111.0,,,,,
WESCO INTL INC,0.007009088963804139,Add 4.83%,42652.0,345.430015005158,14733281.0,,,,,
HF SINCLAIR CORP,0.0070068320925719746,Reduce 41.77%,211465.0,69.64999881777126,14728537.0,,,,,
EOS ENERGY ENTERPRISES INC,0.0070045462017055025,Reduce 18.87%,2504036.0,5.88000012779369,14723732.0,,,,,
BURFORD CAPITAL LIMITED,0.0069774204553339275,Add 269.62%,3577247.0,4.100000083863373,14666713.0,,,,,
WESTLAKE CORPORATION,0.006964227939284363,Reduce 16.37%,200534.0,73.0,14638982.0,,,,,
IDEA ACQUISITION CORP,0.00694944933371371,Add 522.37%,1555934.0,9.38851969299469,14607917.0,,,,,
ORION S.A.,0.006921069558554618,Reduce 11.41%,2194308.0,6.629999981771019,14548262.0,,,,,
AUTODESK INC,0.006909226693366277,Reduce 83.64%,74701.0,194.4199943775853,14523368.0,,,,,
AFFILIATED MANAGERS GROUP,0.006896548443295205,Add 9.11%,42839.0,338.4000093372861,14496718.0,,,,,
HELLO GROUP INC,0.006887569483000967,Reduce 3.10%,2496180.0,5.8,14477844.0,,,,,
COLGATE PALMOLIVE CO,0.006885600429453343,Reduce 67.07%,157872.0,91.68000025336981,14473705.0,,,,,
ANI PHARMACEUTICALS INC,0.0068811333086965945,Reduce 18.13%,174732.0,82.780000228922,14464315.0,,,,,
ASSURED GUARANTY LTD,0.006868318047893045,Add 36.49%,180107.0,80.15999933372939,14437377.0,,,,,
CHURCH &AMP; DWIGHT CO INC,0.006857611705759857,Reduce 80.74%,148791.0,96.87999946233307,14414872.0,,,,,
OUSTER INC,0.006856536076363584,Reduce 72.62%,230528.0,62.520001908661854,14412611.0,,,,,
APA CORPORATION,0.006853640773176622,Reduce 0.29%,442325.0,32.56999943480473,14406525.0,,,,,
ALIGHT INC,0.006833472127331851,Reduce 0.85%,25650231.0,0.5600000249510424,14364130.0,,,,,
STONEX GROUP INC,0.006826240529608385,Add 37.94%,121088.0,118.50000825845666,14348929.0,,,,,
MIAMI INTL HLDGS INC,0.006813669794903769,Add 20.16%,385428.0,37.16000134914952,14322505.0,,,,,
WEN ACQUISITION CORP,0.006785303815964266,,1434342.0,9.943848119904457,14262879.0,,,,,
TECHNIPFMC PLC,0.006776523235793092,Add 58.82%,214848.0,66.29999813821864,14244422.0,,,,,
TRACTOR SUPPLY CO,0.006752489269804702,Add 514.68%,449032.0,31.61000106896613,14193902.0,,,,,
AMERICAN EXCEPTIONALISM ACQU,0.006747778574412442,,1200000.0,11.82,14184000.0,,,,,
FIRST FINL BANKSHARES INC,0.006747676767826505,Add 34.79%,409936.0,34.60000097576207,14183786.0,,,,,
CONSTRUCTION PARTNERS INC,0.006730822069073484,Add 286.24%,119124.0,118.76999597058527,14148357.0,,,,,
TAYLOR MORRISON HOME CORP,0.006730373929802679,Reduce 56.76%,197204.0,71.74000020283565,14147415.0,,,,,
TITAN ACQUISITION CORP,0.006704757204415173,,1353849.0,10.409999933522867,14093568.0,,,,,
MIRION TECHNOLOGIES INC,0.006691290191168947,Reduce 7.94%,784454.0,17.929999719550157,14065260.0,,,,,
CAESARS ENTERTAINMENT INC NE,0.006667460789815851,Reduce 13.00%,464386.0,30.18000111975813,14015170.0,,,,,
BANNER CORP,0.00666149463844094,Add 10.58%,210756.0,66.44000170813642,14002629.0,,,,,
DLOCAL LTD,0.006624390895184163,Reduce 62.45%,1071538.0,12.994999710696215,13924636.0,,,,,
THE CAMPBELLS COMPANY,0.006593282322936602,Add 5.77%,622328.0,22.270000707022664,13859245.0,,,,,
IES HOLDINGS INC,0.0065440578871728515,Add 568.71%,18724.0,734.6600085451827,13755774.0,,,,,
J &AMP; J SNACK FOODS CORP,0.006530088025509174,Add 3.73%,186881.0,73.44999759205055,13726409.0,,,,,
WHITE MTNS INS GROUP LTD,0.006527845426228309,Reduce 25.72%,6618.0,2073.389996977939,13721695.0,,,,,
BEL FUSE INC,0.006527632774153945,Add 214.50%,41200.0,333.04,13721248.0,,,,,
COOPER-STANDARD HOLDINGS INC,0.006525843547192696,Add 18.55%,507116.0,27.04999842245167,13717487.0,,,,,
ARTERIS INC,0.00649309037042372,Add 753.11%,280894.0,48.589998362371574,13648639.0,,,,,
STRATEGIC ED INC,0.006444751271372251,Add 24.91%,176808.0,76.62000022623411,13547029.0,,,,,
CHURCHILL CAPITAL CORP IX,0.006440686619642148,,1405669.0,9.63134635536531,13538485.0,,,,,
XPONENTIAL FITNESS INC,0.0064336928877736736,Add 8.81%,1954304.0,6.920000163741158,13523784.0,,,,,
XENON PHARMACEUTICALS INC,0.00642995744238688,Add 478.01%,223922.0,60.36000035726726,13515932.0,,,,,
INNOSPEC INC,0.006417652641708145,Reduce 42.21%,165746.0,81.39000036199968,13490067.0,,,,,
SCHOLAR ROCK HLDG CORP,0.006411191253623143,"Add 1,573.22%",245027.0,55.0,13476485.0,,,,,
ALPHA &AMP; OMEGA SEMICONDUCTOR,0.00639971850770517,Add 1.66%,284225.0,47.32999912041517,13452369.0,,,,,
HEXCEL CORP NEW,0.0063949569090199394,Reduce 29.96%,134343.0,100.05999568269281,13442360.0,,,,,
AMNEAL PHARMACEUTICALS INC,0.006374277803050357,Reduce 55.00%,774055.0,17.309999935405106,13398892.0,,,,,
GEO GROUP INC,0.006368665596067677,Add 161.41%,453032.0,29.549998675590246,13387095.0,,,,,
GERDAU SA,0.00635733319100415,Reduce 62.06%,3307741.0,4.040000108835607,13363274.0,,,,,
CARLYLE GROUP INC,0.006320090534088055,Add 360.36%,315483.0,42.10999958793342,13284989.0,,,,,
CARTERS INC,0.006313343706977063,Reduce 44.85%,322420.0,41.15999937969109,13270807.0,,,,,
BAUSCH HEALTH COS INC,0.006307312856089597,Add 332.64%,2689942.0,4.928779133527786,13258130.0,,,,,
CINTAS CORP,0.006295959518830828,Buy 100%,77812.0,170.08000051405952,13234265.0,,,,,
BOLD EAGLE ACQUISITION CORP,0.0062875081450029634,,1237500.0,10.68,13216500.0,,,,,
SELECT MED HLDGS CORP,0.006270033567831833,Reduce 41.34%,798290.0,16.51000012526776,13179768.0,,,,,
CONSTELLATION BRANDS INC,0.006269760973562012,Reduce 15.31%,94753.0,139.09000242736377,13179195.0,,,,,
MERIT MED SYS INC,0.006256491388975429,Add 41.38%,189664.0,69.34000126539564,13151302.0,,,,,
DIMENSIONAL ETF TRUST,0.006223471802448864,Add 342.94%,433106.0,30.204832073441604,13081894.0,,,,,
GETTY RLTY CORP NEW,0.006222454212321208,Add 101.42%,392079.0,33.35999887777718,13079755.0,,,,,
PEABODY ENGR CORP,0.006212505710802022,"Add 1,417.14%",6379607.0,2.0469666861924254,13058843.0,,,,,
C3 AI INC,0.006166725572618556,Add 3.70%,1426030.0,9.089999509126736,12962612.0,,,,,
BLUE WTR ACQUISITION CORP. I,0.006142518916019443,,1252350.0,10.310000399249411,12911729.0,,,,,
OYSTER ENTERPRISES II ACQUIS,0.006142518916019443,,1252350.0,10.310000399249411,12911729.0,,,,,
RAYONIER ADVANCED MATLS INC,0.006141918066869733,Add 3.04%,1642553.0,7.859999646891151,12910466.0,,,,,
ARCHIMEDES TECH SPAC PARTNER,0.0061368343978168444,,1426000.0,9.046129032258065,12899780.0,,,,,
EMERA INC,0.0061268340415412716,Reduce 58.05%,243041.0,52.99006751947202,12878759.0,,,,,
VISTANCE NETWORKS INC,0.006122817914445588,Reduce 56.92%,1007067.0,12.780000734807118,12870317.0,,,,,
CELCUITY INC,0.006119780367477339,"Add 41,069.86%",8530394.0,1.5080114705135543,12863932.0,,,,,
IMMUNOCORE HLDGS PLC,0.006119067245644074,Add 20.86%,405116.0,31.75,12862433.0,,,,,
3D SYS CORP DEL,0.006118917865887139,Add 6.76%,4258980.0,3.019999859121198,12862119.0,,,,,
AXOGEN INC,0.006103027951041965,Add 4.80%,277738.0,46.18999920788657,12828718.0,,,,,
REGIONS FINANCIAL CORP NEW,0.006097008041983828,Reduce 9.13%,424373.0,30.199998586149448,12816064.0,,,,,
TRIPADVISOR INC,0.0060885500079120225,Add 51.39%,933500.0,13.71,12798285.0,,,,,
PIONEER ACQUISITION I CORP,0.006082940655319602,,1252350.0,10.210000399249411,12786494.0,,,,,
PROCAP ACQUISITION CORP,0.006081561509092359,Add 54.62%,1354166.0,9.440197878251263,12783595.0,,,,,
GATES INDL CORP PLC,0.0060722381190400935,Reduce 1.17%,456346.0,27.969998641381757,12763997.0,,,,,
SCHNEIDER NATIONAL INC,0.0060706330002506075,Buy 100%,349319.0,36.529999799610096,12760623.0,,,,,
OXLEY BRIDGE ACQ LTD,0.0060678000179176525,,1245573.0,10.240000385364809,12754668.0,,,,,
FORGENT POWER SOLUTIONS INC,0.006063581229113515,Reduce 81.12%,228174.0,55.860001577743304,12745800.0,,,,,
NATIONAL VISION HLDGS INC,0.0060337852006538,Add 63.24%,667184.0,19.010000239813905,12683168.0,,,,,
QUANTINUUM INC,0.006027378045983736,Buy 100%,155000.0,81.74,12669700.0,,,,,
EZCORP INC,0.006000142405587154,Reduce 40.13%,364838.0,34.57000093192047,12612450.0,,,,,
VIATRIS INC,0.005978506603148794,Reduce 79.62%,791371.0,15.879999393457682,12566971.0,,,,,
SOREN ACQUISITION CORP,0.00595075669677372,,1560333.0,8.016647728401566,12508640.0,,,,,
BLACKSKY TECHNOLOGY INC,0.005914665786327497,Add 236.58%,445300.0,27.92,12432776.0,,,,,
GLOBALSTAR INC,0.005910393239840131,Reduce 26.53%,152833.0,81.29000281352849,12423795.0,,,,,
FERVO ENERGY CO,0.005909896100203198,Buy 100%,425000.0,29.23,12422750.0,,,,,
NWPX INFRASTRUCTURE INC,0.005909077841662025,Reduce 13.19%,82840.0,149.94000482858522,12421030.0,,,,,
QUICKLOGIC CORP,0.005900218765758704,Add 601.37%,621052.0,19.969999291524704,12402408.0,,,,,
CANADA GOOSE HLDGS INC,0.00589085446277938,Add 15.54%,1303791.0,9.497476205925643,12382724.0,,,,,
THREDUP INC,0.0058869896183674705,"Add 2,359.04%",1806511.0,6.84999980625637,12374600.0,,,,,
VIKING HOLDINGS LTD,0.0058655331667837735,Reduce 69.75%,117794.0,104.67000016978794,12329498.0,,,,,
VICOR CORP,0.005861767274567541,Add 125.31%,32444.0,379.7799901368512,12321582.0,,,,,
UTZ BRANDS INC,0.005859556549311246,Add 16.92%,1599602.0,7.699999749937797,12316935.0,,,,,
MATSON INC,0.005840814147133008,Reduce 63.82%,63869.0,192.23000203541625,12277538.0,,,,,
COLLEGIUM PHARMACEUTICAL INC,0.005827458930838628,Reduce 36.24%,338383.0,36.20000118209248,12249465.0,,,,,
ANDRETTI ACQUISITION CORP II,0.005822420932029898,,1138500.0,10.75,12238875.0,,,,,
EXPEDIA GROUP INC,0.00581614888516547,Add 40.68%,47779.0,255.88001004625463,12225691.0,,,,,
HORMEL FOODS CORP,0.005811895843678213,Add 18.60%,492214.0,24.81999902481441,12216751.0,,,,,
LAUNCH TWO ACQUISITION CORP.,0.005806172315475396,,1138500.0,10.72,12204720.0,,,,,
HOME BANCSHARES INC,0.005798120556283917,Add 47.51%,426893.0,28.549999648623896,12187795.0,,,,,
CONSENSUS CLOUD SOLUTIONS IN,0.0057915616431983685,Add 22.44%,319109.0,38.149998903196085,12174008.0,,,,,
M/I HOMES INC,0.005786152573655851,Reduce 21.99%,75643.0,160.79000039659982,12162638.0,,,,,
JACKSON ACQUISITION CO II,0.005779517067764995,,1388500.0,8.749506661865322,12148690.0,,,,,
MESHFLOW ACQUISITION CORP,0.005773516663706967,,1374366.0,8.830309393567653,12136077.0,,,,,
POST HLDGS INC,0.0057718496997951835,Reduce 57.80%,137464.0,88.26000261886749,12132573.0,,,,,
TANGER INC,0.005756016397023497,Add 76.58%,306544.0,39.46999778172138,12099291.0,,,,,
SONOCO PRODS CO,0.005740768719986801,Add 582.17%,214148.0,56.35000093393354,12067240.0,,,,,
D-WAVE QUANTUM INC,0.005728086188330339,Add 25.07%,501900.0,23.99,12040581.0,,,,,
ROMAN DBDR ACQUISITION CORP,0.005719382676696182,,1287788.0,9.335609587913538,12022286.0,,,,,
REPUBLIC DIGITAL ACQUISITION,0.0056860900201680855,Add 38.77%,1302355.0,9.177454687853926,11952304.0,,,,,
OMNICELL COM,0.005678038736708317,Reduce 46.23%,287461.0,41.51999749531241,11935380.0,,,,,
SKYWEST INC,0.00562072543467971,Add 550.05%,118946.0,99.32999848670825,11814906.0,,,,,
BJS RESTAURANTS INC,0.005599023981265372,Add 72.42%,193781.0,60.73499981938374,11769289.0,,,,,
BANCORP INC DEL,0.005593398929526521,Add 349.17%,187699.0,62.639998082035596,11757465.0,,,,,
BANK OF NY MELLON CORP,0.005583447573617077,Buy 100%,81160.0,144.60999260719566,11736547.0,,,,,
REVOLVE GROUP INC,0.005577525189559486,Add 21.01%,512193.0,22.89000044904948,11724098.0,,,,,
KINETIK HOLDINGS INC,0.005536910546283026,Add 401.45%,240768.0,48.339999501594896,11638725.0,,,,,
RITHM ACQUISITION CORP,0.005535911033960349,,1420000.0,8.194805633802817,11636624.0,,,,,
TYLER TECHNOLOGIES INC,0.005527177551228464,Add 128.14%,39726.0,292.46000100689724,11618266.0,,,,,
MANHATTAN ASSOCIATES INC,0.005520712833021493,Reduce 67.97%,83337.0,139.249997000132,11604677.0,,,,,
VALMONT INDS INC,0.005502797252555207,Add 0.36%,20026.0,577.6000199740338,11567018.0,,,,,
AON PLC,0.005485758921362131,Reduce 72.91%,34765.0,331.6900043146843,11531203.0,,,,,
MEIRAGTX HLDGS PLC,0.005481716629022398,Add 100.55%,852902.0,13.509999976550647,11522706.0,,,,,
MATIV HOLDINGS INC,0.005480395046332062,Add 14.82%,1521787.0,7.570000269420096,11519928.0,,,,,
COMMERCIAL METALS CO,0.005461752072081211,Add 19.89%,182960.0,62.75,11480740.0,,,,,
TELEDYNE TECHNOLOGIES INC,0.005458552776331569,Add 60.84%,17205.0,666.9000290613194,11474015.0,,,,,
DELEK US HLDGS INC NEW,0.005457441467057046,Reduce 49.33%,225776.0,50.81000194883424,11471679.0,,,,,
TELEFONAKTIEBOLAGET LM ERICS,0.005433814727412403,Reduce 0.11%,1024396.0,11.149999609526004,11422015.0,,,,,
UNISYS CORP,0.005427833828354485,Reduce 7.42%,3117334.0,3.6600001796406803,11409443.0,,,,,
REPLIGEN CORP,0.005408723209832719,Add 216.84%,83328.0,136.43999615975423,11369272.0,,,,,
MYR GROUP INC,0.00538673441446555,Add 241.97%,22628.0,500.39999116139296,11323051.0,,,,,
TRAILBLAZER ACQUISITION CORP,0.0053635168040914935,Add 1.75%,1178087.0,9.56996130166957,11274247.0,,,,,
NVENT ELEC PLC,0.005347008438023341,Add 15.40%,66267.0,169.61000196176076,11239546.0,,,,,
GRAIL INC,0.005342729707023744,Add 20.77%,164502.0,68.27000279631858,11230552.0,,,,,
JUMIA TECHNOLOGIES AG,0.005334539034172951,Reduce 51.54%,1590544.0,7.049999874256858,11213335.0,,,,,
LABCORP HOLDINGS INC,0.005332324503062975,Buy 100%,40031.0,280.0,11208680.0,,,,,
ARES MANAGEMENT CORPORATION,0.005326876899251949,Reduce 86.48%,100595.0,111.30999552661663,11197229.0,,,,,
FULCRUM THERAPEUTICS INC,0.005300816316179028,Add 87.55%,3044385.0,3.6599999671526433,11142449.0,,,,,
BHP BILLITON LIMITED,0.005275180085791413,Add 28.19%,133100.0,83.31,11088561.0,,,,,
CORECIVIC INC,0.005273353276025074,Add 247.23%,364869.0,30.38000213775355,11084721.0,,,,,
ATKORE INC,0.005261528964373423,Add 137.39%,145448.0,76.04000055002476,11059866.0,,,,,
PATTERSON-UTI ENERGY INC,0.00524115860828362,Add 360.69%,1200114.0,9.180000399962003,11017047.0,,,,,
CAVCO INDS INC DEL,0.005232397533112556,"Add 2,461.09%",17902.0,614.3800134063233,10998631.0,,,,,
SHAKE SHACK INC,0.005229572638218671,Add 35.07%,196228.0,56.02000224228958,10992693.0,,,,,
GROCERY OUTLET HLDG CORP,0.005223911906601571,Add 118.75%,1100280.0,9.979999636456174,10980794.0,,,,,
ENSIGN GROUP INC,0.005219601777309117,Reduce 46.59%,68445.0,160.30000730513552,10971734.0,,,,,
OR ROYALTIES INC.,0.0052150223838688115,Add 221.78%,346560.0,31.631198060941827,10962108.0,,,,,
WORLD KINECT CORPORATION,0.00520588357772002,Add 1.21%,332207.0,32.93999825410061,10942898.0,,,,,
LIGHTWAVE ACQUISITION CORP,0.005204631451859342,,1067343.0,10.250000234226485,10940266.0,,,,,
MCCORMICK &AMP; CO INC,0.005201856984526716,Add 497.43%,216867.0,50.41999935444304,10934434.0,,,,,
DUPONT DE NEMOURS INC,0.005190071682875283,Reduce 92.97%,80431.0,135.64000198928275,10909661.0,,,,,
BABCOCK &AMP; WILCOX ENTERPRISES,0.005179105591228443,,772100.0,14.1,10886610.0,,,,,
HOST HOTELS &AMP; RESORTS INC,0.005158442660136999,Add 264.37%,457325.0,23.71000054665719,10843176.0,,,,,
CHURCHILL CAP CORP XII,0.005147417102026411,Buy 100%,1100000.0,9.836363636363636,10820000.0,,,,,
KINSALE CAP GROUP INC,0.005146512260314022,Add 314.78%,32801.0,329.81000579250633,10818098.0,,,,,
INDUSTRIAL LOGISTICS PPTYS T,0.005140778741745295,Reduce 11.53%,1218269.0,8.869999975374897,10806046.0,,,,,
MAGNUM ICE CREAM CO NV,0.005122139573348124,"Add 3,508.11%",618430.0,17.409999514900637,10766866.0,,,,,
MOUNTAIN LAKE ACQUISIT CORP,0.005122036815298767,Add 154.87%,1242500.0,8.665311871227365,10766650.0,,,,,
LAUNCH ONE ACQUISITION CORP,0.005114781906721512,,990000.0,10.86,10751400.0,,,,,
GRAF GLOBAL CORP,0.005107899020341464,,989579.0,10.849999848420389,10736932.0,,,,,
SILVERBOX CORP IV,0.005088132367791631,,989397.0,10.81000043460815,10695382.0,,,,,
WEIS MKTS INC,0.005078987377130609,Add 97.75%,136332.0,78.3100005868028,10676159.0,,,,,
GFL ENVIRONMENTAL INC,0.005075175814670217,Reduce 32.80%,290038.0,36.78189409663561,10668147.0,,,,,
SPROTT INC,0.00507214778233617,Add 4.05%,94897.0,112.35109645194264,10661782.0,,,,,
SOLARIS ENERGY INFRAS INC,0.005071751973553463,Add 173.20%,132500.0,80.46,10660950.0,,,,,
MNTN INC,0.005065839579861782,Add 143.12%,1157448.0,9.20000034558788,10648522.0,,,,,
ICF INTL INC,0.005065823880715353,Reduce 9.34%,146150.0,72.86,10648489.0,,,,,
CORTEVA INC,0.005062604604233891,Reduce 55.94%,125655.0,84.69000039791493,10641722.0,,,,,
NEXTNAV INC,0.00505554189126747,Add 710.43%,596011.0,17.82999978188322,10626876.0,,,,,
LIONHEART HOLDINGS,0.005054317833577681,,986472.0,10.769999553966052,10624303.0,,,,,
CAPRICOR THERAPEUTICS INC,0.005026107418907342,Add 39.28%,438746.0,24.08000072935138,10565004.0,,,,,
HERSHEY CO,0.005021632686443233,Add 18.85%,60163.0,175.44999418247096,10555598.0,,,,,
ACCENDRA HEALTH INC,0.005013456761275448,Reduce 6.95%,3081407.0,3.4200000194716247,10538412.0,,,,,
EVERTEC INC,0.005000168147420467,Reduce 42.64%,378347.0,27.779998255569623,10510479.0,,,,,
BLOOMIN BRANDS INC,0.00498644090892888,Add 22.71%,1146786.0,9.139999965119909,10481624.0,,,,,
BLUE ACQUISITION CORP.,0.004982515170858092,,988054.0,10.599999595163828,10473372.0,,,,,
SPS COMM INC,0.004971500554576834,Reduce 62.76%,182792.0,57.17000196945162,10450219.0,,,,,
KB FINL GROUP INC,0.004967365018821943,Add 291.58%,99481.0,104.96000241252098,10441526.0,,,,,
NORTHWESTERN ENERGY GROUP IN,0.0049652646633223645,Reduce 17.46%,145729.0,71.62000013724105,10437111.0,,,,,
ALARM COM HLDGS INC,0.004964329850512246,Reduce 6.34%,223355.0,46.72000179087104,10435146.0,,,,,
ESSENTIAL UTILS INC,0.004961869366108209,Reduce 51.26%,272252.0,38.30999955923189,10429974.0,,,,,
STANLEY BLACK &AMP; DECKER INC,0.004961300390983068,Reduce 60.83%,110803.0,94.1199967509905,10428778.0,,,,,
DAEDALUS SPL ACQUISITION COR,0.004949319087867121,Add 125.52%,1078029.0,9.650568769485792,10403593.0,,,,,
APEX TREAS CORP,0.004940897685136986,,1033422.0,10.04999990323411,10385891.0,,,,,
UNITED RENTALS INC,0.00492655770420294,Add 5.07%,9141.0,1132.8900557925829,10355748.0,,,,,
CLOVER HEALTH INVESTMENTS CO,0.004899647940027696,"Add 2,059.62%",1965493.0,5.239999837190974,10299183.0,,,,,
WAVE LIFE SCIENCES LTD,0.0048984405329477575,"Add 2,351.04%",1772228.0,5.810000180563675,10296645.0,,,,,
TANDEM DIABETES CARE INC,0.0048945571349991585,Reduce 13.02%,681808.0,15.08999894398423,10288482.0,,,,,
LIBERTY CAP CORP,0.0048833327210337975,Buy 100%,474843.0,21.617435657680538,10264888.0,,,,,
SIZZLE ACQUISITION CORP. II,0.004881649582243874,,990000.0,10.365,10261350.0,,,,,
SOULPOWER ACQUISITION CORP,0.004874584966350612,,990000.0,10.35,10246500.0,,,,,
VENDOME ACQUISITION CORP I,0.0048734103847586615,,1439142.0,7.118151648690678,10244031.0,,,,,
PYROPHYTE ACQUISITION CORP.,0.004873284791587226,,1242036.0,8.247560457184816,10243767.0,,,,,
KRYSTAL BIOTECH INC,0.004862418127867772,Add 164.52%,27500.0,371.67,10220925.0,,,,,
IVANHOE ELECTRIC INC,0.0048582354946735936,Add 7.80%,1062657.0,9.609999275401188,10212133.0,,,,,
MADISON AIR SOLUTIONS CORP,0.004853605197940319,Buy 100%,261600.0,39.0,10202400.0,,,,,
GIBRALTAR INDS INC,0.0048220594282512835,Reduce 9.98%,224747.0,45.10000133483428,10136090.0,,,,,
EXTRA SPACE STORAGE INC,0.004811156133190161,Buy 100%,69602.0,145.3000057469613,10113171.0,,,,,
HENNESSY CAP INVT CORP VII,0.004804997310472708,,1790500.0,5.641008098296565,10100225.0,,,,,
EVERSOURCE ENERGY,0.004800430761788573,Add 62.15%,139624.0,72.26999656219562,10090626.0,,,,,
MBX BIOSCIENCES INC,0.004799532580320123,Reduce 36.73%,182767.0,55.1999978114211,10088738.0,,,,,
GRIFFON CORP,0.004789631176240227,Reduce 59.62%,103229.0,97.53000610293618,10067925.0,,,,,
VAIL RESORTS INC,0.00478922299843306,Reduce 57.33%,73941.0,136.14999797135553,10067067.0,,,,,
AXIOM INTELLIGENCE AC CORP 1,0.004766481595500698,Add 0.01%,968981.0,10.34000047472551,10019264.0,,,,,
ELLINGTON FINANCIAL INC,0.004761053972421491,Add 36.80%,735331.0,13.610000122393862,10007855.0,,,,,
LEIDOS HOLDINGS INC,0.004760860349615527,Reduce 80.27%,97188.0,102.969996295839,10007448.0,,,,,
SPIRE GLOBAL INC,0.004760622959492245,Add 693.64%,538008.0,18.600000371741682,10006949.0,,,,,
X3 ACQUISITION CORP LTD,0.004748650695278789,Add 34.87%,1315000.0,7.590709505703422,9981783.0,,,,,
ORGANON &AMP; CO,0.004743149809516244,Reduce 72.34%,736353.0,13.540000516056837,9970220.0,,,,,
ATN INTL INC,0.004727526780160371,Add 0.42%,375137.0,26.490002319152737,9937380.0,,,,,
IDACORP INC,0.004719827062434281,Add 53.83%,65573.0,151.30000152501793,9921195.0,,,,,
ANTERIX INC,0.004715496952410007,"Add 1,590.48%",96290.0,102.94000415411777,9912093.0,,,,,
M &AMP; T BK CORP,0.004707831487367036,Add 3.94%,41578.0,238.0100052912598,9895980.0,,,,,
VERISIGN INC,0.004698443397802212,Add 10.39%,39260.0,251.560010188487,9876246.0,,,,,
ARTIVION INC,0.004684394088942966,"Add 6,614.92%",438216.0,22.470001095350238,9846714.0,,,,,
HELIOS TECHNOLOGIES INC,0.0046638301100471995,Add 107.49%,109843.0,89.25000227597572,9803488.0,,,,,
ENPRO INC,0.004663332494678556,Add 72.12%,26006.0,376.93001615011923,9802442.0,,,,,
ALLOGENE THERAPEUTICS INC,0.004661375810155392,Add 70.45%,4710735.0,2.0800000424562195,9798329.0,,,,,
ANGI INC,0.004646274182753662,Reduce 11.11%,1641443.0,5.9499994821629505,9766585.0,,,,,
GLOBAL SHIP LEASE INC,0.0046444744896947925,Reduce 14.82%,259649.0,37.59999845945873,9762802.0,,,,,
PENNYMAC FINL SVCS INC NEW,0.004641728090533055,Add 402.34%,112021.0,87.09999910731024,9757029.0,,,,,
ABERCROMBIE &AMP; FITCH CO,0.004637600642217234,Reduce 76.34%,108303.0,90.00999972299937,9748353.0,,,,,
ARMSTRONG WORLD INDS INC NEW,0.004636632052455706,Buy 100%,60755.0,160.41999835404494,9746317.0,,,,,
SPROUTS FMRS MKT INC,0.004635950804647009,Reduce 42.13%,115215.0,84.58000260382762,9744885.0,,,,,
DOLE PLC,0.004619374884676039,Add 38.29%,707729.0,13.720000169556426,9710042.0,,,,,
INDIVIOR PHARMACEUTICALS INC,0.004607211852046879,Add 15.71%,236034.0,41.029999915266444,9684475.0,,,,,
MDA SPACE LTD,0.004604749464716002,Add 50.30%,234500.0,41.27632835820896,9679299.0,,,,,
DYCOM INDS INC,0.004596436528815743,Reduce 70.34%,19110.0,505.5900052328624,9661825.0,,,,,
VAREX IMAGING CORP,0.004591000818297466,Reduce 1.13%,925254.0,10.429999762227453,9650399.0,,,,,
COLUMBIA SPORTSWEAR CO,0.004582066101052257,Reduce 57.95%,155801.0,61.82000115531993,9631618.0,,,,,
EXPONENT INC,0.004581436232268238,Reduce 14.68%,163892.0,58.76000048812633,9630294.0,,,,,
GORES HLDGS X INC,0.004566310818281008,,1125000.0,8.532,9598500.0,,,,,
RXSIGHT INC,0.004552151615396755,Add 1.30%,1985215.0,4.820000352606645,9568737.0,,,,,
FRONTIER GROUP HLDGS INC,0.0045514993872223675,Add 488.07%,1209528.0,7.909999603150982,9567366.0,,,,,
REZOLUTE INC,0.004550210154288311,Add 4.16%,1839357.0,5.1999997825327,9564656.0,,,,,
UNIQURE NV,0.004549608829406891,Reduce 22.53%,207629.0,46.060001252233555,9563392.0,,,,,
MDU RES GROUP INC,0.004548229207447938,Reduce 4.21%,450754.0,21.209999245708303,9560492.0,,,,,
MINERALYS THERAPEUTICS INC,0.004527361711721202,Reduce 60.24%,352729.0,26.979998809284183,9516628.0,,,,,
CENTURY COMMUNITIES INC,0.004501707879260316,Reduce 7.69%,132050.0,71.66,9462703.0,,,,,
SELECT WATER SOLUTIONS INC,0.0044993244633932976,Add 969.54%,473358.0,19.980000338010555,9457693.0,,,,,
CANTOR EQUITY PARTNERS II IN,0.004495755048373288,,704187.0,13.420000653235576,9450190.0,,,,,
PALOMAR HLDGS INC,0.004494968663856684,Buy 100%,74757.0,126.38999692336503,9448537.0,,,,,
ARLO TECHNOLOGIES INC,0.004475492207649941,Reduce 61.25%,697893.0,13.479999082953977,9407597.0,,,,,
ALDEL FINL II INC,0.004473499843248528,,880057.0,10.684999948866949,9403409.0,,,,,
CALIFORNIA WTR SVC GROUP,0.004455610903758001,Add 132.53%,192514.0,48.649999480557256,9365806.0,,,,,
ARCHROCK INC,0.004445432148091185,Reduce 78.95%,229536.0,40.709997560295555,9344410.0,,,,,
PERMIAN RESOURCES CORP,0.004430897592887755,Add 110.50%,505913.0,18.409999347713935,9313858.0,,,,,
SKYWORKS SOLUTIONS INC,0.004428880490437423,Add 55.91%,137310.0,67.8,9309618.0,,,,,
BRIGHTVIEW HLDGS INC,0.004428806752022375,Add 60.97%,656984.0,14.169999573810017,9309463.0,,,,,
OBSIDIAN ENERGY LTD,0.004423809190408993,Add 13.05%,1137100.0,8.177783836074225,9298958.0,,,,,
HEALTHCARE RLTY TR,0.004416313561586487,Reduce 56.37%,460248.0,20.169999652361337,9283202.0,,,,,
MAGNERA CORP,0.004414554305722965,Reduce 11.88%,789745.0,11.750000316557877,9279504.0,,,,,
PROLOGIS INC.,0.004412840720103604,Buy 100%,68472.0,135.4700023367216,9275902.0,,,,,
AMER STATES WTR CO,0.0043921525752315315,Add 6.84%,111732.0,82.62999856800201,9232415.0,,,,,
OAKTREE ACQUISITION CORP III,0.004390054122658792,,861625.0,10.710000290149427,9228004.0,,,,,
ROGERS CORP,0.004380854422851123,Reduce 11.17%,56243.0,163.72999306580374,9208666.0,,,,,
FACT II ACQUISITION CORP,0.00438062036284981,,866244.0,10.630000323234562,9208174.0,,,,,
AMERICAN WTR WKS CO INC NEW,0.004380272127238102,Reduce 14.25%,69976.0,131.57999885675088,9207442.0,,,,,
FLOWCO HLDGS INC,0.004377470067466297,Add 19.06%,431188.0,21.34000018553392,9201552.0,,,,,
THAYER VENTURES ACQ CORP II,0.004360705757738172,,1500000.0,6.110875333333333,9166313.0,,,,,
SEZZLE INC,0.004351446115735044,Buy 100%,53294.0,171.62999587195557,9146849.0,,,,,
PLUM ACQUISITION CORP IV,0.004346312494852607,,928875.0,9.835616202395371,9136058.0,,,,,
AUTOHOME INC,0.004334415396249329,Reduce 6.21%,478773.0,19.029999603152223,9111050.0,,,,,
INTEGRA LIFESCIENCES HLDGS C,0.004334032907954501,Add 30.23%,507252.0,17.96000015771254,9110246.0,,,,,
PROFRAC HLDG CORP,0.004333119027339623,Add 34.81%,1567698.0,5.809999757606375,9108325.0,,,,,
PRIVIA HEALTH GROUP INC,0.004322845601062519,Add 113.59%,353157.0,25.730001104324707,9086730.0,,,,,
NEWBURY STR II ACQUISITION C,0.0043180697304259896,,853875.0,10.629999707217099,9076691.0,,,,,
ATLAS ENERGY SOLUTIONS INC,0.0043126378257613935,Add 263.85%,545772.0,16.610000146581356,9065273.0,,,,,
CLEARFIELD INC,0.0043106326166038106,Add 61.54%,227722.0,39.78999833129869,9061058.0,,,,,
SONY GROUP CORP,0.004305080351816588,Reduce 87.41%,451116.0,20.06000008866899,9049387.0,,,,,
AMC ENTMT HLDGS INC,0.004303199308635311,Add 13.19%,4760754.0,1.9000000840203044,9045433.0,,,,,
VERTEX PHARMACEUTICALS INC,0.004302027581433621,Reduce 92.69%,18205.0,496.7300192254875,9042970.0,,,,,
NABORS INDUSTRIES LTD,0.0042884554314794885,Reduce 9.18%,107302.0,84.00999981361018,9014441.0,,,,,
ALMONTY INDS INC,0.004284789918654062,Buy 100%,543885.0,16.560000735449588,9006736.0,,,,,
TRIMAS CORP,0.00427951262679521,Reduce 0.06%,199770.0,45.029999499424335,8995643.0,,,,,
KEEL INFRASTRUCTURE CORP,0.004272483215048487,Buy 100%,1567002.0,5.731241568294106,8980867.0,,,,,
EQUINOR ASA,0.004268900003808888,Add 89.31%,285775.0,31.4,8973335.0,,,,,
RAPPORT THERAPEUTICS INC,0.00425875407363006,Add 22.45%,214831.0,41.67000107060899,8952008.0,,,,,
XCEL ENERGY INC,0.004254817869461653,"Add 1,103.97%",111379.0,80.30000269350596,8943734.0,,,,,
10X GENOMICS INC,0.004251074812367499,Add 239.96%,233069.0,38.34000231691044,8935866.0,,,,,
CAL REDWOOD ACQUISITION CORP,0.0042489197477212715,Add 2.89%,867120.0,10.3,8931336.0,,,,,
CGI INC,0.004243905535498041,Reduce 71.02%,138157.0,64.56998921516825,8920796.0,,,,,
TELOS CORP MD,0.004243155782323106,Reduce 5.48%,1938961.0,4.599999690555921,8919220.0,,,,,
TREX INC,0.004241827063657121,Reduce 80.19%,178186.0,50.0399975306702,8916427.0,,,,,
ANDERSONS INC,0.004241465031825823,Add 37.52%,130346.0,68.39999693124453,8915666.0,,,,,
IOVANCE BIOTHERAPEUTICS INC,0.004241356089264237,Reduce 73.27%,2143134.0,4.159999794693192,8915437.0,,,,,
CENTERRA GOLD INC,0.004238250988393172,Reduce 24.51%,562365.0,15.841864269646937,8908910.0,,,,,
LIVE OAK BANCSHARES INC,0.004234272444102576,Reduce 17.14%,217937.0,40.83999963292144,8900547.0,,,,,
OCEANFIRST FINL CORP,0.004230173539689354,Add 279.18%,455296.0,19.5300002635648,8891931.0,,,,,
INSPERITY INC,0.00422703180747662,Reduce 50.47%,215089.0,41.31000190618767,8885327.0,,,,,
XPERI INC,0.004221360134030191,Reduce 4.21%,1078178.0,8.230000055649437,8873405.0,,,,,
HERTZ CORP,0.004212735593859892,Add 11.87%,18853198.0,0.469696228724697,8855276.0,,,,,
KENNAMETAL INC,0.004209317937255368,Add 656.04%,252442.0,35.0499996038694,8848092.0,,,,,
DIGITAL ASSET ACQUISITION CO,0.004206657645533137,,900000.0,9.825,8842500.0,,,,,
WIX COM LTD,0.004206042524432128,Add 100.43%,194869.0,45.3700024118767,8841207.0,,,,,
SOLARIUS CAPITAL ACQU CORP,0.004196595919866976,,1003875.0,8.787299215539784,8821350.0,,,,,
GOLUB CAP BDC INC,0.0041938238311929,Reduce 28.20%,684435.0,12.880000292211824,8815523.0,,,,,
SIMMONS FIRST NATL CORP,0.00416652634567402,Reduce 12.35%,386673.0,22.649998836225958,8758143.0,,,,,
CAPRI HOLDINGS LIMITED,0.004164771847127599,Reduce 6.32%,471430.0,18.569999787879432,8754455.0,,,,,
SILVERBOX CORP V,0.0041443272768910385,Add 53.01%,1024666.0,8.501775212605864,8711480.0,,,,,
BREAD FINANCIAL HOLDINGS INC,0.004141219321629714,Reduce 40.25%,80341.0,108.34999564356929,8704947.0,,,,,
FEDERAL SIGNAL CORP,0.0041385266801512045,Reduce 46.87%,67704.0,128.49000059080703,8699287.0,,,,,
SUNSTONE HOTEL INVS INC NEW,0.004136200352089383,Buy 100%,759336.0,11.449999736611987,8694397.0,,,,,
ILLUMINA INC,0.004130115267786978,Add 3.78%,49375.0,175.82999493670886,8681606.0,,,,,
ARXIS INC,0.0041261443352037415,Buy 100%,187977.0,46.140001170355944,8673259.0,,,,,
FIRST COMWLTH FINL CORP PA,0.004124290884461645,Add 76.59%,426432.0,20.3300010318175,8669363.0,,,,,
ACADIA RLTY TR,0.004120782363100513,Add 122.54%,414251.0,20.909999010261895,8661988.0,,,,,
LINDBLAD EXPEDITIONS HLDGS I,0.004120639643587518,Reduce 7.60%,306717.0,28.239999739173243,8661688.0,,,,,
PRECISION DRILLING CORP,0.004118339956501456,Reduce 30.09%,112865.0,76.70096132547734,8656854.0,,,,,
EVERCORE INC,0.004109576026940131,Add 21.63%,25300.0,341.44,8638432.0,,,,,
CROWN RESV ACQUISITION CORP,0.004106837715217463,,853875.0,10.1099997072171,8632676.0,,,,,
HUB GROUP INC,0.004106773967168326,Add 40.68%,197135.0,43.790001775433076,8632542.0,,,,,
FACTSET RESH SYS INC,0.004100453871401189,Add 7.90%,37462.0,230.08000106774864,8619257.0,,,,,
TARGET HOSPITALITY CORP,0.004100205063716867,Add 548.07%,423317.0,20.359999716524495,8618734.0,,,,,
GENESCO INC,0.0040967883585757625,Reduce 10.56%,255006.0,33.76999756868466,8611552.0,,,,,
QUINSTREET INC,0.004085719033147856,Reduce 34.29%,586231.0,14.649999744128168,8588284.0,,,,,
REGENXBIO INC,0.004062516646188518,Add 149.23%,712814.0,11.980000392809345,8539512.0,,,,,
CMS ENERGY CORP,0.004059874432271267,Reduce 45.27%,111555.0,76.50000448209403,8533958.0,,,,,
SERVICE PPTYS TR,0.004043631048765575,Add 185.23%,5029476.0,1.6899999125157372,8499814.0,,,,,
BLUE OWL CAPITAL INC,0.004037772888488832,Reduce 46.34%,970000.0,8.75,8487500.0,,,,,
SAFEGUARD ACQUISITION CORP,0.004034079783224227,Add 15.27%,984119.0,8.616576857067082,8479737.0,,,,,
DAVE &AMP; BUSTERS ENTMT INC,0.004026446192205824,Add 22.46%,742429.0,11.400000538772058,8463691.0,,,,,
TAILWIND 2.0 ACQUISITION COR,0.0040220680332788425,,842500.0,10.03500059347181,8454488.0,,,,,
HENNESSY CAP INVTS CORP VIII,0.004010146672358354,Add 111.56%,1586725.0,5.312470024736485,8429429.0,,,,,
GENERAL PURP ACQUISITION COR,0.004003629623663284,Add 3.89%,987673.0,8.520765476022934,8415730.0,,,,,
RELIANCE INC,0.004000422716206282,Add 310.88%,22508.0,373.6000088857295,8408989.0,,,,,
UNION PAC CORP,0.0039993356692489684,Reduce 11.63%,30907.0,272.0,8406704.0,,,,,
PENN ENTERTAINMENT INC,0.003972688984709347,Reduce 6.04%,390950.0,21.36,8350692.0,,,,,
SIMPLY GOOD FOODS CO,0.003972031047754439,Add 67.11%,628713.0,13.280000572598308,8349309.0,,,,,
NEWELL BRANDS INC,0.0039570864118170035,Reduce 48.65%,1354706.0,6.140000118106807,8317895.0,,,,,
SUMMIT HOTEL PPTYS,0.003949834357630008,Add 174.72%,1184401.0,7.009999991556914,8302651.0,,,,,
SOLV ENERGY INC,0.00394445573491693,Add 163.21%,243505.0,34.049998973327035,8291345.0,,,,,
MSA SAFETY INC,0.003939215074399746,Reduce 8.49%,47430.0,174.57999156651908,8280329.0,,,,,
CVR ENERGY INC,0.003936587608165504,Add 33.36%,300465.0,27.539999667182535,8274806.0,,,,,
WD 40 CO,0.003929488263857414,Reduce 46.66%,33902.0,243.63999174090023,8259883.0,,,,,
INTERNATIONAL PAPER CO,0.003927769445189242,Reduce 6.13%,216700.0,38.1,8256270.0,,,,,
NEUBERGER ENGY INFRSTR &AMP; INC,0.00392577327493415,,813814.0,10.140000049151281,8252074.0,,,,,
PINTEREST INC,0.003924819432855631,Reduce 49.84%,392300.0,21.03,8250069.0,,,,,
H2O AMERICA,0.003918056906598209,Add 245.95%,135525.0,60.76999815532189,8235854.0,,,,,
KODIAK SCIENCES INC,0.003916341418052007,Reduce 8.11%,211300.0,38.96,8232248.0,,,,,
HUDBAY MINERALS INC,0.003915449896827497,Reduce 80.81%,348900.0,23.589492691315563,8230374.0,,,,,
NEWHOLD INVT CORP III,0.003910893338509271,Reduce 24.22%,754894.0,10.89000045039436,8220796.0,,,,,
PAGSEGURO DIGITAL LTD,0.003910875260704292,Add 89.45%,908371.0,9.0500004953923,8220758.0,,,,,
NNN REIT INC,0.0038917165932798176,Reduce 61.67%,175811.0,46.53000096694746,8180486.0,,,,,
CHEWY INC,0.0038888588728979443,Reduce 44.77%,416004.0,19.650000961529216,8174479.0,,,,,
KOHLS CORP,0.003876081670631195,Add 63.98%,459798.0,17.720000956941963,8147621.0,,,,,
SIRIUSPOINT LTD,0.0038739670431803164,Add 78.49%,339299.0,24.0,8143176.0,,,,,
MESA LABS INC,0.0038718424253635277,Add 49.85%,81755.0,99.54999694208306,8138710.0,,,,,
C4 THERAPEUTICS INC,0.003867898133756051,Add 64.19%,1740989.0,4.670000212522882,8130419.0,,,,,
AES CORP,0.003865221191423971,Reduce 7.06%,554215.0,14.660000180435391,8124792.0,,,,,
MATERION CORP,0.003863760219342611,Add 232.64%,27310.0,297.3900036616624,8121721.0,,,,,
PAPA JOHNS INTL INC,0.0038630252138506854,Add 31.62%,220837.0,36.76999778116892,8120176.0,,,,,
GOLAR LNG LTD,0.0038553221660026253,Add 25.08%,162600.0,49.84,8103984.0,,,,,
COHU INC,0.0038503060508525543,Reduce 79.91%,109504.0,73.90999415546464,8093440.0,,,,,
JOBY AVIATION INC,0.003849303208407908,Reduce 64.92%,907100.0,8.92,8091332.0,,,,,
METHODE ELECTRS INC,0.0038360635949190544,Reduce 31.22%,425066.0,18.969999952948484,8063502.0,,,,,
QUANTUM LEAP ACQUISITION COR,0.003828688801950883,Buy 100%,1600000.0,5.03,8048000.0,,,,,
GLAUKOS CORP,0.0038020649525333412,Reduce 77.23%,57184.0,139.76000279798546,7992036.0,,,,,
INVESCO MORTGAGE CAPITAL INC,0.003797467957019766,Reduce 5.18%,1010427.0,7.89999970309582,7982373.0,,,,,
HA SUSTAINABLE INFRA CAP INC,0.003792356219795989,Buy 100%,204139.0,39.05000024493115,7971628.0,,,,,
CROWN CASTLE INC,0.003791462319912929,Add 896.11%,105239.0,75.72999553397504,7969749.0,,,,,
MILLERKNOLL INC,0.003789707345634798,"Add 1,695.89%",389348.0,20.459999794528287,7966060.0,,,,,
NOVARTIS AG,0.003780023350946365,Reduce 27.67%,50700.0,156.72,7945704.0,,,,,
DIODES INC,0.0037643370492730635,Reduce 64.34%,72302.0,109.44000165970513,7912731.0,,,,,
ARIS MINING CORPORATION,0.0037512653690778344,Reduce 40.35%,529300.0,14.897513697336104,7885254.0,,,,,
CDW CORP,0.0037480579858891225,Reduce 87.77%,56019.0,140.6399971438262,7878512.0,,,,,
SNAP ON INC,0.0037463719927089394,Add 67.21%,19570.0,402.4,7874968.0,,,,,
VANGUARD SCOTTSDALE FDS,0.0037329844266582807,Buy 100%,64643.0,121.38711074671659,7846827.0,,,,,
KIMBALL ELECTRONICS INC,0.0037258760434477007,Add 92.81%,305933.0,25.60000065373791,7831885.0,,,,,
COMMUNITY HEALTH SYS INC NEW,0.003724688141367871,Reduce 1.03%,2344128.0,3.3400002047669752,7829388.0,,,,,
NORTHWEST BANCSHARES INC,0.00372203831574326,Add 348.71%,516083.0,15.159999457451612,7823818.0,,,,,
SOLID POWER INC,0.0037159979502215936,Reduce 42.18%,3596882.0,2.1716367120189095,7811121.0,,,,,
STELLAR V CAP CORP,0.003715938008026136,,742490.0,10.520000269363898,7810995.0,,,,,
ATLANTA BRAVES HLDGS INC,0.003708680720790331,Add 107.13%,148031.0,52.66288817882741,7795740.0,,,,,
EASTMAN KODAK CO,0.0036992916797620873,Add 12.69%,840649.0,9.250000892167836,7776004.0,,,,,
J P MORGAN EXCHANGE TRADED F,0.003698795491588574,Add 868.21%,76043.0,102.24426968951778,7774961.0,,,,,
CNA FINL CORP,0.003690870277031951,Add 130.53%,159603.0,48.61000106514289,7758302.0,,,,,
BOYD GAMING CORP,0.0036740974041330468,Reduce 33.64%,87434.0,88.32999748381637,7723045.0,,,,,
SUNCOKE ENERGY INC,0.0036559625113484584,Add 44.09%,954649.0,8.05000057612798,7684925.0,,,,,
EDGEWISE THERAPEUTICS INC,0.0036554001964672574,Add 80.34%,189115.0,40.630002908283316,7683743.0,,,,,
ONEIM ACQUISITION CORP,0.0036470782216645077,,875000.0,8.76142857142857,7666250.0,,,,,
YORKVILLE ACQUISITION CORP.,0.003646979745200541,,783333.0,9.786442036783846,7666043.0,,,,,
WENDYS CO,0.0036392229396692527,Add 249.93%,922767.0,8.28999953401021,7649738.0,,,,,
EGH ACQUISITION CORP.,0.003638277185029805,,742500.0,10.3,7647750.0,,,,,
PAR PAC HOLDINGS INC,0.0036368861455098114,Reduce 2.09%,136320.0,56.0800029342723,7644826.0,,,,,
GIGCAPITAL8 CORP,0.003632468500850901,,759000.0,10.06,7635540.0,,,,,
TUTOR PERINI CORP,0.003629637421444786,Add 162.66%,91956.0,82.96999652007482,7629589.0,,,,,
TIMKEN CO,0.0036227250396987194,Reduce 63.64%,52402.0,145.3200068699668,7615059.0,,,,,
APPIAN CORP,0.0036179063532082913,Reduce 33.78%,332093.0,22.90000090336141,7604930.0,,,,,
GENERAL MILLS INC,0.0036154154219748156,Add 234.43%,218382.0,34.80000183165279,7599694.0,,,,,
AXIS CAP HLDGS LTD,0.003613304124645907,"Add 2,609.58%",70693.0,107.44000113165377,7595256.0,,,,,
RYERSON HLDG CORP,0.0036122294467130535,Reduce 5.68%,308533.0,24.60999957865123,7592997.0,,,,,
LAKELAND FINL CORP,0.0036097251949916975,Add 16.87%,122938.0,61.71999707169468,7587733.0,,,,,
ECOLAB INC,0.003609029675231701,Reduce 86.86%,27229.0,278.60997465937055,7586271.0,,,,,
FIGX CAP ACQUISITION CORP.,0.0036055259111876688,,740851.0,10.230000364445752,7578906.0,,,,,
OPENDOOR TECHNOLOGIES INC,0.003604840381793582,Reduce 88.21%,1749386.0,4.331499737622228,7577465.0,,,,,
EVERGY INC,0.0036024269948288336,Buy 100%,87613.0,86.43000467967083,7572392.0,,,,,
MERCURY SYS INC,0.0035982748084640932,Add 12.61%,61830.0,122.33000161733786,7563664.0,,,,,
ADECOAGRO S A,0.003595595487473464,Add 29.71%,791417.0,9.549999557755267,7558032.0,,,,,
GIGCAPITAL9 CORP,0.003590944258544951,Add 38.00%,759000.0,9.945,7548255.0,,,,,
TELEKOMUNIKASI IND,0.0035901245728086487,Add 142.00%,561916.0,13.43000021355505,7546532.0,,,,,
EMERGENT BIOSOLUTIONS INC,0.0035883990938965367,Reduce 10.34%,900108.0,8.379999955560889,7542905.0,,,,,
CRYOPORT INC,0.003582313533862422,Add 203.13%,479625.0,15.700001042481105,7530113.0,,,,,
CLEAR CHANNEL OUTDOOR HLDGS,0.0035821327558126282,Add 0.04%,3111460.0,2.4199999357214943,7529733.0,,,,,
NERDWALLET INC,0.0035811727292218805,Add 76.52%,813807.0,9.250000307198144,7527715.0,,,,,
OVINTIV INC,0.0035612419492321024,Reduce 46.77%,142244.0,52.626613424819325,7485820.0,,,,,
BLACKSTONE MORTGAGE TRUST IN,0.0035580868965314886,Reduce 16.75%,441250.0,16.950001133144475,7479188.0,,,,,
STANDEX INTL CORP,0.0035579403711648136,Add 52.59%,20910.0,357.6700143472023,7478880.0,,,,,
BLACKROCK ETF TRUST,0.0035569432375006874,Add 580.28%,140437.0,53.23941696276622,7476784.0,,,,,
AMERICAN FINANCIAL GROUP INC,0.003549653600508603,Reduce 70.87%,53319.0,139.94000262570566,7461461.0,,,,,
CHOICE HOTELS INTL INC,0.003537515781660073,Reduce 59.32%,67434.0,110.26999733072337,7435947.0,,,,,
PALOMA ACQUISITION CORP I,0.0035344487393258062,Add 115.00%,967500.0,7.67906976744186,7429500.0,,,,,
CNO FINL GROUP INC,0.003525047805004813,Reduce 37.47%,145346.0,50.97999944958926,7409739.0,,,,,
GLOBAL E ONLINE LTD,0.0035135536511598908,Add 68.75%,212657.0,34.73000183393916,7385578.0,,,,,
CUSTOM TRUCK ONE SOURCE INC,0.0035038368309834684,Add 241.19%,623637.0,11.810000048104907,7365153.0,,,,,
COGNEX CORP,0.003503818277446779,Add 971.09%,101700.0,72.42,7365114.0,,,,,
DPC HOLDINGS PLC,0.003500909653771937,Buy 100%,150000.0,49.06,7359000.0,,,,,
ARRAY DIGITAL INFRASTRUCTURE,0.0034745702919169656,Reduce 8.43%,201424.0,36.259998808483594,7303634.0,,,,,
GRAN TIERRA ENERGY INC,0.003443774275402864,Add 5.27%,1158224.0,6.25,7238900.0,,,,,
WABTEC,0.003440116374284797,Add 7.97%,26822.0,269.5999925434345,7231211.0,,,,,
GSR IV ACQUISITION CORP,0.003433053185586666,,710272.0,10.160000675797441,7216364.0,,,,,
BRADY CORP,0.0034328757376588413,Add 429.06%,78803.0,91.57000368006294,7215991.0,,,,,
EVOLUTION GLOBAL ACQUISITION,0.0034321045765569576,,719997.0,10.02000008333368,7214370.0,,,,,
FLOOR &AMP; DECOR HLDGS INC,0.0034238620489497754,Add 309.61%,121244.0,59.36000131965293,7197044.0,,,,,
TEXAS VENTURES ACQUISITION I,0.0034179182569652362,Add 0.15%,681000.0,10.55,7184550.0,,,,,
TSAKOS ENERGY NAVIGATION LTD,0.003416849287812902,Reduce 41.19%,203062.0,35.37000029547626,7182303.0,,,,,
BANCO BBVA ARGENTINA S A,0.0034131252599871476,Reduce 5.30%,365858.0,19.60999896134566,7174475.0,,,,,
AYA GOLD &AMP; SILVER INC,0.003412128126323021,Buy 100%,379100.0,18.919490899498815,7172379.0,,,,,
UPSTREAM BIO INC,0.0034107228148517288,Add 26.27%,1036044.0,6.920000501909185,7169425.0,,,,,
CHARLES RIV LABS INTL INC,0.003407959289348432,Reduce 83.67%,31587.0,226.7900085478203,7163616.0,,,,,
RADIAN GROUP INC,0.0033938614558547673,Reduce 58.10%,189381.0,37.669998574302596,7133982.0,,,,,
CAMDEN PPTY TR,0.003393318645973676,Add 31.28%,62301.0,114.4899921349577,7132841.0,,,,,
MOZAYYX ACQUISITION CORP,0.00338074172675683,"Add 1,348.80%",724398.0,9.810082302822481,7106404.0,,,,,
ENOVIX CORPORATION,0.0033788820915025028,"Add 1,084.83%",1170098.0,6.070000119648098,7102495.0,,,,,
CONAGRA BRANDS INC,0.003365510700329983,Add 67.33%,525586.0,13.460000837160807,7074388.0,,,,,
FORTIS INC,0.003364402721177431,Reduce 17.13%,123572.0,57.23027061146538,7072059.0,,,,,
HIGHPEAK ENERGY INC,0.0033634369858061633,Add 36.19%,1011449.0,6.990000484453492,7070029.0,,,,,
PACIFIC BIOSCIENCES CALIF IN,0.003363273809829639,Add 15.69%,4208146.0,1.6800001710967252,7069686.0,,,,,
CERENCE INC,0.0033558852206418783,Reduce 2.63%,5214328.0,1.3528406728537214,7054155.0,,,,,
PAYONEER GLOBAL INC,0.0033512377975670445,Reduce 61.38%,989380.0,7.120000404293598,7044386.0,,,,,
BTC DEV CORP,0.003350102701707023,Buy 100%,700000.0,10.06,7042000.0,,,,,
FLYWIRE CORPORATION,0.003348624603284103,Reduce 56.78%,400620.0,17.5699990015476,7038893.0,,,,,
ENACT HLDGS INC,0.0033389862788398275,Add 94.47%,153547.0,45.709997590314366,7018633.0,,,,,
ORGANOGENESIS HLDGS INC,0.0033389710554251086,Add 25.69%,2888313.0,2.4300001419513744,7018601.0,,,,,
CRANE HBR ACQUISITION CORP I,0.0033360296062622773,Add 0.14%,691560.0,10.139999421597548,7012418.0,,,,,
ABM INDS INC,0.003333050574294358,Reduce 35.12%,158367.0,44.239999494844255,7006156.0,,,,,
VIKING ACQUISITION CORP I,0.003327800399142975,,684454.0,10.220000175322228,6995120.0,,,,,
AVANOS MED INC,0.003322766206187925,Reduce 58.19%,280729.0,24.88000170983404,6984538.0,,,,,
QUIDELORTHO CORP,0.0033224193977713463,Reduce 11.41%,398733.0,17.515001266511675,6983809.0,,,,,
INTERNATIONAL BANCSHARES COR,0.003314263929067091,Add 186.65%,91727.0,75.95000381567041,6966666.0,,,,,
RANGE CAP ACQUISITION CORP I,0.0033080513486664115,,689842.0,10.07999947814137,6953607.0,,,,,
D BORAL ACQUISITION I CORP,0.003297669931291141,,840000.0,8.252125,6931785.0,,,,,
NEWMARKET CORP,0.0032974211236068193,Add 112.42%,8760.0,791.2399543378996,6931262.0,,,,,
MARCUS CORP DEL,0.0032816487144940116,Reduce 8.39%,294037.0,23.45999993198135,6898108.0,,,,,
FEDERAL AGRIC MTG CORP,0.003281564034249634,Reduce 15.45%,34616.0,199.2699907557199,6897930.0,,,,,
GALLAGHER ARTHUR J &AMP; CO,0.003276411859830508,,30000.0,229.57,6887100.0,,,,,
ITHAX ACQUISITION CORP III,0.0032742934265259493,Add 20.22%,689644.0,9.979999825997181,6882647.0,,,,,
SIDDHI ACQUISITION CORP,0.0032732296904224253,,661578.0,10.399999697692486,6880411.0,,,,,
MOSAIC CO,0.003255257022150942,Add 23.28%,322918.0,21.18999869936021,6842632.0,,,,,
VALKYRIE ETF TRUST II,0.003254727057026019,Add 3.63%,108475.0,63.069997695321504,6841518.0,,,,,
YUM CHINA HLDGS INC,0.0032466177342976325,Reduce 59.46%,166980.0,40.8699964067553,6824472.0,,,,,
FRESHWORKS INC,0.0032455202212427,Reduce 86.08%,674127.0,10.119999643983997,6822165.0,,,,,
ETON PHARMACEUTICALS INC,0.003245423647705573,Buy 100%,188452.0,36.19999787744359,6821962.0,,,,,
NISOURCE INC,0.0032322078208022183,Reduce 10.72%,142885.0,47.55000174965882,6794182.0,,,,,
FIVERR INTL LTD,0.003225673645765589,Add 1.53%,657020.0,10.32000091321421,6780447.0,,,,,
ASPEN AEROGELS INC,0.003216715141934881,Add 27.94%,1066501.0,6.339999681200487,6761616.0,,,,,
ENERSYS,0.003211371247636631,Add 94.28%,28870.0,233.81998614478698,6750383.0,,,,,
LAUNCHPAD CADENZA ACQU CORP,0.003211342228002322,Add 3.85%,676385.0,9.979999556465623,6750322.0,,,,,
GOSSAMER BIO INC,0.0032073346640774172,Add 33.51%,40959285.0,0.16459999240709403,6741898.0,,,,,
MEDIAALPHA INC,0.003204809480160823,Add 56.68%,535926.0,12.570000335867265,6736590.0,,,,,
ONEOK INC NEW,0.0032012728906288023,Add 416.00%,77400.0,86.94,6729156.0,,,,,
GOODYEAR TIRE &AMP; RUBR CO,0.003185463374442615,Reduce 38.79%,1014534.0,6.599999605730315,6695924.0,,,,,
JANUS INTERNATIONAL GROUP IN,0.0031844709980955884,Add 144.39%,1206097.0,5.549999709807752,6693838.0,,,,,
TSS INC DEL,0.003176855484882166,Add 192.04%,542913.0,12.300000184191575,6677830.0,,,,,
HALLADOR ENERGY COMPANY,0.0031734054785213617,Add 159.03%,383587.0,17.390000182487935,6670578.0,,,,,
RUSH ENTERPRISES INC,0.0031683170521513734,Reduce 15.96%,91250.0,72.98500821917808,6659882.0,,,,,
INSTEEL INDS INC,0.0031514371396177223,"Add 3,384.53%",219351.0,30.19999908821934,6624400.0,,,,,
MAGNACHIP SEMICONDUCTOR CORP,0.003145252627387931,Add 775.76%,1397759.0,4.7299999499198355,6611400.0,,,,,
LIQUIDITY SVCS INC,0.0031443206689680727,Add 9.03%,168953.0,39.119997869229906,6609441.0,,,,,
HEALTHCARE SVCS GROUP INC,0.0031038116381312286,Reduce 24.12%,265647.0,24.559998795393888,6524290.0,,,,,
DORMAN PRODS INC,0.003093911661246463,Reduce 66.90%,47662.0,136.45000209810752,6503480.0,,,,,
EXPRO GROUP HOLDINGS NV,0.003079676817020323,Buy 100%,438291.0,14.769999840288758,6473558.0,,,,,
UNIVERSAL DISPLAY CORP,0.0030723843256379784,Reduce 28.41%,74584.0,86.59000589938861,6458229.0,,,,,
INFINITE EAGLE ACQUISITION C,0.0030670128389005498,,1250000.0,5.1575504,6446938.0,,,,,
TECTONIC THERAPEUTIC INC,0.0030507038044188797,Add 60.65%,186550.0,34.37499865987671,6412656.0,,,,,
LINCOLN ELEC HLDGS INC,0.0030457500101228165,Add 494.80%,24113.0,265.51001534442,6402243.0,,,,,
GRAB HOLDINGS LIMITED,0.003044936508898744,Reduce 62.21%,1697754.0,3.7700002473856635,6400533.0,,,,,
LG DISPLAY CO LTD,0.003040226289238193,Add 91.97%,1642836.0,3.8899999756518606,6390632.0,,,,,
GOLD ROYALTY CORP,0.0030346440533532415,Reduce 41.69%,2311195.0,2.7599999134646795,6378898.0,,,,,
FOX FACTORY HLDG CORP,0.003026911510139162,Reduce 8.66%,375488.0,16.94499957388785,6362644.0,,,,,
CG ONCOLOGY INC,0.0030223606606014555,Add 91.84%,89417.0,71.05000167753336,6353078.0,,,,,
MANPOWERGROUP INC WIS,0.003013092931159258,Reduce 43.41%,187551.0,33.76999856039157,6333597.0,,,,,
BADGER METER INC,0.003011823678957021,Add 18.29%,42667.0,148.37998921883423,6330929.0,,,,,
POLARIS INC,0.003007091575637811,Add 142.25%,92358.0,68.44000519716754,6320982.0,,,,,
GALIANO GOLD INC,0.003006135354900743,Reduce 7.17%,3385300.0,1.8665914394588368,6318972.0,,,,,
PRIMEENERGY RESOURCES CORP,0.0030047780923321585,Add 0.75%,37846.0,166.8900015853723,6316119.0,,,,,
JELD-WEN HLDG INC,0.003001002209750016,Reduce 0.28%,4205454.0,1.5000002377864554,6308182.0,,,,,
WPP PLC NEW,0.0030008090626757623,Reduce 25.37%,407216.0,15.49000039291187,6307776.0,,,,,
TELECOM ARGENTINA SA,0.0029963219611871933,Add 73.34%,484488.0,13.0,6298344.0,,,,,
OUTFRONT MEDIA INC,0.0029946055211775716,Reduce 4.12%,192147.0,32.76000145721765,6294736.0,,,,,
INTREPID POTASH INC,0.0029933614827559636,Reduce 2.55%,191950.0,32.78,6292121.0,,,,,
ARTIUS II ACQUISITION INC,0.0029914009923791194,,600000.0,10.48,6288000.0,,,,,
COPLEY ACQUISITION CORP,0.0029873215929660073,,850000.0,7.387558823529412,6279425.0,,,,,
CLEAN ENERGY FUELS CORP,0.0029761975583914523,Reduce 5.31%,3051728.0,2.0499998689267196,6256042.0,,,,,
SIMPSON MFG INC,0.00297359102435245,Reduce 63.79%,29857.0,209.35000167464915,6250563.0,,,,,
DTE ENERGY CO,0.0029719768666604746,Reduce 38.88%,41000.0,152.37,6247170.0,,,,,
COLLECTIVE ACQUISITION CORP,0.0029672052776093354,Buy 100%,598000.0,10.43,6237140.0,,,,,
KYIVSTAR GROUP LTD,0.002966951712607914,Add 7.37%,385690.0,16.16999922217325,6236607.0,,,,,
INDIE SEMICONDUCTOR INC,0.0029648661047913445,Add 455.21%,1388023.0,4.489999805478727,6232223.0,,,,,
GMR SOLUTIONS INC,0.002956369536451031,Buy 100%,401964.0,15.459998905374611,6214363.0,,,,,
RPM INTL INC,0.0029534770876543286,Reduce 84.10%,55855.0,111.14999552412496,6208283.0,,,,,
XENIA HOTELS &AMP; RESORTS INC,0.0029475737328651377,Add 49.75%,304316.0,20.3600007886539,6195874.0,,,,,
STRUCTURE THERAPEUTICS INC,0.0029438996568689315,Reduce 43.70%,115300.0,53.67,6188151.0,,,,,
JOYY INC,0.002941323093927658,Add 52.62%,93692.0,65.98999914613842,6182735.0,,,,,
AMERICAN DRIVE ACQUISITION C,0.002941184656000053,,726341.0,8.511765135108716,6182444.0,,,,,
EDITAS MEDICINE INC,0.0029301486317918454,Reduce 2.21%,1901002.0,3.2399997475015807,6159246.0,,,,,
QUANTUM COMPUTING INC,0.002921584985280424,Reduce 14.98%,633118.0,9.700000631793758,6141245.0,,,,,
PUBLIC STORAGE,0.002912153604129992,Buy 100%,19231.0,318.31002027975666,6121420.0,,,,,
TEVA PHARMACEUTICAL INDS LTD,0.00291163029924901,Add 28.97%,180647.0,33.87999800716314,6120320.0,,,,,
GIGACLOUD TECHNOLOGY INC,0.002905842547265345,Reduce 59.21%,193296.0,31.600002069365118,6108154.0,,,,,
DAILY JOURNAL CORP,0.002904382050915694,Reduce 36.91%,10155.0,601.1899556868538,6105084.0,,,,,
ARCH CAP GROUP LTD,0.0029019762756583053,Reduce 2.81%,62848.0,97.06000190936864,6100027.0,,,,,
PROVIDENT FINL SVCS INC,0.002901162298702523,"Add 2,129.23%",257966.0,23.639999069644837,6098316.0,,,,,
ARCELORMITTAL SA LUXEMBOURG,0.0028991485263741607,Reduce 72.89%,101197.0,60.21999664021661,6094083.0,,,,,
ACADEMY SPORTS &AMP; OUTDOORS IN,0.0028981689947833035,Add 38.39%,129260.0,47.13000154726907,6092024.0,,,,,
KRAKACQUISITION CORPORATION,0.002889882224127093,Add 0.15%,751159.0,8.086976259353879,6074605.0,,,,,
ZIM INTEGRATED SHIPPING SERV,0.0028869303088666426,Reduce 42.53%,233400.0,26.0,6068400.0,,,,,
LGI HOMES INC,0.002886590160694004,Add 47.52%,95284.0,63.679998740607026,6067685.0,,,,,
SILICON VY ACQUISITION CORP,0.0028800797722428736,Add 14.86%,600000.0,10.09,6054000.0,,,,,
DYNAMIX CORP III,0.0028691346127912728,,603703.0,9.99000004969331,6030993.0,,,,,
ENVISTA HOLDINGS CORPORATION,0.002867703136075931,"Add 1,222.96%",228766.0,26.349999562872107,6027984.0,,,,,
FULGENT GENETICS INC,0.002850566804150599,Reduce 40.01%,292006.0,20.51999958904954,5991963.0,,,,,
CALLAWAY GOLF CO,0.002841672048369029,Reduce 45.88%,317896.0,18.79000050330926,5973266.0,,,,,
OPTION CARE HEALTH INC,0.0028348866869895278,Add 88.74%,284168.0,20.970000140761805,5959003.0,,,,,
VINE HILL CAP INVTS CORP II,0.0028318277320943308,,771333.0,7.7172544154081315,5952573.0,,,,,
ALECTOR INC,0.002830397206842409,Reduce 11.19%,2959983.0,2.0100000574327623,5949566.0,,,,,
LAKEFRONT BIOTHERAPEUTICS NV,0.002821737462525571,Buy 100%,197844.0,29.979999393461515,5931363.0,,,,,
LCI INDS,0.002819638534221122,Reduce 62.91%,55978.0,105.88000643109793,5926951.0,,,,,
LIFESTANCE HEALTH GROUP INC,0.0028116267364932824,Reduce 14.33%,551831.0,10.70999998187851,5910110.0,,,,,
PARAMOUNT SKYDANCE CORP,0.002809644362457779,Buy 100%,598980.0,9.860000333900965,5905943.0,,,,,
BRISTOW GROUP INC,0.002805047842675914,Add 3.55%,142698.0,41.31999747718959,5896281.0,,,,,
RED CAT HLDGS INC,0.002793184996755754,Reduce 65.45%,551300.0,10.65,5871345.0,,,,,
UNITED BANKSHARES INC WEST V,0.0027909528635725093,Add 438.37%,128009.0,45.830004140333884,5866653.0,,,,,
REGENCY CTRS CORP,0.0027833934867008644,Reduce 45.92%,73373.0,79.73999972742017,5850763.0,,,,,
CALERES INC,0.0027816927458376717,Reduce 21.68%,472691.0,12.370000698130491,5847188.0,,,,,
LAMB WESTON HLDGS INC,0.0027772912760569003,Add 124.58%,135200.0,43.18,5837936.0,,,,,
RENEW ENERGY GLOBAL PLC,0.0027739069206720746,Add 1.31%,1524574.0,3.824558204455802,5830822.0,,,,,
CAPITAL GROUP DIVIDEND VALUE,0.0027660706679452185,Buy 100%,117986.0,49.279999321953454,5814350.0,,,,,
CSLM DIGITA ASSET ACQ CORP I,0.002759653522909245,Add 0.02%,572077.0,10.140000384563617,5800861.0,,,,,
CELANESE CORP DEL,0.0027574504093603094,Reduce 48.37%,126005.0,46.0,5796230.0,,,,,
EMMIS ACQUISITION CORP.,0.002752732102260688,,568400.0,10.18,5786312.0,,,,,
NMP ACQUISITION CORP,0.0027505275615166227,,562420.0,10.280000711212262,5781678.0,,,,,
OPEN LENDING CORP,0.0027445409536781848,Add 14.04%,1855014.0,3.110000247976565,5769094.0,,,,,
PERPETUA RESOURCES CORP,0.002741534805002796,Reduce 25.29%,277624.0,20.75748134167075,5762775.0,,,,,
DONNELLEY FINL SOLUTIONS INC,0.0027193133768294454,Reduce 17.46%,136259.0,41.94999963305176,5716065.0,,,,,
JACK IN THE BOX INC,0.002718791023411883,Add 115.55%,361478.0,15.809999502044384,5714967.0,,,,,
ADVANCE AUTO PARTS INC,0.002711510425322288,Reduce 44.56%,91605.0,62.21999890835653,5699663.0,,,,,
FLEXSHARES TR,0.0027114695123952298,Buy 100%,115657.0,49.280000345850226,5699577.0,,,,,
BERTO ACQUISITION CORP,0.0027113377347115645,Add 36.12%,659490.0,8.641980924653899,5699300.0,,,,,
ACI WORLDWIDE INC,0.0027078996216435103,Reduce 61.26%,113185.0,50.289994257189555,5692073.0,,,,,
TENET HEALTHCARE CORP,0.002705329718946177,Reduce 88.31%,30397.0,187.08000789551602,5686671.0,,,,,
MARKETAXESS HLDGS INC,0.002703697007717512,"Add 1,411.07%",50077.0,113.49000539169678,5683239.0,,,,,
BOX INC,0.002695305576085105,Reduce 59.41%,213474.0,26.54000018737645,5665600.0,,,,,
WEYERHAEUSER CO,0.002694915000351208,Add 44.82%,236624.0,23.940001859490163,5664779.0,,,,,
ZOOMINFO TECHNOLOGIES INC,0.002690507821789917,Add 671.42%,1930210.0,2.9299998445764968,5655515.0,,,,,
BIO RAD LABS INC,0.002689670058248635,Add 136.41%,19256.0,293.60999169090155,5653754.0,,,,,
CBL &AMP; ASSOC PPTYS INC,0.0026869483971358166,Add 37.69%,106386.0,53.090002443930594,5648033.0,,,,,
MAXIMUS INC,0.002679298155507565,Reduce 34.08%,104761.0,53.76000610914367,5631952.0,,,,,
WEBULL CORP,0.002669743559844247,Add 100.33%,860716.0,6.5199996282165085,5611868.0,,,,,
STELLAR BANCORP INC,0.0026667883144618266,Add 305.54%,142565.0,39.32000140286887,5605656.0,,,,,
PRIMERICA INC,0.0026666080121437426,Reduce 72.61%,19723.0,284.2000202808903,5605277.0,,,,,
APPLIED INDL TECHNOLOGIES IN,0.002658998207710839,Reduce 74.66%,16529.0,338.1499788250953,5589281.0,,,,,
INDIGO ACQUISITION CORP,0.0026580438899006112,Add 10.12%,545100.0,10.25,5587275.0,,,,,
CITI TRENDS INC,0.0026520782142574126,Add 49.19%,96382.0,57.840001245045755,5574735.0,,,,,
ALUSSA ENERGY ACQUISIT CORP,0.002650944069860811,Add 0.81%,555015.0,10.040000720701242,5572351.0,,,,,
JBT MAREL CORPORATION,0.002646942690448136,Reduce 15.09%,38372.0,145.0,5563940.0,,,,,
ITRON INC,0.0026461315678826132,Add 73.11%,64281.0,86.53000108896875,5562235.0,,,,,
COMPASS MINERALS INTL INC,0.0026275061957050315,Add 261.89%,177420.0,31.129996618194117,5523084.0,,,,,
PNC FINL SVCS GROUP INC,0.0026203021904207444,Reduce 63.70%,22370.0,246.21998211890926,5507941.0,,,,,
GALAXYEDGE ACQUISITION CORP,0.0026008252584822913,Buy 100%,550000.0,9.94,5467000.0,,,,,
TACTILE SYS TECHNOLOGY INC,0.0026000802626244563,Add 19.47%,183527.0,29.779999673072627,5465434.0,,,,,
PERIMETER ACQUISITION CORP I,0.002589146045002185,,750000.0,7.2566,5442450.0,,,,,
BLEICHROEDER ACQUISITI CORP,0.002584210804242811,,526364.0,10.31999908808353,5432076.0,,,,,
AVIAT NETWORKS INC,0.002581168024225754,Add 93.26%,244400.0,22.2,5425680.0,,,,,
CLARIVATE PLC,0.0025780496028668092,Add 7.89%,2508854.0,2.1600001434918092,5419125.0,,,,,
TALEN ENERGY CORP,0.002577545802985936,Add 589.49%,14100.0,384.26,5418066.0,,,,,
ORCHID IS CAP INC,0.0025716338850259655,Reduce 46.09%,775558.0,6.969999664757504,5405639.0,,,,,
PHREESIA INC,0.002567554485612853,"Add 4,444.63%",524496.0,10.290000305054757,5397064.0,,,,,
ATRICURE INC,0.0025666753334128026,Add 240.74%,192824.0,27.980002489316682,5395216.0,,,,,
STEEL DYNAMICS INC,0.0025652928570635896,Buy 100%,23500.0,229.46,5392310.0,,,,,
INSTALLED BLDG PRODS INC,0.002556529403233975,Reduce 49.23%,23381.0,229.83999828920918,5373889.0,,,,,
APPLIED AEROSPACE &AMP; DEFENSE,0.0025467345630571154,Buy 100%,235000.0,22.78,5353300.0,,,,,
UNITED MICROELECTRONICS CORP,0.002541217978148141,Reduce 89.62%,196314.0,27.210000305632814,5341704.0,,,,,
HALL CHADWICK ACQUISITION CO,0.0025310144844324055,"Add 1,689.86%",529906.0,10.039999547089483,5320256.0,,,,,
HERTZ GLOBAL HLDGS INC,0.0025295178324727958,Add 274.15%,2347510.0,2.264999936102509,5317110.0,,,,,
JFROG LTD,0.0025294773952774475,Buy 100%,58506.0,90.87999521416607,5317025.0,,,,,
THOMSON REUTERS CORP,0.0025188933161937243,Add 55.82%,64876.0,81.61380171403908,5294777.0,,,,,
GENEDX HOLDINGS CORP,0.002517900939846698,Add 5.19%,544274.0,9.724313489161709,5292691.0,,,,,
BIOMARIN PHARMACEUTICAL INC,0.0025101912317546976,Reduce 67.35%,92214.0,57.21999913245277,5276485.0,,,,,
TREVI THERAPEUTICS INC,0.0025019801024403743,Add 55.50%,281996.0,18.649998581540164,5259225.0,,,,,
GRUPO CIBEST SA,0.0024976319146111214,Reduce 0.96%,66097.0,79.43000438749111,5250085.0,,,,,
EVERQUOTE INC,0.0024967879665576094,Add 89.84%,220610.0,23.78999592040252,5248311.0,,,,,
GOGO INC,0.00249262103250986,Add 119.63%,1690178.0,3.100000118330732,5239552.0,,,,,
PRIMORIS SVCS CORP,0.002489475970175156,Reduce 83.03%,52794.0,99.11999469636702,5232941.0,,,,,
ERO COPPER CORP,0.0024863818111334206,Reduce 46.32%,195409.0,26.746142705811913,5226437.0,,,,,
FIFTH ERA ACQUISITION CORP I,0.002483584984410425,Add 23.38%,527245.0,9.901578962341985,5220558.0,,,,,
AEBI SCHMIDT HLDG AG,0.002483079281602712,Add 13.92%,415896.0,12.550000480889453,5219495.0,,,,,
NPK INTERNATIONAL INC,0.002479614051827189,Add 237.59%,327606.0,15.909998595874313,5212211.0,,,,,
INSIGHT DIGITAL PARTNERS II,0.002475223523875747,Add 5.51%,517195.0,10.06000058005201,5202982.0,,,,,
SKYWARD SPECIALTY INS GROUP,0.002474515635091291,Reduce 48.61%,89143.0,58.34999943910346,5201494.0,,,,,
CARS COM INC,0.002464624697109014,Add 36.21%,473556.0,10.940000760205763,5180703.0,,,,,
SPACSPHERE ACQUISITION CORP,0.002454613874735822,,517000.0,9.98,5159660.0,,,,,
UNIVERSAL HEALTH RLTY INCOME,0.0024376859132994627,"Add 1,859.22%",116828.0,43.860007874824525,5124077.0,,,,,
ENTEGRIS INC,0.002437236346833528,Reduce 16.63%,28484.0,179.8599915742171,5123132.0,,,,,
XSOLLA SPAC 1,0.002436558904878511,,750000.0,6.828944,5121708.0,,,,,
BRIGHTSTAR LOTTERY PLC,0.002435481372555397,Add 66.58%,477560.0,10.719999581204457,5119443.0,,,,,
VANGUARD WHITEHALL FDS,0.002434093663157374,Add 784.16%,33819.0,151.29146337857418,5116526.0,,,,,
WORLD ACCEP CORPORATION,0.0024319661909503257,Add 17.61%,22839.0,223.8300275843951,5112054.0,,,,,
APOGEE ACQUISITION CORP,0.00242145632601336,Buy 100%,511554.0,9.949999413551648,5089962.0,,,,,
NORTH AMERN CONSTR GROUP LTD,0.002419873090882533,Add 40.98%,382900.0,13.284497257769653,5086634.0,,,,,
COGNYTE SOFTWARE LTD,0.0024171780707454744,Reduce 33.61%,578698.0,8.780000967689537,5080969.0,,,,,
TIDAL TRUST II,0.0024144873321938053,Buy 100%,151910.0,33.40999934171549,5075313.0,,,,,
TALOS ENERGY INC,0.002409541149605102,Add 23.66%,392325.0,12.910000637226789,5064916.0,,,,,
NEXTDOOR HOLDINGS INC,0.002408040691791813,Reduce 24.93%,2229851.0,2.270000103145905,5061762.0,,,,,
HILLMAN SOLUTIONS CORP,0.0024046886861632654,Reduce 47.07%,598900.0,8.44,5054716.0,,,,,
M EVO GBL ACQUISITION CORP I,0.002401772450781064,Add 37.95%,508930.0,9.920000785962706,5048586.0,,,,,
TRANSDIGM GROUP INC,0.0023997976884529205,Reduce 82.40%,3787.0,1332.0398732505942,5044435.0,,,,,
GREEN DOT CORP,0.0023977263525876502,Reduce 10.72%,373063.0,13.509999651533388,5040081.0,,,,,
SASOL LTD,0.002397709701977801,Reduce 77.67%,513243.0,9.819999493417349,5040046.0,,,,,
LAUREATE ED INC,0.0023957953575768254,Add 2.61%,138657.0,36.31999826911011,5036022.0,,,,,
PRAETORIAN ACQUISITION CORP,0.002389758797908839,,666666.0,7.535007035007035,5023333.0,,,,,
CLEAN HARBORS INC,0.0023874134405786184,Reduce 54.32%,16798.0,298.7500297654483,5018403.0,,,,,
CYBERARK SOFTWARE LTD,0.0023829206303095296,Buy 100%,3000000.0,1.669653,5008959.0,,,,,
JENA ACQUISITION CORP II,0.0023799839384637984,Add 100.02%,950100.0,5.265536259341122,5002786.0,,,,,
NVR INC,0.0023694269760875446,Reduce 74.35%,731.0,6813.399452804378,4980595.0,,,,,
CHATHAM LODGING TR,0.0023645669009383485,Reduce 11.84%,375690.0,13.230000798530703,4970379.0,,,,,
BANCO SANTANDER BRASIL S A,0.002360731076160748,Add 398.16%,945203.0,5.250000264493448,4962316.0,,,,,
HERC HLDGS INC,0.0023594218624948724,Add 246.00%,34600.0,143.34,4959564.0,,,,,
TABOOLA.COM LTD,0.002356641686381726,Add 2.30%,990744.0,5.0,4953720.0,,,,,
KNOWLES CORP,0.0023464339110806,Add 57.68%,118907.0,41.48000538235764,4932263.0,,,,,
OTG ACQUISITION CORP. I,0.002338816494940337,Add 1.03%,483883.0,10.159999421347722,4916251.0,,,,,
SYLVAMO CORP,0.002336900247612522,Reduce 32.74%,129953.0,37.799996921964095,4912223.0,,,,,
TITAN INTL INC ILL,0.0023368174702949845,Buy 100%,637101.0,7.710000455186854,4912049.0,,,,,
MACROGENICS INC,0.002336326990901991,Add 0.43%,1062991.0,4.61999960488847,4911018.0,,,,,
EL POLLO LOCO HLDGS INC,0.0023201197630062574,Add 39.02%,287556.0,16.96000083462004,4876950.0,,,,,
MANITOWOC CO INC,0.002319476573734359,Add 11.50%,351015.0,13.889999002891614,4875598.0,,,,,
HANOVER INS GROUP INC,0.0023114904655188585,"Add 1,270.29%",22692.0,214.11999823726424,4858811.0,,,,,
DNOW INC,0.0023110756274677528,Add 13.65%,374552.0,12.969998825263248,4857939.0,,,,,
JACKSON FINANCIAL INC,0.0023040395554770896,Reduce 48.05%,47301.0,102.38999175493119,4843149.0,,,,,
M-TRON INDS INC,0.0022873565958713726,Add 795.37%,48493.0,99.15000103107666,4808081.0,,,,,
STARZ ENTERTAINMENT CORP.,0.002282617356576512,Add 62.53%,166255.0,28.859998195542993,4798119.0,,,,,
EXELON CORP,0.002278342431430596,Add 62.95%,102727.0,46.62000253098017,4789133.0,,,,,
LAFAYETTE DIGITAL ACQUISITIO,0.0022737939605514397,Add 0.08%,478915.0,9.980000626415961,4779572.0,,,,,
FRESENIUS MEDICAL CARE AG,0.002266856840756454,Reduce 50.91%,210747.0,22.61000156585859,4764990.0,,,,,
ACCEL ENTERTAINMENT INC,0.002263935848057152,Add 77.72%,377387.0,12.609999814514014,4758850.0,,,,,
DARLING INGREDIENTS INC,0.002257296536312616,Add 60.28%,86871.0,54.61999976977357,4744894.0,,,,,
HNI CORP,0.0022565120547228526,Reduce 69.78%,117378.0,40.41000017038968,4743245.0,,,,,
OFG BANCORP,0.0022536914414143577,Reduce 30.21%,96542.0,49.07000062149116,4737316.0,,,,,
GEOPARK LTD,0.002251222869571251,Add 39.72%,520014.0,9.09999923078994,4732127.0,,,,,
TERRESTRIAL ENERGY INC,0.0022498370631000675,Reduce 45.01%,667968.0,7.080000838363515,4729214.0,,,,,
SMITHFIELD FOODS INC,0.0022436306672116166,Reduce 28.36%,194401.0,24.25999866255832,4716168.0,,,,,
ARC GROUP ACQUISITION I CORP,0.002238107422058703,Buy 100%,1380000.0,3.4091,4704558.0,,,,,
WEIBO CORP,0.0022275709161459784,Add 1.53%,644960.0,7.260000620193501,4682410.0,,,,,
NETSKOPE INC,0.002222932531973635,Buy 100%,427117.0,10.940000046825578,4672660.0,,,,,
FIRST INTERNET BANCORP,0.0022203493087884223,Reduce 19.85%,167886.0,27.79999523486175,4667230.0,,,,,
FRONTLINE PLC,0.0022161395588867743,Add 38.46%,133900.0,34.79,4658381.0,,,,,
KINDERCARE LEARNING COMPANIE,0.002216006829739689,Add 56.25%,1096024.0,4.25,4658102.0,,,,,
NCR VOYIX CORPORATION,0.002214832723879448,Add 104.21%,569845.0,8.170000614202108,4655634.0,,,,,
SOCIAL COMM PARTNERS CORP,0.0022068147416393785,Add 8.67%,626467.0,7.404667763824751,4638780.0,,,,,
WEST PHARMACEUTICAL SVSC INC,0.0022014532452678593,Reduce 7.94%,12890.0,359.0,4627510.0,,,,,
YELP INC,0.0022006145302631576,Add 45.96%,188652.0,24.519999787969383,4625747.0,,,,,
PARK HOTELS &AMP; RESORTS INC,0.0021975655657338706,Add 133.49%,324164.0,14.250003084858282,4619338.0,,,,,
ENERGY SERVICES OF AMER CORP,0.0021945118438874834,Add 57.00%,238517.0,19.34000092236612,4612919.0,,,,,
ALLISON TRANSMISSION HLDGS I,0.002192182185703692,Reduce 79.98%,40873.0,112.73999951067943,4608022.0,,,,,
PENNANT GROUP INC,0.0021902369187415676,Reduce 8.21%,124599.0,36.94999959871267,4603933.0,,,,,
RIDGEPOST CAP INC,0.0021888558695874845,Buy 100%,584629.0,7.8699996065881095,4601030.0,,,,,
CONCENTRA GROUP HOLDINGS PAR,0.0021842779033423086,Add 7.44%,154333.0,29.75000161987391,4591407.0,,,,,
ARCHIMEDES TECH SPAC PTNRS I,0.002183224633336404,Add 4.80%,556750.0,8.242825325550067,4589193.0,,,,,
GESHER ACQUISITION CORP. II,0.0021504995247383176,Add 31.12%,505565.0,8.941291426423902,4520404.0,,,,,
OSI SYSTEMS INC,0.0021431718292094348,Add 182.76%,20599.0,218.6999854361862,4505001.0,,,,,
BEAM THERAPEUTICS INC,0.0021319450365855233,Buy 100%,130577.0,34.31999509867741,4481402.0,,,,,
NURIX THERAPEUTICS INC,0.0021299493420621407,Reduce 46.38%,184551.0,24.25999859117534,4477207.0,,,,,
TGE VALUE CREATIVE SOLUTIONS,0.002129807574012566,,449038.0,9.970000311777623,4476909.0,,,,,
SIONNA THERAPEUTICS INC,0.0021271487094854653,Buy 100%,101644.0,43.99000432883397,4471320.0,,,,,
ENTERPRISE FINL SVCS CORP,0.002122771026290193,Add 303.93%,67731.0,65.87999586599932,4462118.0,,,,,
HELMERICH &AMP; PAYNE INC,0.0021171716640636814,Add 27.62%,135930.0,32.73999852865445,4450348.0,,,,,
BGC GROUP INC,0.0021010329415341858,Reduce 70.92%,413136.0,10.69000038728167,4416424.0,,,,,
NATIONAL HEALTHCARE PPTYS IN,0.0020947299721086085,Buy 100%,300558.0,14.650000998143453,4403175.0,,,,,
NEW PROVIDENCE ACQUISITION C,0.002088127767437451,Add 322.86%,422861.0,10.379999574328208,4389297.0,,,,,
CORSAIR GAMING INC,0.002085874702058967,Reduce 68.71%,453419.0,9.669998390010123,4384561.0,,,,,
ECOVYST INC,0.002083614500704833,Reduce 16.73%,351792.0,12.44999886296448,4379810.0,,,,,
ESCO TECHNOLOGIES INC,0.0020815640970348027,Reduce 21.11%,12500.0,350.04,4375500.0,,,,,
WILLIS LEASE FIN CORP,0.0020787254059213283,Buy 100%,4000000.0,1.09238325,4369533.0,,,,,
BLUE OWL CAPITAL CORPORATION,0.0020745836856542075,Reduce 55.79%,401180.0,10.870000997058677,4360827.0,,,,,
WATERBRIDGE INFRASTRUCTURE L,0.002073864855040422,Buy 100%,127205.0,34.27000510986203,4359316.0,,,,,
PREFERRED BK LOS ANGELES CA,0.0020715399541737303,Add 94.79%,40979.0,106.26001122526172,4354429.0,,,,,
PEGASYSTEMS INC,0.002061860241070687,"Add 1,489.16%",144614.0,29.970002904283128,4334082.0,,,,,
MAYWOOD ACQUISITION CORP 2,0.0020602751030130203,Buy 100%,1275000.0,3.3966666666666665,4330750.0,,,,,
EMPLOYERS HLDGS INC,0.0020558227299392806,Reduce 14.02%,85606.0,50.480001401770906,4321391.0,,,,,
MARZETTI COMPANY,0.0020394313938717832,Reduce 1.95%,37552.0,114.15999147848316,4286936.0,,,,,
CRICUT INC,0.002039080303869815,Add 5.10%,976355.0,4.389999539102068,4286198.0,,,,,
INHIBRX BIOSCIENCES INC,0.0020293929790594118,Reduce 55.04%,45022.0,94.75001110568166,4265835.0,,,,,
ETF SER SOLUTIONS,0.0020227836384126047,Add 59.33%,37206.0,114.28108369617803,4251942.0,,,,,
ACM RESH INC,0.002022247488775453,Buy 100%,33500.0,126.89,4250815.0,,,,,
ADAPTHEALTH CORP,0.002020608117302848,Add 21.49%,407617.0,10.41999965654033,4247369.0,,,,,
STONERIDGE INC,0.002019250854734264,Reduce 13.14%,579852.0,7.319998896270083,4244516.0,,,,,
VIR BIOTECHNOLOGY INC,0.0020185991022915856,Reduce 49.08%,416403.0,10.189998631133781,4243146.0,,,,,
SEABOARD CORP DEL,0.0020176324154568986,Reduce 16.45%,950.0,4464.330526315789,4241114.0,,,,,
TRUEBLUE INC,0.002014859851051112,Reduce 12.50%,607645.0,6.970000575994207,4235286.0,,,,,
AI INFRASTRUCTURE ACQUISI,0.002014828452758253,,414000.0,10.23,4235220.0,,,,,
CATALYST PHARMACEUTICALS INC,0.0020115406709105537,Add 231.83%,134531.0,31.429997547033768,4228309.0,,,,,
BIGBEAR AI HLDGS INC,0.002007825681987289,Add 219.44%,1150000.0,3.67,4220500.0,,,,,
BOK FINL CORP,0.0020032310651322644,Reduce 59.48%,30320.0,138.88001319261213,4210842.0,,,,,
QUANTUMSPHERE ACQUISITION CO,0.0020028395379349476,,534860.0,7.871254159967094,4210019.0,,,,,
DAQO NEW ENERGY CORP,0.0020019784635398764,Reduce 53.75%,314280.0,13.389999363624794,4208209.0,,,,,
LUCID GROUP INC,0.0019983828832758174,Add 90.56%,627900.0,6.69,4200651.0,,,,,
FIGS INC,0.001996446655216183,Reduce 60.89%,410223.0,10.22999929306743,4196581.0,,,,,
FUTU HLDGS LTD,0.001993177426905173,Reduce 57.59%,44695.0,93.73999328783981,4189709.0,,,,,
RIBBON COMMUNICATIONS INC,0.001993067057148457,Add 16.37%,1790375.0,2.3399997207288976,4189477.0,,,,,
DIANTHUS THERAPEUTICS INC,0.0019907569039647748,Reduce 71.31%,42928.0,97.47998975027954,4184621.0,,,,,
KYVERNA THERAPEUTICS INC,0.0019894491174940287,Reduce 34.96%,469346.0,8.909998167663089,4181872.0,,,,,
FB FINL CORP,0.0019877312502892767,Add 45.53%,75488.0,55.35000264942772,4178261.0,,,,,
IRIS ACQUISITION CORP II,0.0019869258365042743,Add 0.00%,420601.0,9.930000166428515,4176568.0,,,,,
DUTCH BROS INC,0.001985922518327918,Reduce 14.06%,58132.0,71.81000137617835,4174459.0,,,,,
MATADOR RES CO,0.001984166592586367,Reduce 41.72%,83784.0,49.780005729017475,4170768.0,,,,,
FRANKLIN ELEC INC,0.0019813592997657515,Reduce 64.91%,38855.0,107.18998841847896,4164867.0,,,,,
MONTE ROSA THERAPEUTICS INC,0.001980796033421131,Add 159.40%,172053.0,24.20000232486501,4163683.0,,,,,
WORTHINGTON ENTERPRISES INC,0.0019760272987602513,Add 109.94%,77263.0,53.76000155313669,4153659.0,,,,,
CLEARWATER PAPER CORP,0.001968816157500315,Add 18.39%,263935.0,15.680000757762327,4138501.0,,,,,
AAR CORP,0.001968426057498128,Reduce 2.53%,28949.0,142.93001485370826,4137681.0,,,,,
ALDEYRA THERAPEUTICS INC,0.0019661610988268943,Add 38.20%,1940338.0,2.1300000309224476,4132920.0,,,,,
YPF SOCIEDAD ANONIMA,0.0019468368767673458,Reduce 33.53%,90000.0,45.47,4092300.0,,,,,
KARBON CAP PARTNERS CORP,0.0019438873401654453,,500000.0,8.1722,4086100.0,,,,,
NEWAMSTERDAM PHARMA COMPANY,0.0019437503294329698,Buy 100%,120561.0,33.88999759457868,4085812.0,,,,,
BIOCRYST PHARMACEUTICALS INC,0.0019435019974803583,Add 35.23%,408529.0,10.0,4085290.0,,,,,
CHIME FINL INC,0.0019426247482071481,Reduce 16.53%,199387.0,20.48000120368931,4083446.0,,,,,
VITAL FARMS INC,0.0019391823535537041,Add 338.11%,350491.0,11.629999058463698,4076210.0,,,,,
REPAY HLDGS CORP,0.0019363888569526783,Reduce 40.68%,969128.0,4.200000412742177,4070338.0,,,,,
COSTAMARE INC,0.0019292409880101694,Add 28.14%,289252.0,14.019999861712279,4055313.0,,,,,
SL GREEN RLTY CORP,0.0019229541934627312,Reduce 23.75%,78078.0,51.769999231537696,4042098.0,,,,,
NLIGHT INC,0.0019199918121046613,Add 409.67%,57970.0,69.61999309987925,4035871.0,,,,,
BITCOIN INFRASTRUCTURE ACQUI,0.0019125271058433031,Add 14.43%,402018.0,10.0,4020180.0,,,,,
DISTRIBUTION SOLUTIONS GRP I,0.0019122521329149322,Add 145.70%,146969.0,27.349998979376604,4019602.0,,,,,
TRG LATIN AMER ACQUIS CORP,0.001911366320470942,Add 114.29%,750000.0,5.356986666666667,4017740.0,,,,,
ZIMMER BIOMET HOLDINGS INC,0.0019052612554367181,Add 33.89%,46520.0,86.09000429922614,4004907.0,,,,,
GENTHERM INC,0.0018982099600313358,Add 3.94%,116977.0,34.10999598211614,3990085.0,,,,,
WILEY JOHN &AMP; SONS INC,0.0018957214074564097,Add 464.38%,82145.0,48.510000608679775,3984854.0,,,,,
K2 CAP ACQUISITION CORP,0.0018937104895183077,,400063.0,9.950000374940947,3980627.0,,,,,
TERNIUM SA,0.001883226314093681,Add 31.67%,92707.0,42.7000010786672,3958589.0,,,,,
AMENTUM HOLDINGS INC,0.0018829732248239696,Add 189.38%,191488.0,20.670000208890375,3958057.0,,,,,
COGENT COMM HOLDINGS INC,0.0018798790657822341,Reduce 63.46%,284694.0,13.880000983512122,3951553.0,,,,,
ARCOS DORADOS HLDGS INC,0.0018778962160150208,Add 367.47%,489750.0,8.06,3947385.0,,,,,
HERITAGE INSURANCE HLDGS INC,0.001876558934178256,Buy 100%,151249.0,26.080000528929116,3944574.0,,,,,
KIMCO REALTY CORP,0.0018765047007633178,Add 92.80%,155600.0,25.35,3944460.0,,,,,
FUELCELL ENERGY INC,0.001876317738201294,Buy 100%,109527.0,36.00999753485442,3944067.0,,,,,
MATRIX SVC CO,0.0018745180451424247,Add 313.59%,287612.0,13.699998609237445,3940284.0,,,,,
AMDOCS LTD,0.001868611360231264,Reduce 82.31%,77718.0,50.540003602768984,3927868.0,,,,,
XPEL INC,0.0018662545853400036,Reduce 41.38%,79091.0,49.60000505746545,3922914.0,,,,,
NETGEAR INC,0.0018643449982561277,Add 117.41%,167833.0,23.349996722932914,3918900.0,,,,,
COVENANT LOGISTICS GROUP INC,0.0018636085655690726,Reduce 8.46%,88668.0,44.179997293273786,3917352.0,,,,,
APPLE HOSPITALITY REIT INC,0.0018634886811781566,Add 91.58%,233022.0,16.810000772459254,3917100.0,,,,,
CRITEO S A,0.0018622417883662886,Reduce 41.06%,214140.0,18.279999066031568,3914479.0,,,,,
SELECTIVE INS GROUP INC,0.0018588131899324343,Reduce 65.04%,40277.0,97.0100057104551,3907272.0,,,,,
NANO NUCLEAR ENERGY INC,0.001858527750906444,Add 23.20%,184800.0,21.14,3906672.0,,,,,
TRINITY CAP INC,0.0018466568175472145,Reduce 34.44%,216977.0,17.890002166128205,3881719.0,,,,,
ADVANSIX INC,0.0018465293214489388,Reduce 14.97%,195244.0,19.88000143410297,3881451.0,,,,,
HAWAIIAN ELEC INDS INC MTN B,0.0018382620557928376,Add 159.97%,285593.0,13.52999898456895,3864073.0,,,,,
BOOZ ALLEN HAMILTON HLDG COR,0.0018368477054190552,Reduce 73.39%,63641.0,60.67000832796467,3861100.0,,,,,
OLLIES BARGAIN OUTLET HLDGS,0.0018287126931783293,Add 340.06%,50000.0,76.88,3844000.0,,,,,
SCANSOURCE INC,0.0018250861903531218,Add 150.48%,73649.0,52.090008010970955,3836377.0,,,,,
BWX TECHNOLOGIES INC,0.001817668581531052,Add 5.37%,19629.0,194.65000764175454,3820785.0,,,,,
SPROTT FDS TR,0.0018097633477062486,Reduce 56.07%,129106.0,29.465462488188,3804168.0,,,,,
EASTMAN CHEM CO,0.00180349938828089,Reduce 88.11%,56599.0,66.97999964663687,3791001.0,,,,,
TREKOR METALS LTD,0.001802514147909513,Buy 100%,550557.0,6.881994053295117,3788930.0,,,,,
ZYMEWORKS INC,0.0018007658338753218,Reduce 38.54%,144807.0,26.14000013811487,3785255.0,,,,,
LEGATO MERGER CORP IV,0.0017982658637393561,,500000.0,7.56,3780000.0,,,,,
INNOVIVA INC,0.001796196906532636,Reduce 33.18%,166255.0,22.709999699257164,3775651.0,,,,,
GREEN BRICK PARTNERS INC,0.0017893030783232584,Reduce 14.12%,46991.0,80.04000766104147,3761160.0,,,,,
STITCH FIX INC,0.0017863682894043676,Add 197.76%,913623.0,4.110000514435385,3754991.0,,,,,
TEREX CORP NEW,0.001782625232310214,Reduce 72.59%,51763.0,72.38998898827347,3747123.0,,,,,
CERTARA INC,0.0017689308193066155,Add 78.46%,567685.0,6.550000440385073,3718337.0,,,,,
MUZERO ACQUISITION CORP,0.0017657581645327324,Add 8.98%,531261.0,6.9865245143159385,3711668.0,,,,,
FRANKLIN TEMPLETON ETF TR,0.0017646230686727109,Add 169.92%,127465.0,29.10039618718864,3709282.0,,,,,
IBEX LTD,0.0017603695514537443,Add 118.85%,121842.0,30.369995568030728,3700341.0,,,,,
KFORCE INC,0.0017578048818052208,Reduce 41.38%,78750.0,46.92,3694950.0,,,,,
LOVESAC CO,0.00175723257655811,Buy 100%,221315.0,16.689998418543706,3693747.0,,,,,
ORASURE TECHNOLOGIES INC,0.001755095113985152,Reduce 40.16%,827187.0,4.45999997582167,3689254.0,,,,,
HAMILTON INSURANCE GROUP LTD,0.0017550903566680522,Add 433.75%,108699.0,33.939999448017,3689244.0,,,,,
COASTAL FINL CORP WA,0.001753910066295582,Buy 100%,47565.0,77.50999684642069,3686763.0,,,,,
TRIPLE FLAG PRECIOUS METAL,0.0017461475519837738,Add 186.37%,122568.0,29.94620129234384,3670446.0,,,,,
STEVANATO GROUP S P A,0.0017416109743973668,Add 13.13%,202596.0,18.070001382060852,3660910.0,,,,,
PAYSAFE LIMITED,0.001741285573907738,Add 17.81%,489990.0,7.470001428600583,3660226.0,,,,,
FUBOTV INC,0.0017412037480536208,Add 4.47%,397832.0,9.199998994550464,3660054.0,,,,,
RBC BEARINGS INC,0.0017403507610976195,,5680.0,644.0600352112676,3658261.0,,,,,
CARIS LIFE SCIENCES INC,0.001736352711806914,Add 58.07%,204818.0,17.820001171772013,3649857.0,,,,,
APTIV PLC,0.0017289855305461024,Add 88.75%,59211.0,61.37999696002432,3634371.0,,,,,
PAYCOM SOFTWARE INC,0.001727929881881648,Reduce 10.25%,28900.0,125.68,3632152.0,,,,,
ELECTRONIC ARTS INC,0.0017269194277296422,Reduce 84.07%,17704.0,205.03999096249436,3630028.0,,,,,
NEXGEN ENERGY LTD,0.001726810960899766,Reduce 33.31%,386587.0,9.38934832262854,3629800.0,,,,,
DIGITALBRIDGE GROUP INC,0.0017147368901003733,Reduce 2.99%,228417.0,15.779998861730958,3604420.0,,,,,
CBIZ INC,0.0017123220759404946,Reduce 58.17%,112199.0,32.08000071301883,3599344.0,,,,,
TOOTSIE ROLL INDS INC,0.0017113729911790766,Add 203.40%,90957.0,39.54999615202788,3597349.0,,,,,
LANDBRIDGE COMPANY LLC,0.001709256460801358,Buy 100%,45342.0,79.23999823563142,3592900.0,,,,,
INGLES MKTS INC,0.0017086632233590077,Reduce 28.22%,40547.0,88.57999358768836,3591653.0,,,,,
BANC OF CALIFORNIA INC,0.0017063121572482671,"Add 1,423.83%",175561.0,20.429998689914047,3586711.0,,,,,
ANIKA THERAPEUTICS INC,0.0017056485115128396,Add 6.65%,245066.0,14.630001713824031,3585316.0,,,,,
ALEXANDRIA REAL ESTATE EQ IN,0.0016968869606100651,Reduce 69.92%,67491.0,52.84999481412336,3566899.0,,,,,
HERBALIFE LTD,0.0016905178644768,Reduce 18.39%,270229.0,13.149998704802224,3553511.0,,,,,
BANK HAWAII CORP,0.00167835625904277,Add 253.96%,43293.0,81.49000993232163,3527947.0,,,,,
LAKESHORE ACQUISITION III CO,0.0016737573606023552,,337000.0,10.44,3518280.0,,,,,
TRAVELERS COMPANIES INC,0.0016713106724179077,Buy 100%,10642.0,330.119996241308,3513137.0,,,,,
VONTIER CORPORATION,0.001668238872766541,Reduce 48.59%,120920.0,29.0,3506680.0,,,,,
ESAB CORPORATION,0.0016656632612886881,Reduce 84.16%,35499.0,98.62998957717119,3501266.0,,,,,
ARBOR REALTY TRUST INC,0.0016655110271414932,Reduce 1.57%,645931.0,5.41999996903694,3500946.0,,,,,
LEMAITRE VASCULAR INC,0.001664625690429213,Reduce 56.40%,36464.0,95.95998793330408,3499085.0,,,,,
NBT BANCORP INC,0.001661367403947533,Add 352.88%,70736.0,49.36999547613662,3492236.0,,,,,
MACYS INC,0.0016536339092700339,Reduce 60.91%,147600.0,23.55,3475980.0,,,,,
TURTLE BEACH CORP,0.0016503870403493934,Add 46.04%,278647.0,12.449999461684497,3469155.0,,,,,
INTERPARFUMS INC,0.0016489841075366506,Reduce 32.76%,30987.0,111.86000580888759,3466206.0,,,,,
WHITE PEARL ACQUISITION CORP,0.0016445569482435396,,345000.0,10.02,3456900.0,,,,,
VEECO INSTRS INC DEL,0.0016414723038360038,Reduce 89.78%,45520.0,75.8,3450416.0,,,,,
FIRST BUSEY CORP,0.0016383115423548706,Add 47.31%,116738.0,29.500008566190957,3443772.0,,,,,
MOBILEYE GLOBAL INC,0.0016359138545365512,Reduce 35.18%,355241.0,9.67999752280846,3438732.0,,,,,
QUAD / GRAPHICS INC,0.0016324766929319173,Reduce 10.56%,407059.0,8.429999091040857,3431507.0,,,,,
PHOTRONICS INC,0.001631417238413783,Reduce 45.04%,105419.0,32.52999933598308,3429280.0,,,,,
TD SYNNEX CORPORATION,0.001627676559978179,Buy 100%,12798.0,267.33997499609313,3421417.0,,,,,
PEARSON PLC,0.001623557674833138,Reduce 74.09%,214774.0,15.89000065184799,3412759.0,,,,,
COMPASS PATHWAYS PLC,0.0016214682611628884,Add 1.90%,240874.0,14.149999584845188,3408367.0,,,,,
BUMBLE INC,0.0016160430167422315,Add 21.51%,1061551.0,3.1999998115964283,3396963.0,,,,,
PRAXIS PRECISION MEDICINES I,0.0016149997371022367,Add 102.80%,10140.0,334.7899408284024,3394770.0,,,,,
DIME COML BANCSHARES INC,0.0016045921544829175,Buy 100%,82974.0,40.64999879480319,3372893.0,,,,,
CHORD ENERGY CORPORATION,0.0016040959663094043,Add 29.39%,29500.0,114.3,3371850.0,,,,,
THRYV HLDGS INC,0.0016015684037342596,Add 11.72%,854451.0,3.9400000702205276,3366537.0,,,,,
TIPTREE INC,0.001600189257507016,Add 0.90%,187703.0,17.920001278615686,3363638.0,,,,,
PELAGOS INS CAP LTD,0.001598914296524259,Buy 100%,138027.0,24.350003984727625,3360958.0,,,,,
SIMULATIONS PLUS INC,0.0015982991754232496,Reduce 9.73%,183488.0,18.309998474014648,3359665.0,,,,,
SIRIUSXM HOLDINGS INC,0.0015978391428596954,Reduce 69.96%,113700.0,29.54,3358698.0,,,,,
PC CONNECTION INC,0.0015976355296878223,Reduce 24.32%,46010.0,72.99000217344056,3358270.0,,,,,
RHYTHM PHARMACEUTICALS INC,0.001593488576371892,Reduce 7.61%,30168.0,111.02999867409176,3349553.0,,,,,
USANA HEALTH SCIENCES INC,0.0015929529024664502,Reduce 14.06%,156835.0,21.349998405968055,3348427.0,,,,,
UNITED CMNTY BKS BLAIRSVLE G,0.0015896817712286004,Reduce 8.60%,95228.0,35.090005040534294,3341551.0,,,,,
NOBLE CORP PLC,0.001577512078355501,Add 455.63%,88900.0,37.3,3315970.0,,,,,
CONCENTRIX CORP,0.0015735863402847132,Reduce 33.03%,147633.0,22.405004301206368,3307718.0,,,,,
SCRIPPS E W CO OHIO,0.001573568262479734,Reduce 22.25%,1194108.0,2.770000703453959,3307680.0,,,,,
DEXCOM INC,0.0015661092649988952,Add 0.92%,48879.0,67.35000716053929,3292001.0,,,,,
FTAI AVIATION LTD,0.0015644736993799706,Reduce 64.04%,12156.0,270.53002632444884,3288563.0,,,,,
LEXINFINTECH HLDGS LTD,0.00156330672949538,Reduce 40.68%,1668076.0,1.9700001678580592,3286110.0,,,,,
MIRUM PHARMACEUTICALS INC,0.0015526907763870877,Reduce 83.35%,27879.0,117.07001685856739,3263795.0,,,,,
EROCK INC,0.0015520747038226586,Buy 100%,225000.0,14.5,3262500.0,,,,,
DYNAMIX CORP,0.0015512364645496669,,302200.0,10.79,3260738.0,,,,,
TERADATA CORP DEL,0.001550609925887618,Add 192.75%,94067.0,34.64999415310364,3259421.0,,,,,
ROCKET PHARMACEUTICALS INC,0.001546550507206325,Reduce 56.19%,950552.0,3.420000168323248,3250888.0,,,,,
MASTERBRAND INC,0.0015463359522051223,Add 42.39%,315883.0,10.290002944128048,3250437.0,,,,,
TRANSCAT INC,0.0015446770757324081,Add 960.61%,35000.0,92.77,3246950.0,,,,,
SHINHAN FINANCIAL GROUP CO L,0.0015424149714514345,Add 176.42%,51260.0,63.25,3242195.0,,,,,
NEWMARK GROUP INC,0.0015359469231224928,Reduce 70.79%,213673.0,15.109999859598545,3228599.0,,,,,
SOUNDHOUND AI INC,0.0015348584489700491,Reduce 74.34%,498657.0,6.470000421131158,3226311.0,,,,,
BAKER HUGHES COMPANY,0.0015323575273706637,Add 18.66%,58037.0,55.50000861519376,3221054.0,,,,,
KNIFE RIVER CORP,0.0015241468737880505,Add 15.02%,38300.0,83.65,3203795.0,,,,,
VERA THERAPEUTICS INC,0.0015210008599899265,"Add 1,254.71%",74509.0,42.91001087116992,3197182.0,,,,,
F5 INC,0.0015185722496104585,Add 298.44%,7674.0,415.9599947875945,3192077.0,,,,,
NORTHFIELD BANCORP INC DEL,0.0015153919831292157,Add 1.60%,216252.0,14.730000184969388,3185392.0,,,,,
RADIANT LOGISTICS INC,0.0015132445301903482,Add 5.55%,336245.0,9.460000892206576,3180878.0,,,,,
NB BANCORP INC,0.001507138037960994,Add 113.02%,149931.0,21.129999799907957,3168042.0,,,,,
PLUTONIAN ACQUISITION CORP I,0.0015052627035602372,Buy 100%,318000.0,9.95,3164100.0,,,,,
EURONET WORLDWIDE INC,0.001501386917318998,Reduce 75.81%,43120.0,73.19000463821892,3155953.0,,,,,
GRID DYNAMICS HLDGS INC,0.0014964136180228257,Reduce 53.24%,553785.0,5.680000361150988,3145499.0,,,,,
HESAI GROUP,0.0014960244694840587,Reduce 80.18%,172595.0,18.22000057939106,3144681.0,,,,,
PRICE T ROWE GROUP INC,0.0014927718917828986,Add 17.45%,27600.0,113.69,3137844.0,,,,,
AMYLYX PHARMACEUTICALS INC,0.0014891158935916719,Add 134.79%,174285.0,17.960002295091375,3130159.0,,,,,
BILLIONTOONE INC,0.00148295088636199,Add 572.73%,25981.0,119.97998537392711,3117200.0,,,,,
ALEXANDERS INC,0.00147256328447449,Add 13.33%,11233.0,275.5599572687617,3095365.0,,,,,
GUARDIAN PHARMACY SVCS INC,0.0014708306695867285,Reduce 2.43%,73841.0,41.870004469061904,3091723.0,,,,,
OXFORD INDS INC,0.0014706770082444037,Add 32.71%,88655.0,34.87000169195195,3091400.0,,,,,
STANDARD LITHIUM CORP,0.0014649553829684267,Buy 100%,1119772.0,2.75,3079373.0,,,,,
RILEY EXPLORATION PERMIAN IN,0.0014639116275967218,Reduce 21.04%,93361.0,32.96000471288868,3077179.0,,,,,
XP INC,0.0014630576891773008,Add 79.22%,189138.0,16.26000063445738,3075384.0,,,,,
STATE STR SPDR S&AMP;P MIDCAP 40,0.0014622070808798493,Buy 100%,4370.0,703.3400457665904,3073596.0,,,,,
SOUTHERN MO BANCORP INC,0.0014614597063634645,Add 57.35%,40310.0,76.209997519226,3072025.0,,,,,
O-I GLASS INC,0.0014583731590290887,Reduce 55.38%,318332.0,9.629999497380094,3065537.0,,,,,
GLOBAL INDUSTRIAL COMPANY,0.0014581985654915247,Reduce 15.83%,91607.0,33.4599975984368,3065170.0,,,,,
PROEM ACQUISITION CORP I,0.001450243379837173,Add 50.29%,450860.0,6.761407088674977,3048448.0,,,,,
CO2 ENERGY TRANSITION CORP,0.001449908464713344,,840000.0,3.6282666666666668,3047744.0,,,,,
TIM S A,0.0014484822210468122,Add 40.46%,142145.0,21.420000703506982,3044746.0,,,,,
SI BONE INC,0.0014430683941871946,Reduce 1.67%,185868.0,16.320001291238945,3033366.0,,,,,
CODEXIS INC,0.0014428714412592614,Add 36.96%,1342014.0,2.260000268253535,3032952.0,,,,,
AVERY DENNISON CORP,0.001434486669870794,Add 137.96%,18573.0,162.35002422871912,3015327.0,,,,,
ARES ACQUISITION CORP III,0.0014343311056016293,Buy 100%,300000.0,10.05,3015000.0,,,,,
NEXTDECADE CORP,0.0014326436852263164,Reduce 4.67%,399397.0,7.539999048565713,3011453.0,,,,,
POSCO HOLDINGS INC,0.0014314852785125053,Add 85.85%,58564.0,51.37999453589236,3009018.0,,,,,
HYSTER-YALE INC,0.0014293535247200673,Reduce 29.75%,85697.0,35.06000210042359,3004537.0,,,,,
XFLH CAP CORP,0.0014226999410242316,Buy 100%,299955.0,9.969998833158307,2990551.0,,,,,
BAXTER INTL INC,0.001421708516140625,"Add 1,205.50%",140172.0,21.319999714636303,2988467.0,,,,,
TRUBRIDGE INC,0.0014176300681909325,Add 102.63%,113693.0,26.210004133939645,2979894.0,,,,,
ULTA BEAUTY INC,0.001417287541359744,Reduce 95.80%,6606.0,450.9800181653043,2979174.0,,,,,
ARCUS BIOSCIENCES INC,0.0014141296342688706,Reduce 62.83%,96417.0,30.829998859122355,2972536.0,,,,,
BANCO MACRO S A,0.0014113418464483645,Buy 100%,32041.0,92.58999407009769,2966676.0,,,,,
CYTEK BIOSCIENCES INC,0.0014102952366864,Add 157.25%,669182.0,4.429999611465939,2964476.0,,,,,
INTEGER HLDGS CORP,0.0014099132241232827,Reduce 78.40%,31714.0,93.44999054045532,2963673.0,,,,,
ACCO BRANDS CORP,0.0014078166744773836,Add 16.48%,711362.0,4.160000112460323,2959266.0,,,,,
CONDUENT INC,0.0014075293325245533,Add 22.39%,2026481.0,1.4599998716987723,2958662.0,,,,,
GREAT SOUTHN BANCORP INC,0.001404126423603038,Add 142.60%,37642.0,78.40999415546464,2951509.0,,,,,
DESIGNER BRANDS INC,0.00140317733884162,Reduce 8.39%,505920.0,5.830000790638836,2949514.0,,,,,
RANGER ENERGY SVCS INC,0.0014029756285965868,Add 100.12%,184203.0,16.009999837136203,2949090.0,,,,,
ICU MED INC,0.0014001459763856021,Buy 100%,20076.0,146.6000199242877,2943142.0,,,,,
MILLER INDS INC TENN,0.0013966802708783692,Reduce 22.53%,57397.0,51.15000784013102,2935857.0,,,,,
NIOCORP DEVS LTD,0.0013944514678170942,Add 136.15%,639313.0,4.584877829795421,2931172.0,,,,,
SPDR INDEX SHS FDS,0.0013909909953586709,Add 370.27%,48165.0,60.70586525485311,2923898.0,,,,,
ADDUS HOMECARE CORP,0.0013901208820611102,Add 254.08%,29084.0,100.46998349608032,2922069.0,,,,,
QIAGEN NV,0.0013818950050637777,Add 283.00%,74291.0,39.09999865394193,2904778.0,,,,,
COVISTA INC,0.001380079612858479,Reduce 52.57%,23271.0,124.65996304413218,2900962.0,,,,,
CERIBELL INC,0.0013790829549260625,Add 75.92%,149042.0,19.450000670951813,2898867.0,,,,,
MOUNTAIN CREST ACQUISITION 6,0.0013788983710225887,Buy 100%,570000.0,5.085050877192982,2898479.0,,,,,
BILIBILI INC,0.001377290873574553,Buy 100%,170000.0,17.03,2895100.0,,,,,
ORRSTOWN FINL SVCS INC,0.001375752357224465,Reduce 5.77%,70827.0,40.829994211247126,2891866.0,,,,,
CORE LABORATORIES INC,0.0013748722535609945,Add 109.47%,248070.0,11.650002015560124,2890016.0,,,,,
ECOPETROL S A,0.0013737033807495638,Reduce 84.00%,202778.0,14.240001380820404,2887559.0,,,,,
CHEMED CORP NEW,0.0013648542952121524,Reduce 85.64%,6160.0,465.7399350649351,2868958.0,,,,,
UL SOLUTIONS INC,0.0013626882887365955,Reduce 45.91%,28121.0,101.85999786636322,2864405.0,,,,,
KEROS THERAPEUTICS INC,0.0013614594737297067,Reduce 47.52%,267460.0,10.7,2861822.0,,,,,
CAPITAL GROUP CORE EQUITY ET,0.0013608771781166865,Buy 100%,64312.0,44.480003731807436,2860598.0,,,,,
CTS CORP,0.0013597006935978963,Reduce 3.26%,43843.0,65.18999612252811,2858125.0,,,,,
AGRICULTURE &AMP; NAT SOL ACQ CO,0.0013594033612791562,,350000.0,8.164285714285715,2857500.0,,,,,
ZIPRECRUITER INC,0.0013572235585840096,Add 2.01%,760778.0,3.7500006572219493,2852918.0,,,,,
VODAFONE GROUP PLC,0.0013541117974690048,Reduce 38.19%,215227.0,13.224999651530709,2846377.0,,,,,
DESIGN THERAPEUTICS INC,0.0013467883835255115,Reduce 58.40%,195645.0,14.469999233305222,2830983.0,,,,,
MARRIOTT VACATIONS WORLDWIDE,0.0013425510411846846,Reduce 68.05%,27700.0,101.88,2822076.0,,,,,
AMERICAN CENTY ETF TR,0.0013384573698202726,Add 34.40%,29786.0,94.45615389780434,2813471.0,,,,,
WISDOMTREE INC,0.001336930746762934,Reduce 90.77%,165895.0,16.940004219536455,2810262.0,,,,,
CORPORACION AMER ARPTS S A,0.00133230806173702,Add 47.00%,111221.0,25.180001978043716,2800545.0,,,,,
FRESHPET INC,0.0013303247362380969,Reduce 71.11%,47300.0,59.12,2796376.0,,,,,
BROOKFIELD BUSINESS CORP,0.0013295573809898927,,93626.0,29.850287313353128,2794763.0,,,,,
WYNDHAM HOTELS &AMP; RESORTS INC,0.0013286753743995826,Add 266.35%,33166.0,84.21000422119037,2792909.0,,,,,
S &AMP; T BANCORP INC,0.0013250041527936363,Add 66.17%,56748.0,49.08000281948262,2785192.0,,,,,
BHAV ACQUISITION CORP,0.0013219047607030908,Buy 100%,279264.0,9.950000716168214,2778677.0,,,,,
FERROGLOBE PLC,0.0013176992923868327,Add 334.51%,871018.0,3.179999724460344,2769837.0,,,,,
WESBANCO INC,0.0013116299072308572,Buy 100%,70640.0,39.02999716874292,2757079.0,,,,,
HEICO CORP NEW,0.0013070800091565706,Reduce 91.45%,10653.0,257.9099784098376,2747515.0,,,,,
ALGOMA STL GROUP INC,0.0013041428415791298,Add 44.91%,1228119.0,2.23214607053551,2741341.0,,,,,
DOMINOS PIZZA INC,0.0013037151587718542,Reduce 66.51%,9257.0,296.03996975261964,2740442.0,,,,,
QUALYS INC,0.0013036537893812664,Reduce 85.18%,19931.0,137.48999046711154,2740313.0,,,,,
NEW FOUND GOLD CORP,0.0012907866738213303,Reduce 15.66%,1758915.0,1.5425793742164915,2713266.0,,,,,
HAEMONETICS CORP MASS,0.001285902812086635,Reduce 81.10%,36040.0,75.0,2703000.0,,,,,
TTM TECHNOLOGIES INC,0.001285279603546556,Add 8.33%,14446.0,187.01993631455073,2701690.0,,,,,
ZETA GLOBAL HOLDINGS CORP,0.0012850269900085544,Add 109.55%,137254.0,19.680002040013406,2701159.0,,,,,
CASTLE BIOSCIENCES INC,0.001279726863027623,Reduce 46.79%,112789.0,23.85000310313949,2690018.0,,,,,
ZAI LAB LTD,0.0012759133976403918,Add 123.20%,141158.0,19.0,2682002.0,,,,,
IMPINJ INC,0.0012755627833701336,Reduce 4.82%,18720.0,143.22996794871796,2681265.0,,,,,
TILRAY BRANDS INC,0.0012687022563804549,Reduce 3.99%,2148383.0,1.2413261508771947,2666844.0,,,,,
PEOPLE INC,0.001268440128208254,Buy 100%,57762.0,46.159984072573664,2666293.0,,,,,
OLD SECOND BANCORP INC DEL,0.0012683397488174473,Buy 100%,114326.0,23.319997200986652,2666082.0,,,,,
UNIVERSAL INS HLDGS INC,0.0012667579408817506,Add 11.91%,64380.0,41.36000310655483,2662757.0,,,,,
MOTOROLA SOLUTIONS INC,0.0012644263797711192,Reduce 93.40%,6400.0,415.29,2657856.0,,,,,
ZUMIEZ INC,0.001262176168782895,Add 55.17%,149052.0,17.80000268362719,2653126.0,,,,,
ZENTALIS PHARMACEUTICALS INC,0.0012610910247524217,Reduce 63.17%,546566.0,4.849999817039479,2650845.0,,,,,
WARRIOR MET COAL INC,0.0012595482268169438,Reduce 77.13%,32622.0,81.16001471399669,2647602.0,,,,,
METALLUS INC,0.0012559849963091638,Add 104.73%,141258.0,18.6899998584151,2640112.0,,,,,
ARCTURUS THERAPEUTICS HLDGS,0.0012543361102023594,Add 55.68%,392358.0,6.720000611686266,2636646.0,,,,,
QDRO ACQUISITION CORP,0.0012540620887374087,Buy 100%,266001.0,9.910000338344593,2636070.0,,,,,
ROCKY BRANDS INC,0.001252566863972929,Reduce 29.68%,63844.0,41.24000689179876,2632927.0,,,,,
DIGIMARC CORP,0.0012521624920194428,Buy 100%,320204.0,8.22000037476109,2632077.0,,,,,
AMPLIFY ENERGY CORP NEW,0.0012509208322563847,Add 105.16%,660670.0,3.9800006054459867,2629467.0,,,,,
BROADRIDGE FINL SOLUTIONS IN,0.0012495397831023011,Buy 100%,19179.0,136.9499973929819,2626564.0,,,,,
LINCOLN INTL INC,0.0012491287509048751,Buy 100%,110000.0,23.87,2625700.0,,,,,
EDGEWELL PERSONAL CARE CO,0.0012478889940686568,Reduce 31.42%,97658.0,26.860001228777982,2623094.0,,,,,
VIRGIN GALACTIC HOLDINGS INC,0.0012427263535519108,Add 388.60%,903890.0,2.889999889367069,2612242.0,,,,,
LANDS END INC NEW,0.0012399357113411452,Add 285.05%,248700.0,10.48,2606376.0,,,,,
GRUPO FINANCIERO GALICIA S.A,0.0012352645016808126,,51900.0,50.03,2596557.0,,,,,
TUYA INC,0.0012288478323765491,Reduce 28.75%,1467653.0,1.759999809219209,2583069.0,,,,,
HIGHVIEW MERGER CORP,0.0012279824763960882,Add 50.00%,375000.0,6.883333333333334,2581250.0,,,,,
FIRST TRACKS BIOTHERAPEUTICS,0.0012264249307776007,Buy 100%,128130.0,20.12000312182939,2577976.0,,,,,
AA MISSION ACQUISITION CORP,0.0012214411653838088,,375000.0,6.846666666666667,2567500.0,,,,,
PUMA BIOTECHNOLOGY INC,0.00122050968269566,Reduce 9.93%,316343.0,8.11000085350395,2565542.0,,,,,
NEUROPACE INC,0.0012176719430456058,Add 269.24%,161081.0,15.889999441274886,2559577.0,,,,,
MARCUS &AMP; MILLICHAP INC,0.0012175135243861813,Reduce 50.05%,82106.0,31.16999975641244,2559244.0,,,,,
COLUMBIA FINL INC,0.0012124027386258235,Reduce 47.56%,120099.0,21.22000183182208,2548501.0,,,,,
SPARTACUS ACQUISITION CORP I,0.0012107410077628496,Add 33.33%,333333.0,7.635031635031635,2545008.0,,,,,
TRIUMPH FINANCIAL INC,0.001209364715925866,Add 156.45%,33313.0,76.30999909945066,2542115.0,,,,,
TOPBUILD COR,0.0012069394356683679,Reduce 58.93%,7156.0,354.5300447177194,2537017.0,,,,,
CAPITAL GROUP GROWTH ETF,0.0012057639026129975,Buy 100%,53698.0,47.200007449067,2534546.0,,,,,
PRICESMART INC,0.0012047372735828521,Add 222.01%,12964.0,195.34001851280468,2532388.0,,,,,
FG MERGER II CORP,0.0012012225677094906,,250000.0,10.1,2525000.0,,,,,
MURPHY USA INC,0.0011997535081890603,Reduce 88.94%,4680.0,538.8700854700854,2521912.0,,,,,
FORTUNEX ACQUISITION CORP,0.001195275921334691,Buy 100%,250000.0,10.05,2512500.0,,,,,
ALLIED GOLD CORP,0.0011928639615650725,Reduce 55.65%,105632.0,23.737409118448955,2507430.0,,,,,
AEVEX CORP,0.0011925642505877824,Buy 100%,120000.0,20.89,2506800.0,,,,,
AERSALE CORPORATION,0.0011915252525331777,Add 4.01%,396300.0,6.32,2504616.0,,,,,
COHEN &AMP; STEERS INC,0.0011913121247271049,Reduce 75.76%,32889.0,76.13998601356076,2504168.0,,,,,
TERRENO RLTY CORP,0.0011864910595781274,Buy 100%,38506.0,64.77000986859191,2494034.0,,,,,
F&AMP;G ANNUITIES &AMP; LIFE INC,0.001185555771036299,Add 20.08%,93722.0,26.59000021339707,2492068.0,,,,,
ETFIS SER TR I,0.0011831547530960099,Buy 100%,30426.0,81.73999211200946,2487021.0,,,,,
VERSIGENT PLC,0.001183061033949143,Buy 100%,59196.0,42.01000067572133,2486824.0,,,,,
ACP HOLDINGS ACQUISITION COR,0.0011821932993101322,Buy 100%,250000.0,9.94,2485000.0,,,,,
DEL MONTE CORP,0.001181699489795169,Buy 100%,88999.0,27.909998988752683,2483962.0,,,,,
WOLVERINE WORLD WIDE INC,0.0011814402160132277,Add 1.30%,150237.0,16.52999593974853,2483417.0,,,,,
REDWOOD TRUST INC,0.0011793032291719798,Add 227.30%,522980.0,4.739999617576198,2478925.0,,,,,
MALIBU BOATS INC,0.0011713594610786677,Add 162.26%,89764.0,27.430005347355287,2462227.0,,,,,
LEAPFROG ACQUISITION CORP,0.0011696720407033546,Add 68.50%,245991.0,9.994999817066478,2458680.0,,,,,
MARINEMAX INC,0.0011686554020391188,Reduce 0.45%,67082.0,36.62000238514057,2456543.0,,,,,
HOLLEY INC,0.001164414253844612,Reduce 13.13%,1684656.0,1.4528948343163233,2447628.0,,,,,
SOUTHERN FIRST BANCSHARES,0.0011627463384694082,Add 160.74%,40002.0,61.09999500024999,2444122.0,,,,,
SONOS INC,0.0011620213233433927,Reduce 76.87%,180532.0,13.530000221567368,2442598.0,,,,,
BLEND LABS INC,0.0011602282905284632,Add 129.65%,1426216.0,1.7099997475838162,2438829.0,,,,,
ASHLAND INC,0.0011508668419393988,Reduce 57.00%,36715.0,65.88999046711153,2419151.0,,,,,
ACADIAN ASSET MANAGEMENT INC,0.0011480828599725727,Reduce 40.18%,33743.0,71.51998933112053,2413299.0,,,,,
MURPHY OIL CORP,0.001143567214581405,Add 21.48%,73827.0,32.559998374578406,2403807.0,,,,,
PRIME MEDICINE INC,0.0011391819196787728,Reduce 53.43%,648940.0,3.690000616389805,2394589.0,,,,,
KADANT INC,0.0011380610957700506,Reduce 33.38%,7613.0,314.23000131354263,2392233.0,,,,,
APPFOLIO INC,0.0011333451673289797,Reduce 59.39%,14857.0,160.35000336541697,2382320.0,,,,,
FLEXSTEEL INDS INC,0.0011319265353698074,Reduce 21.27%,31946.0,74.47999749577411,2379338.0,,,,,
AMERICAN HEALTHCARE REIT INC,0.001127141150099079,Reduce 90.42%,45432.0,52.150004402183484,2369279.0,,,,,
TIDEWATER INC NEW,0.0011252791361862017,,35500.0,66.63,2365365.0,,,,,
SHUTTERSTOCK INC,0.0011211164837238421,Buy 100%,168933.0,13.949997928172708,2356615.0,,,,,
UBIQUITI INC,0.0011203824296953369,Add 676.41%,4410.0,534.0299319727891,2355072.0,,,,,
HUDSON TECHNOLOGIES INC,0.0011184699882212012,Add 14.19%,409591.0,5.739999169903635,2351052.0,,,,,
SPYRE THERAPEUTICS INC,0.0011172126293117137,Buy 100%,26452.0,88.78001663390292,2348409.0,,,,,
UPWORK INC,0.001116579430405725,Add 177.93%,280751.0,8.35999871772496,2347078.0,,,,,
EVOLUS INC,0.001112304980991519,Reduce 39.74%,336901.0,6.940000178093862,2338093.0,,,,,
WISDOMTREE TR,0.0011102740823215977,Reduce 73.54%,29380.0,79.4358066712049,2333824.0,,,,,
TREACE MED CONCEPTS INC,0.0011043835722885764,Reduce 30.67%,583277.0,3.9799992113524105,2321442.0,,,,,
STANDARD BIOTOOLS INC,0.0011029316391097054,"Add 1,315.50%",2818026.0,0.8227000034776116,2318390.0,,,,,
SMUCKER J M CO,0.0011025082378878196,Reduce 95.06%,20600.0,112.5,2317500.0,,,,,
BROADSTONE NET LEASE INC,0.0010994202633583137,Reduce 44.71%,111805.0,20.669996869549664,2311009.0,,,,,
AMERANT BANCORP INC,0.0010943480118664648,Add 14.84%,90139.0,25.519996893686418,2300347.0,,,,,
BXP INC,0.0010914836312406514,,34600.0,66.31,2294326.0,,,,,
PULTE GROUP INC,0.001091139201482623,Reduce 86.15%,16716.0,137.20997846374732,2293602.0,,,,,
NATURAL GROCERS BY VITAMIN,0.0010906306442846501,Reduce 18.80%,73905.0,31.019998646911574,2292533.0,,,,,
VELOCITY FINL INC,0.0010901106695256377,Add 41.48%,124130.0,18.46000161121405,2291440.0,,,,,
LEAR CORP,0.0010894318003754906,Add 94.11%,17082.0,134.06000468329236,2290013.0,,,,,
CENTRAL GARDEN &AMP; PET CO,0.001086303388650636,Reduce 27.44%,58897.0,38.77000526342598,2283437.0,,,,,
ARKO CORP,0.0010833305411949462,Add 218.79%,283585.0,8.030001586825819,2277188.0,,,,,
SWEETGREEN INC,0.0010825860210688213,Reduce 51.74%,258300.0,8.81,2275623.0,,,,,
PARSONS CORP DEL,0.0010824561463119958,Reduce 23.33%,43431.0,52.38999792774746,2275350.0,,,,,
STANDARDAERO INC,0.0010798348645899842,Buy 100%,75889.0,29.910000131771405,2269840.0,,,,,
PULSE BIOSCIENCES INC,0.0010793462881238307,Add 496.08%,81818.0,27.729998288885085,2268813.0,,,,,
TRANSALTA CORP,0.0010762497504235452,Reduce 39.34%,163700.0,13.819816737935247,2262304.0,,,,,
LISTED FDS TR,0.0010721460886932235,Buy 100%,43783.0,51.47381403741178,2253678.0,,,,,
CITY HLDG CO,0.00106987827563173,Add 228.14%,16955.0,132.6399882040696,2248911.0,,,,,
DOUGLAS EMMETT INC,0.0010641485629166833,Add 248.74%,189565.0,11.8,2236867.0,,,,,
SK TELECOM CO LTD,0.0010626290758349944,Reduce 88.89%,69455.0,32.160002879562306,2233673.0,,,,,
GRAHAM HLDGS CO,0.001061041083387068,Add 31.41%,1954.0,1141.4201637666326,2230335.0,,,,,
CONMED CORP,0.001060894082288683,Add 42.39%,68134.0,32.73000264185282,2230026.0,,,,,
INFLECTION POINT ACQU CORP V,0.0010608817132642234,,400000.0,5.575,2230000.0,,,,,
SOLID BIOSCIENCES INC,0.001058817989106313,Add 73.58%,222789.0,9.989999506259286,2225662.0,,,,,
NATIONAL FUEL GAS CO,0.0010580068665407903,Buy 100%,28804.0,77.21000555478406,2223957.0,,,,,
SMITH DOUGLAS HOMES CORP,0.0010570768110477718,Add 82.32%,142986.0,15.539996922775657,2222002.0,,,,,
TIDAL TRUST I,0.001056680050801645,Buy 100%,38629.0,57.50001294364338,2221168.0,,,,,
APOGEE ENTERPRISES INC,0.001053247646514111,Reduce 48.04%,48403.0,45.73999545482718,2213953.0,,,,,
FORTREA HLDGS INC,0.001052290474313623,Add 139.72%,127123.0,17.400006293117688,2211941.0,,,,,
AMALGAMATED FINANCIAL CORP,0.0010513637489425744,Add 30.94%,48148.0,45.89999584614107,2209993.0,,,,,
SOHU COM LTD,0.0010471739797727456,Add 4.72%,181616.0,12.120000440489825,2201186.0,,,,,
ACLARIS THERAPEUTICS INC,0.001043136920481822,Reduce 53.99%,414499.0,5.290000699639807,2192700.0,,,,,
ELANCO ANIMAL HEALTH INC,0.0010419085812066432,Reduce 38.63%,88993.0,24.61000303394649,2190118.0,,,,,
BEAZER HOMES USA INC,0.001038651721920093,Add 22.91%,77835.0,28.050003211922657,2183272.0,,,,,
HCI GROUP INC,0.0010338125789661364,Reduce 44.89%,12400.0,175.25,2173100.0,,,,,
BUILDERS FIRSTSOURCE INC,0.001033051883961872,Add 142.68%,24268.0,89.48001483434976,2171501.0,,,,,
POWER INTEGRATIONS INC,0.001032044759931836,Buy 100%,25900.0,83.76,2169384.0,,,,,
FERROVIAL NV,0.0010280281571044415,Buy 100%,31496.0,68.61001397002794,2160941.0,,,,,
INFINITY NAT RES INC,0.0010267179919751456,Buy 100%,169936.0,12.699998823086338,2158187.0,,,,,
AMERIS BANCORP,0.0010262122891674325,Add 223.31%,23899.0,90.26001087911628,2157124.0,,,,,
SOUTHWEST GAS HLDGS INC,0.001024743705378712,Reduce 78.51%,24290.0,88.6799917661589,2154037.0,,,,,
VOYAGER TECHNOLOGIES INC,0.0010235496187866525,Reduce 55.77%,66714.0,32.250007494678776,2151527.0,,,,,
FIRST MERCHANTS CORP,0.0010225667570738254,Add 45.18%,49198.0,43.69000772389121,2149461.0,,,,,
IRIDIUM COMMUNICATIONS INC,0.0010203493715735903,Reduce 53.08%,39103.0,54.850011508068434,2144800.0,,,,,
FUTURECREST ACQUISITION CORP,0.0010146168044682837,,230000.0,9.272826086956522,2132750.0,,,,,
ST JOE CO,0.001013479329949712,Reduce 19.72%,34015.0,62.62998677054241,2130359.0,,,,,
EAGLEROCK LD LLC,0.001010929883715908,Buy 100%,100000.0,21.25,2125000.0,,,,,
UNIFIRST CORP MASS,0.0010107738437150331,Buy 100%,8034.0,264.46004480955935,2124672.0,,,,,
EMBECTA CORP,0.0010081839602858805,Add 22.12%,650070.0,3.2599996923408248,2119228.0,,,,,
ARDAGH METAL PACKAGING S A,0.0010063404999096927,Add 246.07%,446277.0,4.740000044815216,2115353.0,,,,,
BARNES &AMP; NOBLE ED INC,0.001004082677214109,Add 275.92%,168042.0,12.55999690553552,2110607.0,,,,,
GERMAN AMERN BANCORP INC,0.0009982735173034948,Add 113.79%,44214.0,47.45999004840096,2098396.0,,,,,
EQUITY BANCSHARES INC,0.0009976874158367946,Add 38.59%,42808.0,48.99000186880957,2097164.0,,,,,
RENASANT CORP,0.0009971279553458534,Reduce 22.70%,49271.0,42.53999309938909,2095988.0,,,,,
FRANCO NEV CORP,0.0009968924681494113,Reduce 63.25%,10053.0,208.44454391723863,2095493.0,,,,,
SPACE ASSET ACQUISITION CORP,0.0009961817249746954,,266666.0,7.852515881289703,2093999.0,,,,,
NEWS CORP NEW,0.0009956374878984737,Reduce 87.13%,74585.0,28.05999865924784,2092855.0,,,,,
HINGHAM INSTN SVGS MASS,0.0009939148633766218,Reduce 23.68%,6802.0,307.1499558953249,2089234.0,,,,,
SIMPLIFY EXCHANGE TRADED FUN,0.0009924091725145225,Buy 100%,53284.0,39.15000750694392,2086069.0,,,,,
UPBOUND GROUP INC,0.0009923815800753435,Reduce 46.19%,98304.0,21.220001220703125,2086011.0,,,,,
CHAMPION HOMES INC,0.000992365405197204,Buy 100%,23672.0,88.12001520784048,2085977.0,,,,,
BRIGHTSPRING HEALTH SVCS INC,0.0009923068901968762,Reduce 61.05%,29909.0,69.74001136781571,2085854.0,,,,,
PJT PARTNERS INC,0.0009887098827376874,Reduce 85.00%,13769.0,150.94001016776818,2078293.0,,,,,
M3-BRIGADE ACQUISITION VI CO,0.0009878944785867748,Add 52.42%,204993.0,10.129999560960618,2076579.0,,,,,
BRUNSWICK CORP,0.0009873835427302521,Add 167.22%,24638.0,84.23999512947479,2075505.0,,,,,
HIVE DIGITAL TECHNOLOGIES LT,0.0009866799355311856,Add 62.25%,569658.0,3.640826601223892,2074026.0,,,,,
GOLD COM INC,0.00098417758673667,Add 164.46%,49718.0,41.610000402268795,2068766.0,,,,,
PRINCIPAL FINANCIAL GROUP IN,0.0009841086056387226,Add 64.66%,19193.0,107.77997186474235,2068621.0,,,,,
DIGI INTL INC,0.000979258996587146,Add 8.38%,27464.0,74.95000728226042,2058427.0,,,,,
BUSINESS FIRST BANCSHARES IN,0.0009789478680488166,Add 94.47%,66963.0,30.7300001493362,2057773.0,,,,,
SANDRIDGE ENERGY INC,0.0009771334273069377,Add 144.89%,149924.0,13.700001334009231,2053959.0,,,,,
BANK OF N T BUTTERFIELD &AMP; SO,0.0009732747674072578,Reduce 15.35%,34384.0,59.5,2045848.0,,,,,
ENOVA INTL INC,0.000970123520560324,Add 86.75%,8471.0,240.7300200684689,2039224.0,,,,,
FUTURE VISION II ACQUISITION,0.0009686535095764738,,284625.0,7.153742643829601,2036134.0,,,,,
CORVEL CORP,0.0009684242068922613,Reduce 58.31%,32560.0,62.52002457002457,2035652.0,,,,,
AVIENT CORPORATION,0.0009674365878623347,Reduce 76.60%,55021.0,36.959997092019414,2033576.0,,,,,
MIDDLESEX WTR CO,0.0009670250799331987,Add 37.09%,36195.0,56.15999447437491,2032711.0,,,,,
IMMERSION CORP,0.0009652415617524687,Reduce 0.11%,299699.0,6.769999232563339,2028962.0,,,,,
EQUITY RESIDENTIAL,0.0009651307162640426,Reduce 43.53%,29865.0,67.92998493219487,2028729.0,,,,,
FRANKLIN RESOURCES INC,0.0009646445184564389,Add 22.83%,60947.0,33.27000508638653,2027707.0,,,,,
DOMINION ENERGY INC,0.000962058916612676,Reduce 93.32%,29613.0,68.29000776685915,2022272.0,,,,,
HAWKEYE 360 INC,0.0009619295175875604,Buy 100%,100000.0,20.22,2022000.0,,,,,
HAVERTY FURNITURE COS INC,0.0009611650167296162,Add 7.98%,79138.0,25.52999823093836,2020393.0,,,,,
KPET ULTRA PACELINE CORP,0.0009605023224576085,Add 16.67%,233333.0,8.652869504099291,2019000.0,,,,,
BANK OF MARIN BANCORP,0.0009579053030528062,Add 92.96%,72691.0,27.70000412705837,2013541.0,,,,,
NU SKIN ENTERPRISES INC,0.0009562411935312822,Reduce 14.28%,380690.0,5.279999474638157,2010043.0,,,,,
DOUBLEVERIFY HLDGS INC,0.0009559300649929528,Reduce 61.72%,185368.0,10.839999352639074,2009389.0,,,,,
UMH PPTYS INC,0.0009536427469313499,Add 5.64%,132403.0,15.139996827866439,2004581.0,,,,,
CORVUS PHARMACEUTICALS INC,0.0009465462570135192,Buy 100%,133177.0,14.939997146654452,1989664.0,,,,,
MUELLER WTR PRODS INC,0.0009442337251712871,Reduce 53.43%,76841.0,25.829999609583425,1984803.0,,,,,
NAVIGATOR HLDGS LTD,0.0009425320328446745,Add 72.72%,106346.0,18.63000018806537,1981226.0,,,,,
FRANKLIN COVEY CO,0.000939970693318121,Add 61.10%,80548.0,24.52999453741868,1975842.0,,,,,
ENERGY RECOVERY INC,0.0009384935463586207,"Add 1,473.43%",218707.0,9.01999935987417,1972737.0,,,,,
TFS FINL CORP,0.0009360720719548024,Add 32.46%,111041.0,17.72000432272764,1967647.0,,,,,
MIDLAND STATES BANCORP INC,0.0009342333688957143,Reduce 27.96%,63063.0,31.140002854288568,1963782.0,,,,,
CION INVT CORP,0.000926803866780895,Reduce 10.31%,312707.0,6.230001247173872,1948165.0,,,,,
WORKIVA INC,0.0009263638149491597,Reduce 19.49%,40141.0,48.51000224209661,1947240.0,,,,,
BOWMAN CONSULTING GROUP LTD,0.0009263595333637699,Add 207.18%,66686.0,29.199997000869747,1947231.0,,,,,
ADT INC DEL,0.0009237901063981467,Reduce 83.02%,298743.0,6.5000016736793835,1941830.0,,,,,
HARMONY BIOSCIENCES HLDGS IN,0.0009159376787931515,Reduce 47.86%,52879.0,36.40999262467142,1925324.0,,,,,
SBA COMMUNICATIONS CORP,0.0009139377026843789,Reduce 62.46%,10887.0,176.45999816294665,1921120.0,,,,,
BURKE HERBERT FINL SVCS CORP,0.0009093154933901747,Add 43.04%,26599.0,71.85999473664424,1911404.0,,,,,
UNITED PARKS &AMP; RESORTS INC,0.0009087750621676329,Buy 100%,40014.0,47.7399910031489,1910268.0,,,,,
CABOT CORP,0.0009084049428972654,Reduce 87.57%,21025.0,90.81997621878716,1909490.0,,,,,
CAE INC,0.0009075919174049029,Reduce 77.45%,76213.0,25.032225473344443,1907781.0,,,,,
NEXTPOWER INC,0.0009068588148398176,Reduce 40.73%,16000.0,119.14,1906240.0,,,,,
ENLIGHT RENEWABLE ENERGY LTD,0.0009036566646999155,Reduce 36.31%,21338.0,89.0200112475396,1899509.0,,,,,
KORN FERRY,0.0009016067367615948,Reduce 59.46%,28465.0,66.58001053925874,1895200.0,,,,,
STOKE THERAPEUTICS INC,0.0009004430969989739,Add 15.76%,57847.0,32.72000276591699,1892754.0,,,,,
SOLARIS RES INC,0.0009002732607785096,Add 11.21%,225200.0,8.403183836589697,1892397.0,,,,,
NATHANS FAMOUS INC,0.000899937394191261,Add 28.10%,18619.0,101.60003222514635,1891691.0,,,,,
TENABLE HLDGS INC,0.0008963556101467918,Reduce 82.06%,51089.0,36.87999373642076,1884162.0,,,,,
SABRE CORP,0.0008943542068428894,Add 205.43%,899500.0,2.09,1879955.0,,,,,
URANIUM ENERGY CORP,0.0008912762226792931,Reduce 43.35%,175749.0,10.66000375535565,1873485.0,,,,,
CTO RLTY GROWTH INC NEW,0.0008905155276750288,Add 251.75%,87024.0,21.5099972421401,1871886.0,,,,,
MARQETA INC,0.0008889746326663907,Add 42.27%,460258.0,4.059998957106666,1868647.0,,,,,
SENECA FOODS CORP NEW,0.0008840051392238982,Add 50.63%,10683.0,173.93999812786672,1858201.0,,,,,
ROKU INC,0.0008789067224880002,Reduce 96.75%,13374.0,138.1399730820996,1847484.0,,,,,
HEALTHEQUITY INC,0.0008778810449212749,Buy 100%,20431.0,90.32000391561843,1845328.0,,,,,
SHOALS TECHNOLOGIES GROUP IN,0.0008774581194310991,Add 109.45%,186307.0,9.899998389754545,1844439.0,,,,,
QUARTZSEA ACQUISITION CORP,0.000876658414426616,Add 0.44%,341612.0,5.394301136962402,1842758.0,,,,,
KULICKE &AMP; SOFFA INDS INC,0.0008747112445376518,Reduce 95.11%,13746.0,133.76000290993744,1838665.0,,,,,
DR REDDYS LABS LTD,0.0008721813033039571,Reduce 8.68%,126525.0,14.489998024105908,1833347.0,,,,,
ARBUTUS BIOPHARMA CORP,0.0008719886319614135,Add 166.66%,381863.0,4.799998952503908,1832942.0,,,,,
HILLTOP HLDGS INC,0.0008714329773241523,Buy 100%,47235.0,38.78001481951942,1831774.0,,,,,
TEJON RANCH CO,0.000871407763543523,Add 88.49%,97953.0,18.699998979102222,1831721.0,,,,,
SPROTT ETF TRUST,0.0008679948642560982,Add 358.26%,25855.0,70.56843937342873,1824547.0,,,,,
CONSOLIDATED WATER CO INC,0.0008658469355855206,Add 208.74%,61696.0,29.5,1820032.0,,,,,
ENTERGY CORP NEW,0.0008653740582657966,Add 236.46%,15837.0,114.86001136578898,1819038.0,,,,,
PLDT INC,0.000863762279232371,Add 907.71%,103633.0,17.519998456090242,1815650.0,,,,,
RAMACO RES INC,0.0008634421117915518,Add 32.78%,162358.0,11.17885783269072,1814977.0,,,,,
ETHOS TECHNOLOGIES INC,0.0008613722031214115,Add 232.71%,99814.0,18.140000400745386,1810626.0,,,,,
CREDICORP LTD,0.0008525435740475293,Add 60.06%,4600.0,389.58,1792068.0,,,,,
COOPER COS INC,0.000849285763297559,Buy 100%,24895.0,71.70998192408113,1785220.0,,,,,
NEWTEKONE INC,0.0008458581163271247,Reduce 16.05%,120055.0,14.810003748282037,1778015.0,,,,,
AB ACTIVE ETFS INC,0.0008448096036383201,Add 438.35%,11989.0,148.12002669113355,1775811.0,,,,,
SIGNET JEWELERS LIMITED,0.0008444794458315912,Reduce 60.01%,20593.0,86.20001942407615,1775117.0,,,,,
LEGGETT &AMP; PLATT INC,0.0008443966685140541,Reduce 85.18%,151575.0,11.709998350651492,1774943.0,,,,,
NEW MTN FIN CORP,0.0008431302707020766,Reduce 28.87%,247180.0,7.170001618253904,1772281.0,,,,,
CALISA ACQUISITION CORP,0.0008411555083739333,,174200.0,10.15,1768130.0,,,,,
GLOBAL NET LEASE INC,0.0008403072787350319,Reduce 49.57%,197578.0,8.93999838038648,1766347.0,,,,,
PARK AEROSPACE CORP,0.0008401816855635961,Add 115.40%,46281.0,38.16000086428556,1766083.0,,,,,
SILVACO GROUP INC,0.000838792073238733,Buy 100%,127858.0,13.790001407811792,1763162.0,,,,,
QCR HLDGS INC,0.0008370057006677433,Reduce 6.34%,18073.0,97.35002489902064,1759407.0,,,,,
DIVERSIFIED ENERGY CO,0.000832625163082211,Reduce 56.37%,126277.0,13.859998257798333,1750199.0,,,,,
BLUELINX HLDGS INC,0.0008320433432009006,Buy 100%,28264.0,61.879988678177185,1748976.0,,,,,
ORTHOPEDIATRICS CORP,0.0008319448667369339,Add 25.10%,91415.0,19.13000054695619,1748769.0,,,,,
NATURAL GAS SVCS GROUP INC,0.0008295833345285735,Add 2.03%,40422.0,43.139998020879716,1743805.0,,,,,
NETSCOUT SYS INC,0.00082820656695988,Reduce 61.69%,39975.0,43.54999374609131,1740911.0,,,,,
ALASKA AIR GROUP INC,0.0008269454021967125,Reduce 74.77%,33300.0,52.2,1738260.0,,,,,
ASSOCIATED BANC-CORP,0.000825656644994366,Reduce 4.83%,56404.0,30.769998581660875,1735551.0,,,,,
ENOVIS CORPORATION,0.0008251932823088416,Reduce 17.91%,83796.0,20.69999761325123,1734577.0,,,,,
PETCO HEALTH &AMP; WELLNESS CO I,0.000823283219493256,Reduce 8.62%,636236.0,2.7200001257395057,1730562.0,,,,,
ALPINE INCOME PPTY TR INC,0.0008225087282694023,Reduce 3.85%,83282.0,20.7599961576331,1728934.0,,,,,
COMPASS INC,0.0008200644187435046,Reduce 65.29%,139805.0,12.330002503487,1723796.0,,,,,
SMARTFINANCIAL INC,0.000819460715203535,Reduce 13.72%,36712.0,46.919998910438004,1722527.0,,,,,
CRA INTL INC,0.0008141872291983628,Reduce 10.67%,12027.0,142.29999168537458,1711442.0,,,,,
WALKER &AMP; DUNLOP INC,0.0008127096065071527,Add 66.52%,31231.0,54.70000960584035,1708336.0,,,,,
INMODE LTD,0.0008118523379657616,Reduce 59.50%,116726.0,14.619998971951407,1706534.0,,,,,
SAFETY INS GROUP INC,0.0008111991583279536,Add 55.68%,22778.0,74.85999648783914,1705161.0,,,,,
FARMLAND PARTNERS INC,0.0008108447382040155,Reduce 64.38%,176076.0,9.680001817397033,1704416.0,,,,,
TELEFLEX INCORPORATED,0.0008086130807524807,Reduce 88.50%,13409.0,126.76001193228429,1699725.0,,,,,
GREENLIGHT CAP RE LTD,0.0008027787070612376,Reduce 32.25%,104293.0,16.180002492976516,1687461.0,,,,,
UNITED STS LIME &AMP; MINERALS I,0.0007980618271567466,Reduce 11.09%,16027.0,104.6699943844762,1677546.0,,,,,
SEACOAST BKG CORP FLA,0.0007967882933691196,Buy 100%,50372.0,33.25,1674869.0,,,,,
SAFE BULKERS INC,0.000795854907754131,Add 16.20%,265120.0,6.309999245624623,1672907.0,,,,,
KKR REAL ESTATE FIN TR INC,0.0007943449353066419,Reduce 16.71%,244113.0,6.840000327717082,1669733.0,,,,,
PEAPACK-GLADSTONE FINL CORP,0.000793927718596986,Reduce 42.91%,35260.0,47.330005672149746,1668856.0,,,,,
CORE NATURAL RESOURCES INC,0.0007904829452849921,Add 61.19%,20765.0,80.01998555261257,1661615.0,,,,,
DAUCH CORP,0.000782035853042517,Add 86.09%,303295.0,5.420000329711996,1643859.0,,,,,
DEFINITIVE HEALTHCARE CORP,0.0007799749832748665,Reduce 6.02%,1973193.0,0.8309004745100961,1639527.0,,,,,
DAKTRONICS INC,0.0007792918325393296,Reduce 30.39%,83747.0,19.559996178967605,1638091.0,,,,,
MONDELEZ INTL INC,0.0007788218096098654,Add 88.69%,28304.0,57.839987280949686,1637103.0,,,,,
NORTHERN TR CORP,0.0007783836607049702,Reduce 18.85%,9412.0,173.8399915002125,1636182.0,,,,,
ACADIA HEALTHCARE COMPANY IN,0.000777379866796904,Reduce 66.49%,55336.0,29.52999855428654,1634072.0,,,,,
CHARLTON ARIA ACQUISITION CO,0.0007764512384990154,,300000.0,5.4404,1632120.0,,,,,
WINTRUST FINL CORP,0.0007761415371558159,Reduce 46.22%,10151.0,160.7200275834893,1631469.0,,,,,
CAMTEK LTD,0.0007760135653258302,Buy 100%,10000.0,163.12,1631200.0,,,,,
NATIONAL BK HLDGS CORP,0.0007744507866585328,Reduce 49.84%,36640.0,44.42999454148472,1627915.0,,,,,
MIMEDX GROUP INC,0.0007717619510337034,Add 34.75%,421367.0,3.8500001186614043,1622263.0,,,,,
DMC GLOBAL INC,0.0007697467515102115,Add 140.09%,278490.0,5.8100003590793206,1618027.0,,,,,
RIBBON ACQUISITION CORP,0.0007678309799141061,,150000.0,10.76,1614000.0,,,,,
NATIONAL BEVERAGE CORP,0.000766290560637178,Reduce 8.05%,51627.0,31.19999225211614,1610762.0,,,,,
ATEA PHARMACEUTICALS INC,0.0007636041036708987,Reduce 9.00%,345186.0,4.650000289698887,1605115.0,,,,,
WESTIN ACQUISITION CORP,0.0007611331531692419,Add 2.19%,158095.0,10.119997469875708,1599921.0,,,,,
NICOLET BANKSHARES INC,0.0007603757882869475,Reduce 86.68%,9664.0,165.39000413907286,1598329.0,,,,,
AFYA LTD,0.0007574100768069075,Add 2.66%,107284.0,14.840004101263935,1592095.0,,,,,
STANDARD MTR PRODS INC,0.0007562721265566259,Add 36.19%,40793.0,38.96999485205795,1589703.0,,,,,
CIMPRESS PLC,0.0007496780093245383,Reduce 10.93%,15495.0,101.7000322684737,1575842.0,,,,,
VISTEON CORP,0.0007479834529735754,Reduce 52.62%,15848.0,99.20999495204443,1572280.0,,,,,
EUROSEAS LTD,0.0007468902215040323,Reduce 31.30%,23655.0,66.36998520397378,1569982.0,,,,,
HOWARD HUGHES HOLDINGS INC,0.0007448203128338921,,21900.0,71.49,1565631.0,,,,,
LIFTOFF MOBILE INC,0.0007427599187979515,Buy 100%,65000.0,24.02,1561300.0,,,,,
SEPTERNA INC,0.000740579164639385,Buy 100%,46483.0,33.49000709936966,1556716.0,,,,,
SCHOLASTIC CORP,0.000738770432678026,Add 56.55%,33759.0,46.0,1552914.0,,,,,
PROGRESS SOFTWARE CORP,0.0007364507648601443,Add 274.80%,46100.0,33.58,1548038.0,,,,,
BLACKROCK ESG CAP ALLC TERM,0.0007362961520543996,,98455.0,15.720004062769794,1547713.0,,,,,
1ST FINL BANCORP,0.0007347395578993321,Add 489.98%,45653.0,33.830000219043654,1544441.0,,,,,
YESWAY INC,0.0007339588821632484,Buy 100%,76000.0,20.3,1542800.0,,,,,
BAR HBR BANKSHARES,0.0007251735446749747,Reduce 5.57%,40369.0,37.75998910054745,1524333.0,,,,,
BYRNA TECHNOLOGIES INC,0.000723592212470988,Buy 100%,226678.0,6.709998323613231,1521009.0,,,,,
SANFILIPPO JOHN B &AMP; SON INC,0.0007220698709990393,Reduce 15.78%,17651.0,85.98997223953317,1517809.0,,,,,
SIGHT SCIENCES INC,0.0007218391411196971,Reduce 10.09%,279949.0,5.420001500273264,1517324.0,,,,,
OOMA INC,0.000720951901480577,Reduce 3.18%,78848.0,19.220005580357142,1515459.0,,,,,
ANNEXON INC,0.000720625073795818,Reduce 62.25%,265284.0,5.710001357036233,1514772.0,,,,,
CHURCHILL DOWNS INC,0.0007172821070697608,Reduce 61.79%,16820.0,89.64001189060642,1507745.0,,,,,
SUMA ACQUISITION CORP,0.0007162050504783571,Buy 100%,152531.0,9.87000019668133,1505481.0,,,,,
CRESCENT ENERGY COMPANY,0.0007160713698678516,Reduce 90.85%,153279.0,9.820001435291202,1505200.0,,,,,
H WORLD GROUP LTD,0.0007158606207203287,Reduce 99.13%,36068.0,41.7200011090163,1504757.0,,,,,
BALCHEM CORP,0.0007150951683989645,Reduce 77.91%,8897.0,168.9499831403844,1503148.0,,,,,
GINKGO BIOWORKS HOLDINGS INC,0.000713568069609916,Add 457.09%,151356.0,9.910000264277597,1499938.0,,,,,
PEACE ACQUISITION CORP,0.0007118896881370926,Buy 100%,151000.0,9.91,1496410.0,,,,,
INVEST GREEN ACQUISITION COR,0.0007104872310560599,Add 48.02%,149197.0,10.01000020107643,1493462.0,,,,,
INOVIO PHARMACEUTICALS INC,0.0007073283725017664,Reduce 38.92%,1351656.0,1.1000002959332849,1486822.0,,,,,
RISING DRAGON ACQUISITION CO,0.0007066399887174197,,423125.0,3.510487444608567,1485375.0,,,,,
AMERICAN VANGUARD CORP,0.0007059939450552614,Add 0.00%,530006.0,2.800000377354219,1484017.0,,,,,
CHOICEONE FINANCIA,0.0007051923371239385,Reduce 8.43%,43598.0,34.0,1482332.0,,,,,
NELNET INC,0.0007046362067549672,Reduce 45.49%,11109.0,133.3300027005131,1481163.0,,,,,
ONITY GROUP INC,0.0007039373568730008,Add 50.88%,37225.0,39.750006715916726,1479694.0,,,,,
BENCHMARK ELECTRS INC,0.0007035905484564225,Reduce 73.67%,14989.0,98.67002468476883,1478965.0,,,,,
RE/MAX HLDGS INC,0.0007024392777182613,Reduce 67.99%,149751.0,9.860000934885242,1476545.0,,,,,
ALAMO GROUP INC,0.0007021652562533105,Add 12.54%,8973.0,164.49002563245293,1475969.0,,,,,
POSTAL REALTY TRUST INC,0.0006994302746526128,Reduce 9.75%,59668.0,24.64000804451297,1470220.0,,,,,
LIGHTBRIDGE CORP,0.0006963085231716981,Add 199.94%,166514.0,8.789999639669938,1463658.0,,,,,
ADEIA INC,0.0006946862780406528,Buy 100%,44344.0,32.930001804077214,1460248.0,,,,,
FIGURE TECHNOLOGY SOLUTIO,0.0006939617386463472,Buy 100%,47500.0,30.71,1458725.0,,,,,
HUNTSMAN CORP,0.0006929646049822208,Reduce 81.48%,137159.0,10.62000306213956,1456629.0,,,,,
CAL MAINE FOODS INC,0.0006860165433579051,Reduce 26.03%,17900.0,80.56,1442024.0,,,,,
MAMAS CREATIONS INC,0.0006784619238033599,Add 158.93%,79896.0,17.85000500650846,1426144.0,,,,,
TRUSTMARK CORP,0.000678015687459395,Add 250.96%,30976.0,46.010007747933884,1425206.0,,,,,
DONEGAL GROUP INC,0.0006750937432966735,Buy 100%,75242.0,18.85999840514606,1419064.0,,,,,
LIVERAMP HLDGS INC,0.000672766463771432,Reduce 52.56%,37571.0,37.639988288839795,1414172.0,,,,,
METALLA RTY &AMP; STREAMING LTD,0.0006722279354757302,Reduce 24.69%,185682.0,7.609999892288967,1413040.0,,,,,
INSEEGO CORP,0.0006712407921775134,Add 62.38%,136589.0,10.330004612377278,1410965.0,,,,,
ALPS ETF TR,0.0006712403164458034,Add 11.52%,39824.0,35.42999196464444,1410964.0,,,,,
XPO INC,0.0006707493613211,Reduce 4.61%,6868.0,205.29004076878277,1409932.0,,,,,
ENDEAVOUR SILVER CORP,0.000669472497411503,Reduce 22.30%,169957.0,8.280023770718476,1407248.0,,,,,
GATX CORP,0.0006687955311881959,Reduce 73.30%,7934.0,177.18994202167886,1405825.0,,,,,
N-ABLE INC,0.0006687807835051864,Reduce 39.95%,383050.0,3.6700013053126224,1405794.0,,,,,
AMCOR PLC,0.0006661219189780861,Reduce 22.68%,32300.0,43.35,1400205.0,,,,,
CHUNGHWA TELECOM CO LTD,0.0006605653726054735,Add 9.53%,31372.0,44.26000892515619,1388525.0,,,,,
COMMUNITY WEST BANCSHARES NE,0.0006560944459950441,Buy 100%,51345.0,26.860005842827928,1379127.0,,,,,
GREIF INC,0.0006558713278230617,Buy 100%,17930.0,76.89113218070273,1378658.0,,,,,
OMNIAB INC,0.0006546705809870623,Add 47.11%,559404.0,2.4600002860186914,1376134.0,,,,,
GOODRX HLDGS INC,0.0006545045506202779,Add 53.05%,477703.0,2.8800007536063204,1375785.0,,,,,
LATHAM GROUP INC,0.000654471725132289,Reduce 40.41%,212630.0,6.469999529699478,1375716.0,,,,,
TELEFONICA BRASIL SA,0.0006537538459819232,Add 5.48%,104423.0,13.16000306445898,1374207.0,,,,,
CLAROS MTG TR INC,0.0006513613912124139,Reduce 30.43%,582629.0,2.3499997425462857,1369178.0,,,,,
ENNIS INC,0.0006500888088882068,Add 255.69%,64306.0,21.25000777532423,1366503.0,,,,,
RADWARE LTD,0.0006481111921698034,Add 68.57%,44146.0,30.860009966927922,1362346.0,,,,,
INVESTAR HOLDING CORP,0.0006456573680097062,Buy 100%,45300.0,29.96,1357188.0,,,,,
DREAM FINDERS HOMES INC,0.0006424713927479437,Add 112.87%,78244.0,17.259994376565615,1350491.0,,,,,
CIVEO CORP CDA,0.000642430479820885,Add 64.65%,38583.0,35.0,1350405.0,,,,,
ZTO EXPRESS CAYMAN INC,0.0006416659789629408,Reduce 62.25%,60268.0,22.38000265480852,1348798.0,,,,,
CORMEDIX INC,0.0006416122212797126,Buy 100%,171807.0,7.850000291024231,1348685.0,,,,,
LIGHTPATH TECHNOLOGIES INC,0.0006378135035754908,Buy 100%,82000.0,16.35,1340700.0,,,,,
DYNE THERAPEUTICS INC,0.0006356612933195233,Buy 100%,60161.0,22.210003158192183,1336176.0,,,,,
GENIUS SPORTS LIMITED,0.0006348249569733715,,220201.0,6.0599997275216735,1334418.0,,,,,
SPOK HLDGS INC,0.0006340885242863163,Add 45.51%,130163.0,10.240006760753824,1332870.0,,,,,
VESTIS CORPORATION,0.0006328283109865688,Add 23.68%,91613.0,14.520002619715543,1330221.0,,,,,
GAOTU TECHEDU INC,0.0006304839051197679,Reduce 1.85%,798369.0,1.6600005761746761,1325293.0,,,,,
COMSTOCK RES INC,0.0006303516517043923,Reduce 61.88%,88808.0,14.919995946311143,1325015.0,,,,,
COLUMBUS MCKINNON CORP N Y,0.0006300685913369519,Reduce 12.45%,87536.0,15.130003655638824,1324420.0,,,,,
ARMADA ACQUISITION CORP III,0.0006299001823116176,Buy 100%,133072.0,9.949996994108453,1324066.0,,,,,
STAGWELL INC,0.0006295419563339996,Buy 100%,178104.0,7.430001572115168,1323313.0,,,,,
CHAMPIONSGATE ACQUISITION CO,0.0006271571132718501,,250000.0,5.2732,1318300.0,,,,,
COLONY BANKCORP INC,0.0006257451415566177,Add 83.47%,65472.0,20.0899926686217,1315332.0,,,,,
ERIE INDTY CO,0.0006221790566585779,Reduce 53.61%,5455.0,239.74995417048578,1307836.0,,,,,
WSFS FINL CORP,0.0006186143989556682,Reduce 67.09%,16947.0,76.72998170767687,1300343.0,,,,,
BRANDYWINE RLTY TR,0.0006176662656576701,Reduce 41.75%,409574.0,3.1700010254557176,1298350.0,,,,,
HELIX ENERGY SOLUTIONS GRP I,0.0006137885764895909,Reduce 68.70%,147620.0,8.74000135482997,1290199.0,,,,,
COMPANIA CERVECERIAS UNIDAS,0.0006115650064771259,Add 7.78%,114779.0,11.200001742479024,1285525.0,,,,,
SHORE BANCSHARES INC,0.0006107553111067332,Add 13.48%,55940.0,22.95,1283823.0,,,,,
READY CAPITAL CORP,0.0006056968558344738,Add 10.37%,727537.0,1.7500003436251352,1273190.0,,,,,
ACTIVATE ENERGY ACQUISIT COR,0.0006055208351017797,Add 0.30%,127282.0,10.0,1272820.0,,,,,
ESQUIRE FINL HLDGS INC,0.0006029090680139678,Buy 100%,10640.0,119.10996240601504,1267330.0,,,,,
SHOE STA GROUP INC,0.0006012359195899543,Buy 100%,85220.0,14.830004693733866,1263813.0,,,,,
CALIFORNIA BANCORP,0.0006002183294622986,Reduce 6.39%,60541.0,20.839992732198013,1261674.0,,,,,
REAL ASSET ACQUISITION CORP,0.0005998976862897694,,150000.0,8.406666666666666,1261000.0,,,,,
SCOTTS MIRACLE-GRO CO,0.0005994386051896348,Buy 100%,18500.0,68.11,1260035.0,,,,,
ALBERTSONS COMPANIES INC,0.0005971926757868006,Buy 100%,92780.0,13.530006466910972,1255314.0,,,,,
REPUBLIC BANCORP INC KY,0.0005949724358963055,Buy 100%,13830.0,90.43000723065799,1250647.0,,,,,
TRICO BANCSHARES,0.0005923939700281924,Add 135.29%,23124.0,53.84998270195468,1245227.0,,,,,
ENERFLEX LTD,0.0005917346058781546,Reduce 87.55%,50700.0,24.53335305719921,1243841.0,,,,,
JAMES RIV GROUP HOLDINGS INC,0.0005908088319705259,Add 53.25%,282249.0,4.399997874217446,1241895.0,,,,,
SILICON LABORATORIES INC,0.0005901675456254675,Reduce 26.49%,5676.0,218.56007751937983,1240547.0,,,,,
GRANITE PT MTG TR INC,0.0005892803059863474,Add 0.15%,825788.0,1.5,1238682.0,,,,,
PAYMENTUS HOLDINGS INC,0.0005890048573262667,Reduce 44.85%,51246.0,24.159992975061467,1238103.0,,,,,
RB GLOBAL INC,0.0005876651968309518,Buy 100%,10608.0,116.44862368024133,1235287.0,,,,,
PROCORE TECHNOLOGIES INC,0.0005872436985359061,Reduce 43.01%,30389.0,40.619994076804105,1234401.0,,,,,
SABLE OFFSHORE CORP,0.0005861014667002347,Add 37.84%,400000.0,3.08,1232000.0,,,,,
OCULAR THERAPEUTIX INC,0.0005814240725276723,Reduce 43.03%,124457.0,9.820002089074942,1222168.0,,,,,
MAGNOLIA OIL &AMP; GAS CORP,0.0005761149066442514,Add 21.21%,47342.0,25.579992395758524,1211008.0,,,,,
INFLEQTION INC,0.0005760725665220628,Reduce 83.41%,154330.0,7.846296896261259,1210919.0,,,,,
LI AUTO INC,0.0005756496410318871,Reduce 80.39%,103069.0,11.739999417865702,1210030.0,,,,,
KRISPY KREME INC,0.0005679637195253863,Add 24.07%,338208.0,3.529999290377519,1193874.0,,,,,
RESMED INC,0.0005674818033031726,Reduce 47.12%,6121.0,194.88008495343897,1192861.0,,,,,
CLARUS CORP NEW,0.0005644604312130644,Add 54.72%,376670.0,3.1499986725781186,1186510.0,,,,,
SIXTH STREET SPECIALTY LENDI,0.0005607463937532197,Reduce 63.04%,68649.0,17.16999519293799,1178703.0,,,,,
PEOPLES BANCORP INC,0.0005586013194729021,Buy 100%,30570.0,38.410009813542686,1174194.0,,,,,
LINDSAY CORP,0.0005580946652017691,Add 0.65%,9476.0,123.80002110595188,1173129.0,,,,,
ALTO INGREDIENTS INC,0.0005562859332404101,Buy 100%,205145.0,5.700002437300446,1169327.0,,,,,
LADDER CAP CORP,0.0005554700533577876,Add 129.12%,117348.0,9.949994887002761,1167612.0,,,,,
TECNOGLASS INC,0.0005550323801846023,Add 108.52%,24924.0,46.80998234633285,1166692.0,,,,,
RED ROBIN GOURMET BURGERS IN,0.0005538996629831306,Reduce 37.31%,145721.0,7.990001441110066,1164311.0,,,,,
UNIVERSAL TECHNICAL INST INC,0.0005514049258959747,Buy 100%,27100.0,42.77,1159067.0,,,,,
RINGCENTRAL INC,0.0005500714499128897,Buy 100%,29663.0,38.980008765128275,1156264.0,,,,,
UNITED STATES ANTIMONY CORP,0.000549501523324329,Add 52.39%,159100.0,7.26,1155066.0,,,,,
CASS INFORMATION SYS INC,0.0005488878294184496,Reduce 23.36%,22482.0,51.31998932479317,1153776.0,,,,,
SERVICETITAN INC,0.0005485847883191898,Reduce 66.03%,16308.0,70.71001962227128,1153139.0,,,,,
HOMETRUST BANCSHARES INC,0.0005473593034342712,Add 131.43%,23062.0,49.88999219495274,1150563.0,,,,,
FLOWSERVE CORP,0.0005458916711089707,Reduce 75.29%,15473.0,74.16002068118658,1147478.0,,,,,
JADE BIOSCIENCES INC,0.0005443307953685133,Buy 100%,51494.0,22.220006214316232,1144197.0,,,,,
MONRO INC,0.0005434602063392426,Add 34.35%,66766.0,17.110011083485606,1142367.0,,,,,
CARTER BANKSHARES INC,0.0005434254779244137,Add 43.69%,33587.0,34.01000387054515,1142294.0,,,,,
VANGUARD ADMIRAL FDS INC,0.0005432337580452902,Buy 100%,13821.0,82.6199985529267,1141891.0,,,,,
COREBRIDGE FINL INC,0.0005429968436537182,Reduce 96.35%,39867.0,28.630019815887827,1141393.0,,,,,
BROOKFIELD WEALTH SOL LTD,0.0005386900444832335,Buy 100%,26598.0,42.572373862696445,1132340.0,,,,,
DEUTSCHE BK AG,0.0005385473249702383,Reduce 54.38%,33532.0,33.75999045687701,1132040.0,,,,,
TOMPKINS FINL CORP,0.0005378403876492022,Reduce 7.10%,11961.0,94.52002340941392,1130554.0,,,,,
UNUSUAL MACHS INC,0.0005371562854502452,Reduce 90.57%,50633.0,22.300001974996544,1129116.0,,,,,
PERRIGO CO PLC,0.0005368879727658143,Reduce 68.81%,108619.0,10.390005431830527,1128552.0,,,,,
SPRINKLR INC,0.000534257176409603,Add 242.52%,217640.0,5.159998162102554,1123022.0,,,,,
YUM BRANDS INC,0.0005337980953094685,Reduce 95.64%,7019.0,159.8599515600513,1122057.0,,,,,
CANDEL THERAPEUTICS INC,0.0005337757359190992,Buy 100%,108933.0,10.300000917995465,1122010.0,,,,,
NORTHWEST NAT HLDG CO,0.0005313680577348704,Reduce 56.36%,22767.0,49.059999121535554,1116949.0,,,,,
TREDEGAR CORP,0.0005307767232193603,Reduce 14.95%,140164.0,7.960003995319768,1115706.0,,,,,
LSB INDS INC,0.000530372826997584,Reduce 94.93%,103132.0,10.810000775704921,1114857.0,,,,,
DOVER CORP,0.0005295379178465622,Reduce 73.22%,4963.0,224.2800725367721,1113102.0,,,,,
PAGAYA TECHNOLOGIES LTD,0.0005279651488133551,Reduce 1.46%,167739.0,6.616207322089675,1109796.0,,,,,
CAPITAL GROUP DIVIDEND GROWE,0.0005270431807594063,Add 102.49%,29535.0,37.51000507872016,1107858.0,,,,,
KRATOS DEFENSE &AMP; SEC SOLUTIO,0.0005196812325474045,Reduce 61.49%,21909.0,49.86001186726916,1092383.0,,,,,
RICE ACQUISITION CORP 3,0.000519610348522617,,119481.0,9.141486930976473,1092234.0,,,,,
TELESAT CORP,0.0005167174239942045,Reduce 12.08%,21457.0,50.61998415435522,1086153.0,,,,,
MILLICOM INTL CELLULAR S A,0.0005126456362884518,Reduce 12.05%,11873.0,90.76004379685,1077594.0,,,,,
STOCK YDS BANCORP INC,0.0005110914207919343,Reduce 70.10%,14049.0,76.4699978646167,1074327.0,,,,,
SLIDE INS HLDGS INC,0.0005089587155360761,Buy 100%,55232.0,19.37000289687138,1069844.0,,,,,
LANTHEUS HLDGS INC,0.0005074573062593668,Buy 100%,9615.0,110.93998959958398,1066688.0,,,,,
UWM HOLDINGS CORPORATION,0.000505075317587477,Reduce 82.10%,463616.0,2.2900007765046935,1061681.0,,,,,
WORTHINGTON STL INC,0.0005040934073380702,Buy 100%,31555.0,33.580003169069876,1059617.0,,,,,
WINTERGREEN ACQUISITION CORP,0.0005005649052451192,,200000.0,5.261,1052200.0,,,,,
MONARCH CASINO &AMP; RESORT INC,0.0004984464719405607,Reduce 78.31%,7961.0,131.60997362140435,1047747.0,,,,,
PHATHOM PHARMACEUTICALS INC,0.0004937671748411585,Reduce 27.78%,95660.0,10.85,1037911.0,,,,,
CANTOR EQUITY PARTNERS VI IN,0.0004933337832533631,,100000.0,10.37,1037000.0,,,,,
ARDENT HEALTH INC,0.0004915450320238234,Add 25.43%,105004.0,9.840006095005904,1033240.0,,,,,
RICHARDSON ELECTRS LTD,0.0004913961279985984,Buy 100%,54336.0,19.009993374558302,1032927.0,,,,,
CANTOR EQUITY PARTNERS V INC,0.0004905983259209553,,100000.0,10.3125,1031250.0,,,,,
RBB BANCORP,0.0004882995902983128,Add 98.03%,37440.0,27.415010683760684,1026418.0,,,,,
AEMETIS INC,0.0004860864863834675,Add 14.23%,623028.0,1.640000128405144,1021766.0,,,,,
GAMESTOP CORP NEW,0.0004856597550396118,,365903.0,2.7899989888030436,1020869.0,,,,,
QUEST DIAGNOSTICS INC,0.00048540190845280056,Reduce 96.74%,4814.0,211.94993768176153,1020327.0,,,,,
KELLY SVCS INC,0.0004845755624725585,Reduce 31.79%,82947.0,12.280010126948534,1018590.0,,,,,
IMMUNEERING CORP,0.00048347567075907554,Buy 100%,203663.0,4.989998183273348,1016278.0,,,,,
FINANCE OF AMERICA COMPAN,0.00048341382563677767,Add 34.23%,36924.0,27.519987000324992,1016148.0,,,,,
SUJA LIFE INC,0.0004833434173437,Buy 100%,100000.0,10.16,1016000.0,,,,,
JOINT CORP,0.0004832615914895827,Add 8.37%,115698.0,8.779996196995626,1015828.0,,,,,
UNITIL CORP,0.00048297757965872233,Buy 100%,19268.0,52.6900041519618,1015231.0,,,,,
RUM GROUP INC,0.0004818362992864708,Buy 100%,236572.0,4.281284344723805,1012832.0,,,,,
VOR BIOPHARMA INC,0.00047882063597688246,Buy 100%,54671.0,18.409997987964367,1006493.0,,,,,
SUTRO BIOPHARMA INC,0.0004758506429114527,Buy 100%,30128.0,33.20001327668614,1000250.0,,,,,
INDEPENDENT BK CORP MICH,0.0004753049786401011,Buy 100%,27699.0,36.07000252716705,999103.0,,,,,
WILLIS TOWERS WATSON PLC LTD,0.0004729967283832589,Buy 100%,3804.0,261.3698738170347,994251.0,,,,,
GALATA ACQUISITION CORP II,0.00047288778582167256,Buy 100%,98418.0,10.100002032148591,994022.0,,,,,
ALDABRA 4 LQDTY OPP VEH INC,0.00047288207704115274,Buy 100%,100001.0,9.940000599994,994010.0,,,,,
SKINHEALTH SYSTEMS INC,0.00047186686557204696,Buy 100%,1432312.0,0.6924999581096856,991876.0,,,,,
ILLUMINATION ACQUISITIO CORP,0.0004709743928841171,Buy 100%,100000.0,9.9,990000.0,,,,,
T ROWE PRICE EXCHANGE-TRADED,0.00047003196836663887,Buy 100%,21180.0,46.648677998111424,988019.0,,,,,
HUYA INC,0.00046936071092385157,Add 150.54%,428960.0,2.3,986608.0,,,,,
SIMILARWEB LTD,0.00046640831993169114,Add 173.15%,159935.0,6.130002813643043,980402.0,,,,,
MEDIFAST INC,0.00046611241480808103,Reduce 60.41%,92345.0,10.609995126969517,979780.0,,,,,
GEN DIGITAL INC,0.0004637394650386811,Reduce 97.84%,39164.0,24.890001021346134,974792.0,,,,,
UNITY BANCORP INC,0.00046222711393264213,Buy 100%,16555.0,58.69000302023558,971613.0,,,,,
SOUTHERN COPPER CORP,0.0004601005931890139,Add 327.58%,5550.0,174.26,967143.0,,,,,
SIGA TECHNOLOGIES INC,0.0004587176411080904,Reduce 41.96%,264900.0,3.64,964236.0,,,,,
IMMIX BIOPHARMA INC,0.00045666581024292964,Buy 100%,93106.0,10.310001503662493,959923.0,,,,,
CANADIAN NATL RY CO,0.00045371627364102906,Add 263.64%,8000.0,119.215375,953723.0,,,,,
SEADRILL LTD,0.00045282665534335915,Reduce 48.78%,25168.0,37.81996980292435,951853.0,,,,,
GEMINI SPACE STA INC,0.0004525435949759187,Buy 100%,223300.0,4.26,951258.0,,,,,
TELEPHONE &AMP; DATA SYS INC,0.00045231952534051617,Reduce 42.79%,25690.0,37.0100038925652,950787.0,,,,,
DIAGEO PLC,0.00045122391521242315,Reduce 78.99%,11800.0,80.38,948484.0,,,,,
FB BANCORP INC,0.00044965970934999594,Add 72.37%,62762.0,15.060004461298238,945196.0,,,,,
HURON CONSULTING GROUP INC,0.0004495507667884096,,10481.0,90.16000381642974,944967.0,,,,,
NEUROCRINE BIOSCIENCES INC,0.0004489132862970311,Reduce 93.72%,5599.0,168.53491694945527,943627.0,,,,,
HEALTHPEAK PROPERTIES INC,0.00044850891434354475,Buy 100%,44055.0,21.4,942777.0,,,,,
BRAZE INC,0.00044828199031788236,Reduce 72.93%,43444.0,21.689991713470214,942300.0,,,,,
NORWEGIAN CRUISE LINE HLDGS,0.0004458957200606028,Buy 100%,44400.0,21.11,937284.0,,,,,
STAG INDUSTRIAL INC,0.0004415594255240991,Add 96.53%,24387.0,38.05999097880018,928169.0,,,,,
VAALCO ENERGY INC,0.0004401445994186068,Add 145.28%,182125.0,5.08,925195.0,,,,,
BAKKT INC,0.0004395394686835072,Add 373.20%,118300.0,7.81,923923.0,,,,,
URBAN EDGE PPTYS,0.00043914508709593045,Add 123.44%,40345.0,22.880009914487545,923094.0,,,,,
KOPPERS HOLDINGS INC,0.0004370756541575003,Add 63.55%,20462.0,44.90000977421562,918744.0,,,,,
BRAEMAR HOTELS &AMP; RESORTS INC,0.00043601477244423605,Add 76.43%,424312.0,2.160000188540508,916514.0,,,,,
ARQ INC,0.0004348763464622445,Add 27.20%,358479.0,2.549998744696342,914121.0,,,,,
FIRSTSUN CAP BANCORP,0.0004314639229065295,Buy 100%,23387.0,38.780005986231664,906948.0,,,,,
BLACK HAWK ACQUISITION CORP,0.00043094156948896717,,90000.0,10.065,905850.0,,,,,
LOEWS CORP,0.00042956813204224353,Reduce 93.44%,7976.0,113.21000501504514,902963.0,,,,,
MID PENN BANCORP INC,0.00042922941106473487,Reduce 21.06%,25897.0,34.83998146503456,902251.0,,,,,
ZEVIA PBC,0.0004285062988655593,Add 28.32%,552596.0,1.6299991313726483,900731.0,,,,,
BANCO DE CHILE,0.0004267622664167581,Add 87.38%,22562.0,39.75999468132258,897065.0,,,,,
BOSTON OMAHA CORP,0.00042513859409058286,Add 13.09%,65517.0,13.640001831585696,893652.0,,,,,
DANA INC,0.00042486980567444196,Reduce 8.66%,32822.0,27.21001157760039,893087.0,,,,,
JAKKS PAC INC,0.0004246723770147986,Reduce 15.10%,38345.0,23.28001043160777,892672.0,,,,,
TMC THE METALS COMPANY INC,0.00042456676457518217,Add 349.27%,201456.0,4.429999602890954,892450.0,,,,,
CADELER A S,0.00042355012591094646,Add 30.31%,40635.0,21.91000369139904,890313.0,,,,,
FARMERS NATIONAL BANC CORP,0.0004229782963955457,Reduce 51.08%,60898.0,14.600003284180104,889111.0,,,,,
GOOSEHEAD INS INC,0.0004223745928555761,Reduce 62.94%,18306.0,48.50005462689828,887842.0,,,,,
BAOZUN INC,0.00042186555992589325,Add 16.27%,313347.0,2.8299999680864985,886772.0,,,,,
KEARNY FINL CORP MD,0.00042022713991670844,Reduce 8.30%,93375.0,9.460005354752342,883328.0,,,,,
CHENGHE ACQUISITION III CO,0.00042009774089159284,Add 1.06%,86915.0,10.15999539780245,883056.0,,,,,
SIERRA BANCORP,0.0004191324812520354,Add 197.89%,21615.0,40.75998149433264,881027.0,,,,,
CAPITAL GROUP EQUITY ETF TR,0.00041853496222429555,Buy 100%,26684.0,32.9699820116924,879771.0,,,,,
BANCFIRST CORP,0.00041771051917089335,Buy 100%,7901.0,111.12998354638653,878038.0,,,,,
FIDUS INVT CORP,0.00041688607611749115,Reduce 38.92%,45952.0,19.070007834261837,876305.0,,,,,
MGE ENERGY INC,0.00041545317220701946,Buy 100%,10710.0,81.53996265172736,873293.0,,,,,
LINCOLN EDL SVCS CORP,0.00041543271574349017,Buy 100%,17500.0,49.9,873250.0,,,,,
MORNINGSTAR INC,0.00041520721891295776,Reduce 84.35%,5594.0,156.02002145155524,872776.0,,,,,
MITEK SYS INC,0.00041507353830245227,Reduce 65.08%,43343.0,20.13000945942828,872495.0,,,,,
SFL CORPORATION LTD,0.0004139588989059599,Buy 100%,85309.0,10.200002344418525,870152.0,,,,,
MASCO CORP,0.00041319344658459565,Buy 100%,10674.0,81.36996439947536,868543.0,,,,,
KASPI KZ JSC,0.00041217395353010004,Buy 100%,10000.0,86.64,866400.0,,,,,
SCHRODINGER INC,0.0004104969992524066,Reduce 20.91%,53100.0,16.25,862875.0,,,,,
PHIBRO ANIMAL HEALTH CORP,0.000407253936185446,Add 222.49%,27263.0,31.399992664050178,856058.0,,,,,
INTERNATIONAL MONEY EXPRESS,0.00040481533544006824,Reduce 8.74%,58888.0,14.45000679255536,850932.0,,,,,
EHEALTH INC,0.00040278396103843675,Add 21.02%,568229.0,1.4900013902845508,846662.0,,,,,
CUBESMART,0.00040087389822285113,Reduce 89.84%,21188.0,39.77001132716632,842647.0,,,,,
EXCHANGE LISTED FDS TR,0.0004003905548055074,Add 189.35%,20781.0,40.50002406043983,841631.0,,,,,
TOWNEBANK PORTSMOUTH VA,0.0003979628958894593,Buy 100%,23083.0,36.240003465754015,836528.0,,,,,
THOR INDS INC,0.0003968915480785755,Buy 100%,11100.0,75.16,834276.0,,,,,
EPAM SYS INC,0.00039636776746588306,Buy 100%,10500.0,79.35,833175.0,,,,,
HORIZON BANCORP IND,0.00039594531770741737,Reduce 37.08%,41656.0,19.98000288073747,832287.0,,,,,
MARTIN MARIETTA MATLS INC,0.00039232690232127935,Buy 100%,1430.0,576.7,824681.0,,,,,
FIVE STAR BANCORP,0.0003912755352422148,Add 2.84%,16892.0,48.68997158418186,822471.0,,,,,
TENARIS S A,0.0003903526157248459,Buy 100%,14787.0,55.49002502197877,820531.0,,,,,
INCYTE CORP,0.0003891513931571365,Add 125.50%,7216.0,113.3600332594235,818006.0,,,,,
MERCHANTS BANCORP IND,0.0003891247521813773,Reduce 42.14%,16359.0,50.0,817950.0,,,,,
NUVALENT INC,0.0003885329419341574,Buy 100%,6613.0,123.50007560864962,816706.0,,,,,
ARCOSA INC,0.0003885181942511478,Reduce 39.06%,5621.0,145.28998398861413,816675.0,,,,,
INVENTRUST PPTYS CORP,0.0003866333452161914,Reduce 88.92%,22958.0,35.39999128843976,812713.0,,,,,
XENCOR INC,0.0003866024226550424,Buy 100%,50475.0,16.10000990589401,812648.0,,,,,
SCHEIN HENRY INC,0.0003835434677598456,Reduce 68.69%,9653.0,83.51994198694706,806218.0,,,,,
TKO GROUP HOLDINGS INC,0.00038307820214748123,Reduce 82.46%,4000.0,201.31,805240.0,,,,,
NATIONAL PRESTO INDS INC,0.0003820415827514262,Buy 100%,6425.0,124.99003891050583,803061.0,,,,,
CONNECTONE BANCORP INC,0.0003818669892138621,Add 87.49%,24004.0,33.44000999833361,802694.0,,,,,
XPENG INC,0.0003791810079792927,Buy 100%,60200.0,13.24,797048.0,,,,,
BACKBLAZE INC,0.0003783870117553295,Reduce 93.21%,50150.0,15.86,795379.0,,,,,
FUNKO INC,0.0003762319471091022,Add 120.95%,134498.0,5.880005650641645,790849.0,,,,,
AGI INC,0.00037603023686406896,Reduce 77.67%,111642.0,7.079996775407105,790425.0,,,,,
ORION PROPERTIES INC,0.000375850886009405,Reduce 47.59%,273373.0,2.8900001097401717,790048.0,,,,,
OPTIMIZERX CORP,0.00037575193381372834,Reduce 3.39%,138084.0,5.719996523855045,789840.0,,,,,
TIDAL TRUST III,0.00037427193246396826,Buy 100%,9222.0,85.31001951854262,786729.0,,,,,
BITWISE FUNDS TRUST,0.0003737429188024661,Reduce 12.38%,32066.0,24.5,785617.0,,,,,
LIMONEIRA CO,0.00037344463502030615,Reduce 7.08%,59786.0,13.1299969892617,784990.0,,,,,
MSCI INC,0.00037300030160318114,Buy 100%,1400.0,560.04,784056.0,,,,,
WESTROCK COFFEE CO,0.0003710031798846685,Add 198.49%,96160.0,8.110004159733776,779858.0,,,,,
NEKTAR THERAPEUTICS,0.0003686402204811782,Buy 100%,11100.0,69.81,774891.0,,,,,
IDEAYA BIOSCIENCES INC,0.00036813879925885507,Buy 100%,20763.0,37.26999951837403,773837.0,,,,,
MISTRAS GROUP INC,0.00036756363962148447,Reduce 48.59%,44226.0,17.46999502555058,772628.0,,,,,
LIFE TIME GROUP HOLDINGS INC,0.00036720588937557655,Reduce 94.22%,18900.0,40.84,771876.0,,,,,
ADC THERAPEUTICS SA,0.0003661573766867719,Add 195.80%,719320.0,1.069999443919257,769672.0,,,,,
OPTIMUM COMMUNICATIONS INC,0.0003659485304660889,Reduce 93.81%,530505.0,1.4500014137472785,769233.0,,,,,
RISKIFIED LTD,0.0003649542511922225,Reduce 45.31%,152211.0,5.039997109275939,767143.0,,,,,
GROWGENERATION CORP,0.0003623225033725912,Add 35.33%,514602.0,1.4800000777299738,761611.0,,,,,
GAP INC,0.00036173164458879115,Reduce 92.20%,40705.0,18.679990173197396,760369.0,,,,,
UNIVEST FINANCIAL CORPORATIO,0.00036069407372931616,Reduce 7.59%,17330.0,43.750028851702254,758188.0,,,,,
RELMADA THERAPEUTICS INC,0.0003603953142154462,Buy 100%,109474.0,6.919999269232878,757560.0,,,,,
1ST SOURCE CORP,0.00036035249836154765,Add 202.05%,9285.0,81.5799676898223,757470.0,,,,,
AVALYN PHARMACEUTICALS INC,0.0003602050215314526,Buy 100%,23000.0,32.92,757160.0,,,,,
BELDEN INC,0.00035961178408910264,Reduce 65.50%,6304.0,119.91005710659898,755913.0,,,,,
HMH HLDG INC,0.00035805281127548525,Buy 100%,40162.0,18.740002987899008,752636.0,,,,,
BYLINE BANCORP INC,0.0003547022328420682,Buy 100%,19798.0,37.66001616324881,745593.0,,,,,
ATEGRITY SPECIALTY IN CO HO,0.0003530590555157836,Add 12.34%,30871.0,24.040005182857698,742139.0,,,,,
IDEX CORP,0.0003529453556370975,Reduce 94.32%,3269.0,226.95013765677578,741900.0,,,,,
SUMMIT MIDSTREAM CORPORATION,0.0003527712378312433,Add 19.64%,26037.0,28.480009217651805,741534.0,,,,,
STRATASYS LTD,0.0003526784701477965,Add 29.37%,86605.0,8.56000230933549,741339.0,,,,,
FIRST AMERN FINL CORP,0.00035240873026823555,Add 19.42%,10800.0,68.59,740772.0,,,,,
HORACE MANN EDUCATORS CORP N,0.00035174175441083803,Reduce 70.57%,14315.0,51.65001746419839,739370.0,,,,,
ALLIENT INC,0.0003496737486675378,Buy 100%,7141.0,102.92998179526677,735023.0,,,,,
DELCATH SYS INC,0.00034675370743165627,Buy 100%,57894.0,12.589992054444329,728885.0,,,,,
CANOPY GROWTH CORPORATION,0.0003459934881591019,Add 41.16%,764724.0,0.9510450829318813,727287.0,,,,,
TTEC HLDGS INC,0.000345278939130706,Reduce 10.29%,374116.0,1.9399998930812903,725785.0,,,,,
VTEX,0.0003452251814474778,Reduce 59.49%,181418.0,4.0,725672.0,,,,,
RLJ LODGING TR,0.0003450610540075334,Buy 100%,61209.0,11.85000571811335,725327.0,,,,,
SYNCHRONY FINANCIAL,0.0003438127340005354,Reduce 57.69%,9503.0,76.04998421551089,722703.0,,,,,
WASTE MGMT INC DEL,0.00034364670363375106,Reduce 85.25%,3241.0,222.8799753162604,722354.0,,,,,
HINGE HEALTH INC,0.0003435258677794151,Reduce 76.67%,8700.0,83.0,722100.0,,,,,
PRINCIPAL EXCHANGE TRADED FD,0.0003429939997276531,Add 57.67%,10088.0,71.46927042030134,720982.0,,,,,
MISSION PRODUCE INC,0.0003418665155749911,Reduce 64.56%,60951.0,11.789995242079703,718612.0,,,,,
NATIONAL STORAGE AFFILIATES,0.0003406505453242721,Buy 100%,16102.0,44.47000372624519,716056.0,,,,,
LOAR HOLDINGS INC,0.0003386191709226406,Add 0.24%,8830.0,80.60996602491507,711786.0,,,,,
CHESAPEAKE UTILS CORP,0.00033806874933418917,Reduce 57.36%,5802.0,122.48000689417442,710629.0,,,,,
DOUGLAS ELLIMAN INC,0.0003374393562818804,Reduce 19.53%,400738.0,1.7699993511970415,709306.0,,,,,
WATERSTONE FINL INC MD,0.00033457545138777697,Reduce 16.65%,33926.0,20.730000589518365,703286.0,,,,,
COASTALSOUTH BANCSHARES INC,0.0003332581502828314,Buy 100%,26090.0,26.850019164430815,700517.0,,,,,
BIRKENSTOCK HOLDING PLC,0.00033058168368246165,Reduce 64.03%,16149.0,43.02997089603071,694891.0,,,,,
OLEMA PHARMACEUTICALS INC,0.00033041612904738724,Add 41.52%,55519.0,12.510005583674058,694543.0,,,,,
BLACKBAUD INC,0.00033026912794900215,Reduce 73.78%,23438.0,29.620018772932845,694234.0,,,,,
JACOBS SOLUTIONS INC,0.00032998178599617187,Reduce 56.45%,5505.0,126.0,693630.0,,,,,
HONEST CO INC,0.0003298747463614255,Buy 100%,189455.0,3.659998416510517,693405.0,,,,,
NET POWER INC,0.0003297948234341482,Add 70.72%,427534.0,1.6214780578854546,693237.0,,,,,
HERITAGE FINL CORP WASH,0.0003293671406268726,Buy 100%,23374.0,29.620005133909473,692338.0,,,,,
ORION GROUP HLDGS INC,0.00032816211220548325,Buy 100%,41011.0,16.81999951232596,689805.0,,,,,
CIA ENERGETICA DE MINAS GERA,0.0003266059937821257,Reduce 55.68%,326921.0,2.099999694115704,686534.0,,,,,
BLAIZE HLDGS INC,0.0003251535848715447,Add 31.10%,1179863.0,0.5792884428107331,683481.0,,,,,
PURE CYCLE CORP,0.0003244447446236686,Add 7.73%,63678.0,10.709994032475894,681991.0,,,,,
GH RESEARCH PLC,0.0003241036449876101,Buy 100%,25345.0,26.880015782205565,681274.0,,,,,
ANDERSEN GROUP INC,0.0003227516154678357,Buy 100%,17986.0,37.720004447903925,678432.0,,,,,
SOUTH PLAINS FINANCIAL INC,0.0003225394391251829,Reduce 7.72%,15736.0,43.08502796136248,677986.0,,,,,
MAGNITE INC,0.00032252088558849346,Buy 100%,35719.0,18.980010638595704,677947.0,,,,,
TWFG INC,0.00032239434095363776,Buy 100%,28178.0,24.05000354886791,677681.0,,,,,
REGIONAL MGMT CORP,0.0003221873976597947,Add 21.36%,16438.0,41.20002433386057,677246.0,,,,,
RBB FUND TRUST,0.00032051282204065116,Buy 100%,13772.0,48.91998257333721,673726.0,,,,,
CAMDEN NATL CORP,0.00031943481398582753,Buy 100%,12384.0,54.21996124031008,671460.0,,,,,
OIL DRI CORP AMER,0.00031892815971469466,Add 69.97%,6559.0,102.20994053971641,670395.0,,,,,
SINCLAIR INC,0.0003176455870245779,Buy 100%,46856.0,14.25002134198395,667699.0,,,,,
MACERICH CO,0.00031641724774939933,Buy 100%,26404.0,25.190009089531888,665117.0,,,,,
BNY MELLON ETF TRUST,0.00031617367311388754,Buy 100%,11531.0,57.63637152024976,664605.0,,,,,
CELLDEX THERAPEUTICS INC NEW,0.0003155552218909084,Reduce 66.28%,17826.0,37.20997419499607,663305.0,,,,,
FUTUREFUEL CORP,0.0003152498021330987,Reduce 20.20%,146607.0,4.5199956345877075,662663.0,,,,,
908 DEVICES INC,0.0003122607797992695,Buy 100%,75446.0,8.699997349097368,656380.0,,,,,
GLOBUS MED INC,0.000311976767968409,Reduce 70.73%,8300.0,79.01,655783.0,,,,,
TIC SOLUTIONS INC,0.0003107726910104397,Buy 100%,80748.0,8.090008421261208,653252.0,,,,,
CIVISTA BANCSHARES INC,0.00030938260295386655,Buy 100%,23045.0,28.220004339336082,650330.0,,,,,
TYRA BIOSCIENCES INC,0.00030676940867092466,Buy 100%,20189.0,31.94001684085393,644837.0,,,,,
GLOBE LIFE INC,0.00030643829940077584,Add 18.98%,3605.0,178.67988904299585,644141.0,,,,,
JANUS HENDERSON GROUP PLC,0.0003049739971974452,Reduce 10.37%,12340.0,51.95,641063.0,,,,,
OGE ENERGY CORP,0.00030371616255624764,Add 13.72%,13120.0,48.65998475609756,638419.0,,,,,
SERITAGE GROWTH PPTYS,0.0003030748762111893,Reduce 31.03%,242232.0,2.6300034677499258,637071.0,,,,,
BRIGHTHOUSE FINL INC,0.00030270428120911176,Reduce 67.86%,10052.0,63.300039793076,636292.0,,,,,
DENISON MINES CORP,0.0003023175113288948,Reduce 56.02%,207400.0,3.064026036644166,635479.0,,,,,
KARAT PACKAGING INC,0.00030096120022373053,Buy 100%,18907.0,33.45998836409795,632628.0,,,,,
STAAR SURGICAL CO,0.00030034037034220153,Reduce 20.98%,22005.0,28.68997955010225,631323.0,,,,,
AUDIOCODES LTD,0.00029908158423758396,Reduce 46.01%,64946.0,9.679995688726018,628677.0,,,,,
CARLSMED INC,0.0002984536183804051,Buy 100%,60439.0,10.380002978209435,627357.0,,,,,
TUCOWS INC,0.000296913199103477,Add 25.54%,46334.0,13.470000431648465,624119.0,,,,,
CS DISCO INC,0.00029654831288191937,Reduce 12.78%,164908.0,3.7799985446430737,623352.0,,,,,
EXCHANGE TRADED CONCEPTS TRU,0.0002955773444618421,Reduce 32.54%,8127.0,76.45022763627415,621311.0,,,,,
YETI HLDGS INC,0.0002939379729892374,Add 41.32%,12467.0,49.56003850164434,617865.0,,,,,
RUNWAY GROWTH FINANCE CORP,0.00029382760323252115,Reduce 12.04%,110095.0,5.610000454153231,617633.0,,,,,
CAPITAL BANCORP INC MD,0.00029360448506053865,Buy 100%,17573.0,35.1200136573152,617164.0,,,,,
GBANK FINL HLDGS INC,0.00029359401896291896,Buy 100%,20361.0,30.31000442021512,617142.0,,,,,
SPORTRADAR GROUP AG,0.00029305834505747707,Add 23.96%,41150.0,14.970012150668287,616016.0,,,,,
CARGURUS INC,0.00029211306614973894,Buy 100%,18012.0,34.08999555851654,614029.0,,,,,
ENERGIZER HLDGS INC,0.0002917110728548025,Reduce 41.87%,28600.0,21.44,613184.0,,,,,
ALTIMMUNE INC,0.00029161354785425575,Reduce 72.26%,201638.0,3.039997421121019,612979.0,,,,,
CHIRON REAL ESTATE INC,0.0002908566587036713,Buy 100%,16295.0,37.51997545259282,611388.0,,,,,
CREDIT ACCEP CORP MICH,0.0002908005223618932,Reduce 20.00%,960.0,636.7395833333334,611270.0,,,,,
UTAH MED PRODS INC,0.00028664738453373326,,8735.0,68.97996565540927,602540.0,,,,,
GLOBAL PMTS INC,0.00028650847087441795,Reduce 97.40%,8300.0,72.56,602248.0,,,,,
IMMATICS N.V,0.0002851064895250952,Buy 100%,59161.0,10.130001183211913,599301.0,,,,,
NCINO INC,0.0002846826125714995,,36600.0,16.35,598410.0,,,,,
ETHAN ALLEN INTERIORS INC,0.00028369975085867265,Reduce 78.27%,26694.0,22.340001498464073,596344.0,,,,,
SILGAN HLDGS INC,0.00028323591244143833,Reduce 82.10%,12834.0,46.38997974131214,595369.0,,,,,
TENNANT CO,0.00028131585925994306,Reduce 35.55%,6755.0,87.540044411547,591333.0,,,,,
4D MOLECULAR THERAPEUTICS IN,0.0002806379415732159,Add 84.58%,44354.0,13.299995490823827,589908.0,,,,,
EAST WEST BANCORP INC,0.00027979399351970436,Reduce 76.32%,4556.0,129.08999122036874,588134.0,,,,,
ALICO INC,0.0002797264396168867,Add 4.48%,14213.0,41.37001336804334,587992.0,,,,,
FRANKLIN BSP RLTY TR INC,0.0002775314135070207,Buy 100%,71668.0,8.140006697549813,583378.0,,,,,
PUBMATIC INC,0.00027662752325805114,Reduce 90.04%,44320.0,13.119990974729243,581478.0,,,,,
ASP ISOTOPES INC,0.0002763753854517597,Buy 100%,93400.0,6.22,580948.0,,,,,
FILANA THERAPEUTICS INC,0.0002745828283685401,Reduce 13.27%,485025.0,1.1900005154373485,577180.0,,,,,
LAZARD INC,0.00027336495519098117,Reduce 55.28%,13701.0,41.94000437924239,574620.0,,,,,
HAGERTY INC,0.00027292633055437597,Reduce 44.39%,48129.0,11.920006648798022,573698.0,,,,,
FIRST CMNTY BANKSHARES INC V,0.00027237020018540473,Buy 100%,12889.0,44.419970517495535,572529.0,,,,,
ROUNDHILL ETF TRUST,0.00027228932579470745,Buy 100%,59435.0,9.629999158744848,572359.0,,,,,
WILLSCOT HLDGS CORP,0.0002718464195727124,Reduce 34.87%,19800.0,28.86,571428.0,,,,,
PERION NETWORK LTD,0.00027172891384034633,Reduce 19.50%,58824.0,9.70999932000544,571181.0,,,,,
WESTERN UN CO,0.0002707056149321709,Buy 100%,73900.0,7.7,569030.0,,,,,
WESTAMERICA BANCORPORATION,0.0002705429146873564,Add 74.68%,9693.0,58.669968018157434,568688.0,,,,,
WINNEBAGO INDS INC,0.0002700548139529128,Reduce 44.02%,18171.0,31.239997798690222,567662.0,,,,,
FREIGHTCAR AMER INC,0.0002698578610249795,Reduce 36.69%,58239.0,9.740002403887429,567248.0,,,,,
RANPAK HOLDINGS CORP,0.00026935406114410646,Buy 100%,77454.0,7.310003356831151,566189.0,,,,,
LPL FINL HLDGS INC,0.00026800821613656185,Buy 100%,2000.0,281.68,563360.0,,,,,
OPPENHEIMER HLDGS INC,0.0002647504053865917,Reduce 86.20%,5273.0,105.53992034894746,556512.0,,,,,
FORBRIGHT INC,0.00026103398926819707,Buy 100%,30000.0,18.29,548700.0,,,,,
LUXFER HLDGS PLC,0.0002605986947535617,Buy 100%,30365.0,18.04001317306109,547785.0,,,,,
FIRST CMNTY CORP S C,0.0002601310504826475,Buy 100%,16732.0,32.68001434377241,546802.0,,,,,
COMMERCE.COM INC,0.0002600416129211705,Reduce 66.99%,184667.0,2.9599982671511422,546614.0,,,,,
EVEREST GROUP LTD,0.00025916721803822,Reduce 92.38%,1525.0,357.23016393442623,544776.0,,,,,
ALAMAR BIOSCIENCES INC,0.0002585763592544199,Buy 100%,20064.0,27.09001196172249,543534.0,,,,,
NORTHEAST CMNTY BANCORP INC,0.00025733755388162167,Add 40.57%,19500.0,27.74,540930.0,,,,,
TSCAN THERAPEUTICS INC,0.0002557005610675669,Add 71.60%,548402.0,0.9801003643312752,537489.0,,,,,
WESTERN COPPER &AMP; GOLD CORP,0.00025265302373340964,Reduce 33.38%,237100.0,2.2399114297764657,531083.0,,,,,
NORTHPOINTE BANCSHARES INC.,0.00025125294531092685,Buy 100%,27536.0,19.17998256827426,528140.0,,,,,
PROGYNY INC,0.00025015400506086394,Reduce 84.68%,18239.0,28.8299797138001,525830.0,,,,,
WEX INC,0.00024834765175805486,Reduce 61.86%,3700.0,141.09,522033.0,,,,,
IRONWOOD PHARMACEUTICALS INC,0.0002461616645506786,Reduce 99.58%,122907.0,4.209996175970449,517438.0,,,,,
COLOMBIER ACQUISITION CORP I,0.00024381250136677778,,50000.0,10.25,512500.0,,,,,
ASTEC INDS INC,0.00024271926989723465,Reduce 38.90%,8338.0,61.189973614775724,510202.0,,,,,
SUN CMNTYS INC,0.00024044479659180134,Buy 100%,4215.0,119.91008303677343,505421.0,,,,,
VOYAGER THERAPEUTICS INC,0.0002397559370757446,Add 45.86%,143992.0,3.500006944830268,503973.0,,,,,
ENANTA PHARMACEUTICALS INC,0.00023956849878201093,Reduce 51.27%,34539.0,14.580011002055647,503579.0,,,,,
SEACOR MARINE HLDGS INC,0.0002388610857292648,Add 10.03%,65633.0,7.649993143692959,502092.0,,,,,
PHILLIPS EDISON &AMP; CO INC,0.00023856946219104463,Reduce 88.99%,12049.0,41.619968462113036,501479.0,,,,,
IDAHO STRATEGIC RESOURCES,0.00023702190693846678,Reduce 18.08%,15213.0,32.75001643331361,498226.0,,,,,
WEST ENCLAVE MERGER CORP,0.00023596292815204252,Buy 100%,50000.0,9.92,496000.0,,,,,
MVB FINL CORP,0.0002338849320428326,Add 21.27%,16947.0,29.009972266477842,491632.0,,,,,
MOVADO GROUP INC,0.0002331641985022069,Reduce 56.64%,12468.0,39.30999358357395,490117.0,,,,,
LTC PPTYS INC,0.00023314849935577743,Buy 100%,12746.0,38.45002353679586,490084.0,,,,,
CALIFORNIA RES CORP,0.00023303289655025132,Reduce 75.76%,9265.0,52.87004856988667,489841.0,,,,,
ASE TECHNOLOGY HLDG CO LTD,0.00023182215934834216,Buy 100%,10800.0,45.12,487296.0,,,,,
NIQ GLOBAL INTELLIGENCE PLC,0.00023066946141505102,Buy 100%,51858.0,9.350013498399475,484873.0,,,,,
TASKUS INC,0.00023038164373051073,Buy 100%,103476.0,4.680003092504542,484268.0,,,,,
CHARGEPOINT HOLDINGS INC,0.0002283954638413277,Buy 100%,81234.0,5.910000738606987,480093.0,,,,,
AURA BIOSCIENCES INC,0.00022767377883728206,Buy 100%,67405.0,7.1000074178473405,478576.0,,,,,
EQUIPMENTSHARE COM INC,0.0002251614396768568,Reduce 85.14%,24074.0,19.660006646174295,473295.0,,,,,
STAR HLDGS,0.0002241904712567795,Add 1.04%,51616.0,9.129998450092994,471254.0,,,,,
MOTORCAR PTS AMER INC,0.00022202065892754268,Add 4.24%,30463.0,15.319994747726751,466693.0,,,,,
OMEGA FLEX INC,0.00022160915099840657,Reduce 28.54%,14840.0,31.3900269541779,465828.0,,,,,
NKARTA INC,0.0002187890134216217,Reduce 54.47%,162509.0,2.8299971078524884,459900.0,,,,,
BROWN &AMP; BROWN INC,0.00021667914328784283,Reduce 71.60%,7100.0,64.15,455465.0,,,,,
KORRO BIO INC,0.00021452027278793563,Buy 100%,34213.0,13.179990062257037,450927.0,,,,,
COMPASS THERAPEUTICS INC,0.0002130455044869854,Add 209.98%,204487.0,2.1900022984346195,447827.0,,,,,
COPT DEFENSE PROPERTIES,0.00021302266936490616,Reduce 41.67%,12305.0,36.390004063388865,447779.0,,,,,
BIOVENTUS INC,0.00021243799509333586,Reduce 84.77%,47304.0,9.440005073566718,446550.0,,,,,
FORESTAR GROUP INC,0.00021011927873887404,Reduce 27.22%,13955.0,31.650017914725904,441676.0,,,,,
DISC MEDICINE INC,0.00020970967373657785,Buy 100%,6027.0,73.14003650240583,440815.0,,,,,
TRUPANION INC,0.00020903413470840066,Reduce 70.46%,17739.0,24.769998308811093,439395.0,,,,,
LB PHARMACEUTICALS INC,0.00020871634592613137,Buy 100%,13518.0,32.45502293238645,438727.0,,,,,
ACNB CORP,0.00020822301214287799,Add 18.26%,7371.0,59.38000271333605,437690.0,,,,,
CURIOSITYSTREAM INC,0.00020744090921166435,Add 24.85%,163927.0,2.6600010980497415,436046.0,,,,,
WEBTOON ENTMT INC,0.00020705176067289748,Reduce 21.28%,38111.0,11.42000997087455,435228.0,,,,,
BIGLARI HLDGS INC,0.0002065270285967852,Reduce 81.71%,1019.0,426.0304219823356,434125.0,,,,,
IHEARTMEDIA INC,0.00020578679005605013,Buy 100%,100832.0,4.289997223103777,432569.0,,,,,
TEMA ETF TRUST,0.00020544188456631177,Buy 100%,10309.0,41.88999902997381,431844.0,,,,,
MYERS INDS INC,0.0002035594141899053,Buy 100%,12118.0,35.31003465918469,427887.0,,,,,
SERVE ROBOTICS INC,0.00020347045236013825,Buy 100%,65000.0,6.58,427700.0,,,,,
PULMONX CORP,0.00020256037759893895,Reduce 2.25%,327528.0,1.300001831904448,425787.0,,,,,
YEXT INC,0.00020118313429853542,Reduce 32.11%,90555.0,4.6700016564518805,422892.0,,,,,
PACER FDS TR,0.00020074403393022022,Reduce 25.71%,13282.0,31.769989459418763,421969.0,,,,,
DXP ENTERPRISES INC,0.00020020598136622836,,2494.0,168.7401764234162,420838.0,,,,,
CNH INDL N V,0.00019980826965668177,Reduce 97.54%,37400.0,11.23,420002.0,,,,,
SAILPOINT INC,0.0001981879274524764,Add 86.18%,28456.0,14.64000562271577,416596.0,,,,,
THIRD COAST BANCSHARES INC,0.00019684683976203165,Add 82.86%,10242.0,40.40001952743605,413777.0,,,,,
FINANCIAL INSTITUTIONS INC,0.00019647909915021405,Add 46.12%,10598.0,38.96999433855444,413004.0,,,,,
SANTACRUZ SILVER MNG LTD,0.00019576121999984825,Buy 100%,63500.0,6.480236220472441,411495.0,,,,,
CYBIN INC,0.00019427883999153823,Buy 100%,61782.0,6.6099996762811175,408379.0,,,,,
INTL GNRL INSURANCE HLDNGS L,0.000194019090477887,Add 7.21%,15584.0,26.16998203285421,407833.0,,,,,
PIPER SANDLER COMPANIES,0.00019272081864134076,Reduce 69.57%,5600.0,72.34,405104.0,,,,,
FIRST INDL RLTY TR INC,0.0001911318747299944,Reduce 46.90%,6553.0,61.30993438119945,401764.0,,,,,
EGAIN CORP,0.00019106289363204668,Buy 100%,63749.0,6.300004705956172,401619.0,,,,,
NEW JERSEY RES CORP,0.00019061903594663168,Reduce 73.97%,7150.0,56.04,400686.0,,,,,
CARRIAGE SVCS INC,0.00019003769179703128,Add 8.91%,10419.0,38.33995584988963,399464.0,,,,,
ENCORE ENERGY CORP,0.00018958146508715664,Reduce 16.83%,304202.0,1.3100012491699595,398505.0,,,,,
ELMET GROUP CO (THE),0.0001882698727627309,Buy 100%,20048.0,19.74002394253791,395748.0,,,,,
WHITESTONE REIT,0.00018728843824503399,Add 8.03%,20764.0,18.959978809477942,393685.0,,,,,
UNITED FIRE GROUP INC,0.00018668140458309444,Add 16.29%,7483.0,52.44006414539623,392409.0,,,,,
SANARA MEDTECH INC,0.00018371236298108458,Add 0.29%,16370.0,23.589981673793524,386168.0,,,,,
KAILERA THERAPEUTICS INC,0.00018340646749156488,Buy 100%,17500.0,22.03,385525.0,,,,,
MERCER INTL INC,0.0001828512885860136,Reduce 5.34%,582361.0,0.6599995535415318,384358.0,,,,,
ALIGOS THERAPEUTICS INC,0.00018243882919345754,Add 505.42%,66463.0,5.769992326557634,383491.0,,,,,
NEW YORK LIFE INVTS ACTIVE E,0.00018193645650771447,Buy 100%,6758.0,56.589967445989934,382435.0,,,,,
DOMO INC,0.00018179849431181912,Add 172.88%,122091.0,3.1300013924040266,382145.0,,,,,
NEOGEN CORP,0.00018176091150673039,Buy 100%,42499.0,8.989999764700347,382066.0,,,,,
DUOS TECHNOLOGIES GROUP INC,0.00018075711759866424,Buy 100%,31663.0,12.0,379956.0,,,,,
AGORA INC,0.00017916056197995808,,94386.0,3.989998516729176,376600.0,,,,,
CLIMB BIO INC,0.00017866199514789488,Buy 100%,28800.0,13.04,375552.0,,,,,
FORWARD INDUSTRIES INC,0.0001781434475840124,Buy 100%,88735.0,4.220003380853102,374462.0,,,,,
AGCO CORP,0.00017670055330763106,Reduce 3.12%,3103.0,119.69996777312278,371429.0,,,,,
ODYSSEY THERAPEUTICS INC,0.0001766658248928022,Buy 100%,19848.0,18.709995969367192,371356.0,,,,,
INNOVEX INTERNATIONAL INC,0.00017644127952568979,Buy 100%,14955.0,24.8,370884.0,,,,,
COLUMBIA ETF TR I,0.00017597981976700535,Add 10.97%,8547.0,43.27998127998128,369914.0,,,,,
OCEANEERING INTL INC,0.00017443416744126748,Buy 100%,9049.0,40.51994695546469,366665.0,,,,,
ADVANCED FLOWER CAP INC,0.00017176816693851738,Add 19.31%,116471.0,3.1000077272454085,361061.0,,,,,
MAZE THERAPEUTICS INC,0.0001706197505906161,Reduce 73.66%,12019.0,29.840003328063897,358647.0,,,,,
KARDIGAN INC,0.0001701930192467605,Buy 100%,15000.0,23.85,357750.0,,,,,
UP FINTECH HLDG LTD,0.00016985620119609185,Reduce 80.92%,81146.0,4.399995070613462,357042.0,,,,,
ABCELLERA BIOLOGICS INC,0.00016966162692670842,Buy 100%,45431.0,7.849992296009333,356633.0,,,,,
REXFORD INDL RLTY INC,0.00016926724533913173,Buy 100%,10621.0,33.500047076546466,355804.0,,,,,
PERMA-FIX ENVIRONMENTAL SVCS,0.00016898989375221105,Reduce 60.54%,24858.0,14.290007241129617,355221.0,,,,,
ABEONA THERAPEUTICS INC,0.00016787525435571864,Reduce 43.50%,57100.0,6.18,352878.0,,,,,
HOPE BANCORP INC,0.0001673077064257078,Buy 100%,25708.0,13.67998288470515,351685.0,,,,,
BIOLIFE SOLUTIONS INC,0.0001659047736129651,Reduce 87.88%,12349.0,28.240019434772048,348736.0,,,,,
CAPITAL GROUP CONSERVATIVE E,0.00016494094116853764,Buy 100%,10564.0,32.81995456266566,346710.0,,,,,
ATOUR LIFESTYLE HLDGS LTD,0.0001648676784852001,Reduce 87.79%,10898.0,31.79996329601762,346556.0,,,,,
STURM RUGER &AMP; CO INC,0.0001643990827508659,Reduce 46.70%,9130.0,37.8500547645126,345571.0,,,,,
HACKETT GROUP INC,0.0001624804567645006,Add 71.10%,31712.0,10.769992431886983,341538.0,,,,,
OLD REP INTL CORP,0.00016239339786157354,Buy 100%,8342.0,40.92004315511868,341355.0,,,,,
PACS GROUP INC,0.0001604761990703382,Reduce 64.02%,7911.0,42.63999494374921,337325.0,,,,,
BLUEPORT ACQUISITION LTD,0.000160333479557343,Add 113.13%,33270.0,10.129996994289149,337025.0,,,,,
ROOT INC,0.00015961750333381714,Buy 100%,6000.0,55.92,335520.0,,,,,
KOPIN CORP,0.00015952188126011038,Buy 100%,74848.0,4.479999465583583,335319.0,,,,,
FIRST FINANCIAL CORPORATION,0.00015944623991822292,Buy 100%,4328.0,77.43992606284658,335160.0,,,,,
CALUMET INC,0.00015824977466761327,Buy 100%,9235.0,36.02003248511099,332645.0,,,,,
LINEAGE INC,0.00015789583027538522,Buy 100%,7674.0,43.250065155069066,331901.0,,,,,
BRIDGEWATER BANCSHARES INC,0.0001564667322185934,Reduce 20.09%,15632.0,21.039982088024566,328897.0,,,,,
MFS ACTIVE EXCHANGE TRADED F,0.0001555414340426746,Buy 100%,10802.0,30.267728198481763,326952.0,,,,,
CLARITEV CORPORATION,0.00015545675379829746,Buy 100%,9580.0,34.110020876826724,326774.0,,,,,
AMERICAN BEACON SELECT FUNDS,0.0001541480158641316,Buy 100%,6674.0,48.55004495055439,324023.0,,,,,
DIREXION SHARES ETF TRUST,0.00015364231305641866,Buy 100%,2647.0,122.00982244049868,322960.0,,,,,
KYMERA THERAPEUTICS INC,0.00015274603451480886,Buy 100%,2800.0,114.67,321076.0,,,,,
BARINGS BDC INC,0.00015271368475852998,Reduce 87.68%,37677.0,8.519998938344347,321008.0,,,,,
NIAGEN BIOSCIENCE INC,0.00015166422060630536,Reduce 63.97%,99938.0,3.189997798635154,318802.0,,,,,
LUMEXA IMAGING HOLDINGS INC,0.00014918185254360908,Add 69.33%,27800.0,11.28,313584.0,,,,,
QXO INC,0.0001471495266785576,Reduce 52.06%,17900.0,17.28,309312.0,,,,,
NEUROGENE INC,0.0001463407827715849,Buy 100%,9781.0,31.44995399243431,307612.0,,,,,
CF BANKSHARES INC,0.00014612242191670223,Buy 100%,9373.0,32.76997759522031,307153.0,,,,,
1RT ACQUISITION CORP.,0.0001459107213057594,Add 0.02%,29952.0,10.239983974358974,306708.0,,,,,
LOMA NEGRA C I A S A MTN 14,0.00014518760910658377,Buy 100%,26654.0,11.44998874465371,305188.0,,,,,
STEPAN CO,0.00014505059837410838,Reduce 52.33%,5472.0,55.720029239766085,304900.0,,,,,
GAMING &AMP; LEISURE P,0.0001449644909346013,Buy 100%,6843.0,44.53003068829461,304719.0,,,,,
1 800 FLOWERS COM INC,0.00014324614799813925,Reduce 15.12%,86525.0,3.48,301107.0,,,,,
AMERISAFE INC,0.00014307583604596498,Reduce 58.89%,8890.0,33.830033745781776,300749.0,,,,,
ANAVEX LIFE SCIENCES CORP,0.0001422661406755723,Add 157.41%,115462.0,2.5900036375604096,299047.0,,,,,
CARTESIAN THERAPEUTICS INC,0.00014202637189374037,Buy 100%,28651.0,10.4199853408258,298543.0,,,,,
FIRSTSERVICE CORP NEW,0.00014191409921018416,Reduce 87.58%,2100.0,142.05095238095237,298307.0,,,,,
FS BANCORP INC,0.00014190506030769447,Buy 100%,6873.0,43.39997090062564,298288.0,,,,,
PROSHARES TR II,0.00014099546127820515,Buy 100%,11917.0,24.870017621884703,296376.0,,,,,
CAPITAL SOUTHWEST CORP,0.00014063913822742716,Buy 100%,12437.0,23.76996060143121,295627.0,,,,,
TPG MTG INVTS TR INC,0.0001399735895651596,Reduce 38.32%,37150.0,7.92,294228.0,,,,,
INSPIRED ENTMT INC,0.00013978519980800596,Add 104.93%,35616.0,8.25,293832.0,,,,,
BLACK DIAMOND THERAPEUTICS I,0.0001384755104104201,Reduce 56.77%,157340.0,1.85,291079.0,,,,,
AVALONBAY CMNTYS INC,0.0001382395474822681,Reduce 86.52%,1540.0,188.69025974025973,290583.0,,,,,
COLUMBIA ETF TR II,0.00013822004248215873,Reduce 38.12%,4871.0,59.64730034900431,290542.0,,,,,
BW LPG LTD,0.00013757257162487057,Reduce 82.51%,16591.0,17.429992164426498,289181.0,,,,,
CABALETTA BIO INC,0.00013412208953235695,Reduce 52.14%,90652.0,3.1100030887349424,281928.0,,,,,
FIFTH THIRD BANCORP,0.00013408498245897818,Buy 100%,5000.0,56.37,281850.0,,,,,
GCT SEMICONDUCTOR HLDG INC,0.0001340374092879798,,575000.0,0.49,281750.0,,,,,
VIA TRANSN INC,0.00013288994440349849,Buy 100%,15399.0,18.140009091499447,279338.0,,,,,
WHITEHAWK MINERALS CORP,0.00013234856171753676,Buy 100%,10000.0,27.82,278200.0,,,,,
UNIVERSAL LOGISTICS HLDGS IN,0.00013107930951529955,Add 82.73%,18617.0,14.80002148573884,275532.0,,,,,
MERCANTILE BK CORP,0.00012991757267951873,Buy 100%,4756.0,57.42010092514718,273090.0,,,,,
GMO ETF TRUST,0.00012867971877014047,Buy 100%,6499.0,41.61994152946607,270488.0,,,,,
INFLECTION PT ACQUISITION CO,0.00012809076291318033,,50000.0,5.385,269250.0,,,,,
STARRY SEA ACQUISITION CORP,0.00012763786632527562,Add 1.55%,26201.0,10.239990840044273,268298.0,,,,,
ORIGIN BANCORP INC,0.0001274599426657416,Reduce 58.60%,5238.0,51.15005727376862,267924.0,,,,,
PRIMO BRANDS CORPORATION,0.00012540763606887082,Reduce 67.27%,10786.0,24.44001483404413,263610.0,,,,,
DBX ETF TR,0.00012523732411669656,Buy 100%,3823.0,68.8600575464295,263252.0,,,,,
ADAMAS TRUST INC.,0.00012286247142045666,Add 39.53%,27533.0,9.380016707224058,258260.0,,,,,
HEALTHSTREAM INC,0.00012191053226877875,Reduce 31.03%,9404.0,27.25,256259.0,,,,,
GRAFTECH INTL LTD SR NT,0.00012156943263272024,Buy 100%,43239.0,5.909988667638012,255542.0,,,,,
HEARTFLOW INC,0.00012116934226462375,Buy 100%,8681.0,29.34005298928695,254701.0,,,,,
JBG SMITH PPTYS,0.0001202340537227953,Reduce 75.43%,17228.0,14.670013930810308,252735.0,,,,,
MICROVAST HOLDINGS INC,0.00012022691774714554,Add 278.19%,216000.0,1.17,252720.0,,,,,
CANTOR EQUITY PARTNERS VII I,0.00012000332384345307,Buy 100%,25000.0,10.09,252250.0,,,,,
ULTRAPAR PARTICIPACOES SA,0.00011917935652176085,Reduce 86.50%,49904.0,5.01999839692209,250518.0,,,,,
SMITH &AMP; WESSON BRANDS INC,0.00011832208798036977,Reduce 33.06%,16537.0,15.039970974179113,248716.0,,,,,
SYMBOTIC INC,0.00011714227333960956,Reduce 98.22%,5478.0,44.94998174516247,246236.0,,,,,
DYNEX CAP INC,0.00011505714125474987,Buy 100%,18448.0,13.109984822202948,241853.0,,,,,
ZURN ELKAY WATER SOLNS CORP,0.0001146889249112223,Reduce 67.43%,4771.0,50.53007755187592,241079.0,,,,,
SES AI CORPORATION,0.0001142793199089261,Add 22.51%,1210489.0,0.19844707386849447,240218.0,,,,,
INOGEN INC,0.00011405810466378357,Reduce 20.31%,37171.0,6.450001345134648,239753.0,,,,,
BANKUNITED INC,0.00011388588978476937,Buy 100%,4941.0,48.44990892531876,239391.0,,,,,
TETRA TECH INC NEW,0.00011388208393108951,Buy 100%,8286.0,28.890055515327056,239383.0,,,,,
MCEWEN INC.,0.00011368655819828609,Reduce 96.91%,13181.0,18.13003565738563,238972.0,,,,,
ENTRADA THERAPEUTICS INC,0.0001134344203919946,Reduce 59.02%,32397.0,7.3600024693644475,238442.0,,,,,
COGNIZANT TECHNOLOGY SOLUTIO,0.00011263233672896165,Reduce 84.15%,6113.0,38.72991984295763,236756.0,,,,,
WINMARK CORP,0.00011150485257629967,Buy 100%,554.0,423.07942238267145,234386.0,,,,,
WASHINGTON TR BANCORP INC,0.00011141731794166262,Buy 100%,6420.0,36.48006230529595,234202.0,,,,,
OLIN CORP,0.00011101722757356611,Reduce 98.27%,11774.0,19.820027178528964,233361.0,,,,,
OPORTUN FINL CORP,0.00011098773220754712,Reduce 3.26%,40858.0,5.709995594498017,233299.0,,,,,
OSHKOSH CORP,0.00011054530171726202,Buy 100%,1514.0,153.48018494055484,232369.0,,,,,
EXAGEN INC,0.0001099706178116014,Add 43.81%,49712.0,4.650004023173479,231161.0,,,,,
TRANSLATIONAL DEV ACQUISITIO,0.000109894025006294,Reduce 74.89%,175000.0,1.32,231000.0,,,,,
AMERICAN INTEGRITY INS GROUP,0.00010950297354068718,Reduce 44.91%,12224.0,18.830006544502616,230178.0,,,,,
GULFPORT ENERGY CORP,0.00010931077792985367,Reduce 33.17%,1354.0,169.70014771048744,229774.0,,,,,
FULL HSE RESORTS INC,0.00010870374426791412,Add 513.20%,81899.0,2.7899974358661277,228498.0,,,,,
BAYCOM CORP,0.0001073854916995486,Buy 100%,6861.0,32.90001457513482,225727.0,,,,,
TITAN AMER SA,0.00010679225425719859,Add 3.85%,12030.0,18.660016625103907,224480.0,,,,,
TAL ED GROUP,0.00010643402827958068,Reduce 67.13%,23378.0,9.569980323380957,223727.0,,,,,
UPLAND SOFTWARE INC,0.00010634459071810369,Reduce 92.73%,47867.0,4.670002298034136,223539.0,,,,,
NEW ERA ENERGY &AMP; DIGITAL INC,0.0001050220565643483,Add 24.22%,62109.0,3.5543802025471347,220759.0,,,,,
NAMIB MINERALS,0.00010361436643450576,,990000.0,0.22,217800.0,,,,,
WEST BANCORPORATION INC,0.00010279943801530324,Buy 100%,8145.0,26.53001841620626,216087.0,,,,,
ZEBRA TECHNOLOGIES CORPORATI,0.00010019290397630114,Reduce 99.70%,800.0,263.26,210608.0,,,,,
GRANITE RIDGE RESOURCES INC,9.909586665307814e-05,Add 223.45%,47234.0,4.410001270271414,208302.0,,,,,
BARRETT BUSINESS SVCS INC,9.875191262675974e-05,Reduce 80.85%,5844.0,35.5200205338809,207579.0,,,,,
DOUYU INTL HLDGS LTD,9.864201860175346e-05,,44591.0,4.649996636092485,207348.0,,,,,
TRANSUNION,9.78099638409915e-05,Reduce 60.44%,2850.0,72.14,205599.0,,,,,
TIGO ENERGY INC,9.734231957007729e-05,Reduce 48.76%,87818.0,2.330000683231228,204616.0,,,,,
AMERICAN PUB ED INC,9.70778127393262e-05,Reduce 13.44%,3800.0,53.7,204060.0,,,,,
APERTURE AC,9.704879310501716e-05,Buy 100%,20606.0,9.8999805881782,203999.0,,,,,
MASTERCRAFT BOAT HLDGS INC,9.687895688455291e-05,Buy 100%,7887.0,25.819956891086598,203642.0,,,,,
NVE CORP,9.649123554091598e-05,Buy 100%,1940.0,104.55,202827.0,,,,,
CRANE COMPANY,9.625194249079407e-05,Reduce 93.29%,907.0,223.0694597574421,202324.0,,,,,
I-80 GOLD CORP,9.498411748368681e-05,Reduce 89.22%,137600.0,1.4510101744186046,199659.0,,,,,
SEANERGY MARITIME HLDGS CORP,9.466061992089772e-05,Reduce 83.60%,14816.0,13.430008099352051,198979.0,,,,,
BRASKEM SA,9.156265502548218e-05,Buy 100%,78880.0,2.4399974645030427,192467.0,,,,,
CROSS CTRY HEALTHCARE INC,9.047655953158882e-05,Reduce 80.00%,14397.0,13.20997430020143,190184.0,,,,,
FORRESTER RESH INC,8.55750957236241e-05,Reduce 17.13%,21389.0,8.409977091028098,179881.0,,,,,
OCULIS HOLDING AG,8.25775102190152e-05,,34716.0,5.0,173580.0,,,,,
EXZEO GROUP INC,8.162033801852748e-05,Buy 100%,10170.0,16.870009832841692,171568.0,,,,,
SAGIMET BIOSCIENCES INC,8.155373557912972e-05,Reduce 94.61%,22177.0,7.729990530730036,171428.0,,,,,
APEX TECH ACQUISITION INC,8.1516152774041e-05,Buy 100%,17221.0,9.950002903431857,171349.0,,,,,
EVOLUTION PETE CORP,8.134441362673678e-05,Add 67.81%,46464.0,3.6800103305785123,170988.0,,,,,
ACCURAY INC DEL,7.96389154464443e-05,Reduce 23.03%,649353.0,0.25779968676513393,167403.0,,,,,
CRESCENT CAP BDC INC,7.778451324092684e-05,Reduce 46.59%,14973.0,10.91998931409871,163505.0,,,,,
CN HEALTHY FOOD TECH GROUP C,7.716796494478764e-05,,142842.0,1.1355833718374149,162209.0,,,,,
INFOSYS LTD,7.699717726090339e-05,Reduce 97.08%,15429.0,10.489986389266965,161850.0,,,,,
GERON CORP,7.546579688646503e-05,Buy 100%,123931.0,1.2799945130758243,158631.0,,,,,
MONTAUK RENEWABLES INC,7.532498030030977e-05,Reduce 14.17%,101497.0,1.5599968471974541,158335.0,,,,,
AQUESTIVE THERAPEUTICS INC,7.44910226127079e-05,Add 107.39%,37640.0,4.159989373007439,156582.0,,,,,
HEARTLAND EXPRESS INC,7.403574736625325e-05,Reduce 73.86%,10225.0,15.2200488997555,155625.0,,,,,
LEGALZOOM COM INC,7.235784162513985e-05,Reduce 87.22%,24812.0,6.130017733354828,152098.0,,,,,
OSISKO DEVELOPMENT CORP,7.062189661540838e-05,Reduce 86.08%,60345.0,2.4600049714143672,148449.0,,,,,
VIZSLA SILVER CORP,6.978127868386673e-05,Reduce 60.36%,44449.0,3.3000067493081957,146682.0,,,,,
SANA BIOTECHNOLOGY INC,6.656152647069532e-05,Add 3.67%,40090.0,3.489997505612372,139914.0,,,,,
RECURSION PHARMACEUTICALS IN,6.619521305400766e-05,Reduce 17.59%,37914.0,3.669989977317086,139144.0,,,,,
KAYNE ANDERSON BDC INC,6.544165402539309e-05,Reduce 30.78%,10167.0,13.530048195141143,137560.0,,,,,
AUDIOEYE INC,6.481559109505419e-05,Reduce 29.19%,23450.0,5.809978678038379,136244.0,,,,,
LIFEMD INC,6.46880949967785e-05,Buy 100%,32924.0,4.129996355242376,135976.0,,,,,
DAKOTA GOLD CORP,6.435317987294979e-05,Reduce 55.25%,31754.0,4.25999874031618,135272.0,,,,,
AH RLTY TR INC,6.41571784084364e-05,Add 35.56%,19048.0,7.080008399832003,134860.0,,,,,
CRITICAL METALS CORP,6.404538145659017e-05,,37500.0,3.59,134625.0,,,,,
FG IMPERII ACQUISITION CORP,6.398686645626215e-05,Buy 100%,13545.0,9.93001107419712,134502.0,,,,,
MOBIA MED INC,6.37480491378502e-05,Buy 100%,10000.0,13.4,134000.0,,,,,
INTEGRA RES CORP,6.23184753493484e-05,Reduce 74.62%,57707.0,2.2700019061812258,130995.0,,,,,
ABACUS GLOBAL MGMT INC,6.214483327520427e-05,Buy 100%,12197.0,10.710010658358613,130630.0,,,,,
MEDICAL PROPERTIES TRUST INC,6.0920775585415545e-05,Reduce 66.60%,27718.0,4.619994227577747,128057.0,,,,,
EAGLE NUCLEAR ENERGY CORP,6.06224918032556e-05,,87883.0,1.449996017432268,127430.0,,,,,
AMERICAN COASTAL INS CORP,6.031516911860597e-05,Buy 100%,11422.0,11.09998248993171,126784.0,,,,,
TECHTARGET INC,5.6821871172193775e-05,Reduce 63.87%,33178.0,3.6000060280909034,119441.0,,,,,
AMERICAN BATTERY TECHNOLOGY,5.546460860360954e-05,Add 165.79%,41197.0,2.8300118940699566,116588.0,,,,,
BCB BANCORP INC,5.40840351812361e-05,Reduce 38.25%,10605.0,10.72003771805752,113686.0,,,,,
TPG RE FIN TR INC,5.1780066509783794e-05,Buy 100%,13004.0,8.36996308828053,108843.0,,,,,
BIT DIGITAL INC,5.160404577708973e-05,Add 38.14%,60263.0,1.7999933624280238,108473.0,,,,,
SHARPLINK INC,5.137902467826732e-05,Reduce 50.66%,22500.0,4.8,108000.0,,,,,
CHENGHE ACQUISITION II CO,5.136284980012787e-05,,87500.0,1.2338971428571428,107966.0,,,,,
BICYCLE THERAPEUTICS PLC,5.134952931224832e-05,Buy 100%,25457.0,4.240012570216443,107938.0,,,,,
ANGEL OAK MORTGAGE REIT INC,5.1300053214409984e-05,Buy 100%,11876.0,9.07999326372516,107834.0,,,,,
WIPRO LTD,5.0235841379175874e-05,Buy 100%,46932.0,2.25,105597.0,,,,,
ASURE SOFTWARE INC,4.9852877352638785e-05,Reduce 4.58%,13198.0,7.93999090771329,104792.0,,,,,
RANGE CAP ACQUISITION CORP,4.977343015707146e-05,Reduce 69.88%,375000.0,0.279,104625.0,,,,,
ORTHOFIX MED INC,4.956934125348835e-05,Buy 100%,11400.0,9.14,104196.0,,,,,
ALTA EQUIPMENT GROUP INC,4.9226338690589916e-05,Buy 100%,15993.0,6.470018132933158,103475.0,,,,,
AURORA CANNABIS INC,4.920635795877059e-05,Reduce 49.90%,37129.0,2.785773923348326,103433.0,,,,,
AKEBIA THREAPEUTICS INC,4.757459819352562e-05,Add 444.65%,87722.0,1.1399990880280888,100003.0,,,,,
OVID THERAPEUTICS INC,4.719210989869852e-05,Buy 100%,36877.0,2.68999647476747,99199.0,,,,,
SPARK I ACQUISITION CORP,4.6350540503736896e-05,,40596.0,2.399990146812494,97430.0,,,,,
PONY AI INC,4.607033452655635e-05,Reduce 80.77%,13934.0,6.949978469929668,96841.0,,,,,
HYPERLIQUID STRATEGIES INC,4.5774429402946325e-05,Buy 100%,12226.0,7.870031081302143,96219.0,,,,,
RESERVOIR MEDIA INC,4.418263110134001e-05,,547924.0,0.16949978464166562,92873.0,,,,,
LEXEO THERAPEUTICS INC,4.399376561247638e-05,Reduce 34.82%,19866.0,4.654988422430283,92476.0,,,,,
TEAMSHARES INC,4.370785085477602e-05,Buy 100%,62500.0,1.47,91875.0,,,,,
AMPLITUDE INC,4.33082362183895e-05,Buy 100%,11900.0,7.65,91035.0,,,,,
MAKO MNG CORP,4.124118193850921e-05,Buy 100%,11800.0,7.346610169491526,86690.0,,,,,
EVE HLDG INC,3.918126363427867e-05,,484473.0,0.16999915371960872,82360.0,,,,,
STABLECOINX INC,3.9010000218684446e-05,Buy 100%,200000.0,0.41,82000.0,,,,,
EINRIDE AB,3.88482514372899e-05,Buy 100%,136100.0,0.6,81660.0,,,,,
TECOGEN INC NEW,3.8091838018415415e-05,Buy 100%,15339.0,5.220027381185214,80070.0,,,,,
ATAIBECKLEY INC,3.677691557201976e-05,Reduce 46.50%,14669.0,5.270025223259936,77306.0,,,,,
QUANTERIX CORP,3.6318785935305206e-05,Buy 100%,17672.0,4.319997736532367,76343.0,,,,,
OCTAVE SPECIALTY GROUP INC,3.623743581289795e-05,Reduce 5.11%,12207.0,6.240026214467109,76172.0,,,,,
MBIA INC,3.462803543802223e-05,Reduce 73.80%,11164.0,6.519974919383733,72789.0,,,,,
FRANKLIN STR PPTYS CORP,3.37598250673015e-05,Reduce 39.31%,137795.0,0.5149969157081171,70964.0,,,,,
LIFEZONE METALS LIMITED,3.2449659938005685e-05,,166366.0,0.40999963934938627,68210.0,,,,,
ARDELYX INC,3.17374895681597e-05,Reduce 95.83%,13081.0,5.099992355324517,66713.0,,,,,
BRIGHTSPIRE CAPITAL INC,3.1273651150925345e-05,Buy 100%,12062.0,5.450008290499088,65738.0,,,,,
PANTAGES CAPITAL ACQUISITION,3.092256114895718e-05,Reduce 50.00%,325000.0,0.2,65000.0,,,,,
LEXICON PHARMACEUTICALS INC,2.5346985507945213e-05,Buy 100%,22200.0,2.4,53280.0,,,,,
HERON THERAPEUTICS INC,2.445356135659534e-05,Reduce 95.37%,120435.0,0.42680283970606553,51402.0,,,,,
GREENLAND MINES LTD,2.426231720918179e-05,,300000.0,0.17,51000.0,,,,,
AIMEI HEALTH TECHNOLOGY CO L,2.2121524514253984e-05,,155000.0,0.3,46500.0,,,,,
PLAYSTUDIOS INC,2.1129148167227454e-05,Reduce 45.58%,89007.0,0.49899446110980034,44414.0,,,,,
PROTARA THERAPEUTICS INC,2.019576255223893e-05,Buy 100%,11113.0,3.8200305947988844,42452.0,,,,,
SITE CTRS CORP,1.9453145352953972e-05,Reduce 30.71%,10300.0,3.97,40891.0,,,,,
SBC MED GROUP HLDGS INC,1.887465559361348e-05,,172500.0,0.23,39675.0,,,,,
FOLD HLDGS INC,1.8731936080618297e-05,,375000.0,0.105,39375.0,,,,,
HELPORT AI LTD,1.8428894981358514e-05,,876652.0,0.044188571976109106,38738.0,,,,,
COMPANHIA SIDERURGICA NACION,1.784184205123831e-05,Add 0.33%,40988.0,0.914999512052308,37504.0,,,,,
FACTORIAL ENERGY INC,1.617487813945453e-05,Buy 100%,25000.0,1.36,34000.0,,,,,
ROADZEN INC,1.581807935696656e-05,,175000.0,0.19,33250.0,,,,,
OPPFI INC,1.4980791547394796e-05,Reduce 2.42%,1049673.0,0.02999981899124775,31490.0,,,,,
THE REAL BROKERAGE INC,1.4649682277245961e-05,Reduce 94.15%,16920.0,1.8199763593380616,30794.0,,,,,
ENGENE THERAPEUTICS INC,1.4428942763813407e-05,Buy 100%,104622.0,0.28990078568561106,30330.0,,,,,
SCHMID GROUP N.V.,1.3824287760423798e-05,,16144.0,1.7999876114965312,29059.0,,,,,
HADRON ENERGY INC,1.3486993978045172e-05,Buy 100%,175000.0,0.162,28350.0,,,,,
FALCONS BEYOND GLOBAL INC,1.2569307509486119e-05,,10162.0,2.599980318834875,26421.0,,,,,
MELAR ACQUISITION CORP. I,1.1595960430858944e-05,Reduce 78.01%,162500.0,0.15,24375.0,,,,,
BLUE GOLD LTD,1.1417561039614959e-05,,199999.0,0.12000060000300002,24000.0,,,,,
AVALANCHE TREAS CORP,1.0585982010563005e-05,Buy 100%,44469.0,0.5003935325732533,22252.0,,,,,
CAYSON ACQUISITION CORP,1.0370951277650257e-05,,100000.0,0.218,21800.0,,,,,
BITFUFU INC,1.0347164692151058e-05,,150000.0,0.145,21750.0,,,,,
OIO GROUP,1.032337810665186e-05,,310000.0,0.07,21700.0,,,,,
RF ACQUISITION CORP II,9.514634199679134e-06,,200000.0,0.1,20000.0,,,,,
VERTICAL AEROSPACE LTD,9.123107002362338e-06,Buy 100%,11021.0,1.7400417384992288,19177.0,,,,,
EON RESOURCES INC,8.778677244333953e-06,,240900.0,0.07660024906600249,18453.0,,,,,
TAVIA ACQUISITION CORP,8.56317077971122e-06,Reduce 50.00%,200000.0,0.09,18000.0,,,,,
IB ACQUISITION CORP,8.45613114496483e-06,,150000.0,0.1185,17775.0,,,,,
DT CLOUD STAR ACQUISITION CO,7.856709190385044e-06,,150000.0,0.1101,16515.0,,,,,
QUETTA ACQUISITION CORP,7.659280530741702e-06,,23000.0,0.7,16100.0,,,,,
EUREKA ACQUISITION CORP,7.492774432247318e-06,,45000.0,0.35,15750.0,,,,,
DOCGO INC,7.370035651071457e-06,,30017.0,0.5161075390611987,15492.0,,,,,
ONEMEDNET CORP,7.233024918596078e-06,,420000.0,0.0362,15204.0,,,,,
VALENS SEMICONDUCTOR LTD,5.959015399259042e-06,,447342.0,0.028000947820683058,12526.0,,,,,
ESTRELLA IMMUNOPHARMA INC,5.9276171064001e-06,,87500.0,0.1424,12460.0,,,,,
VSEE HEALTH INC,5.556546372612614e-06,,365000.0,0.032,11680.0,,,,,
BOREALIS FOODS INC,5.009454906131064e-06,,300000.0,0.0351,10530.0,,,,,
ROYALTY MGMT HLDG CORP,4.853890636966309e-06,,60015.0,0.17000749812546864,10203.0,,,,,
SELECTQUOTE INC,4.841521612506727e-06,Reduce 68.86%,12100.0,0.8410743801652892,10177.0,,,,,
DRAGONFLY ENERGY HOLDINGS CO,4.4656935616194014e-06,,228943.0,0.041001471982109086,9387.0,,,,,
NVNI GROUP LIMITED,4.06750612036283e-06,,300000.0,0.0285,8550.0,,,,,
KIDZ AI INC,3.884349412019006e-06,Buy 100%,575000.0,0.0142,8165.0,,,,,
OSR HEALTH INC,3.7820670943724557e-06,Buy 100%,150000.0,0.053,7950.0,,,,,
LOTUS TECHNOLOGY INC,3.363423189586574e-06,,117840.0,0.05999660556687033,7070.0,,,,,
EUDA HEALTH HOLDINGS LTD,3.301578067288659e-06,,200000.0,0.0347,6940.0,,,,,
APOLLOMICS INC,3.030886724307788e-06,,318530.0,0.020001255768687408,6371.0,,,,,
BAIRD MED INVT HLDGS LTD,2.9043420894520555e-06,,150000.0,0.0407,6105.0,,,,,
MURANO GLOBAL INVT PLC,2.65838879539035e-06,Buy 100%,375000.0,0.014901333333333334,5588.0,,,,,
FUSEMACHINES INC,2.568951233913366e-06,,99999.0,0.054000540005400055,5400.0,,,,,
BETTER HOME &AMP; FINANCE HOLDIN,2.5518248923539437e-06,,27202.0,0.1971913829865451,5364.0,,,,,
ENVOY MEDICAL INC,2.428134647758115e-06,,113431.0,0.04499651770679973,5104.0,,,,,
SHF HOLDINGS INC,2.4057752573888693e-06,,188000.0,0.026898936170212766,5057.0,,,,,
VEEA INC,2.2016863538057515e-06,,90749.0,0.05099780713837067,4628.0,,,,,
ZEO ENERGY CORP,2.140792694927805e-06,,125000.0,0.036,4500.0,,,,,
CYCURION INC,2.0813262311798105e-06,,250000.0,0.0175,4375.0,,,,,
COINCHECK GROUP NV,2.077044645789955e-06,,21831.0,0.19999083871558793,4366.0,,,,,
GDEV INC,2.0242384259817357e-06,,575000.0,0.0074,4255.0,,,,,
NEWGENIVF GROUP LIMITED,2.0071120844223133e-06,,168750.0,0.025001481481481482,4219.0,,,,,
CDT EQUITY INC,1.962393303683821e-06,,375000.0,0.011,4125.0,,,,,
ASPIRE BIOPHARMA HLDGS INC,1.9505000109342223e-06,,199999.0,0.020500102500512502,4100.0,,,,,
PSYENCE BIOMEDICAL LTD,1.7516441561609286e-06,,175352.0,0.0209977644965555,3682.0,,,,,
ABLE VIEW GLOBAL INC,1.560400008747378e-06,,200000.0,0.0164,3280.0,,,,,
SCAGE FUTURE,1.4519331788710358e-06,,68749.0,0.04439337299451628,3052.0,,,,,
LIMINATUS PHARMA INC.,1.3957968370929287e-06,,83353.0,0.03519969287248209,2934.0,,,,,
KEEN VISION ACQUISITION CORP,1.384379276053314e-06,,97000.0,0.03,2910.0,,,,,
CID HOLDCO INC,1.1798146407602126e-06,,199999.0,0.012400062000310002,2480.0,,,,,
SOUTHLAND HLDGS INC,1.1117850062325066e-06,,91666.0,0.02549473087076997,2337.0,,,,,
PALLADYNE AI CORP,8.78676468340368e-07,Reduce 28.27%,58622.0,0.03150694278598479,1847.0,,,,,
SUNPOWER INC,8.24443053402197e-07,,12382.0,0.1399612340494266,1733.0,,,,,
SMX SEC MATTERS PLC,8.173070777524375e-07,,79166.0,0.021701235378824242,1718.0,,,,,
CARDIO DIAGNOSTICS HOLDGS IN,6.47946588998149e-07,,74822.0,0.018203202266713,1362.0,,,,,
PRENETICS GLOBAL LTD,6.018006131297052e-07,,104515.0,0.012103525809692388,1265.0,,,,,
ZOOZ STRATEGY LTD,5.304408566321117e-07,,55752.0,0.019999282536949346,1115.0,,,,,
MULTISENSOR AI HOLDINGS INC,4.348187829253364e-07,,31500.0,0.029015873015873016,914.0,,,,,
XBP GLOBAL HOLDINGS INC,4.324401243754166e-07,,19714.0,0.046109363903824696,909.0,,,,,
ECARX HOLDINGS INC,3.872456119269407e-07,,20340.0,0.0400196656833825,814.0,,,,,
GIBO HOLDINGS LTD.,3.805853679871653e-07,,50000.0,0.016,800.0,,,,,
HUB CYBER SECURITY LTD,3.587017093279033e-07,,51318.0,0.014692700417007678,754.0,,,,,
GOGORO INC,1.86486830313711e-07,,44527.0,0.008803647225279045,392.0,,,,,
BENEFICIENT,1.0037939080661486e-07,,19500.0,0.01082051282051282,211.0,,,,,
DISTOKEN ACQUISITION CORP,0.0,,75000.0,0.0,0.0,,,,,
