Stock,% of Portfolio,RecentActivity,Shares,ReportedPrice*,Value, ,Current Price,+/-Reported Price,52Week Low,52Week High
NVIDIA CORPORATION,1.9538842593845356,Add 180.63%,7091256.0,200.08714535196586,1418869170.0,,214.72000122070312,7.313241359407249,163.8517783946414,236.26463268418732
ALPHABET INC,1.9071852787091697,Add 423.66%,3893253.0,355.7326903748613,1384957364.0,,341.75,-3.9306734391283333,201.55445158058532,404.2267181336527
META PLATFORMS INC,1.5693268255065709,Add 698.49%,2023153.0,563.2850036551857,1139611745.0,,549.9000244140625,-2.37623568074197,519.7782492802263,788.2165669565625
INTEL CORP,1.4078584778221581,Reduce 1.05%,7321928.0,139.62946193953286,1022356867.0,,90.06999969482422,-35.493556700927904,23.649999618530273,142.35000610351562
UNITED THERAPEUTICS CORP DEL,1.2749561875504816,Reduce 4.38%,1708739.0,541.8299997834661,925846052.0,,,,,
PALANTIR TECHNOLOGIES INC,1.2159564911460758,Add 8.34%,7568370.0,116.67000001321288,883001728.0,,179.94000244140625,54.2298812214177,106.37000274658203,207.52000427246094
EXELIXIS INC,1.0061119654698627,Reduce 2.18%,13427993.0,54.40999999031873,730617099.0,,54.08000183105469,-0.606502773980446,33.7599983215332,57.56999969482422
VERISIGN INC,0.8486401160593724,Reduce 13.07%,2449771.0,251.56000009796833,616264393.0,,281.79998779296875,12.020984132303889,206.92641987527824,311.5654035322969
KINROSS GOLD CORP,0.8049384471212321,Reduce 3.13%,24747213.0,23.619999997575484,584529171.0,,32.7599983215332,38.69601322987261,19.114198869927307,38.95551296551527
CROWDSTRIKE HLDGS INC,0.7870808087086895,Buy 100%,748960.0,763.139999465926,571561334.0,,,,,
STERLING INFRASTRUCTURE INC,0.7769612915702211,Reduce 12.35%,672194.0,839.3600002380265,564212756.0,,516.8099975585938,-38.42808837542457,266.1300048828125,1005.6799926757812
AMAZON COM INC,0.7518465636055545,Buy 100%,2290710.0,238.34312287456729,545974975.0,,258.6300048828125,8.511628849858438,196.0,287.20001220703125
ARGAN INC,0.712996726460642,Add 6.14%,648379.0,798.5499993059615,517763050.0,,501.6300048828125,-37.18239242141495,196.06425305913442,805.0899269213769
ISHARES TR,0.7095961710148915,Add 47.11%,5308783.0,97.06436277391636,515293639.0,,,,,
NETFLIX INC.,0.6674054207668402,"Add 275,718.12%",6787884.0,71.40010259456407,484655614.0,,79.58999633789062,11.470422934588436,65.08000183105469,126.70999908447266
CHEVRON CORPORATION,0.6552337242412732,Add 42.43%,2870517.0,165.75996135887718,475816787.0,,205.27000427246094,23.835697468608167,142.5104657070619,210.92053767232753
TESLA INC,0.6434642427518403,Add 425.80%,1110960.0,420.600237632318,467270040.0,,362.8599853515625,-13.728059833202257,297.3800048828125,498.8299865722656
ADVANCED MICRO DEVICES INC,0.6387108027154319,Add 282.45%,829697.0,559.0211764053624,463818193.0,,473.25,-15.343099693806103,149.22000122070312,584.72998046875
APPLE INC,0.6321565167378641,Reduce 48.42%,1586526.0,289.34830566911603,459058610.0,,309.3500061035156,6.912672389128319,223.86305742355088,344.2730974331505
CORCEPT THERAPEUTICS INC,0.6300082094994496,Reduce 7.41%,5261628.0,86.95000007602209,457498555.0,,122.25,40.59804473043637,28.65999984741211,123.43609619140625
ETSY INC,0.6214172678615101,Add 0.47%,5990442.0,75.33000002337056,451259996.0,,81.02999877929688,7.566704837591843,44.0,87.9739990234375
SEAGATE TECHNOLOGY HLDNGS PL,0.6077644979159108,Add 47.30%,457353.0,965.0,441345645.0,,,,,
FRANCO NEV CORP,0.5846703799748005,Reduce 8.20%,2036918.0,208.44000003927502,424575188.0,,265.739990234375,27.489920449195598,179.64144644030515,284.59501209520727
TEXAS INSTRS INC,0.5755111457268163,Add 64.70%,1402100.0,298.07,417923947.0,,,,,
WAYFAIR INC,0.5745462372532509,Reduce 9.21%,4514426.0,92.42000001772097,417223251.0,,101.5199966430664,9.846349949795036,55.599998474121094,119.9800033569336
TAIWAN SEMICONDUCTOR MANUFAC,0.5583957846426331,Add 49.50%,849080.0,477.5700004710981,405495136.0,,418.95001220703125,-12.274637897322128,223.16196493273623,479.0
INCYTE CORP,0.5482607424003664,Reduce 3.82%,3512132.0,113.36000013666913,398135284.0,,127.80999755859375,12.746998416110983,81.08999633789062,132.60000610351562
NEUROCRINE BIOSCIENCES INC,0.5421260514780064,Reduce 3.43%,2335897.0,168.53500047305167,393680402.0,,152.57000732421875,-9.472805710399413,122.13999938964844,186.1199951171875
ROBLOX CORP,0.5102720637870946,Reduce 4.38%,6814063.0,54.37999531263506,370548714.0,,38.369998931884766,-29.440966827428927,33.880001068115234,142.0
WESTERN DIGITAL CORP,0.4727414142938708,Reduce 53.11%,537473.0,638.7200008186458,343294755.0,,459.44000244140625,-28.068636984509144,74.3684629906989,799.8699951171875
ALKERMES PLC,0.4661666829361281,Add 4.88%,6460928.0,52.395000377654725,338520325.0,,48.33000183105469,-7.7583710607885905,25.170000076293945,55.66999816894531
CARVANA CO,0.46429294860184855,Add 326.44%,5122450.0,65.82,337159659.0,,69.91000366210938,6.213922306456066,54.4640007019043,97.37799835205078
BROADCOM INC,0.4420733867207498,Add 7.06%,849835.0,377.7489583272047,321024286.0,,368.45001220703125,-2.4616735308423423,285.08119233248743,494.21781760890264
PETROLEO BRASILEIRO S A,0.4148827386567724,Add 60.28%,19667500.0,15.318622905809075,301279016.0,,,,,
EVERPURE INC,0.3965800706788968,Reduce 2.78%,3655134.0,78.7900000383023,287988008.0,,108.55000305175781,37.77129457924641,55.470001220703125,119.0999984741211
GILEAD SCIENCES INC,0.38577732503687534,Add 3.01%,2217376.0,126.34000007215737,280143284.0,,146.1199951171875,15.656161970660962,106.44034949748199,155.3805941192722
DELL TECHNOLOGIES INC,0.38422395261031367,Reduce 10.38%,646677.0,431.45999935052583,279015258.0,,442.0799865722656,2.4614071380257716,109.6987412978457,514.0
MCKESSON CORP,0.3757154741434533,Add 207.97%,361086.0,755.6000011077693,272836582.0,,858.9000244140625,13.67125769651233,670.6503422138215,997.8966126895185
AUTOZONE INC,0.37083144504209126,Add 146.45%,84260.0,3195.939995252789,269289904.0,,2957.949951171875,-7.44663680902712,2902.199951171875,4388.10986328125
TJX COS INC NEW,0.36079837218833344,Add 625.12%,1729400.0,151.5,262004100.0,,,,,
SELECT SECTOR SPDR TR,0.34852182957194844,Reduce 42.50%,3020380.0,83.79380607738099,253089136.0,,,,,
REDDIT INC,0.3466151405402239,Reduce 7.39%,1450078.0,173.57999983449167,251704539.0,,153.2899932861328,-11.689138476613294,119.2699966430664,282.95001220703125
CBOE GLOBAL MKTS INC,0.34299813149189984,Reduce 6.73%,1026406.0,242.66999998051455,249077944.0,,,,,
MEDTRONIC PLC,0.34125535665480033,Buy 100%,3167741.0,78.22999986425658,247812378.0,,93.3499984741211,19.327621930334253,72.65447002253417,103.76283615785873
MICRON TECHNOLOGY INC,0.3363148373274307,Reduce 90.22%,211580.0,1154.289999054731,244224678.0,,966.780029296875,-16.24461529697141,114.06692085746202,1254.8069810301963
NOVA LTD,0.33539303256807385,Reduce 12.19%,448586.0,542.9400003566764,243555283.0,,8.9399995803833,-98.35340929485574,6.199999809265137,11.970000267028809
CREDO TECHNOLOGY GROUP HOLDI,0.31616256130750053,Add 133.00%,844238.0,271.94999988155,229590524.0,,,,,
STRATEGY INC,0.30569946483626215,Add 19.84%,2553692.0,86.93000017229956,221992446.0,,119.25,37.17933942671184,81.80999755859375,365.2099914550781
AIRBNB INC,0.3039911815083726,Reduce 15.74%,1542641.0,143.0999999351761,220751927.0,,187.3000030517578,30.887493456746462,110.80999755859375,189.1999969482422
ROBINHOOD MKTS INC,0.3032985806563674,Reduce 56.97%,2196340.0,100.27999990893942,220248975.0,,,,,
MEDPACE HLDGS INC,0.3030813806810549,Reduce 17.65%,415588.0,529.5900001924983,220091249.0,,,,,
ALLISON TRANSMISSION HLDGS I,0.3010312971967399,Reduce 14.22%,1938997.0,112.74000011346072,218602522.0,,,,,
CONOCOPHILLIPS,0.28953684579917127,Buy 100%,2022465.0,103.96001710783624,210255496.0,,134.8699951171875,29.732563411651604,82.95472375272149,135.8800048828125
SHELL PLC,0.28781530265005834,Buy 100%,2695452.0,77.53999997032038,209005348.0,,93.33000183105469,20.36368566775622,66.7934455566561,94.69999694824219
ZOOM COMMUNICATIONS INC,0.28295866625445765,Reduce 3.18%,2380704.0,86.30999989918948,205478562.0,,107.43000030517578,24.4699344579476,70.69999694824219,114.73999786376953
BLOOM ENERGY CORP,0.28165847392668186,Add 26.09%,675700.0,302.7,204534390.0,,201.4499969482422,-33.448960373887616,44.63999938964844,351.2799987792969
INTUITIVE SURGICAL INC,0.2762429090070598,Add 261.85%,504430.0,397.67999920702573,200601722.0,,378.80999755859375,-4.745021546484304,328.57000732421875,603.8800048828125
INTUIT,0.2749702457151213,Buy 100%,765048.0,261.0000169923979,199677541.0,,378.80999755859375,45.13792064987769,328.57000732421875,603.8800048828125
SUPER MICRO COMPUTER INC,0.27406703417480677,"Add 11,323.57%",6785600.0,29.33,199021648.0,,37.2400016784668,26.968979469712917,19.479999542236328,58.779998779296875
DROPBOX INC,0.27287970111675636,Reduce 6.57%,7213667.0,27.46999993207338,198159432.0,,34.470001220703125,25.482349129738047,21.69499969482422,36.29999923706055
MERCADOLIBRE,0.27228691178226017,Reduce 3.18%,116490.0,1697.3899991415572,197728961.0,,1922.72998046875,13.275675091826683,1495.0,2548.5
ROKU INC,0.27094267106924463,Reduce 9.00%,1424300.0,138.14,196752802.0,,157.49000549316406,14.007532570699347,78.52999877929688,159.69000244140625
NEWMONT CORP,0.25968803391473505,Add 20.79%,2019057.0,93.40000009905614,188579924.0,,131.5800018310547,40.87794613651652,68.32355348582931,134.2940212296047
BP PLC,0.2581674261497549,Add 230.97%,5073767.0,36.95000006898228,187475691.0,,44.7599983215332,21.13666640858017,31.116968357758626,47.144643011580946
ENOVA INTL INC,0.2576748394210663,Add 3.63%,777294.0,240.7300004888755,187117985.0,,,,,
BLACKSTONE INC,0.2544514125478055,Add 9.70%,1570300.0,117.67,184777201.0,,143.3800048828125,21.849243547898784,99.778211592923,182.6796063633474
MURPHY USA INC,0.25243630667893086,Add 46.72%,340182.0,538.869999000535,183313874.0,,569.719970703125,5.724937695512597,348.2625393340363,636.0499877929688
CLEAR SECURE INC,0.25146132768167584,Reduce 2.27%,3276617.0,55.72999987487094,182605865.0,,43.290000915527344,-22.321907387896626,29.02647286729101,69.06999969482422
SCHWAB CHARLES CORP,0.24283413326011105,Buy 100%,1911141.0,92.26999996337267,176340980.0,,,,,
KENVUE INC,0.23749547089695608,Add 117.91%,9024812.0,19.109999964542197,172464157.0,,19.059999465942383,-0.2616457283756589,13.376313464808804,20.78003867146364
CHENIERE ENERGY INC,0.23676770377071857,Add 128.92%,719366.0,239.0100004726384,171935668.0,,277.510009765625,16.108116487533344,184.87842793621542,299.54404568207144
LUMENTUM HLDGS INC,0.23589660966839282,Reduce 1.58%,199640.0,858.0599979963935,171303098.0,,,,,
LOGITECH INTL S A,0.235522324395895,Reduce 12.25%,1818708.0,94.03999982405092,171031300.0,,,,,
VIRTU FINL INC,0.23529018457216075,Reduce 2.07%,2868268.0,59.57000008367419,170862725.0,,,,,
SPROUTS FMRS MKT INC,0.23456135296967387,Reduce 17.38%,2013874.0,84.58000003972442,170333463.0,,,,,
TENARIS S A,0.23352361807120448,Reduce 4.49%,3056044.0,55.490000143976985,169579882.0,,52.65999984741211,-5.100018542479767,32.99954862420192,64.5999984741211
NIKE INC,0.23008345667278945,"Add 1,191.72%",4070200.0,41.05,167081710.0,,40.7599983215332,-0.7064596308569892,38.86000061035156,78.02881101869576
KIMBERLY-CLARK CORP,0.2266812391017698,Add 13.81%,1499600.0,109.77,164611092.0,,109.30999755859375,-0.4190602545378938,91.16777681423233,128.1077508247477
DOORDASH INC,0.22602538127083455,Reduce 37.64%,889475.0,184.53000028106467,164134822.0,,223.49000549316406,21.113100933592328,143.3000030517578,285.5
STATE STR SPDR S&AMP;P 500 ETF T,0.22525102506248773,Buy 100%,219040.0,746.7700009130753,163572501.0,,,,,
WARNER BROS DISCOVERY INC,0.22333646882143213,Add 58.13%,6083353.0,26.66000000328766,162182191.0,,28.549999237060547,7.089269443135093,11.25,30.0
VANECK ETF TRUST,0.2221680415776487,Add 86.22%,1977378.0,81.58971324653152,161333704.0,,40.349998474121094,-50.54523803484942,33.43000030517578,45.76716083900743
SPDR SERIES TRUST,0.22160299197092523,Add 222.95%,2860347.0,56.260089073108965,160923377.0,,25.065000534057617,-55.44798995699046,24.277923583984375,25.06999969482422
GENERAL DYNAMICS CORP,0.22133087713937147,"Add 1,403.38%",453720.0,354.2400004408005,160725773.0,,384.2900085449219,8.482951690020466,305.42578602709887,400.0
VERTEX PHARMACEUTICALS INC,0.21889594073606694,Reduce 24.11%,320008.0,496.7300004999875,158957574.0,,548.0499877929688,10.331565889180178,374.1700134277344,555.3099975585938
NATIONAL GRID PLC,0.216173334101838,Reduce 12.66%,1894298.0,82.86999986274598,156980475.0,,79.76000213623047,-3.7528631973771827,64.86536053991557,92.21545127545475
NEW YORK TIMES CO MTN BE,0.21535757073133868,Reduce 18.92%,2234754.0,69.98000003579813,156388085.0,,,,,
INTERCONTINENTAL EXCHANGE IN,0.21518417539961496,Buy 100%,1269289.0,123.11000016544695,156262169.0,,161.25,30.980423835023057,121.79000091552734,179.35732808146108
BRINKER INTL INC,0.2112820381943075,Reduce 0.97%,913265.0,168.0,153428520.0,,,,,
UNITEDHEALTH GROUP INC,0.2100612147580088,Reduce 68.32%,367014.0,415.629877879318,152541984.0,,390.1099853515625,-6.140052456759476,254.516344356629,461.6199951171875
LOCKHEED MARTIN CORP,0.20943053667897613,Add 53.37%,298520.0,509.45999933002815,152083999.0,,563.5700073242188,10.621051322056422,432.1287818014613,687.4992440281471
COMFORT SYS USA INC,0.20786248329342982,Add 34.42%,76160.0,1981.95,150945312.0,,1655.6099853515625,-16.465602797670854,668.8204079334865,2072.104422292885
INVESCO QQQ TR,0.20747983368879877,Buy 100%,204600.0,736.4,150667440.0,,713.4400024414062,-3.117870390900832,554.990063621082,747.828194840854
MARVELL TECHNOLOGY INC,0.20733333118589134,Buy 100%,505425.0,297.88999950536675,150561053.0,,237.0399932861328,-20.42700537791557,61.30937021388269,329.79864574979393
CME GROUP INC,0.20680201294492423,"Add 1,854.16%",680049.0,220.83000048525915,150175221.0,,274.9800109863281,24.521129548556786,218.30999755859375,319.81669858888057
HECLA MINING COMPANY,0.20677485847252788,Add 149.52%,9731400.0,15.43,150155502.0,,20.719999313354492,34.28385815524623,7.564502878418626,34.15539542998087
FRONTDOOR INC,0.20060380735496763,Add 1.50%,1877487.0,77.58999982423313,145674216.0,,82.58999633789062,6.444124919427928,48.470001220703125,93.43000030517578
NOVO-NORDISK A S,0.20019075063511857,Reduce 10.74%,3032421.0,47.940000085740074,145374263.0,,46.7400016784668,-2.5031255843285263,34.14539805400969,61.10931574755392
ILLUMINA INC,0.20015522219108867,Reduce 15.01%,826642.0,175.8300001693599,145348463.0,,219.39999389648438,24.77961308375008,88.0,220.42999267578125
DANAHER CORP DEL,0.19951830184706426,Add 12.05%,760636.0,190.479999631887,144885945.0,,,,,
ALAMOS GOLD INC,0.19940953936497408,Reduce 6.75%,4772807.0,30.339999920382283,144806964.0,,37.86000061035156,24.7857637102938,27.049999237060547,55.29806379550237
CENTENE CORP DEL,0.19379654370812063,Add 30.14%,2192412.0,64.18999987228678,140730926.0,,,,,
PERMIAN RESOURCES CORP,0.19284259259227407,Reduce 2.90%,7606637.0,18.409999977651097,140038187.0,,23.75,29.005975170186964,11.595171601491543,24.09000015258789
DAVE INC,0.18849542857577653,Reduce 14.92%,367378.0,372.5899999455602,136881369.0,,354.7200012207031,-4.796156291759863,152.2100067138672,458.25
DOCUSIGN INC,0.18809999010836617,Reduce 3.00%,3075061.0,44.42000012357479,136594210.0,,62.0,39.57676683367471,40.15999984741211,86.6500015258789
MATCH GROUP INC NEW,0.18805770712875614,Add 12.36%,3589054.0,38.050000083587484,136563505.0,,40.869998931884766,7.4112978767473425,28.478711837933563,41.400001525878906
JAZZ PHARMACEUTICALS PLC,0.18651432122452408,Reduce 31.40%,562073.0,240.9700003380344,135442731.0,,254.27999877929688,5.523508495908669,121.4000015258789,265.04998779296875
RIVIAN AUTOMOTIVE INC,0.18157577110936232,Reduce 30.39%,7599796.0,17.350000052632993,131856461.0,,16.969999313354492,-2.1902059834335996,12.15999984741211,22.690000534057617
JFROG LTD,0.18087026572057394,Reduce 8.27%,1445248.0,90.87999983393854,131344138.0,,92.12999725341797,1.3754373038770895,34.04999923706055,99.22000122070312
NEW ORIENTAL ED &AMP; TECHNOLOGY,0.18063376884269589,Reduce 3.08%,2857164.0,45.90999991600062,131172399.0,,,,,
ROSS STORES INC,0.18047582700705375,"Add 1,390.87%",615728.0,212.85000032481875,131057705.0,,239.0399932861328,12.304436420646908,142.48134316237557,257.0
CARDINAL HEALTH INC,0.17995811836346445,Add 59.53%,550100.0,237.56,130681756.0,,229.50999450683594,-3.388619924719677,144.36856672113495,258.29998779296875
ALTRIA GROUP INC,0.1765016331597963,Add 6.26%,1781400.0,71.95,128171730.0,,66.08999633789062,-8.144549912591213,53.00584558458877,77.05999755859375
MOTOROLA SOLUTIONS INC,0.1754854687088961,Reduce 24.25%,306855.0,415.2900001629434,127433813.0,,480.4700012207031,15.695056715111292,357.3419958664831,493.57000732421875
CIRCLE INTERNET GROUP INC,0.1753411089292023,Add 13.49%,2033035.0,62.62999997540623,127328982.0,,87.9800033569336,40.475815729653355,49.900001525878906,159.47000122070312
THE TRADE DESK INC,0.1748383993481081,Add 29.07%,7022341.0,18.079999960127257,126963925.0,,13.180000305175781,-27.101768062819104,12.829999923706055,56.38999938964844
CAL MAINE FOODS INC,0.17408969247303657,Reduce 11.76%,1569268.0,80.55999994902082,126420230.0,,82.80000305175781,2.7805400994966343,70.97310595506872,114.10203367972531
JPMORGAN CHASE &AMP; CO,0.17384877657279835,Reduce 43.97%,385678.0,327.3333765472752,126245282.0,,,,,
NETEASE COM INC,0.17147970687516806,Reduce 28.71%,971788.0,128.13999967071007,124524914.0,,128.1699981689453,0.023410721330055635,105.43779586063293,156.40765284121997
NOVARTIS AG,0.17006905964446045,Reduce 29.12%,788033.0,156.72000030455578,123500532.0,,158.86000061035156,1.3654927907332142,117.97909907262819,165.4250050930179
PEABODY ENGR CORP,0.16917150098254682,Reduce 10.44%,5313527.0,23.11999995483226,122848744.0,,,,,
VISTRA CORP,0.1671703806515623,Reduce 27.94%,765275.0,158.62999967332004,121395573.0,,136.2100067138672,-14.133513840776784,132.47448547608124,218.90834935343653
COMMVAULT SYS INC,0.16568140972662648,Reduce 22.66%,848898.0,141.730000541879,120314314.0,,133.80999755859375,-5.588092113881719,71.75,198.17999267578125
COPA HOLDINGS SA,0.16558514554523457,Add 5.24%,772928.0,155.57000005175126,120244409.0,,,,,
CINEMARK HLDGS INC,0.16485424007310776,Reduce 5.55%,3772885.0,31.729999986747544,119713641.0,,36.599998474121094,15.348246105917331,21.46061040353827,38.97999954223633
LYFT INC,0.1647572639457638,Reduce 10.64%,8189132.0,14.61000005861427,119643219.0,,17.469999313354492,19.575627948433336,12.460000038146973,25.540000915527344
CAPITAL ONE FINL CORP,0.163413673210484,Reduce 19.97%,591504.0,200.6199991885093,118667532.0,,,,,
RIO TINTO PLC,0.15877906480278375,Add 25.76%,1214600.0,94.93,115301978.0,,105.30000305175781,10.923841832674396,58.18929135280634,110.16101979834873
NUTANIX INC,0.15850526168160278,Reduce 17.11%,2258696.0,50.95999992916267,115103148.0,,67.63999938964844,32.731553146922934,34.0099983215332,82.41999816894531
REDWIRE CORPORATION,0.1583058383219485,Buy 100%,9399700.0,12.23,114958331.0,,12.020000457763672,-1.7170853821449596,4.869999885559082,26.639999389648438
GE AEROSPACE,0.15789448228536987,Reduce 25.91%,306797.0,373.73120662848726,114659613.0,,348.3699951171875,-6.785949650843695,265.0240933710656,388.8399963378906
CHIPOTLE MEXICAN GRILL INC,0.1575367012144883,Add 272.57%,3364700.0,34.0,114399800.0,,36.900001525878906,8.529416252585019,28.040000915527344,43.720001220703125
BLACKROCK INC,0.15720374598814046,Buy 100%,118722.0,961.5573777395933,114158015.0,,1156.550048828125,20.278838850669096,912.2493207582107,1200.544098778344
CHUNGHWA TELECOM CO LTD,0.15639255724907783,Reduce 7.21%,2565950.0,44.26,113568947.0,,43.380001068115234,-1.9882488293826563,37.788731837568925,44.71538170332022
OTIS WORLDWIDE CORP,0.15619945464748936,Reduce 6.33%,1584200.0,71.6,113428720.0,,71.48999786376953,-0.15363426847830036,68.74332533380222,93.42918153424849
CANADIAN NAT RES LTD MED TER,0.15554056725931126,Buy 100%,2859500.0,39.5,112950250.0,,,,,
MONDAY COM LTD,0.15520045401544144,Reduce 28.65%,1556890.0,72.38999993576938,112703267.0,,90.7300033569336,25.33499576935632,57.5,220.8000030517578
DEXCOM INC,0.15124942113330567,Add 3.02%,1630796.0,67.35000024527899,109834111.0,,92.33999633789062,37.10467112338778,54.11000061035156,92.55999755859375
ROYALTY PHARMA PLC,0.14946775917485108,Add 144.75%,1935800.0,56.07,108540306.0,,61.310001373291016,9.34546348009812,33.43264278491696,62.130001068115234
WYNN RESORTS LTD,0.1483742322256115,Reduce 10.50%,1109756.0,97.08999996395605,107746210.0,,100.27999877929688,3.285610069548967,92.2940550060035,133.74717994037627
BARRICK MNG CORP,0.14705748199043198,Reduce 46.91%,2907433.0,36.72999996904486,106790014.0,,,,,
DR REDDYS LABS LTD,0.14660087538521677,Reduce 6.52%,7347028.0,14.490000038110649,106458436.0,,,,,
UBIQUITI INC,0.14586167718867338,Reduce 9.41%,198344.0,534.0299983866414,105921646.0,,559.0,4.675767595227888,437.6543638377323,1098.578015517358
PERDOCEO ED CORP,0.14540834801356636,Reduce 5.78%,3299764.0,32.0,105592448.0,,33.02000045776367,3.1875014305114746,26.27536968388922,38.32164850297544
TERADYNE INC,0.14531616134080905,Add 32.26%,218100.0,483.84,105525504.0,,375.739990234375,-22.342098579204897,109.34009553497228,487.9100036621094
TRAVERE THERAPEUTICS INC,0.14340439229241686,Reduce 6.80%,1833079.0,56.8100000054553,104137218.0,,65.70999908447266,15.666254318188196,17.049999237060547,66.37999725341797
BLACKBERRY LTD,0.14274333739373865,Add 131.11%,8194243.0,12.650000006101845,103657174.0,,8.039999961853027,-36.44268807925013,3.119999885559082,13.59000015258789
NORTHROP GRUMMAN CORP,0.14264183896367397,"Add 1,933.80%",203380.0,509.31000098338086,103583468.0,,551.030029296875,8.191480283705541,479.0199890136719,770.6083982498394
HP INC,0.1420280479121273,Reduce 36.73%,4700900.0,21.94,103137746.0,,43.54999923706055,98.49589442598243,17.47155466429972,45.0
ILLINOIS TOOL WKS INC,0.141965527490135,Reduce 42.23%,381160.0,270.469999475286,103092345.0,,,,,
BOSTON SCIENTIFIC CORP,0.14176175946998015,Reduce 23.48%,2412005.0,42.679999834162864,102944373.0,,,,,
RYANAIR HOLDINGS PLC,0.1397173329952804,Reduce 13.76%,1566946.0,64.75000031909204,101459754.0,,,,,
T-MOBILE US INC,0.13964982619748065,Add 115.31%,604607.0,167.72999981806365,101410732.0,,,,,
PAN AMERN SILVER CORP,0.13949928061272548,Add 73.68%,2261697.0,44.79000016359397,101301409.0,,,,,
VANGUARD INDEX FDS,0.1392279066456247,Add 105.79%,454265.0,222.56687836395056,101104343.0,,,,,
ZOETIS INC,0.13886545454830324,Add 456.87%,1403300.0,71.86,100841138.0,,,,,
LEGENCE CORP,0.13854095316373446,Add 103.62%,1180400.0,85.23,100605492.0,,,,,
TORO CO,0.13791062348378477,Add 1.75%,1028000.0,97.42,100147760.0,,,,,
GRUPO AEROPORTUNARIO DEL PAC,0.13641477684097908,Reduce 5.89%,391300.0,253.16,99061508.0,,,,,
TORONTO DOMINION BK ONT,0.13632931853944388,Add 747.66%,815280.0,121.42999950937102,98999450.0,,,,,
WILLIAMS SONOMA INC,0.13478595191421244,Reduce 38.30%,419900.0,233.1,97878690.0,,,,,
GENMAB A/S,0.13307377009697996,Reduce 20.31%,3517850.0,27.470000142132267,96635340.0,,,,,
BROOKDALE SR LIVING INC,0.13191137855746718,Reduce 22.31%,5953464.0,16.090000040312663,95791236.0,,,,,
VERALTO CORP,0.13171722800448693,Reduce 22.52%,1078600.0,88.68,95650248.0,,,,,
CORVEL CORP,0.1316841342228231,Reduce 5.46%,1529530.0,62.52000026151824,95626216.0,,,,,
MICROCHIP TECHNOLOGY INC.,0.13136048249135382,"Add 3,588.66%",1045956.0,91.19999980878737,95391187.0,,,,,
THE CIGNA GROUP,0.1311621525264499,Add 57.81%,345499.0,275.6799990738034,95247164.0,,,,,
MCDONALDS CORP,0.13070558585630745,Reduce 35.31%,351136.0,270.3101220040098,94915615.0,,,,,
TARGET CORP,0.1305059118696449,Add 76.76%,725600.0,130.61,94770616.0,,,,,
OSCAR HEALTH INC,0.12899571063379395,Buy 100%,3284500.0,28.52,93673940.0,,,,,
DUKE ENERGY CORP NEW,0.12891074394677496,"Add 26,312.50%",739550.0,126.58,93612239.0,,,,,
XYLEM INC,0.12867573017487444,Reduce 0.16%,790471.0,118.21000011385617,93441577.0,,,,,
FORGENT POWER SOLUTIONS INC,0.12843868797669264,Buy 100%,1669700.0,55.86,93269442.0,,,,,
AUTODESK INC,0.12793971301343604,Add 67.27%,477868.0,194.42000092075637,92907097.0,,,,,
BEST BUY INC,0.12764765130158096,Reduce 15.72%,1221600.0,75.88,92695008.0,,,,,
EOG RES INC,0.12755430238049956,Add 754.08%,714000.0,129.73,92627220.0,,,,,
BATH &AMP; BODY WORKS INC,0.12740133314995014,Add 46.37%,3999833.0,23.12999992749697,92516137.0,,,,,
REGENERON PHARMACEUTICALS,0.12727217623932957,Add 121.88%,148222.0,623.5400008095964,92422346.0,,,,,
INNOVIVA INC,0.12623564903254295,Reduce 0.47%,4036532.0,22.710000069366476,91669642.0,,,,,
ALPHA METALLURGICAL RESOUR I,0.12508619370245716,Reduce 7.10%,550715.0,164.93999981841787,90834932.0,,,,,
CIENA CORP,0.1248215219422205,Add 88.93%,184774.0,490.5599976187126,90642733.0,,,,,
BAKER HUGHES COMPANY,0.1247403256768974,Add 29.69%,1632140.0,55.5,90583770.0,,,,,
VANGUARD MUN BD FDS,0.12371637113266862,Add 301.49%,1776200.0,50.58,89840196.0,,,,,
NATIONAL BEVERAGE CORP,0.12197645509594922,Reduce 3.63%,2838997.0,31.19999985910517,88576706.0,,,,,
BEL FUSE INC,0.12156382526825711,Reduce 3.13%,273294.0,323.0113467547769,88277063.0,,,,,
S&AMP;P GLOBAL INC,0.12083671913632715,Buy 100%,215462.0,407.25999944305727,87749054.0,,,,,
MONOLITHIC PWR SYS INC,0.1200529754317419,Buy 100%,63066.0,1382.360003805537,87179916.0,,,,,
VANGUARD SCOTTSDALE FDS,0.11939305110874386,Add 306.84%,1059014.0,81.86926046303448,86700693.0,,,,,
WINMARK CORP,0.11909276139483145,Reduce 0.71%,204412.0,423.0800001956832,86482629.0,,,,,
DILLARDS INC,0.11754742418032069,Add 13.62%,161539.0,528.4199976476269,85360438.0,,,,,
USA RARE EARTH INC,0.11741563844025622,Add 313.56%,3951100.0,21.58,85264738.0,,,,,
CORE SCIENTIFIC INC NEW,0.11697189230553696,Add 55.67%,3319363.0,25.589999948785355,84942499.0,,,,,
MADISON SQUARE GRDN SPRT COR,0.1166377266333635,Add 22.55%,210780.0,401.83999905114337,84699835.0,,,,,
GRACO INC,0.11542784678406887,Add 53.61%,1108600.0,75.61,83821246.0,,,,,
BRADY CORP,0.11538511212501536,Add 0.26%,915040.0,91.57000021856967,83790213.0,,,,,
MERCURY GENL CORP NEW,0.11476917835025514,Reduce 5.09%,781682.0,106.62000020468682,83342935.0,,,,,
PROGRESSIVE CORP,0.1128681380657171,Reduce 32.97%,375200.0,218.45,81962440.0,,,,,
NIO INC,0.11260988621269233,Add 11.82%,16161048.0,5.060000007425261,81774903.0,,,,,
FORTIVE CORP,0.11166791837281277,Add 17.61%,1327400.0,61.09,81090866.0,,,,,
CELESTICA INC,0.11140641249989489,Reduce 9.40%,221768.0,364.79999819631325,80900966.0,,,,,
COLGATE PALMOLIVE CO,0.1113439636856192,Reduce 61.21%,881933.0,91.67999950109589,80855617.0,,,,,
ULTA BEAUTY INC,0.11040701389419098,Buy 100%,177780.0,450.97999775002813,80175224.0,,,,,
VISTANCE NETWORKS INC,0.11040364006907961,Add 169.22%,6273300.0,12.78,80172774.0,,,,,
INTUITIVE MACHINES INC,0.10966893663382744,Add 92.51%,3723200.0,21.39,79639248.0,,,,,
LIBERTY GLOBAL LTD,0.10959367416948593,Add 1.40%,7074869.0,11.248914149505808,79584594.0,,,,,
DOW HLDGS INC,0.1090965816629343,Buy 100%,2895600.0,27.36,79223616.0,,,,,
SCORPIO TANKERS INC,0.10879680008839582,Reduce 3.75%,1140715.0,69.26000008766431,79005921.0,,,,,
IES HOLDINGS INC,0.10799879130041112,Add 29.63%,106752.0,734.6599970023981,78426424.0,,,,,
AMBEV SA,0.10771095031262394,Reduce 8.94%,24910000.0,3.14,78217400.0,,,,,
ELEVANCE HEALTH INC FORMERLY,0.10724216764143538,"Add 1,193.09%",201373.0,386.7299985598864,77876980.0,,,,,
ATMOS ENERGY CORP,0.10625446725790334,Add 168.53%,447900.0,172.27,77159733.0,,,,,
AGNICO EAGLE MINES LTD,0.10607361921536222,"Add 3,971.01%",496541.0,155.12999933540232,77028405.0,,,,,
LAS VEGAS SANDS CORP,0.10596882958447461,Add 14.65%,1665995.0,46.1899999699879,76952309.0,,,,,
JOHNSON CONTROLS INTERNATION,0.10574150951089946,Add 4.40%,525544.0,146.11000030444643,76787234.0,,,,,
SEA LTD,0.10551902158112668,Reduce 47.61%,799600.0,95.83,76625668.0,,,,,
LI AUTO INC,0.1053549407608533,Reduce 8.35%,6516739.0,11.740000021483137,76506516.0,,,,,
ASTERA LABS INC,0.10203447992324667,Add 18.55%,153400.0,483.02,74095268.0,,,,,
EMBRAER S.A.,0.10175616276177385,Reduce 13.44%,1158200.0,63.8,73893160.0,,,,,
PATTERSON-UTI ENERGY INC,0.10058726731368925,Add 92.75%,7956899.0,9.180000022621877,73044333.0,,,,,
MIDDLEBY CORP,0.09964413034012823,Add 104.93%,420670.0,172.01000071314806,72359447.0,,,,,
MOLINA HEALTHCARE INC,0.09922066433700696,"Add 1,315.96%",315050.0,228.7,72051935.0,,,,,
TE CONNECTIVITY PLC,0.09911440261671361,Reduce 33.46%,357000.0,201.61,71974770.0,,,,,
CHIPMOS TECHNOLOGIES INC,0.09784565571604724,Reduce 1.08%,1105890.0,64.25000045212454,71053433.0,,,,,
TRANSOCEAN LTD,0.09782409766212134,Add 363.43%,14527153.0,4.889999988297776,71037778.0,,,,,
QORVO INC,0.09737072304365568,Add 39.30%,758106.0,93.27000050124917,70708547.0,,,,,
TECHNIPFMC PLC,0.09716128837438522,Buy 100%,1064200.0,66.3,70556460.0,,,,,
EXELON CORP,0.0971411569665064,Buy 100%,1513124.0,46.62000007930612,70541841.0,,,,,
WATTS WATER TECHNOLOGIES INC,0.09699748985376402,Add 33.15%,179940.0,391.45,70437513.0,,,,,
SOLSTICE ADVANCED MATLS INC,0.09699678341609785,Add 57.71%,795000.0,88.6,70437000.0,,,,,
REGENCY CTRS CORP,0.09699257370860175,Add 60.69%,883295.0,79.73999966036261,70433943.0,,,,,
LUMEN TECHNOLOGIES INC,0.09699028639288339,Reduce 5.65%,9170870.0,7.680000043616364,70432282.0,,,,,
UNILEVER PLC,0.09664320654442646,Reduce 0.90%,1167336.0,60.11999972587156,70180240.0,,,,,
ROLLINS INC,0.09605108371252366,Reduce 13.71%,1671065.0,41.73999994015792,69750253.0,,,,,
AFLAC INC,0.09579518527464802,Reduce 11.14%,593300.0,117.25,69564425.0,,,,,
TRIMBLE INC,0.09558606733181657,Add 43.25%,1356244.0,51.18000005898644,69412568.0,,,,,
EXPEDITORS INTL WASH INC,0.09550073021257108,Add 95.45%,425516.0,162.98000075202813,69350598.0,,,,,
GARTNER INC,0.09532918291076553,Add 75.05%,534069.0,129.62000041193178,69226024.0,,,,,
EZCORP INC,0.0953185959852732,Reduce 7.19%,2002266.0,34.57000018978497,69218336.0,,,,,
MAPLEBEAR INC,0.09468021456841486,Reduce 7.34%,1452054.0,47.35000006886796,68754757.0,,,,,
SUPERNUS PHARMACEUTICALS,0.09467387315427696,Reduce 13.31%,1478180.0,46.51000013530152,68750152.0,,,,,
TELADOC HEALTH INC,0.09427114584755458,Reduce 0.16%,8072842.0,8.479999980180462,68457700.0,,,,,
VIPER ENERGY INC,0.0937403770581056,Add 101.37%,1605478.0,42.39999987542651,68072267.0,,,,,
CORE &AMP; MAIN INC,0.09358594950886519,Add 73.01%,1408500.0,48.25,67960125.0,,,,,
TAPESTRY INC,0.09342913824890321,Reduce 2.73%,463494.0,146.38000060410707,67846252.0,,,,,
WARRIOR MET COAL INC,0.09295126415184313,Add 2.58%,831681.0,81.16000004809537,67499230.0,,,,,
CATALYST PHARMACEUTICALS INC,0.09245230984465863,Reduce 9.01%,2136077.0,31.429999948503728,67136900.0,,,,,
VALE S A,0.09220935450156736,Reduce 68.32%,4452159.0,15.039999919140355,66960471.0,,,,,
AMERIPRISE FINL INC,0.09205792621399737,Add 0.50%,145720.0,458.7599986275048,66850507.0,,,,,
TUTOR PERINI CORP,0.09143648828455547,Reduce 3.58%,800280.0,82.97000049982506,66399232.0,,,,,
ZEBRA TECHNOLOGIES CORPORATI,0.0913247499510099,Reduce 12.63%,251911.0,263.26000055575184,66318090.0,,,,,
CAMECO CORP,0.0912025789239771,Reduce 5.02%,650200.0,101.86,66229372.0,,,,,
HERBALIFE LTD,0.09098914937036048,Reduce 8.64%,5024668.0,13.149999960196375,66074384.0,,,,,
FIVE BELOW INC,0.09068990209955391,"Add 21,447.06%",366300.0,179.79,65857077.0,,,,,
REX AMERICAN RES CORP,0.09067358104844374,Reduce 4.28%,1458366.0,45.150000068569895,65845225.0,,,,,
EQUINOR ASA,0.09047213890200853,"Add 3,861.01%",2092323.0,31.399999904412464,65698942.0,,,,,
AXSOME THERAPEUTICS INC.,0.08831123559082112,Add 59.46%,262000.0,244.77,64129740.0,,,,,
KE HLDGS INC,0.08809941996497206,Reduce 9.40%,4403023.0,14.52999995684783,63975924.0,,,,,
BRIDGEBIO PHARMA INC,0.08788179585164554,Add 134.26%,856846.0,74.47999990663433,63817890.0,,,,,
RALPH LAUREN CORP,0.08781308411630598,Add 138.09%,158860.0,401.4100025179403,63767993.0,,,,,
UNITED STS LIME &AMP; MINERALS I,0.08778167036184044,Reduce 0.89%,609011.0,104.66999939245761,63745181.0,,,,,
NATIONAL HEALTHCARE CORP,0.0872349784949373,Reduce 10.67%,299717.0,211.3599995996223,63348185.0,,,,,
UNITED AIRLS HLDGS INC,0.08722248157131049,Buy 100%,465763.0,135.98999920560456,63339110.0,,,,,
HINGE HEALTH INC,0.08678566072903414,Add 177.02%,759300.0,83.0,63021900.0,,,,,
WATSCO INC,0.08674573529578765,Reduce 30.15%,151160.0,416.73000132310136,62992907.0,,,,,
MANHATTAN ASSOCIATES INC,0.08605296230984814,Reduce 31.46%,448760.0,139.25,62489830.0,,,,,
ABBOTT LABORATORIES,0.08576518329027728,Reduce 44.59%,686366.0,90.74000023311179,62280851.0,,,,,
SCHWAB STRATEGIC TR,0.08496298407379711,Add 93.91%,2200474.0,28.038645764503467,61698311.0,,,,,
ALBEMARLE CORP,0.08481831996130755,Reduce 37.58%,456145.0,135.02999923270013,61593259.0,,,,,
LIBERTY MEDIA CORP DEL,0.08439668133203233,Reduce 43.39%,664901.0,92.17473578773381,61287074.0,,,,,
FIRSTSERVICE CORP NEW,0.0843135034608581,Reduce 12.15%,430840.0,142.1099990715811,61226672.0,,,,,
GAMESTOP CORP,0.08428616583795571,Add 4.59%,2772048.0,22.080000057719058,61206820.0,,,,,
RALLIANT CORP,0.08411647620556863,Add 123.56%,829602.0,73.6299996865967,61083595.0,,,,,
DNOW INC,0.08390605279897981,Add 5.38%,4697825.0,12.969999946783885,60930790.0,,,,,
SITIME CORP,0.08328504451583779,Add 531.78%,81120.0,745.5599975345168,60479827.0,,,,,
EXTREME NETWORKS INC,0.08302600084671548,Reduce 10.28%,1862580.0,32.370000214755876,60291715.0,,,,,
SPOTIFY TECHNOLOGY S A,0.08293703927535033,Reduce 33.79%,131176.0,459.1321049582241,60227113.0,,,,,
UNION PAC CORP,0.08281597679085412,Add 947.87%,221100.0,272.0,60139200.0,,,,,
ATOUR LIFESTYLE HLDGS LTD,0.08245926432743637,Reduce 12.60%,1883024.0,31.799999893787863,59880163.0,,,,,
ABERCROMBIE &AMP; FITCH CO,0.08234012010350349,Reduce 19.53%,664300.0,90.01,59793643.0,,,,,
VISHAY PRECISION GROUP INC,0.08168146130919009,Reduce 9.49%,395673.0,149.909998913244,59315339.0,,,,,
DOXIMITY INC,0.08150153452746509,Reduce 6.74%,2853649.0,20.739999908888585,59184680.0,,,,,
PTC THERAPEUTICS INC,0.0812691055187213,Add 35.66%,723500.0,81.57,59015895.0,,,,,
DIAMONDBACK ENERGY INC,0.08024342825807852,Buy 100%,331500.0,175.78,58271070.0,,,,,
SUNCOR ENERGY INC NEW,0.08022711822354013,Buy 100%,1085306.0,53.67999992628807,58259226.0,,,,,
BROWN &AMP; BROWN INC,0.07987624592024374,Reduce 42.55%,904200.0,64.15,58004430.0,,,,,
AMRIZE LTD,0.07963673187876609,Reduce 44.55%,1085000.0,53.3,57830500.0,,,,,
IDEXX LABS INC,0.07958741757220968,Add 126.34%,109784.0,526.4400003643518,57794689.0,,,,,
SOCIEDAD QUIMICA Y MINERA DE,0.07947491909521044,Add 55.13%,779484.0,74.03999953815601,57712995.0,,,,,
PINTEREST INC,0.0790177478906909,Reduce 54.44%,2728531.0,21.03000002565483,57381007.0,,,,,
CENOVUS ENERGY INC,0.07863087205370604,Add 61.25%,2301494.0,24.80999993916995,57100066.0,,,,,
WEYERHAEUSER CO,0.07861929225968094,Add 81.91%,2384781.0,23.9399999412944,57091657.0,,,,,
A10 NETWORKS INC,0.07821479817025738,Reduce 14.83%,1520287.0,37.35999978951343,56797922.0,,,,,
COMMERCE BANCSHARES INC,0.07782609220528355,Reduce 5.42%,978626.0,57.750000510920415,56515652.0,,,,,
LIQUIDITY SVCS INC,0.07757359100273434,Reduce 4.11%,1439987.0,39.11999969444169,56332291.0,,,,,
F N B CORP,0.0775552208692708,Reduce 18.90%,2951727.0,19.079999945794444,56318951.0,,,,,
ARAMARK,0.07750912890996361,Add 44.81%,989200.0,56.9,56285480.0,,,,,
CONSOLIDATED EDISON INC,0.077330533756354,Add 259.74%,507600.0,110.63,56155788.0,,,,,
MAXLINEAR INC,0.07696006159476777,Reduce 2.11%,436513.0,128.0299991065558,55886759.0,,,,,
EVEREST GROUP LTD,0.07666256458180469,Reduce 3.86%,155840.0,357.22999871663245,55670723.0,,,,,
MASCO CORP,0.07663257196510037,Reduce 39.70%,683900.0,81.37,55648943.0,,,,,
ENTERGY CORP NEW,0.07657030492425924,Reduce 13.82%,484100.0,114.86,55603726.0,,,,,
JAMES HARDIE INDS PLC,0.0764569967292333,Reduce 44.76%,2120758.0,26.17999979252701,55521444.0,,,,,
OCCIDENTAL PETE CORP,0.0764324793487097,Buy 100%,1142754.0,48.570068448677496,55503640.0,,,,,
IAMGOLD CORP,0.07626446285816357,Reduce 4.09%,3496315.0,15.840000114406168,55381630.0,,,,,
TOWER SEMICONDUCTOR LTD,0.07574968737681397,Reduce 23.18%,211049.0,260.639998294235,55007811.0,,,,,
VENTAS INC,0.07554225359239525,Reduce 23.79%,617761.0,88.8000003237498,54857177.0,,,,,
SNAP ON INC,0.0754619083572431,Add 20.49%,136180.0,402.4,54798832.0,,,,,
FISERV INC,0.07542972206568065,Add 67.12%,1116727.0,49.0499996865841,54775459.0,,,,,
FIGMA INC,0.07542620089392156,Add 377.19%,3027800.0,18.09,54772902.0,,,,,
EMCOR GROUP INC,0.07501365919880378,"Add 10,840.00%",65640.0,829.8799969530774,54473323.0,,,,,
GAMING &AMP; LEISURE P,0.07481958300768314,Reduce 0.10%,1220130.0,44.53000008195848,54332389.0,,,,,
RUSH STREET INTERACTIVE INC,0.07443408699631526,Reduce 20.46%,1817500.0,29.74,54052450.0,,,,,
TENCENT MUSIC ENTMT GROUP,0.07424432241597981,Reduce 1.73%,6456844.0,8.34999993805023,53914647.0,,,,,
TOAST INC,0.07413500221994263,Reduce 55.22%,1935128.0,27.820000020670467,53835261.0,,,,,
LATAM AIRLINES GROUP SA,0.07369421128060664,Reduce 27.53%,918400.0,58.27,53515168.0,,,,,
EVERCORE INC,0.07343384975408368,Reduce 10.17%,156180.0,341.4399987194263,53326099.0,,,,,
CIRRUS LOGIC INC,0.0731667708729104,Add 57.92%,357720.0,148.530001118193,53132152.0,,,,,
BRIGHTSPRING HEALTH SVCS INC,0.07306501906169449,Buy 100%,760801.0,69.74000034174509,53058262.0,,,,,
PAYPAL HLDGS INC,0.07256141300707072,Add 531.63%,1220300.0,43.18,52692554.0,,,,,
FIRST MAJESTIC SILVER CORP,0.07223331333474033,Add 5.85%,3092824.0,16.959999987066837,52454295.0,,,,,
STAR BULK CARRIERS CORP.,0.07219701510775642,Add 1.55%,2099637.0,24.97000005239001,52427936.0,,,,,
ADOBE INC,0.07198183254215337,Reduce 72.45%,254958.0,205.02072890436855,52271675.0,,,,,
AECOM,0.07178951074009064,Add 12.77%,746877.0,69.80000053556341,52132015.0,,,,,
GOLD FIELDS LTD,0.0714837609377837,Add 356.94%,1545400.0,33.59,51909986.0,,,,,
ACCENTURE PLC IRELAND,0.07137739318298686,Add 232.16%,416528.0,124.43999923174432,51832744.0,,,,,
MIRUM PHARMACEUTICALS INC,0.0712863054132658,Reduce 24.03%,442185.0,117.07000011307484,51766598.0,,,,,
HEALTHCARE RLTY TR,0.07114069112145917,Add 65.33%,2561272.0,20.16999990629656,51660856.0,,,,,
ITURAN LOCATION AND CONTROL,0.07084995966064798,Reduce 5.48%,843300.0,61.01,51449733.0,,,,,
KANZHUN LIMITED,0.07052773457522579,Reduce 30.17%,3979467.0,12.86999992712592,51215740.0,,,,,
IDT CORP,0.07040016955922923,Reduce 7.08%,879008.0,58.1599996814591,51123105.0,,,,,
MARQETA INC,0.0694364880563472,Add 7.25%,12419532.0,4.0600000064414665,50423300.0,,,,,
AMKOR TECHNOLOGY INC,0.06894327338306644,Buy 100%,580600.0,86.23,50065138.0,,,,,
HUBSPOT INC,0.06843697239956799,Add 60.42%,272300.0,182.51,49697473.0,,,,,
GRIFFON CORP,0.06832820027797748,Reduce 7.05%,508751.0,97.52999994103206,49618485.0,,,,,
AMEREN CORP,0.06821203465964293,Add 52.05%,438200.0,113.04,49534128.0,,,,,
COLLEGIUM PHARMACEUTICAL INC,0.0681224506519715,Reduce 7.00%,1366549.0,36.200000146354064,49469074.0,,,,,
FEDEX CORP,0.06809246354355307,Buy 100%,157913.0,313.1300019631063,49447298.0,,,,,
MARKEL GROUP INC,0.06804537871571312,Reduce 26.92%,25301.0,1953.0099996047586,49413106.0,,,,,
ITT INC,0.06786454995217264,Reduce 31.17%,249200.0,197.76,49281792.0,,,,,
ROYAL BK CDA,0.06783126062635948,Buy 100%,237994.0,206.96999924367842,49257618.0,,,,,
DATADOG INC,0.06779634084792108,Reduce 35.23%,189093.0,260.360034480388,49232260.0,,,,,
AMERICAN PUB ED INC,0.06733919993897397,Reduce 1.04%,910620.0,53.7,48900294.0,,,,,
SUNOCOCORP LLC,0.06718741361282073,Add 46.69%,721000.0,67.67,48790070.0,,,,,
PUBLIC SVC ENTERPRISE GROUP,0.06711375405967497,"Add 6,221.05%",600500.0,81.16,48736580.0,,,,,
FREEPORT MCMORAN INC,0.06655467681193442,Reduce 74.84%,768510.0,62.88869370600253,48330590.0,,,,,
BUCKLE INC,0.06623955328410379,Reduce 2.39%,1139852.0,42.19999964907725,48101754.0,,,,,
FIRST CTZNS BANCSHARES INC D,0.06615054489230852,Add 51.03%,23086.0,2080.790002598978,48037118.0,,,,,
EVERSOURCE ENERGY,0.06600030777156356,"Add 2,172.72%",663180.0,72.2700006031545,47928019.0,,,,,
TELEKOMUNIKASI IND,0.06590017815054405,Reduce 0.64%,3563314.0,13.429999994387247,47855307.0,,,,,
VERISK ANALYTICS INC,0.0658312433296257,Reduce 39.54%,266280.0,179.52999849782185,47805248.0,,,,,
GODADDY INC,0.06560801453539988,Add 1.45%,561300.0,84.88,47643144.0,,,,,
CROWN CASTLE INC,0.0653039695475778,Reduce 26.87%,626203.0,75.72999969658402,47422353.0,,,,,
SNAP INC,0.06514860696680651,Add 465.09%,10655300.0,4.44,47309532.0,,,,,
FORMFACTOR INC,0.06509443022087531,Buy 100%,295568.0,159.9299991880041,47270190.0,,,,,
CENTRUS ENERGY CORP,0.06483873972079225,Add 74.71%,280482.0,167.869998787801,47084513.0,,,,,
XPO INC,0.06477199582058907,Add 28.20%,229120.0,205.29000087290504,47036045.0,,,,,
ISHARES BITCOIN TRUST ETF,0.06436050483100597,Add 312.92%,1403942.0,33.289999871789576,46737229.0,,,,,
YUM BRANDS INC,0.06419242912638645,"Add 6,527.27%",291600.0,159.86,46615176.0,,,,,
PINNACLE WEST CAP CORP,0.06409579175862508,Reduce 24.49%,435000.0,107.0,46545000.0,,,,,
WALMART INC,0.06402813761417757,"Add 4,351.10%",410525.0,113.25953596005115,46495871.0,,,,,
ANGLOGOLD ASHANTI PLC,0.06400411047109872,Add 3.31%,574588.0,80.88999944307922,46478423.0,,,,,
ROYAL GOLD INC,0.0639694303030968,Add 179.11%,232720.0,199.60999914059815,46453239.0,,,,,
CAMDEN PPTY TR,0.06323779222894582,Reduce 14.07%,401100.0,114.49,45921939.0,,,,,
FUELCELL ENERGY INC,0.06310116745972164,Add 43.53%,1272500.0,36.01,45822725.0,,,,,
CARMAX INC,0.06295434547623226,Reduce 30.57%,864362.0,52.889999791753915,45716106.0,,,,,
CVS HEALTH CORP,0.0628262764520762,Add 67.59%,441016.0,103.44999954650172,45623105.0,,,,,
GRAB HOLDINGS LIMITED,0.06265277783999196,Reduce 9.36%,12068200.0,3.77,45497114.0,,,,,
TELEFONAKTIEBOLAGET LM ERICS,0.06260274332505462,Reduce 55.09%,4077200.0,11.15,45460780.0,,,,,
ATLANTA BRAVES HLDGS INC,0.06247003770124552,Add 32.01%,844529.0,53.71563557912162,45364412.0,,,,,
VALMONT INDS INC,0.06229545257976826,Add 55.52%,78320.0,577.6,45237632.0,,,,,
WILLIS LEASE FIN CORP,0.06228917588798965,Reduce 0.06%,197697.0,228.80000202329828,45233074.0,,,,,
AUTOLIV INC,0.06213405429472631,Add 83.38%,388400.0,116.17,45120428.0,,,,,
MOODYS CORP,0.06162187734724819,Reduce 11.85%,98800.0,452.92,44748496.0,,,,,
HOWMET AEROSPACE INC,0.06128129039079132,Reduce 61.46%,165518.0,268.8599971000133,44501169.0,,,,,
RTX CORPORATION,0.0611496134393733,Buy 100%,234046.0,189.730001794519,44405548.0,,,,,
DESCARTES SYS GROUP INC,0.0611034691513501,Reduce 19.78%,640844.0,69.24000068659456,44372039.0,,,,,
IONIS PHARMACEUTICALS INC,0.061081294169403826,Add 83.08%,559414.0,79.2899998927449,44355936.0,,,,,
SPHERE ENTERTAINMENT CO,0.06098282942779642,Reduce 54.29%,255935.0,173.0299998046379,44284433.0,,,,,
AMETEK INC,0.060620039947963784,Reduce 40.57%,181950.0,241.94,44020983.0,,,,,
PACIRA BIOSCIENCES INC,0.06057259708154058,Reduce 5.02%,1733801.0,25.36999978659604,43986531.0,,,,,
CF INDUSTRIES HOLD,0.0601453950835103,Add 62.95%,403439.0,108.25999965298348,43676306.0,,,,,
UNITY SOFTWARE INC,0.06010937364789268,Reduce 38.55%,1527297.0,28.57999982976461,43650148.0,,,,,
COMPANHIA DE SANEAMENTO BASI,0.060074043502155026,Add 336.10%,7547490.0,5.779999973501124,43624492.0,,,,,
HARMONY BIOSCIENCES HLDGS IN,0.05993491246284809,Add 10.95%,1195371.0,36.40999990797836,43523458.0,,,,,
VODAFONE GROUP PLC,0.05973537067504704,Reduce 16.04%,3280042.0,13.224999862806635,43378555.0,,,,,
SYMBOTIC INC,0.05942957818352442,Add 34.32%,960100.0,44.95,43156495.0,,,,,
LULULEMON ATHLETICA INC,0.05940993150480447,Buy 100%,377844.0,114.18000021172759,43142228.0,,,,,
GOLAR LNG LTD,0.0592917085416877,Add 128.73%,863892.0,49.83999967588541,43056377.0,,,,,
SOLAREDGE TECHNOLOGIES INC,0.059273835531026296,Add 54.53%,736540.0,58.440000543079805,43043398.0,,,,,
WD 40 CO,0.059075205364541056,Reduce 13.47%,176076.0,243.64000204457167,42899157.0,,,,,
MILLICOM INTL CELLULAR S A,0.05900347784267337,Reduce 14.13%,472092.0,90.7600001694585,42847070.0,,,,,
LPL FINL HLDGS INC,0.05882792739409282,Add 25.82%,151660.0,281.6800013187393,42719589.0,,,,,
EQUINOX GOLD CORP,0.05881829753327495,Add 382.48%,4394300.0,9.72,42712596.0,,,,,
VISA INC,0.05825440466658971,Reduce 81.78%,123291.0,343.11595331370495,42303109.0,,,,,
TFS FINL CORP,0.058183210071382475,Reduce 6.48%,2384391.0,17.720000201309265,42251409.0,,,,,
HIMAX TECHNOLOGIES INC,0.05808882421548114,Add 324.71%,2749861.0,15.340000094550234,42182868.0,,,,,
GENTEX CORP,0.058052827567150043,Add 10.50%,1668252.0,25.269999976022806,42156728.0,,,,,
IDEX CORP,0.05791895005551654,Add 119.25%,185325.0,226.95000134898152,42059509.0,,,,,
CLOUDFLARE INC,0.05789345082303196,Buy 100%,171400.0,245.28,42040992.0,,,,,
KINDER MORGAN INC DEL,0.057850181860246534,Buy 100%,1314031.0,31.969999946728805,42009571.0,,,,,
OPENDOOR TECHNOLOGIES INC,0.05744866637642129,Reduce 23.55%,9029870.0,4.619999955702574,41717999.0,,,,,
OIL DRI CORP AMER,0.057382842359962764,Reduce 3.48%,407692.0,102.20999921509375,41670199.0,,,,,
SPDR GOLD TR,0.05734356277323759,Add 36.10%,113040.0,368.3799982307148,41641675.0,,,,,
DOMINOS PIZZA INC,0.057141226907415736,Reduce 60.09%,140166.0,296.0400025683832,41494743.0,,,,,
ELDORADO GOLD CORP NEW,0.05703298358127125,Reduce 24.79%,1332137.0,31.08999975227773,41416139.0,,,,,
HELLO GROUP INC,0.05683327929903627,Reduce 4.91%,7115710.0,5.8,41271118.0,,,,,
TAKEDA PHARMACEUTICAL CO LTD,0.056687202311214345,Reduce 14.09%,2568000.0,16.03,41165040.0,,,,,
PLDT INC,0.056310187683055,Add 0.30%,2333976.0,17.52000020565764,40891260.0,,,,,
RUBRIK INC.,0.056291504954366876,Add 34.89%,509189.0,80.28000015711258,40877693.0,,,,,
BANDWIDTH INC,0.05613659405303905,Reduce 0.15%,644000.0,63.3,40765200.0,,,,,
BANK OZK LITTLE ROCK ARK,0.05608676472175136,Reduce 14.91%,781897.0,52.090000345314024,40729015.0,,,,,
DTE ENERGY CO,0.05587623252651609,Add 51.05%,266300.0,152.37,40576131.0,,,,,
ENVISTA HOLDINGS CORPORATION,0.05517496851786774,Add 25.86%,1520565.0,26.35000016441257,40066888.0,,,,,
RINGCENTRAL INC,0.055040653097505485,Reduce 15.45%,1025381.0,38.979999629406045,39969351.0,,,,,
T1 ENERGY INC,0.05499796112766768,Reduce 64.47%,4212906.0,9.480000028483902,39938349.0,,,,,
DOLLAR GEN CORP,0.05492597609343435,Reduce 50.79%,346504.0,115.10999873017339,39886075.0,,,,,
HSBC HLDGS PLC,0.05488223479513332,Reduce 20.03%,419122.0,95.0900000477188,39854311.0,,,,,
AFFILIATED MANAGERS GROUP,0.054727155891085684,Add 7.01%,117440.0,338.4,39741696.0,,,,,
RADWARE LTD,0.05428212907989559,Reduce 7.99%,1277334.0,30.859999812108658,39418527.0,,,,,
MYERS INDS INC,0.05387101403082489,Reduce 12.46%,1107901.0,35.309999720191605,39119984.0,,,,,
QUALYS INC,0.0537896635334967,Reduce 42.91%,284100.0,137.49,39060909.0,,,,,
SOUTHWEST GAS HLDGS INC,0.05359789669123801,Reduce 4.38%,438900.0,88.68,38921652.0,,,,,
UIPATH INC,0.053197500766521154,Buy 100%,3553900.0,10.87,38630893.0,,,,,
COGENT BIOSCIENCES INC,0.05308844909942142,Add 41.05%,996168.0,38.700000401538695,38551702.0,,,,,
NVR INC,0.05301134411344765,Reduce 20.20%,5650.0,6813.4,38495710.0,,,,,
COCA COLA CONS INC,0.052837119784696594,Reduce 47.43%,200970.0,190.91999800965317,38369192.0,,,,,
PROTO LABS INC,0.05267112345800286,Reduce 9.80%,469251.0,81.50999997868945,38248649.0,,,,,
ARROWHEAD PHARMACEUTICALS IN,0.05263408298949446,Reduce 54.76%,468921.0,81.51000061844105,38221751.0,,,,,
INVESCO EXCH TRADED FD TR II,0.052442882123611596,Add 444.42%,526295.0,72.36037773492053,38082905.0,,,,,
CREDIT ACCEP CORP MICH,0.05240500990393288,Reduce 5.83%,59766.0,636.7400026771074,38055403.0,,,,,
BLUE OWL CAPITAL INC,0.0520930646570643,Reduce 28.72%,4323300.0,8.75,37828875.0,,,,,
WILLIS TOWERS WATSON PLC LTD,0.052059577032958895,Add 39.88%,144640.0,261.37000138274334,37804557.0,,,,,
NU HLDGS LTD,0.05202965464689975,Reduce 82.62%,2828056.0,13.359999943424034,37782828.0,,,,,
IRADIMED CORP,0.0519018390038949,Reduce 10.51%,394412.0,95.56000070991755,37690011.0,,,,,
H WORLD GROUP LTD,0.0518088302194676,Reduce 35.23%,901785.0,41.71999977821765,37622470.0,,,,,
VERSANT MEDIA GROUP INC,0.05173551906540477,Add 244.44%,1043300.0,36.01,37569233.0,,,,,
HALOZYME THERAPEUTICS INC,0.051694096755466025,Reduce 34.46%,479611.0,78.2700000625507,37539153.0,,,,,
COGNEX CORP,0.051614773307347594,Reduce 40.38%,517558.0,72.41999930442579,37481550.0,,,,,
MARZETTI COMPANY,0.05149769882184017,Reduce 11.65%,327580.0,114.16000061053788,37396533.0,,,,,
TG THERAPEUTICS INC,0.05139332919775212,Add 99.27%,679300.0,54.94,37320742.0,,,,,
MORNINGSTAR INC,0.05129989902945376,Reduce 46.81%,238770.0,156.01999832474766,37252895.0,,,,,
JETBLUE AIRWAYS CORP,0.05108608802703883,Add 188.23%,6474281.0,5.72999997992055,37097630.0,,,,,
WASTE MGMT INC DEL,0.051071769237851894,Add 523.22%,166400.0,222.88,37087232.0,,,,,
TIM S A,0.05100817194596686,Reduce 3.20%,1729274.0,21.41999995373781,37041049.0,,,,,
TEEKAY CORPORATION LTD,0.05079982240901793,Reduce 9.47%,3688975.0,10.0,36889750.0,,,,,
ADVANCED ENERGY INDS,0.05060849622963092,"Add 4,144.70%",98562.0,372.87000060875386,36750813.0,,,,,
FIDELITY NATL INFORMATION SV,0.05060341208174881,Reduce 46.56%,945142.0,38.88000004232168,36747121.0,,,,,
TXNM ENERGY INC,0.05047625605598002,Buy 100%,645558.0,56.7799996282286,36654783.0,,,,,
GENERAL MTRS CO,0.05019581407322279,Reduce 48.22%,472900.0,77.08,36451132.0,,,,,
ALLIANT ENERGY CORP,0.05016461376483575,Reduce 32.81%,477500.0,76.29,36428475.0,,,,,
RUSH ENTERPRISES INC,0.05008713696956398,Reduce 6.26%,482447.0,75.3911061733206,36372213.0,,,,,
PINNACLE FINL PARTNERS INC,0.04998304551391371,Add 90.57%,359800.0,100.88,36296624.0,,,,,
OUSTER INC,0.049581827477526846,Add 334.31%,575900.0,62.52,36005268.0,,,,,
EQUITABLE HLDGS INC,0.04954319236025153,Buy 100%,819900.0,43.88,35977212.0,,,,,
TENABLE HLDGS INC,0.04930343320005149,Reduce 22.96%,970800.0,36.88,35803104.0,,,,,
POET TECHNOLOGIES INC,0.04911526464555443,Buy 100%,3469500.0,10.28,35666460.0,,,,,
CRANE COMPANY,0.049026460060337326,Reduce 1.05%,159600.0,223.07,35601972.0,,,,,
BANCO DE CHILE,0.048939412618321076,Reduce 26.00%,893832.0,39.75999964199089,35538760.0,,,,,
NISOURCE INC,0.04893301612132422,"Add 8,203.33%",747300.0,47.55,35534115.0,,,,,
AMN HEALTHCARE SVCS INC,0.04887830507166109,Reduce 20.33%,1096521.0,32.3700002097543,35494385.0,,,,,
LAUDER ESTEE COS INC,0.048847802938511375,"Add 1,344.69%",449300.0,78.95,35472235.0,,,,,
CAREDX INC,0.04878183708369102,Add 4.94%,1242959.0,28.500000402265883,35424332.0,,,,,
INMODE LTD,0.04814389082141847,Reduce 7.54%,2391318.0,14.619999933091291,34961069.0,,,,,
SANMINA CORP,0.0481057776142318,Buy 100%,138033.0,253.080002608072,34933392.0,,,,,
SIBANYE STILLWATER LTD,0.04790042458481035,Add 124.26%,4097087.0,8.490000090308065,34784269.0,,,,,
JACOBS SOLUTIONS INC,0.04787168648021886,Reduce 29.26%,275900.0,126.0,34763400.0,,,,,
NUVALENT INC,0.04777219306622035,Add 215.62%,280900.0,123.5,34691150.0,,,,,
MYR GROUP INC,0.04771235380238795,Add 4.43%,69240.0,500.4,34647696.0,,,,,
MOBILEYE GLOBAL INC,0.04746092946973142,Add 3.87%,3560446.0,9.679999921358167,34465117.0,,,,,
HUT 8 CORP,0.04731364754436972,Reduce 38.23%,297615.0,115.44500109201485,34358164.0,,,,,
TRANSDIGM GROUP INC,0.04699513228949856,Add 29.52%,25620.0,1332.0400078064013,34126865.0,,,,,
NORTHERN TR CORP,0.04699179839945994,"Add 1,089.83%",196298.0,173.83999836982548,34124444.0,,,,,
VALERO ENERGY CORP,0.04697812545679432,Buy 100%,130988.0,260.4400021376004,34114515.0,,,,,
VANGUARD BD INDEX FDS,0.04674394756727852,Add 824.79%,454997.0,74.60370068374077,33944460.0,,,,,
PROSHARES TR,0.046703851377169245,Add 194.27%,1579682.0,21.46972808451321,33915343.0,,,,,
SATELLOGIC INC,0.04670111238200741,Add 399.02%,5928908.0,5.72000004047963,33913354.0,,,,,
GARMIN LTD,0.046561429137039395,Add 154.90%,142342.0,237.54000224810667,33811919.0,,,,,
STONEX GROUP INC,0.046371051759897995,"Add 3,423.01%",284166.0,118.5,33673671.0,,,,,
IRONWOOD PHARMACEUTICALS INC,0.04634049454388932,Reduce 0.84%,7993226.0,4.209999942451271,33651481.0,,,,,
BROOKFIELD RENEWABLE CORP,0.04626564382391854,Reduce 20.93%,905095.0,37.119999558057444,33597126.0,,,,,
EAST WEST BANCORP INC,0.04626062026718128,Reduce 1.18%,260233.0,129.0900001152813,33593478.0,,,,,
MANULIFE FINL CORP,0.046224926574574485,Reduce 26.37%,828624.0,40.5099997103632,33567558.0,,,,,
SEMTECH CORP,0.04616181125770537,Buy 100%,207116.0,161.85000193128488,33521725.0,,,,,
GRAND CANYON ED INC,0.0461154053261021,Add 8.79%,234002.0,143.1099990598371,33488026.0,,,,,
IRIDIUM COMMUNICATIONS INC,0.046059563700758796,Add 376.03%,609799.0,54.849999754017304,33447475.0,,,,,
SEMPRA,0.04604995449601303,Buy 100%,360700.0,92.71,33440497.0,,,,,
AURORA INNOVATION INC,0.045991738799448505,Buy 100%,4897100.0,6.82,33398222.0,,,,,
SMITH &AMP; WESSON BRANDS INC,0.045953372211110614,Add 3.20%,2218774.0,15.040000018027975,33370361.0,,,,,
SALESFORCE INC,0.045865114323268695,Buy 100%,212601.0,156.66092821764715,33306270.0,,,,,
ICHOR HOLDINGS,0.045828652224779394,"Add 1,775.95%",296400.0,112.28,33279792.0,,,,,
MAGNOLIA OIL &AMP; GAS CORP,0.04568400601421898,Reduce 23.79%,1296902.0,25.579999876629074,33174753.0,,,,,
VENTURE GLOBAL INC,0.04542926431638152,Add 44.81%,2964040.0,11.129999932524527,32989765.0,,,,,
VICTORIAS SECRET AND CO,0.04529342310082605,Buy 100%,394000.0,83.48,32891120.0,,,,,
NOKIA CORP,0.04510394632842866,Reduce 81.45%,2466380.0,13.27999983781899,32753526.0,,,,,
FRESHWORKS INC,0.04508702212001286,Reduce 29.30%,3235300.0,10.12,32741236.0,,,,,
BALCHEM CORP,0.044972448396302274,Add 9.21%,193300.0,168.95,32658035.0,,,,,
COLLIERS INTL GROUP INC,0.044971956781786046,Reduce 28.22%,348200.0,93.79,32657678.0,,,,,
POWELL INDS INC,0.0449553424144519,Add 228.59%,114002.0,286.3600024560973,32645613.0,,,,,
PEDIATRIX MEDICAL GROUP INC,0.044902595068710735,Reduce 15.99%,1287300.0,25.33,32607309.0,,,,,
WW GRAINGER INC,0.04486716439675547,Add 24.48%,23950.0,1360.4,32581580.0,,,,,
ACADIA PHARMACEUTICALS INC,0.04468552729225973,Reduce 25.61%,1282596.0,25.30000015593375,32449679.0,,,,,
CAPITOL FED FINL INC,0.04451412320588748,Reduce 8.88%,3798497.0,8.50999987626685,32325209.0,,,,,
WEC ENERGY GROUP INC,0.04431263561609363,Add 115.67%,275575.0,116.77000090719405,32178893.0,,,,,
WARNER MUSIC GROUP CORP,0.044233273609973936,Reduce 22.03%,1186600.0,27.07,32121262.0,,,,,
HARTFORD INSURANCE GROUP INC,0.044198959742984115,Add 118.99%,242200.0,132.52,32096344.0,,,,,
HEICO CORP NEW,0.04400655118541852,Reduce 66.71%,106711.0,299.4688551320857,31956621.0,,,,,
ASCENDIS PHARMA A/S,0.043964544997174775,Add 2.02%,119699.0,266.71999766079915,31926117.0,,,,,
PLUG PWR INC,0.043960607949830525,Reduce 57.53%,11779800.0,2.71,31923258.0,,,,,
ENTRAVISION COMMUNICATIONS C,0.04382970904379534,Add 9.92%,2440813.0,13.040000196655786,31828202.0,,,,,
NATIONAL BK HLDGS CORP,0.04377376551516296,Reduce 9.90%,715453.0,44.43000029352033,31787577.0,,,,,
INVITATION HOMES INC,0.04373476960516144,Reduce 6.00%,1051283.0,30.20999959097598,31759259.0,,,,,
HAMILTON LANE INC,0.043577159643744534,Add 154.99%,401431.0,78.8300006725938,31644806.0,,,,,
HUDBAY MINERALS INC,0.04328114160554456,Reduce 24.17%,1331209.0,23.609999631913546,31429844.0,,,,,
CELLEBRITE DI LTD,0.04323107817210628,Reduce 24.83%,2150239.0,14.599999813974167,31393489.0,,,,,
CARLYLE GROUP INC,0.043184020885695805,Add 444.77%,744700.0,42.11,31359317.0,,,,,
PENTAIR PLC,0.043162259025191746,Add 24.02%,408864.0,76.65999941300775,31343514.0,,,,,
EQUITY RESIDENTIAL,0.04316141625744964,Reduce 22.51%,461400.0,67.93,31342902.0,,,,,
ELI LILLY &AMP; CO,0.043095040035330025,Reduce 63.66%,26091.0,1199.444291134874,31294701.0,,,,,
TREKOR METALS LTD,0.043046926535098964,Buy 100%,4543570.0,6.8800000880365,31259762.0,,,,,
AVIS BUDGET GROUP INC,0.04294524220038527,Buy 100%,210958.0,147.8299993363608,31185921.0,,,,,
EXLSERVICE HLDGS INC,0.042807923387138166,Add 75.67%,1202096.0,25.86000036602734,31086203.0,,,,,
BOEING CO,0.04256314755555825,Reduce 84.67%,142784.0,216.4699966382788,30908452.0,,,,,
ITRON INC,0.042558588071907745,Reduce 22.65%,357161.0,86.52999907604693,30905141.0,,,,,
SILVERCORP METALS INC,0.042523609079395966,Add 8.71%,3057400.0,10.1,30879740.0,,,,,
PTC INC,0.04249157288862418,Reduce 30.20%,271600.0,113.61,30856476.0,,,,,
INSULET CORP,0.042368546700206004,Reduce 52.56%,202083.0,152.25000123711544,30767137.0,,,,,
10X GENOMICS INC,0.042345188813863545,Reduce 20.49%,802039.0,38.339999675826235,30750175.0,,,,,
MONSTER BEVERAGE CORP NEW,0.04193295007447005,Reduce 69.58%,316800.0,96.12,30450816.0,,,,,
JONES LANG LASALLE INC,0.0418325257601551,Add 63.76%,98009.0,309.95000459141505,30377890.0,,,,,
CSX CORP,0.04154906110551237,Add 26.05%,634800.0,47.53,30172044.0,,,,,
DRAFTKINGS INC NEW,0.0415370819607598,Add 46.19%,1194115.0,25.26000008374403,30163345.0,,,,,
ISHARES INC,0.041482877673399116,Reduce 51.84%,476277.0,63.248871979961244,30123983.0,,,,,
TRADEWEB MKTS INC,0.04146235517722168,Reduce 26.10%,302118.0,99.6600003971958,30109080.0,,,,,
APPFOLIO INC,0.0410359642742896,Reduce 18.23%,185840.0,160.35,29799444.0,,,,,
ANHEUSER BUSCH INBEV SA NV,0.04092592800108593,Reduce 55.52%,360674.0,82.40000110903475,29719538.0,,,,,
DICKS SPORTING GOODS INC,0.04086541397223126,Add 92.58%,130839.0,226.81000313362225,29675594.0,,,,,
NOVOCURE LTD,0.04072200299478305,Add 25.80%,1951911.0,15.150000179311455,29571452.0,,,,,
ALCOA CORP,0.04061725880725407,Reduce 5.51%,565696.0,52.13999922219708,29495389.0,,,,,
AVALONBAY CMNTYS INC,0.040590586309873625,Add 22.22%,156214.0,188.69000217650148,29476020.0,,,,,
LENNAR CORP,0.040539390923683694,Reduce 13.74%,325391.0,90.47221035615613,29438843.0,,,,,
PAR PAC HOLDINGS INC,0.04046373186275765,Add 1.98%,523964.0,56.079999770976634,29383901.0,,,,,
PARK AEROSPACE CORP,0.04028977468587257,Reduce 10.75%,766708.0,38.1599996348023,29257577.0,,,,,
DIREXION SHARES ETF TRUST,0.040250143945921524,Reduce 84.39%,397568.0,73.51899046200901,29228798.0,,,,,
ACM RESH INC,0.04015447052819196,Add 87.44%,229800.0,126.89,29159322.0,,,,,
BAYTEX ENERGY CORP,0.04011078706689285,Add 33.08%,7281900.0,4.0,29127600.0,,,,,
DENISON MINES CORP,0.040025202074782024,Add 0.45%,9498513.0,3.0600000231615203,29065450.0,,,,,
BEONE MEDICINES LTD,0.04001940598094784,Add 55.80%,101980.0,284.9700039223377,29061241.0,,,,,
V F CORP,0.039849876088851745,Add 73.63%,1734900.0,16.68,28938132.0,,,,,
FRONTLINE PLC,0.03983758572594605,Reduce 10.38%,831538.0,34.789999975948184,28929207.0,,,,,
LEGEND BIOTECH CORP,0.039777778134757545,Add 91.68%,1000200.0,28.88,28885776.0,,,,,
J P MORGAN EXCHANGE TRADED F,0.039730266414760636,Add 206.38%,520675.0,55.4112911124982,28851274.0,,,,,
KIMCO REALTY CORP,0.039640156365786154,Reduce 8.09%,1135536.0,25.350000352256554,28785838.0,,,,,
ISHARES SILVER TR,0.039606659102180426,Add 392.86%,537900.0,53.47,28761513.0,,,,,
STRYKER CORPORATION,0.03958377079721061,Reduce 76.69%,91300.0,314.84,28744892.0,,,,,
MARAVAI LIFESCIENCES HLDGS I,0.03958323649347868,Add 8.01%,4606491.0,6.240000034733597,28744504.0,,,,,
HUNTINGTON INGALLS INDS INC,0.039174956834573026,Buy 100%,101640.0,279.8900039354585,28448020.0,,,,,
YUM CHINA HLDGS INC,0.039109605153630086,Add 29.24%,694900.0,40.87,28400563.0,,,,,
PHILLIPS EDISON &AMP; CO INC,0.039053679526926864,Add 73.38%,681402.0,41.61999964778501,28359951.0,,,,,
FIRSTCASH HOLDINGS INC,0.03897597689193337,Reduce 23.77%,130841.0,216.3199990828563,28303525.0,,,,,
INVESCO EXCHANGE TRADED FD T,0.03891677108097902,Add 48.06%,222580.0,126.9679710665828,28260531.0,,,,,
ALLEGIANT TRAVEL CO,0.03888444157398327,Add 163.86%,240111.0,117.60000166589619,28237054.0,,,,,
HARMONIC INC,0.03877818536197581,Add 63.77%,1724427.0,16.33000005219125,28159893.0,,,,,
NOMAD FOODS LTD,0.038719186111742555,Reduce 15.09%,2567767.0,10.950000136305203,28117049.0,,,,,
SHARPLINK INC,0.03857166182180143,Add 221.95%,5835400.0,4.8,28009920.0,,,,,
IMMUNOVANT INC,0.038562964238371474,Add 277.56%,726800.0,38.53,28003604.0,,,,,
GERDAU SA,0.038399061060318256,Reduce 36.89%,6902124.0,4.040000005795317,27884581.0,,,,,
NEWS CORP NEW,0.038302645401064206,Buy 100%,1120200.0,24.83,27814566.0,,,,,
SELECTIVE INS GROUP INC,0.038286007623515,Add 154.76%,286594.0,97.0100002093554,27802484.0,,,,,
ARLO TECHNOLOGIES INC,0.038051190772835246,Add 0.02%,2049849.0,13.48000023416359,27631965.0,,,,,
CENTURI HOLDINGS INC,0.0380488814239733,Reduce 2.20%,913700.0,30.24,27630288.0,,,,,
TEEKAY TANKERS LTD,0.03804805793523183,Reduce 23.67%,425924.0,64.8700002817404,27629690.0,,,,,
PELOTON INTERACTIVE INC,0.037782951020409364,Add 751.99%,4642500.0,5.91,27437175.0,,,,,
CBRE GROUP INC,0.037522150208086184,Buy 100%,202300.0,134.69,27247787.0,,,,,
TEXAS ROADHOUSE INC,0.03750639788749478,Buy 100%,140953.0,193.22999865203295,27236348.0,,,,,
RANGE RES CORP,0.037410845652054936,Buy 100%,730491.0,37.18999960300675,27166960.0,,,,,
GEOPARK LTD,0.03701106803242992,Reduce 10.74%,2953478.0,9.100000067716774,26876650.0,,,,,
AMPHENOL CORP,0.03690639682968906,Reduce 73.52%,152000.0,176.32,26800640.0,,,,,
SPIRE INC,0.03688468041254365,Add 755.36%,343000.0,78.09,26784870.0,,,,,
JACKSON FINANCIAL INC,0.03670187004315203,Add 153.95%,260300.0,102.39,26652117.0,,,,,
SKYWEST INC,0.036269232744013766,Reduce 16.24%,265156.0,99.3299981897449,26337945.0,,,,,
AURINIA PHARMACEUTICALS INC,0.03617587969171794,Reduce 6.96%,1548035.0,16.970000032299012,26270154.0,,,,,
ENNIS INC,0.03603844658153849,Reduce 5.82%,1231546.0,21.250000405993767,26170353.0,,,,,
STIFEL FINL CORP,0.03601234832296272,Add 271.76%,374823.0,69.77000077369851,26151401.0,,,,,
CAVCO INDS INC DEL,0.03567687856410332,Add 11.18%,42169.0,614.3799947828974,25907790.0,,,,,
CRA INTL INC,0.03562013220280159,Reduce 19.02%,181775.0,142.29999724934672,25866582.0,,,,,
BIOMARIN PHARMACEUTICAL INC,0.03560564127968039,Reduce 55.91%,451871.0,57.22000084094797,25856059.0,,,,,
SLM CORP,0.035585493346943886,Reduce 17.05%,996200.0,25.94,25841428.0,,,,,
DIGITAL TURBINE INC,0.03558173669596274,Add 608.27%,2003000.0,12.9,25838700.0,,,,,
STURM RUGER &AMP; CO INC,0.03556690839033041,Reduce 3.91%,682376.0,37.850000586187086,25827932.0,,,,,
GRAHAM CORP,0.035417728860477504,Reduce 16.01%,207768.0,123.790001347657,25719601.0,,,,,
ATLASSIAN CORPORATION,0.03535928043883386,Reduce 33.35%,330083.0,77.79000130270265,25677157.0,,,,,
MERCANTILE BK CORP,0.03531433420299307,Reduce 5.42%,446613.0,57.4199989700255,25644518.0,,,,,
RIOT PLATFORMS INC,0.03494234588571393,Buy 100%,926749.0,27.38000041003551,25374388.0,,,,,
BIOCRYST PHARMACEUTICALS INC,0.03484390180017863,Add 225.65%,2530290.0,10.0,25302900.0,,,,,
WORKDAY INC,0.03477827883615531,Reduce 64.55%,206300.0,122.42,25255246.0,,,,,
CALLAWAY GOLF CO,0.03464426912566029,Add 44.68%,1338900.0,18.79,25157931.0,,,,,
LEVI STRAUSS &AMP; CO NEW,0.03456880423181209,Buy 100%,1011000.0,24.83,25103130.0,,,,,
PENUMBRA INC,0.03456742027498069,"Add 3,580.56%",79500.0,315.75,25102125.0,,,,,
ERASCA INC,0.03453499437298176,Reduce 2.14%,1368918.0,18.320000175320946,25078578.0,,,,,
SEI INVTS CO,0.03439004245255412,Reduce 28.79%,284726.0,87.70999838441168,24973317.0,,,,,
BIGLARI HLDGS INC,0.03437286761713004,Add 26.14%,34692.0,719.4985875706215,24960845.0,,,,,
CONAGRA BRANDS INC,0.034334589161366495,Buy 100%,1852381.0,13.459999859640106,24933048.0,,,,,
SMITH A O CORP,0.034331957577779626,Reduce 46.60%,397499.0,62.71999929559571,24931137.0,,,,,
OMNICELL COM,0.034090793804676084,Add 23.43%,596243.0,41.519999396219326,24756009.0,,,,,
RELIANCE INC,0.034084924726053775,Buy 100%,66252.0,373.5999969812232,24751747.0,,,,,
STITCH FIX INC,0.03397928544206667,Add 6.34%,6003658.0,4.109999936705256,24675034.0,,,,,
MADRIGAL PHARMACEUTICALS INC,0.033970366150129404,Reduce 36.08%,45942.0,536.9500021766576,24668557.0,,,,,
ADTRAN HOLDINGS INC,0.03395167791315537,Add 774.20%,1773740.0,13.9,24654986.0,,,,,
PRIMERICA INC,0.0339468884585687,Add 64.22%,86740.0,284.2,24651508.0,,,,,
AT&AMP;T INC,0.03394266635742933,Buy 100%,1190746.0,20.699999832038067,24648442.0,,,,,
UDR INC,0.03387956068006053,Reduce 50.82%,616298.0,39.919999740385336,24602616.0,,,,,
FLEX LNG LTD,0.03382615784829773,Reduce 25.23%,875404.0,28.059999725840868,24563836.0,,,,,
CLEAN HARBORS INC,0.03381791194431125,Buy 100%,82202.0,298.75000608257704,24557848.0,,,,,
STMICROELECTRONICS N V,0.03378821815211679,Buy 100%,332974.0,73.68829097767393,24536285.0,,,,,
STERIS PLC,0.03361128512377633,Buy 100%,115913.0,210.5699964628644,24407800.0,,,,,
APPLIED INDL TECHNOLOGIES IN,0.03357850669148004,Buy 100%,72110.0,338.15000693385105,24383997.0,,,,,
DUOLINGO INC,0.03350376476015571,Reduce 64.97%,211526.0,115.02000226922459,24329721.0,,,,,
ENERSYS,0.03342223524353589,Add 74.75%,103800.0,233.82,24270516.0,,,,,
LEGALZOOM COM INC,0.03330567440568828,Reduce 1.70%,3945493.0,6.129999977189162,24185872.0,,,,,
SUMITOMO MITSUI FIN GRP INC,0.03323676024084203,Reduce 41.49%,1023572.0,23.580000234473,24135828.0,,,,,
SUNRUN INC,0.033166218377513476,Reduce 12.84%,1800045.0,13.379999944445833,24084602.0,,,,,
WOLFSPEED INC,0.033148761242437236,Buy 100%,498900.0,48.25,24071925.0,,,,,
AUTOMATIC DATA PROCESSING IN,0.0329859459508485,Reduce 83.46%,106960.0,223.95,23953692.0,,,,,
PLANET LABS PBC,0.03293844387035191,Reduce 29.30%,721980.0,33.12999944596803,23919197.0,,,,,
OR ROYALTIES INC.,0.032854958912238975,Reduce 3.70%,754302.0,31.629999655310474,23858572.0,,,,,
AGCO CORP,0.03275280499615264,Reduce 28.19%,198700.0,119.7,23784390.0,,,,,
ALIGNMENT HEALTHCARE INC,0.03273561088172793,Reduce 65.61%,998400.0,23.81,23771904.0,,,,,
INTELLIA THERAPEUTICS INC,0.03262016271763133,Buy 100%,1400004.0,16.920000228570775,23688068.0,,,,,
B2GOLD CORP,0.03260712185077229,Add 136.71%,6331176.0,3.7399999620923507,23678598.0,,,,,
ONESPAWORLD HOLDINGS LIMITED,0.032550762446554755,Reduce 21.22%,837028.0,28.240000334516886,23637671.0,,,,,
KLAVIYO INC,0.03244336877350974,Reduce 4.91%,1560244.0,15.099999743629843,23559684.0,,,,,
ON SEMICONDUCTOR CORP,0.03231222474875218,Buy 100%,248196.0,94.54000064465181,23464450.0,,,,,
KEARNY FINL CORP MD,0.03230366762661257,Reduce 5.80%,2479729.0,9.459999862888242,23458236.0,,,,,
TPG INC,0.03221982325284491,Add 7.09%,577000.0,40.55,23397350.0,,,,,
TANGO THERAPEUTICS INC,0.03221226037630955,Buy 100%,748300.0,31.26,23391858.0,,,,,
NORTHFIELD BANCORP INC DEL,0.03179860463036928,Add 19.81%,1567649.0,14.730000146716517,23091470.0,,,,,
KODIAK GAS SVCS INC,0.03177465184915004,Reduce 63.38%,307122.0,75.13000045584491,23074076.0,,,,,
BANCO BRADESCO S A,0.03176828151651118,Reduce 46.13%,6653895.0,3.4670595192740494,23069450.0,,,,,
CNX RES CORP,0.03169833317098795,Add 46.49%,678416.0,33.93000017688262,23018655.0,,,,,
HOVNANIAN ENTERPRISES INC,0.0316352825764781,Reduce 1.29%,161315.0,142.40999907014228,22972869.0,,,,,
CARGURUS INC,0.03163238108688233,Add 96.04%,673827.0,34.089999361854005,22970762.0,,,,,
AMER SPORTS INC,0.031501666708424664,Reduce 14.74%,676000.0,33.84,22875840.0,,,,,
LANDSTAR SYS INC,0.03139434739723925,Add 37.04%,110236.0,206.80999854856853,22797907.0,,,,,
MARKETAXESS HLDGS INC,0.03125676831748355,Add 19.69%,200000.0,113.49,22698000.0,,,,,
UNIVEST FINANCIAL CORPORATIO,0.03107467677940138,Reduce 11.64%,515789.0,43.750000484694326,22565769.0,,,,,
FORTREA HLDGS INC,0.03090037808879073,Reduce 9.99%,1289609.0,17.40000031017153,22439197.0,,,,,
MOELIS &AMP; CO,0.030868117435368683,Add 56.10%,342644.0,65.41999859912913,22415770.0,,,,,
UFP TECHNOLOGIES INC,0.03083842088903127,Reduce 20.67%,84465.0,265.1299946723495,22394205.0,,,,,
INFLEQTION INC,0.0308375657276459,Add 673.68%,1681200.0,13.32,22393584.0,,,,,
FIRST HORIZON CORPORATION,0.030739631158555984,Add 61.16%,870611.0,25.639999954055256,22322466.0,,,,,
INDEPENDENT BK CORP MICH,0.030671822782103383,Add 6.05%,617500.0,36.07,22273225.0,,,,,
INNODATA INC,0.030630467948666855,Buy 100%,294300.0,75.58,22243194.0,,,,,
KRYSTAL BIOTECH INC,0.030545188666423258,Add 521.67%,59680.0,371.6700067024129,22181266.0,,,,,
ARDMORE SHIPPING CORP,0.03049077781834147,Reduce 8.99%,1580425.0,14.009999841814702,22141754.0,,,,,
UNIVERSAL DISPLAY CORP,0.03038716007527825,Add 102.35%,254839.0,86.58999996075954,22066509.0,,,,,
SOLARIS ENERGY INFRAS INC,0.030292493296796206,Buy 100%,273400.0,80.46,21997764.0,,,,,
CENTRAL GARDEN &AMP; PET CO,0.030176992803983598,Reduce 15.89%,534643.0,40.987892855606454,21913890.0,,,,,
WATERSTONE FINL INC MD,0.030018873326121298,Reduce 3.92%,1051571.0,20.730000161662883,21799067.0,,,,,
HOMETRUST BANCSHARES INC,0.03001010551204616,Reduce 6.31%,436815.0,49.889999198745464,21792700.0,,,,,
FIRST BANCORP CORPORATION,0.02975459678539767,Add 632.73%,828813.0,26.07000010858903,21607155.0,,,,,
PAYCHEX INC,0.029586660164997027,Reduce 81.26%,218501.0,98.32999848970942,21485203.0,,,,,
UNITIL CORP,0.02957024547302662,Reduce 16.84%,407540.0,52.69000098149875,21473283.0,,,,,
EVERUS CONSTR GROUP,0.02952543143604733,Reduce 12.94%,129200.0,165.95,21440740.0,,,,,
QNITY ELECTRONICS INC,0.02943804110323405,Reduce 30.96%,130900.0,163.31,21377279.0,,,,,
BELDEN INC,0.029401267786591613,Reduce 6.02%,178055.0,119.9099997191879,21350575.0,,,,,
APTARGROUP INC,0.029378552992627524,Reduce 1.39%,170400.0,125.2,21334080.0,,,,,
AMERICA MOVIL SAB DE CV,0.02935603236574127,Reduce 31.17%,820228.0,25.990000341368496,21317726.0,,,,,
KLARNA GROUP PLC,0.029120588947540837,Reduce 48.86%,1044800.0,20.24,21146752.0,,,,,
VICI PPTYS INC,0.029110248517842365,Add 47.14%,796205.0,26.55000031398949,21139243.0,,,,,
VIKING HOLDINGS LTD,0.029080288950853416,Reduce 73.43%,201753.0,104.67000242871234,21117487.0,,,,,
PROPETRO HLDG CORP,0.029069860388580605,Add 125.64%,1472100.0,14.34,21109914.0,,,,,
VANDA PHARMACEUTICALS INC,0.029002679956720154,Reduce 8.46%,3441361.0,6.119999907013534,21061129.0,,,,,
WORLD GOLD TR,0.028883829049011236,Add 74.67%,264100.0,79.42,20974822.0,,,,,
HALLIBURTON CO,0.028803412206142433,Buy 100%,616095.0,33.949999594218426,20916425.0,,,,,
WP CAREY INC,0.028770190356831513,Add 309.82%,292200.0,71.5,20892300.0,,,,,
YELP INC,0.028506230542546907,,844234.0,24.52000037904183,20700618.0,,,,,
DYCOM INDS INC,0.02846202792530209,Add 12.80%,40880.0,505.5899951076321,20668519.0,,,,,
DOLLAR TREE INC,0.028381777708081642,"Add 1,181.23%",170403.0,120.95000088026619,20610243.0,,,,,
GLAUKOS CORP,0.028328500189822983,Add 23.80%,147192.0,139.7600005435078,20571554.0,,,,,
NNN REIT INC,0.028308394946302176,Add 293.76%,441800.0,46.53,20556954.0,,,,,
HASBRO INC,0.028285231227037553,Add 34.94%,248700.0,82.59,20540133.0,,,,,
PEOPLE INC,0.028275703269508755,Buy 100%,444827.0,46.15999928061921,20533214.0,,,,,
VORNADO RLTY TR,0.028195897846374423,Add 218.66%,520999.0,39.300000575816846,20475261.0,,,,,
USANA HEALTH SCIENCES INC,0.028180944227237954,Reduce 5.81%,958520.0,21.35,20464402.0,,,,,
BOISE CASCADE CO DEL,0.028173930802220727,Add 9.56%,263549.0,77.6300004932669,20459309.0,,,,,
CALIX INC,0.0281690490838453,Add 0.86%,548118.0,37.32000043786192,20455764.0,,,,,
SANDRIDGE ENERGY INC,0.02806101507256487,Reduce 1.08%,1487395.0,13.700000336158183,20377312.0,,,,,
CVB FINL CORP,0.028059176682147042,Add 111.27%,903591.0,22.54999994466523,20375977.0,,,,,
UNIVERSAL TECHNICAL INST INC,0.028036903928126116,Reduce 27.55%,476030.0,42.76999978992921,20359803.0,,,,,
MDU RES GROUP INC,0.02795613730910291,Add 2.94%,957150.0,21.21000052238416,20301152.0,,,,,
CTS CORP,0.02794957280938622,Reduce 19.84%,311342.0,65.19000006423803,20296385.0,,,,,
COMPASS PATHWAYS PLC,0.0279011604846453,Add 65.47%,1431889.0,14.149999755567645,20261229.0,,,,,
SAREPTA THERAPEUTICS INC,0.02774959173578495,Reduce 32.65%,1121378.0,17.970000303198386,20151163.0,,,,,
WASTE CONNECTIONS INC,0.027605196152232815,Reduce 16.17%,120261.0,166.6899992516277,20046306.0,,,,,
EPR PPTYS,0.027591904658365498,Reduce 38.80%,345400.0,58.01,20036654.0,,,,,
CARLISLE COS INC,0.027584194435182414,Reduce 65.80%,55220.0,362.75,20031055.0,,,,,
ARCHROCK INC,0.027577769019684603,Reduce 16.84%,491928.0,40.71000024393814,20026389.0,,,,,
NATIONAL FUEL GAS CO,0.027484673479754425,Reduce 29.60%,258500.0,77.21,19958785.0,,,,,
TEXAS CAP BANCSHARES INC,0.027273269598276098,Add 75.16%,191800.0,103.26,19805268.0,,,,,
ARCHER AVIATION INC,0.027099525867469478,Add 65.47%,4160486.0,4.730000052878438,19679099.0,,,,,
WHEATON PRECIOUS METALS CORP,0.027050703175429295,Buy 100%,174890.0,112.32000114357596,19643645.0,,,,,
AMPRIUS TECHNOLOGIES INC,0.026891040000444615,Add 291.89%,1408925.0,13.860000354880494,19527701.0,,,,,
APOGEE THERAPEUTICS INC,0.026831912682564282,Buy 100%,146800.0,132.73,19484764.0,,,,,
PLEXUS CORP,0.026785753246754872,Add 85.40%,64693.0,300.66999520813687,19451244.0,,,,,
CENTRAL PAC FINL CORP,0.026638731587901764,Reduce 9.47%,506400.0,38.2,19344480.0,,,,,
MILLROSE PPTYS INC,0.026511356607768613,Reduce 6.75%,640665.0,30.049999609780464,19251983.0,,,,,
TRANE TECHNOLOGIES PLC,0.02650529060792552,Reduce 80.30%,39188.0,491.15999795855873,19247578.0,,,,,
MACERICH CO,0.02644947790108317,Buy 100%,762487.0,25.190000616403953,19207048.0,,,,,
KBR INC,0.026371384177791057,Reduce 8.69%,554600.0,34.53,19150338.0,,,,,
SOLV ENERGY INC,0.026290821365346006,Buy 100%,560700.0,34.05,19091835.0,,,,,
NETAPP INC,0.026177412644102442,Buy 100%,122832.0,154.75999739481568,19009480.0,,,,,
INSPIRE MED SYS INC,0.026169673502418406,Reduce 9.36%,426000.0,44.61,19003860.0,,,,,
AMBIQ MICRO INC,0.026113344393773295,Add 404.12%,214756.0,88.30000093128946,18962955.0,,,,,
CHIME FINL INC,0.026047758610679775,Add 12.81%,923600.0,20.48,18915328.0,,,,,
COUSINS PPTYS INC,0.026027092899069043,Add 26.73%,630431.0,29.979999397237762,18900321.0,,,,,
LSB INDS INC,0.026027021291352388,Reduce 2.46%,1748406.0,10.810000080072935,18900269.0,,,,,
BARRETT BUSINESS SVCS INC,0.02599468076778485,Reduce 16.89%,531441.0,35.51999939786354,18876784.0,,,,,
PJT PARTNERS INC,0.025981896036219976,Add 162.05%,125000.0,150.94,18867500.0,,,,,
ZIONS BANCORPORATION NATL AS,0.025944151884188343,Add 18.13%,272295.0,69.18999981637562,18840091.0,,,,,
SPROTT INC,0.02579082048384124,Add 64.07%,166700.0,112.35,18728745.0,,,,,
HESS MIDSTREAM LP,0.025769854570649165,Add 40.08%,497700.0,37.6,18713520.0,,,,,
HYPERLIQUID STRATEGIES INC,0.025752192251923284,Buy 100%,2376200.0,7.87,18700694.0,,,,,
TOOTSIE ROLL INDS INC,0.02570258876035733,Add 4.00%,471926.0,39.54999936430712,18664673.0,,,,,
PUBMATIC INC,0.02567434502442502,Reduce 7.76%,1421049.0,13.12000008444466,18644163.0,,,,,
VILLAGE SUPER MKT INC,0.02557964932744202,Reduce 5.11%,440384.0,42.179999727510534,18575397.0,,,,,
AMERICAN HOMES 4 RENT,0.025532122459658902,Buy 100%,553129.0,33.519999855368276,18540884.0,,,,,
DHT HOLDINGS INC,0.025513785375910748,Reduce 40.34%,1120845.0,16.530000133827603,18527568.0,,,,,
LIQUIDIA CORPORATION,0.02551094447745983,"Add 2,768.56%",232353.0,79.73000133417688,18525505.0,,,,,
GLOBAL SHIP LEASE INC,0.02550319845041842,Reduce 20.40%,492550.0,37.6,18519880.0,,,,,
BANK NOVA SCOTIA B C,0.02545962240069428,Buy 100%,212900.0,86.84,18488236.0,,,,,
ELBIT SYS LTD,0.02543071629338297,Reduce 8.29%,24340.0,758.7200082169269,18467245.0,,,,,
GALAXY DIGITAL INC.,0.025405898711278033,Add 61.35%,674807.0,27.339999436876024,18449223.0,,,,,
TYLER TECHNOLOGIES INC,0.025388623349636357,Add 167.12%,63040.0,292.4599936548223,18436678.0,,,,,
BLACK HILLS CORP,0.025388130358048655,Add 212.88%,247800.0,74.4,18436320.0,,,,,
MARTIN MARIETTA MATLS INC,0.025328847431091758,Buy 100%,31894.0,576.700006270772,18393270.0,,,,,
CLEARWAY ENERGY INC,0.025277043379310304,Reduce 28.84%,537029.0,34.179999590338696,18355651.0,,,,,
FIRSTENERGY CORP,0.02524420435586916,Add 46.56%,385608.0,47.5399991701417,18331804.0,,,,,
TRANSALTA CORP,0.025190592209242312,Reduce 7.39%,1322695.0,13.830000113404829,18292872.0,,,,,
KURA ONCOLOGY INC,0.025133622762361783,Add 5.13%,1663765.0,10.96999996994768,18251502.0,,,,,
RBC BEARINGS INC,0.025064265180500898,Buy 100%,28260.0,644.0600141542817,18201136.0,,,,,
CHEMED CORP NEW,0.02506424177028584,Add 216.69%,39080.0,465.7399948822927,18201119.0,,,,,
FEDERATED HERMES INC,0.025040593321862356,Add 11.21%,329300.0,55.22,18183946.0,,,,,
AVEPOINT INC,0.0250256920314419,Reduce 37.17%,1621153.0,11.20999991981016,18173125.0,,,,,
FIREFLY AEROSPACE INC,0.025008141255505417,Add 87.58%,617700.0,29.4,18160380.0,,,,,
AVNET INC,0.024963774766755188,Add 148.30%,204100.0,88.82,18128162.0,,,,,
HEALTHPEAK PROPERTIES INC,0.02493010950042963,Add 3.98%,845968.0,21.39999976358444,18103715.0,,,,,
BOSTON BEER INC,0.024909498871677857,Add 8.96%,102179.0,177.0299963789037,18088748.0,,,,,
APA CORPORATION,0.024832190079125932,Buy 100%,553657.0,32.569999114975516,18032608.0,,,,,
QCR HLDGS INC,0.02482377066413373,Reduce 9.75%,185172.0,97.3499989199231,18026494.0,,,,,
TARGET HOSPITALITY CORP,0.024814133917958482,Reduce 6.96%,885044.0,20.360000180781974,18019496.0,,,,,
MKS INC.,0.024747701235908432,Reduce 61.00%,40403.0,444.79999009974506,17971254.0,,,,,
NVE CORP,0.024580480692674284,Reduce 1.65%,170730.0,104.55000292860072,17849822.0,,,,,
SMITHFIELD FOODS INC,0.024497905978805683,Add 125.98%,733300.0,24.26,17789858.0,,,,,
ANTERO RESOURCES CORP,0.02443709725665556,Add 2.27%,505000.0,35.14,17745700.0,,,,,
SAFE BULKERS INC,0.02441833052660751,Reduce 21.02%,2810154.0,6.31000009252162,17732072.0,,,,,
ENCOMPASS HEALTH CORP,0.024289420111780816,Reduce 34.15%,174500.0,101.08,17638460.0,,,,,
SYNOPSYS INC,0.02428701849913011,Reduce 87.00%,39538.0,446.0700085993222,17636716.0,,,,,
AMC ENTMT HLDGS INC,0.02426645606787993,Add 18.58%,9274623.0,1.9000000323463282,17621784.0,,,,,
AXIS CAP HLDGS LTD,0.024190243424221332,Buy 100%,163500.0,107.44,17566440.0,,,,,
CENTERRA GOLD INC,0.024065885607687774,Add 20.79%,1101900.0,15.86,17476134.0,,,,,
MELCO RESORTS AND ENTMNT LTD,0.024017244689082163,Reduce 25.82%,3309452.0,5.2699999879134065,17440812.0,,,,,
NLIGHT INC,0.024006277691863004,Add 281.13%,250400.0,69.62,17432848.0,,,,,
SUNCOKE ENERGY INC,0.02396293161307503,Reduce 1.50%,2161661.0,8.049999976869639,17401371.0,,,,,
HAVERTY FURNITURE COS INC,0.02389642181502244,Reduce 5.57%,679713.0,25.53000016183301,17353073.0,,,,,
LAUREATE ED INC,0.023797249258677374,Reduce 36.68%,475800.0,36.32,17281056.0,,,,,
FIGS INC,0.023640135042991117,Add 4.80%,1678100.0,10.23,17166963.0,,,,,
AST SPACEMOBILE INC,0.02356780160967486,Buy 100%,192600.0,88.86,17114436.0,,,,,
NOMURA HLDGS INC,0.02356519756751747,Reduce 15.71%,1949037.0,8.780000071830345,17112545.0,,,,,
VANGUARD WORLD FD,0.023536773435222064,Add 179.09%,94389.0,181.07940543919312,17091904.0,,,,,
HYCROFT MINING HOLDING CORP,0.023527162853404823,Add 140.76%,730125.0,23.4,17084925.0,,,,,
FORTIS INC,0.023481537721327335,Reduce 41.28%,297952.0,57.23000013424981,17051793.0,,,,,
DOUGLAS EMMETT INC,0.023437969934032042,Buy 100%,1442386.0,11.800000138659138,17020155.0,,,,,
CARTERS INC,0.02338060802178141,Buy 100%,412500.0,41.16,16978500.0,,,,,
METALLUS INC,0.023308698726479154,Reduce 11.17%,905633.0,18.690000253966012,16926281.0,,,,,
BALLARD PWR SYS INC NEW,0.02327102893630712,Add 671.76%,4344197.0,3.889999924036594,16898926.0,,,,,
BIOGEN INC,0.02313117768861928,Reduce 61.78%,77744.0,216.06000463058243,16797369.0,,,,,
STANDARDAERO INC,0.023114822210722252,Reduce 31.12%,561200.0,29.91,16785492.0,,,,,
TOWNEBANK PORTSMOUTH VA,0.023097015299491597,Reduce 21.60%,462819.0,36.24000095069563,16772561.0,,,,,
CARRIAGE SVCS INC,0.023078854480892117,Add 2.16%,437125.0,38.340001143837576,16759373.0,,,,,
TITAN INTL INC ILL,0.02301905928334688,Reduce 12.48%,2168087.0,7.710000106084304,16715951.0,,,,,
TSAKOS ENERGY NAVIGATION LTD,0.022999599886347394,Add 1.28%,472203.0,35.36999976704934,16701820.0,,,,,
CBL &AMP; ASSOC PPTYS INC,0.022943491109138132,Reduce 1.68%,313827.0,53.08999862981834,16661075.0,,,,,
PARK HOTELS &AMP; RESORTS INC,0.02280718306635296,Add 214.84%,1162252.0,14.25,16562091.0,,,,,
CIVEO CORP CDA,0.02272666432019508,Reduce 6.02%,471532.0,35.0,16503620.0,,,,,
RAYONIER INC,0.022680274913449504,Reduce 24.45%,773963.0,21.280000465138514,16469933.0,,,,,
ATLAS ENERGY SOLUTIONS INC,0.0226695860846681,Buy 100%,991100.0,16.61,16462171.0,,,,,
TABOOLA.COM LTD,0.02259843142453361,Add 54.76%,3282100.0,5.0,16410500.0,,,,,
AGILON HEALTH INC,0.022465953017517706,Add 2.13%,152214.0,107.180003153455,16314297.0,,,,,
BLUE BIRD CORP,0.022457395895378103,Reduce 43.81%,206536.0,78.96000213037921,16308083.0,,,,,
XCEL ENERGY INC,0.02245568694967883,Reduce 62.64%,203074.0,80.29999901513735,16306842.0,,,,,
PRIVIA HEALTH GROUP INC,0.022417857419215814,Reduce 18.52%,632700.0,25.73,16279371.0,,,,,
L3HARRIS TECHNOLOGIES INC,0.022401135640306692,Buy 100%,55980.0,290.5899964272955,16267228.0,,,,,
ARMSTRONG WORLD INDS INC NEW,0.022400254314563314,Reduce 14.57%,101400.0,160.42,16266588.0,,,,,
LEMAITRE VASCULAR INC,0.02239863487850986,Add 22.38%,169502.0,95.96000047197083,16265412.0,,,,,
UNUM GROUP,0.02233218842574507,Add 87.98%,181400.0,89.4,16217160.0,,,,,
WIX COM LTD,0.0222013996854278,Reduce 38.31%,355349.0,45.36999963416247,16122184.0,,,,,
FOSTER L B CO,0.022165795502466813,Add 12.63%,356350.0,45.16999859688509,16096329.0,,,,,
NATHANS FAMOUS INC,0.022113688494961075,Add 2.40%,158056.0,101.6000025307486,16058490.0,,,,,
LSI INDS INC OHIO,0.02211241194970465,Reduce 23.33%,604122.0,26.58000039727075,16057563.0,,,,,
GRUPO AEROPORTUARIO DEL CENT,0.02208294124308898,Reduce 9.22%,141800.0,113.09,16036162.0,,,,,
RELX PLC,0.022073267315983934,Reduce 48.79%,506130.0,31.669999802422304,16029137.0,,,,,
CHEWY INC,0.022029101879668916,Buy 100%,814100.0,19.65,15997065.0,,,,,
TELEFONICA BRASIL SA,0.021921646238407578,Reduce 17.71%,1209653.0,13.15999960319199,15919033.0,,,,,
LOEWS CORP,0.021872526098929004,Reduce 58.64%,140300.0,113.21,15883363.0,,,,,
RACKSPACE TECHNOLOGY INC,0.021849056669797147,Add 19.01%,2429758.0,6.530000107006542,15866320.0,,,,,
BLACKROCK ETF TRUST II,0.021694852206135512,Buy 100%,301000.0,52.34,15754340.0,,,,,
VIAVI SOLUTIONS INC,0.02158741997508923,Add 198.45%,328300.0,47.75,15676325.0,,,,,
POPULAR INC,0.021574409403802616,Buy 100%,95425.0,164.18000523971705,15666877.0,,,,,
TD SYNNEX CORPORATION,0.021546866597250584,Reduce 63.88%,58528.0,267.34000820120286,15646876.0,,,,,
INTERCONTINENTAL HOTELS GROU,0.021432035361174353,Add 48.35%,89900.0,173.12,15563488.0,,,,,
GLOBUS MED INC,0.021425154135018633,Buy 100%,196918.0,79.00999908591393,15558491.0,,,,,
NATIONAL PRESTO INDS INC,0.021308476246095734,Reduce 16.52%,123800.0,124.99,15473762.0,,,,,
FIDELITY MERRIMACK STR TR,0.021279820765792688,Add 48.28%,339700.0,45.49,15452953.0,,,,,
MARRIOTT INTL INC NEW,0.021278675042326296,Reduce 61.47%,41696.0,370.59000863392174,15452121.0,,,,,
STEALTHGAS INC,0.02127069353606283,Reduce 3.81%,1955231.0,7.900000051144852,15446325.0,,,,,
MARA HOLDINGS INC,0.021268619666422947,Buy 100%,1111938.0,13.890000161879529,15444819.0,,,,,
NAPCO SEC TECHNOLOGIES INC,0.021244737115848882,Reduce 7.01%,406200.0,37.98,15427476.0,,,,,
PIMCO ETF TR,0.021189089657583416,Add 358.30%,480990.0,31.99040728497474,15387066.0,,,,,
ESAB CORPORATION,0.021174425223456493,Add 18.93%,155900.0,98.63,15376417.0,,,,,
DIMENSIONAL ETF TRUST,0.021171277238066867,Reduce 11.85%,387703.0,39.65440298372724,15374131.0,,,,,
DAKTRONICS INC,0.021148718053179343,Reduce 4.58%,785161.0,19.55999979622014,15357749.0,,,,,
PORTLAND GEN ELEC CO,0.021062353638614213,Add 630.45%,295100.0,51.83,15295033.0,,,,,
BEAM THERAPEUTICS INC,0.02103118637994254,Reduce 13.35%,445000.0,34.32,15272400.0,,,,,
COLUMBIA FINL INC,0.021009117432499773,Add 6.34%,718962.0,21.220000500721873,15256374.0,,,,,
LAMAR ADVERTISING CO,0.020988108830092,Reduce 0.51%,97712.0,155.9800024561978,15241118.0,,,,,
PHIBRO ANIMAL HEALTH CORP,0.020776841278689603,Reduce 16.69%,480500.0,31.4,15087700.0,,,,,
INNOSPEC INC,0.020734771745158052,Add 55.59%,185000.0,81.39,15057150.0,,,,,
HANOVER INS GROUP INC,0.02072855564452429,Buy 100%,70300.0,214.12,15052636.0,,,,,
PREFORMED LINE PRODS CO,0.020613407682009033,Add 22.93%,36460.0,410.56001097092707,14969018.0,,,,,
OOMA INC,0.020538715325257764,Reduce 14.93%,776003.0,19.220000438142637,14914778.0,,,,,
PUMA BIOTECHNOLOGY INC,0.020506917367850985,Reduce 5.47%,1836213.0,8.109999765822375,14891687.0,,,,,
VISTEON CORP,0.020506551066838893,Reduce 52.74%,150100.0,99.21,14891421.0,,,,,
AVINO SILVER &AMP; GOLD MINES LT,0.020481192295644674,Add 644.97%,2345900.0,6.34,14873006.0,,,,,
BOYD GAMING CORP,0.02047146053153772,Add 256.57%,168300.0,88.33,14865939.0,,,,,
CHURCHILL DOWNS INC,0.020398573515488898,Buy 100%,165250.0,89.64,14813010.0,,,,,
KOSMOS ENERGY LTD,0.020364530931579458,Add 31.26%,7008668.0,2.1099999315133773,14788289.0,,,,,
ARTERIS INC,0.020332921632964622,Add 337.86%,303876.0,48.59000052653056,14765335.0,,,,,
ISHARES GOLD TR,0.02031821313255053,Add 57.62%,195400.0,75.51,14754654.0,,,,,
SOUTHSIDE BANCSHARES INC,0.02031145721989895,Reduce 4.77%,419146.0,35.190000620308915,14749748.0,,,,,
ARROW ELECTRS INC,0.020307164888114404,Reduce 59.10%,69100.0,213.41,14746631.0,,,,,
CLOVER HEALTH INVESTMENTS CO,0.020258086060780056,Reduce 17.47%,2807441.0,5.240000056991403,14710991.0,,,,,
LA Z BOY INC,0.02016555925136865,Add 63.24%,365000.0,40.12,14643800.0,,,,,
PILGRIMS PRIDE CORP,0.02014096750898546,Reduce 42.64%,520311.0,28.109999596395234,14625942.0,,,,,
UP FINTECH HLDG LTD,0.020119289649841315,Add 86.33%,3320500.0,4.4,14610200.0,,,,,
ENPHASE ENERGY INC,0.02009799461656695,Reduce 66.65%,296400.0,49.24,14594736.0,,,,,
AMERICAN FINANCIAL GROUP INC,0.02008010921226228,Buy 100%,104200.0,139.94,14581748.0,,,,,
BLOOMIN BRANDS INC,0.020003618400165925,Add 329.78%,1589300.0,9.14,14526202.0,,,,,
AMERICOLD REALTY TRUST INC,0.019909264216908487,Reduce 45.09%,919700.0,15.72,14457684.0,,,,,
CIPHER DIGITAL INC,0.019878577556181252,Reduce 69.03%,589200.0,24.5,14435400.0,,,,,
ZURN ELKAY WATER SOLNS CORP,0.019809912641271802,Reduce 26.01%,284693.0,50.529998981358865,14385537.0,,,,,
PAYONEER GLOBAL INC,0.019796768494052208,Reduce 16.99%,2019100.0,7.12,14375992.0,,,,,
AGNT INC,0.01975814990163457,Buy 100%,2652116.0,5.410000165905262,14347948.0,,,,,
IPG PHOTONICS CORP,0.019742390695685796,Add 42.59%,122200.0,117.32,14336504.0,,,,,
ECHOSTAR CORP,0.0196781874923522,Buy 100%,140787.0,101.50000355146427,14289881.0,,,,,
MILLERKNOLL INC,0.019564159088945324,Add 272.96%,694383.0,20.459999740777064,14207076.0,,,,,
ORLA MNG LTD NEW,0.019560337715604895,Add 5.38%,1450899.0,9.78999985526215,14204301.0,,,,,
UGI CORP NEW,0.019452887582629454,Add 13.36%,408983.0,34.540000440116096,14126273.0,,,,,
VIRIDIAN THERAPEUTICS INC,0.019443122768807122,Add 278.43%,768600.0,18.37,14119182.0,,,,,
TACTILE SYS TECHNOLOGY INC,0.01944245626621369,Reduce 7.20%,474100.0,29.78,14118698.0,,,,,
CARNIVAL CORP LTD,0.019396065482396644,Buy 100%,493000.0,28.57,14085010.0,,,,,
SCIENCE APPLICATIONS INTL CO,0.01936260815386366,Add 37.75%,127350.0,110.41000392618767,14060714.0,,,,,
UPWORK INC,0.019352435726885022,Reduce 17.61%,1681020.0,8.359999881024615,14053327.0,,,,,
EMBOTELLADORA ANDINA S A,0.019331927001422323,Reduce 2.58%,501576.0,27.988647782190537,14038434.0,,,,,
FEDERAL RLTY INVT TR NEW,0.019310375832853787,Add 694.41%,113600.0,123.44,14022784.0,,,,,
ASTRONICS CORP,0.019271560319215366,Reduce 22.74%,172220.0,81.2599988386947,13994597.0,,,,,
TFI INTERNATIONAL INC,0.019217037928344182,Buy 100%,97200.0,143.57,13955004.0,,,,,
WEBULL CORP,0.019174497436368516,Add 39.11%,2135600.0,6.52,13924112.0,,,,,
ENDEAVOUR SILVER CORP,0.019121408576901793,Reduce 11.87%,1677000.0,8.28,13885560.0,,,,,
FLYWIRE CORPORATION,0.01907545294767054,Reduce 11.14%,788400.0,17.57,13852188.0,,,,,
VANGUARD INTL EQUITY INDEX F,0.019044163129637675,Add 111.49%,111600.0,123.91994623655914,13829466.0,,,,,
ULTRAGENYX PHARMACEUTICAL IN,0.019022098313409327,Reduce 26.35%,413700.0,33.39,13813443.0,,,,,
ROOT INC,0.018888069323913674,Add 2.72%,245281.0,55.92000195693918,13716114.0,,,,,
LAM RESEARCH CORP,0.018856553666159074,Add 827.77%,31600.0,433.33,13693228.0,,,,,
MONARCH CASINO &AMP; RESORT INC,0.01881378595739019,Reduce 22.88%,103808.0,131.61000115598029,13662171.0,,,,,
XOMETRY INC,0.018807463822252932,Buy 100%,141500.0,96.52,13657580.0,,,,,
LINCOLN ELEC HLDGS INC,0.01875589524969354,Reduce 19.26%,51298.0,265.51000038987877,13620132.0,,,,,
IHS HOLDING LIMITED,0.018719554333493944,Reduce 26.94%,1649726.0,8.239999854521296,13593742.0,,,,,
WESTERN NEW ENG BANCORP INC,0.01865950713186896,Reduce 5.32%,947562.0,14.300000422135966,13550137.0,,,,,
MUELLER INDS INC,0.018655030272506895,Reduce 27.83%,110200.0,122.93,13546886.0,,,,,
COINBASE GLOBAL INC,0.018641683695780616,Buy 100%,92600.0,146.19,13537194.0,,,,,
COSTAMARE INC,0.0186351577540652,Reduce 4.60%,965225.0,14.020000518013935,13532455.0,,,,,
COPT DEFENSE PROPERTIES,0.018629098639579476,Add 46.42%,371752.0,36.3899992468097,13528055.0,,,,,
STANTEC INC,0.018532702259326055,Add 151.19%,195299.0,68.90999953916814,13458054.0,,,,,
GREAT SOUTHN BANCORP INC,0.01840993771448795,Reduce 10.40%,170500.0,78.41,13368905.0,,,,,
FERRARI N V,0.018335844383827883,Reduce 69.27%,35944.0,370.44012908969506,13315100.0,,,,,
INGREDION INC,0.018268662574895962,"Add 1,029.62%",140073.0,94.71000121365289,13266314.0,,,,,
GLADSTONE COMMERCIAL CORP,0.018150924340938054,Reduce 8.43%,1071611.0,12.299999720047667,13180815.0,,,,,
G WILLI FOOD INTL LTD,0.018138859817754097,Reduce 3.06%,396152.0,33.25,13172054.0,,,,,
AVERY DENNISON CORP,0.01813132861386264,Reduce 8.36%,81100.0,162.35,13166585.0,,,,,
BEACON FINANCIAL CORP.,0.018103646723091733,Reduce 24.31%,431740.0,30.45,13146483.0,,,,,
SANFILIPPO JOHN B &AMP; SON INC,0.018099045927297004,Reduce 17.53%,152845.0,85.99000294415912,13143142.0,,,,,
ULTRA CLEAN HLDGS INC,0.01804517351416156,Buy 100%,91900.0,142.59,13104021.0,,,,,
GRUPO AEROPORTUARIO DEL SURE,0.018035096105114626,Reduce 15.38%,42702.0,306.69999063275725,13096703.0,,,,,
LXP INDUSTRIAL TRUST,0.018027995924594538,Add 50.94%,242976.0,53.88000049387594,13091547.0,,,,,
FLOOR &AMP; DECOR HLDGS INC,0.017950754608544846,Add 362.32%,219600.0,59.36,13035456.0,,,,,
EVERQUOTE INC,0.017798107612720337,Reduce 42.29%,543279.0,23.789999245323305,12924607.0,,,,,
AEHR TEST SYS,0.017791859839442672,Buy 100%,134500.0,96.06,12920070.0,,,,,
AIR PRODUCTS AND CHEMICALS I,0.017707589950589537,Buy 100%,43860.0,293.1800045599635,12858875.0,,,,,
ECOPETROL S A,0.0176367823124665,Add 276.32%,899400.0,14.24,12807456.0,,,,,
KORN FERRY,0.017612768940102403,Add 233.51%,192100.0,66.58,12790018.0,,,,,
NETSKOPE INC,0.017565978805557884,Buy 100%,1166000.0,10.94,12756040.0,,,,,
ACADEMY SPORTS &AMP; OUTDOORS IN,0.01756159971827048,Buy 100%,270589.0,47.130001589125946,12752860.0,,,,,
GULFPORT ENERGY CORP,0.01752667718568913,Reduce 45.34%,75000.0,169.7,12727500.0,,,,,
CENTERSPACE,0.017467074778150262,Reduce 12.33%,225738.0,56.18999902541885,12684218.0,,,,,
F5 INC,0.017341148477207788,Buy 100%,30274.0,415.9599986787342,12592773.0,,,,,
PEMBINA PIPELINE CORP,0.017251207808024607,Reduce 39.24%,270864.0,46.25,12527460.0,,,,,
MOONLAKE IMMUNOTHERAPEUTICS,0.017247032527315354,Add 132.42%,643268.0,19.470000062182482,12524428.0,,,,,
OLAPLEX HLDGS INC,0.01723213536810932,Add 86.78%,6104200.0,2.05,12513610.0,,,,,
TALKSPACE INC,0.017230964857356396,Reduce 10.57%,2406300.0,5.2,12512760.0,,,,,
EQUITY LIFESTYLE PROPERTIES,0.017217937761212092,Buy 100%,194000.0,64.45,12503300.0,,,,,
CUSTOMERS BANCORP INC,0.01715807921837905,Reduce 12.35%,157520.0,79.1,12459832.0,,,,,
CAPITAL GRP FIXED INCM ETF T,0.017095828702395625,Add 946.78%,454200.0,27.33295244385733,12414627.0,,,,,
KNOT OFFSHORE PARTNERS LP,0.017079671522790857,Reduce 6.94%,1242775.0,9.979999597674558,12402894.0,,,,,
AEROVIRONMENT INC,0.017047580249160112,Add 56.32%,74996.0,165.07000373353245,12379590.0,,,,,
HIGHWOODS PPTYS INC,0.01703246826680413,Buy 100%,410100.0,30.16,12368616.0,,,,,
COLUMBIA BKG SYS INC,0.016971903286304914,Add 171.96%,384544.0,32.04999947990347,12324635.0,,,,,
POLARIS INC,0.016964418902843573,Reduce 20.28%,180000.0,68.44,12319200.0,,,,,
VITA COCO CO INC,0.016940788356349254,Buy 100%,186000.0,66.14,12302040.0,,,,,
GOLDMAN SACHS ETF TR,0.01694027057747502,Add 643.53%,189600.0,64.882194092827,12301664.0,,,,,
RAYONIER ADVANCED MATLS INC,0.01687767441655161,Reduce 4.06%,1559314.0,7.859999974347694,12256208.0,,,,,
ROBERT HALF INC.,0.016862749715916097,Reduce 57.39%,398872.0,30.699998997172024,12245370.0,,,,,
PROGYNY INC,0.016859692617243755,Reduce 47.71%,424667.0,28.830000918366625,12243150.0,,,,,
VANGUARD CHARLOTTE FDS,0.016849558748266383,Add 340.75%,252649.0,48.429999722935776,12235791.0,,,,,
HARMONY GOLD MNG LTD,0.016836677621698326,Reduce 53.22%,803842.0,15.210000223924602,12226437.0,,,,,
LAKEFRONT BIOTHERAPEUTICS NV,0.01683586101831423,Buy 100%,407800.0,29.98,12225844.0,,,,,
SCOTTS MIRACLE-GRO CO,0.016788828519190283,Buy 100%,179000.0,68.11,12191690.0,,,,,
ADEIA INC,0.016766722390817713,Reduce 42.26%,369743.0,32.930000027045814,12175637.0,,,,,
LIVERAMP HLDGS INC,0.01676273026061451,Reduce 38.25%,323399.0,37.63999888682402,12172738.0,,,,,
MACROGENICS INC,0.016749740345400003,Reduce 11.16%,2632750.0,4.62,12163305.0,,,,,
EQUIPMENTSHARE COM INC,0.016744789773450872,Buy 100%,618500.0,19.66,12159710.0,,,,,
UTAH MED PRODS INC,0.016700640861993542,Reduce 4.51%,175814.0,68.98000159259217,12127650.0,,,,,
BROADSTONE NET LEASE INC,0.01668278988447572,Add 846.85%,586100.0,20.67,12114687.0,,,,,
BACKBLAZE INC,0.016655628526721995,Reduce 34.97%,762608.0,15.860000157354762,12094963.0,,,,,
VOLATILITY SHS TR,0.016627087343351294,"Add 6,341.99%",1107700.0,10.90027715085312,12074237.0,,,,,
VERA THERAPEUTICS INC,0.016517347140514543,Reduce 38.87%,279528.0,42.90999828281961,11994546.0,,,,,
ONE LIBERTY PPTYS INC,0.016460208313842706,Reduce 4.91%,489478.0,24.42000049031826,11953053.0,,,,,
BUMBLE INC,0.01644774168578833,Reduce 11.42%,3732500.0,3.2,11944000.0,,,,,
G III APPAREL GROUP LTD,0.01631250638168143,Buy 100%,351403.0,33.709999630054384,11845795.0,,,,,
ASANA INC,0.016286311728102472,"Add 1,698.55%",1689539.0,7.0,11826773.0,,,,,
PAMT CORP,0.016283889459379655,Reduce 3.29%,844041.0,14.009999514241606,11825014.0,,,,,
DOLE PLC,0.016263324273986527,Add 14.20%,860793.0,13.72000004646878,11810080.0,,,,,
FIDELITY NATL FINL INC,0.01624275082616455,Add 41.78%,250109.0,47.159998240767024,11795140.0,,,,,
SPOK HLDGS INC,0.01619635591113308,Reduce 8.96%,1148579.0,10.240000034825641,11761449.0,,,,,
RAYMOND JAMES FINL INC,0.016190978447027,Buy 100%,77337.0,152.02999857765366,11757544.0,,,,,
METHANEX CORP,0.016115222991097782,Add 51.95%,253576.0,46.14999842256365,11702532.0,,,,,
AMERICAN EXPRESS CO,0.01610717125418914,Reduce 93.72%,34580.0,338.25,11696685.0,,,,,
DXP ENTERPRISES INC,0.01608189097606894,Add 53.43%,69209.0,168.74000491265588,11678327.0,,,,,
ALLEGION PLC,0.01603939041916602,Reduce 24.01%,82906.0,140.4900007237112,11647464.0,,,,,
CHINA YUCHAI INTL LTD,0.0159955003971458,Reduce 28.70%,245003.0,47.409999061235986,11615592.0,,,,,
WEIS MKTS INC,0.015974758946603995,Reduce 16.04%,148136.0,78.30999891991144,11600530.0,,,,,
BILLIONTOONE INC,0.015960352024842715,Add 88.47%,96600.0,119.98,11590068.0,,,,,
CALUMET INC,0.015957000232874934,Reduce 17.89%,321700.0,36.02,11587634.0,,,,,
CAMDEN NATL CORP,0.015952063431640545,Reduce 16.67%,213649.0,54.220001029726326,11584049.0,,,,,
FLUOR CORP,0.015900708305159623,Add 16.06%,220400.0,52.39,11546756.0,,,,,
HEALTHSTREAM INC,0.015873158613250223,Reduce 11.48%,423000.0,27.25,11526750.0,,,,,
QUANEX BLDG PRODS CORP,0.015864335716316125,Reduce 19.73%,618708.0,18.620000064650853,11520343.0,,,,,
NEXGEN ENERGY LTD,0.015846574248444115,Add 89.12%,1225500.0,9.39,11507445.0,,,,,
CHATHAM LODGING TR,0.015846130831429477,Reduce 5.36%,869775.0,13.229999712569343,11507123.0,,,,,
NATURES SUNSHINE PRODS INC,0.015837674235507474,Reduce 0.82%,527568.0,21.7999992418039,11500982.0,,,,,
CIA ENERGETICA DE MINAS GERA,0.01576283315503701,Reduce 31.81%,5450778.0,2.10000003669201,11446634.0,,,,,
DECKERS OUTDOOR CORP,0.015737557008131228,Reduce 0.60%,115100.0,99.29,11428279.0,,,,,
COPART INC,0.01573360205885782,Reduce 30.18%,405300.0,28.19,11425407.0,,,,,
SOUTHERN FIRST BANCSHARES,0.015675697580446426,Add 23.70%,186307.0,61.10000161024546,11383358.0,,,,,
CRAWFORD &AMP; CO,0.01565943987462405,Reduce 3.40%,1052234.0,10.807056225136234,11371552.0,,,,,
RH,0.01562961939185398,Reduce 30.96%,68900.0,164.73,11349897.0,,,,,
BK TECHNOLOGIES CORPORATION,0.01560152988792676,Reduce 2.58%,131769.0,85.98000288383459,11329499.0,,,,,
SANDISK CORP,0.015592821287925007,Reduce 99.38%,4980.0,2273.729919678715,11323175.0,,,,,
STAR GROUP LP,0.015577611533494372,Reduce 3.20%,881007.0,12.840000136207772,11312130.0,,,,,
XENON PHARMACEUTICALS INC,0.015552590144811284,Reduce 37.73%,187110.0,60.360002137779915,11293960.0,,,,,
LIFEWAY FOODS INC,0.015498640615673296,Add 2.31%,377171.0,29.84000095447423,11254783.0,,,,,
ARTISAN PARTNERS ASSET MGMT,0.015489407351439942,Add 14.56%,325748.0,34.52999864926262,11248078.0,,,,,
ULTRAPAR PARTICIPACOES SA,0.01546819907366844,Reduce 40.18%,2237585.0,5.020000134073119,11232677.0,,,,,
HEARTFLOW INC,0.015462334126260552,Buy 100%,382700.0,29.34,11228418.0,,,,,
SONOS INC,0.01542338503668915,Reduce 51.49%,827800.0,13.53,11200134.0,,,,,
FERMI INC,0.015362559789681342,Reduce 13.24%,1217900.0,9.16,11155964.0,,,,,
HUB GROUP INC,0.01532103970766793,Add 73.22%,254072.0,43.790000472307064,11125813.0,,,,,
BOK FINL CORP,0.01531454130738199,Buy 100%,80077.0,138.88000299711527,11121094.0,,,,,
STELLAR BANCORP INC,0.015311858772150584,Add 88.54%,282786.0,39.32000169739662,11119146.0,,,,,
WEST PHARMACEUTICAL SVSC INC,0.015275991568538056,Reduce 85.26%,30900.0,359.0,11093100.0,,,,,
BILIBILI INC,0.015253694027230598,Add 28.21%,650435.0,17.02999992312837,11076908.0,,,,,
RCM TECHNOLOGIES INC,0.015221515998096988,Reduce 9.96%,391553.0,28.22999951475279,11053541.0,,,,,
FIDELITY WISE ORIGIN BITCOIN,0.015219841479184572,Add 292.92%,216500.0,51.05,11052325.0,,,,,
BRIXMOR PPTY GROUP INC,0.015218381783422101,"Add 3,628.72%",350500.0,31.53,11051265.0,,,,,
ETORO GROUP LTD,0.015210690839239656,Reduce 4.47%,279850.0,39.47000178667143,11045680.0,,,,,
BANK HAWAII CORP,0.01520547862371046,Add 25.93%,135500.0,81.49,11041895.0,,,,,
FRONTIER GROUP HLDGS INC,0.01520176190780206,Buy 100%,1395600.0,7.91,11039196.0,,,,,
SILICON LABORATORIES INC,0.015198521658623673,Reduce 67.44%,50498.0,218.56000237633174,11036843.0,,,,,
VANGUARD WHITEHALL FDS,0.015178428808746133,Reduce 1.45%,84260.0,130.8123902207453,11022252.0,,,,,
LIGHTPATH TECHNOLOGIES INC,0.01512423829210019,Add 69.66%,671737.0,16.350000074433893,10982900.0,,,,,
MAREX GROUP PLC,0.015115153751586027,Add 123.65%,180087.0,60.950001943505086,10976303.0,,,,,
FLEXSTEEL INDS INC,0.015072333714101133,Add 3.34%,146955.0,74.47999727807833,10945208.0,,,,,
CLIMB GLOBAL SOLUTIONS INC,0.015058495522858628,Reduce 12.14%,471140.0,23.209999150995458,10935159.0,,,,,
AVISTA CORP,0.015024809600460957,Add 80.43%,266700.0,40.91,10910697.0,,,,,
TAKE-TWO INTERACTIVE SOFTWAR,0.015024034309221081,Reduce 86.04%,43644.0,249.98015763907983,10910134.0,,,,,
CORE MOLDING TECHNOLOGIES IN,0.015012762979206163,Reduce 5.43%,461947.0,23.5999995670499,10901949.0,,,,,
HUNTINGTON BANCSHARES INC,0.014993422010353441,Reduce 88.18%,614095.0,17.72999943005561,10887904.0,,,,,
PG&AMP;E CORP,0.01497213799365087,Buy 100%,646400.0,16.82,10872448.0,,,,,
PIPER SANDLER COMPANIES,0.01492666433943552,Add 204.55%,149840.0,72.34000266951415,10839426.0,,,,,
ASBURY AUTOMOTIVE GROUP INC,0.014731161502267793,Buy 100%,53200.0,201.08,10697456.0,,,,,
LINCOLN EDL SVCS CORP,0.014683550633124754,Reduce 27.11%,213685.0,49.900002339892836,10662882.0,,,,,
POSTAL REALTY TRUST INC,0.014676260416741251,Reduce 2.62%,432532.0,24.63999889025552,10657588.0,,,,,
GXO LOGISTICS INCORPORATED,0.014668661736347564,Add 273.18%,210100.0,50.7,10652070.0,,,,,
GRAHAM HLDGS CO,0.014633615267333557,Reduce 0.96%,9310.0,1141.419978517723,10626620.0,,,,,
MACYS INC,0.01462153421929191,Add 254.55%,450864.0,23.549999556407254,10617847.0,,,,,
SAFETY INS GROUP INC,0.014606993721597652,Add 0.92%,141695.0,74.86000211722362,10607288.0,,,,,
AMPHASTAR PHARMACEUTICALS IN,0.01459216266182237,Reduce 5.20%,525100.0,20.18,10596518.0,,,,,
ERO COPPER CORP,0.01458275037829739,Reduce 5.94%,395876.0,26.75,10589683.0,,,,,
DANA INC,0.014573776003501153,Reduce 3.99%,388944.0,27.209999382944588,10583166.0,,,,,
CUSHMAN AND WAKEFIELD LTD,0.014529921785339262,Add 58.36%,788000.0,13.39,10551320.0,,,,,
GENWORTH FINL INC,0.0144818826469678,Add 58.55%,1110500.0,9.47,10516435.0,,,,,
GATES INDL CORP PLC,0.01439753839625507,Add 2.38%,373800.0,27.97,10455186.0,,,,,
INSIGHT ENTERPRISES INC,0.014352928165853939,Reduce 52.61%,85573.0,121.79999532562842,10422791.0,,,,,
FERGUSON ENTERPRISES INC,0.014347414371671932,Add 488.71%,43900.0,237.33,10418787.0,,,,,
VIR BIOTECHNOLOGY INC,0.014268999790726364,Add 33.56%,1016864.0,10.189999842653492,10361844.0,,,,,
VERTIV HOLDINGS CO,0.014182051497856247,Reduce 96.82%,30758.0,334.83009298393915,10298704.0,,,,,
FIRST SOLAR INC,0.014167113026505996,Reduce 57.04%,43600.0,235.96,10287856.0,,,,,
SAIA INC,0.01416164467568263,Reduce 63.21%,24418.0,421.1600049144074,10283885.0,,,,,
LIFESTANCE HEALTH GROUP INC,0.014158645414012199,Add 19.93%,960010.0,10.709999895834418,10281707.0,,,,,
ARTESIAN RES CORP,0.014096105713019225,Reduce 6.02%,301156.0,33.98999853896319,10236292.0,,,,,
WOLVERINE WORLD WIDE INC,0.014065252426643632,Add 15.70%,617900.0,16.53,10213887.0,,,,,
MINERALYS THERAPEUTICS INC,0.014055126820095104,Reduce 1.18%,378300.0,26.98,10206534.0,,,,,
HOULIHAN LOKEY INC,0.014037701357662755,Buy 100%,76000.0,134.13,10193880.0,,,,,
GLOBAL INDUSTRIAL COMPANY,0.01397412885306426,Reduce 13.98%,303279.0,33.45999887892007,10147715.0,,,,,
CARIS LIFE SCIENCES INC,0.013938386962955868,Add 26.25%,568000.0,17.82,10121760.0,,,,,
COLUMBIA SPORTSWEAR CO,0.013910504019749753,Add 37.54%,163402.0,61.82000220315541,10101512.0,,,,,
PAYLOCITY HLDG CORP,0.013901515874238773,Reduce 58.90%,96575.0,104.53000258866166,10094985.0,,,,,
CANADIAN IMPERIAL BANK OF CO,0.013877052199502672,Buy 100%,87628.0,115.0,10077220.0,,,,,
VERADERMICS INC,0.013857311879922481,Buy 100%,81852.0,122.94000146606069,10062885.0,,,,,
FLOWCO HLDGS INC,0.0137475413815133,Add 18.14%,467815.0,21.339999786240288,9983172.0,,,,,
URBAN EDGE PPTYS,0.013673673890574976,Reduce 9.21%,433983.0,22.87999990783049,9929531.0,,,,,
PERION NETWORK LTD,0.013672339508316643,Reduce 25.32%,1022509.0,9.709999618585265,9928562.0,,,,,
OREILLY AUTOMOTIVE INC,0.013646509778678302,Buy 100%,107610.0,92.09000092928167,9909805.0,,,,,
WAVE LIFE SCIENCES LTD,0.013637498222952262,Add 185.41%,1704520.0,5.809999882664915,9903261.0,,,,,
JOBY AVIATION INC,0.01356464425661882,Reduce 72.43%,1104300.0,8.92,9850356.0,,,,,
ARDAGH METAL PACKAGING S A,0.013555492239602434,Reduce 28.25%,2076732.0,4.74000015408825,9843710.0,,,,,
RF INDS LTD,0.013547021872965687,Reduce 6.24%,463817.0,21.21000092708978,9837559.0,,,,,
WORLD ACCEP CORPORATION,0.013500469971786177,Reduce 10.25%,43800.0,223.83,9803754.0,,,,,
FIRST AMERN FINL CORP,0.013463660851285414,Buy 100%,142543.0,68.58999740429203,9777024.0,,,,,
STAAR SURGICAL CO,0.013448584672787756,Add 151.78%,340400.0,28.69,9766076.0,,,,,
HAEMONETICS CORP MASS,0.013426446871771285,Add 200.93%,130000.0,75.0,9750000.0,,,,,
SK TELECOM CO LTD,0.013364594329443851,Add 700.74%,301775.0,32.16,9705084.0,,,,,
QFIN HOLDINGS INC,0.013266506905420323,Add 56.35%,609352.0,15.80999980306949,9633855.0,,,,,
ALLOT LTD,0.013264408248493906,Add 10.49%,1088399.0,8.849999862182894,9632331.0,,,,,
LIBERTY LATIN AMERICA LTD,0.013228878427392515,Reduce 20.61%,1229500.0,7.813363155754372,9606530.0,,,,,
TELEFLEX INCORPORATED,0.013214008809615962,Add 33.51%,75700.0,126.76,9595732.0,,,,,
ENEL CHILE SA,0.013200395081023721,Reduce 20.76%,2130188.0,4.5,9585846.0,,,,,
FRIEDMAN INDS INC,0.0132003909498093,Reduce 10.08%,297882.0,32.18000080568816,9585843.0,,,,,
BANK MONTREAL MEDIUM,0.013154585421368712,Reduce 66.12%,143760.0,66.4481079577073,9552580.0,,,,,
ANGIODYNAMICS INC,0.013148027807009393,Reduce 8.64%,733883.0,13.010000231644554,9547818.0,,,,,
TIMBERLAND BANCORP INC,0.013118138470665617,Reduce 2.30%,212589.0,44.8099995766479,9526113.0,,,,,
M-TRON INDS INC,0.013108200145837558,Reduce 50.58%,96005.0,99.15000260403104,9518896.0,,,,,
ROGERS CORP,0.013099685712913645,Buy 100%,58100.0,163.73,9512713.0,,,,,
ESQUIRE FINL HLDGS INC,0.01305622946840775,Add 42.14%,79600.0,119.11,9481156.0,,,,,
AMBARELLA INC,0.013032246391616079,Reduce 44.68%,110300.0,85.8,9463740.0,,,,,
ATLANTICUS HOLDINGS CORP,0.012976359322914134,Reduce 20.25%,92158.0,102.25000542546496,9423156.0,,,,,
STARWOOD PPTY TR INC,0.012962819956181496,Reduce 7.13%,574684.0,16.38000013920694,9413324.0,,,,,
MIMEDX GROUP INC,0.012958635035971925,Reduce 19.06%,2444230.0,3.8499997954365996,9410285.0,,,,,
UWM HOLDINGS CORPORATION,0.012949695087962534,Add 16.08%,4106460.0,2.2899999025925006,9403793.0,,,,,
SOHU COM LTD,0.012915003903388825,Reduce 0.33%,773812.0,12.119999431386434,9378601.0,,,,,
V2X INC,0.012885643362491078,Buy 100%,125500.0,74.56,9357280.0,,,,,
GOODRX HLDGS INC,0.012872485444556742,Reduce 0.43%,3245738.0,2.87999986443761,9347725.0,,,,,
LIVANOVA PLC,0.012841029000875524,Reduce 38.03%,113400.0,82.23,9324882.0,,,,,
EXCELERATE ENERGY INC,0.012826421026679037,Reduce 14.13%,245177.0,37.98999906190222,9314274.0,,,,,
NATIONAL VISION HLDGS INC,0.012803722757572637,Reduce 20.04%,489100.0,19.01,9297791.0,,,,,
OCEANFIRST FINL CORP,0.012776254312880203,Add 54.56%,475056.0,19.530000673604796,9277844.0,,,,,
PENSKE AUTOMOTIVE GRP INC,0.012740272812335331,Reduce 36.56%,51700.0,178.95,9251715.0,,,,,
NATURAL GAS SVCS GROUP INC,0.012721504705215806,Reduce 10.04%,214142.0,43.140000560375825,9238086.0,,,,,
COURSERA INC,0.012702316591296703,Add 18.07%,1635488.0,5.639999804339745,9224152.0,,,,,
TALOS ENERGY INC,0.012617041440267528,Add 106.31%,709700.0,12.91,9162227.0,,,,,
ARCBEST CORP,0.012598168675715976,"Add 2,414.20%",63735.0,143.54000156899662,9148522.0,,,,,
NATURAL GROCERS BY VITAMIN,0.012597128986753086,Reduce 9.84%,294899.0,31.02000006781983,9147767.0,,,,,
INTEST CORP,0.012566666788676116,Add 11.56%,502237.0,18.169999422583363,9125646.0,,,,,
ZTO EXPRESS CAYMAN INC,0.012530948308782784,Reduce 34.29%,406600.0,22.38,9099708.0,,,,,
CONSOLIDATED WATER CO INC,0.012522918605017728,Add 2.88%,308267.0,29.500001621970565,9093877.0,,,,,
SKYWATER TECHNOLOGY INC,0.012510058134521782,Buy 100%,260900.0,34.82,9084538.0,,,,,
DAILY JOURNAL CORP,0.012493560818262929,Add 12.86%,15091.0,601.1899807832483,9072558.0,,,,,
MASTERBRAND INC,0.01248072375798204,Reduce 49.73%,880781.0,10.289999443675557,9063236.0,,,,,
COMMERCIAL VEH GROUP INC,0.012448402513415134,Add 13.00%,1956659.0,4.620000214651608,9039765.0,,,,,
POSCO HOLDINGS INC,0.012445616697823176,"Add 1,164.47%",175900.0,51.38,9037742.0,,,,,
AMDOCS LTD,0.012437018263539346,Reduce 38.76%,178700.0,50.54,9031498.0,,,,,
NAVIGATOR HLDGS LTD,0.012416634851580786,Reduce 9.19%,483988.0,18.62999909088655,9016696.0,,,,,
ESSENTIAL UTILS INC,0.012412498128872807,Buy 100%,235283.0,38.310001147554225,9013692.0,,,,,
IMMUNITYBIO INC,0.012410702427670674,Buy 100%,1029399.0,8.754999761997048,9012388.0,,,,,
ORASURE TECHNOLOGIES INC,0.0123750073579924,Reduce 3.28%,2014903.0,4.459999811405313,8986467.0,,,,,
ACCEL ENTERTAINMENT INC,0.012365611599325107,Reduce 4.42%,712105.0,12.609999929785635,8979644.0,,,,,
KEMPER CORP,0.012348428501472188,Reduce 12.79%,332610.0,26.960001202609664,8967166.0,,,,,
ACI WORLDWIDE INC,0.01232238119454095,Reduce 49.21%,177933.0,50.29000241663997,8948251.0,,,,,
NORTHERN DYNASTY MINERALS LT,0.012294887962561986,Add 4.26%,4650149.0,1.9199999827962502,8928286.0,,,,,
RESOLUTE HLDGS MGMT INC,0.012240230618686348,Add 210.61%,61500.0,144.53,8888595.0,,,,,
BRINKS CO,0.012222383772382946,Reduce 26.92%,93932.0,94.49000340671975,8875635.0,,,,,
CASTLE BIOSCIENCES INC,0.01219137900814521,Reduce 30.33%,371200.0,23.85,8853120.0,,,,,
INNOVATIVE SOLUTIONS &AMP; SUPPO,0.012149612430337946,Add 61.82%,490155.0,18.0,8822790.0,,,,,
STEPSTONE GROUP INC,0.01214864572616318,Add 133.11%,213300.0,41.36,8822088.0,,,,,
PAYSIGN INC,0.012110356253827835,Reduce 29.87%,1073783.0,8.190000214195978,8794283.0,,,,,
GLOBAL E ONLINE LTD,0.01210468271935484,Reduce 8.26%,253100.0,34.73,8790163.0,,,,,
CATHAY GEN BANCORP,0.012085159977067548,Add 313.09%,141571.0,61.989997951557875,8775986.0,,,,,
ESSEX PPTY TR INC,0.012048618008432745,Reduce 77.26%,30006.0,291.5900153302673,8749450.0,,,,,
INTERFACE INC,0.011980297361391803,Reduce 47.25%,242741.0,35.83999818736843,8699837.0,,,,,
EASTMAN CHEM CO,0.01197595407796272,Add 424.82%,129840.0,66.97999845964264,8696683.0,,,,,
MERIT MED SYS INC,0.011975107179006194,Reduce 60.09%,125412.0,69.3399993621025,8696068.0,,,,,
GREEN PLAINS INC,0.011965850504557778,Reduce 16.83%,564977.0,15.379999539804276,8689346.0,,,,,
TRICO BANCSHARES,0.011943971592978424,Add 2.63%,161067.0,53.85000031042982,8673458.0,,,,,
AMERICAN CENTY ETF TR,0.011942072611415739,Reduce 60.92%,74908.0,115.76973086986703,8672079.0,,,,,
ALTO INGREDIENTS INC,0.011919338538451013,Reduce 9.27%,1518521.0,5.7000001975606525,8655570.0,,,,,
UNIVERSAL HEALTH RLTY INCOME,0.01186888126257116,Reduce 10.72%,196510.0,43.86000203551982,8618929.0,,,,,
AMERICAS GOLD AND SILVER COR,0.01184649421161789,Add 74.00%,1822600.0,4.72,8602672.0,,,,,
RMR GROUP INC,0.011837579050895034,Reduce 4.80%,418714.0,20.52999899692869,8596198.0,,,,,
BELITE BIO INC,0.011824452805604601,Add 7.24%,55763.0,153.9850079802019,8586666.0,,,,,
ONE GAS INC,0.011769916644018677,Buy 100%,110900.0,77.07,8547063.0,,,,,
CANADIAN SOLAR INC,0.011734122425194272,Add 6.44%,531902.0,16.019999924798178,8521070.0,,,,,
ATN INTL INC,0.011707157988661333,Reduce 4.98%,320932.0,26.490000997095958,8501489.0,,,,,
NU SKIN ENTERPRISES INC,0.011689428193433224,Reduce 5.46%,1607692.0,5.280000149282325,8488614.0,,,,,
SITEONE LANDSCAPE SUPPLY INC,0.011674510378155081,Buy 100%,74100.0,114.41,8477781.0,,,,,
HACKETT GROUP INC,0.011616264386018127,Reduce 12.99%,783239.0,10.769999961697515,8435484.0,,,,,
SUNSTONE HOTEL INVS INC NEW,0.011606370127477237,Add 118.43%,736096.0,11.449999728296309,8428299.0,,,,,
FERROGLOBE PLC,0.011555250480218375,Reduce 4.68%,2638735.0,3.1799998863091594,8391177.0,,,,,
FORUM ENERGY TECHNOLOGIES IN,0.01155137126987604,Add 18.88%,166999.0,50.23000137725376,8388360.0,,,,,
COEUR MNG INC,0.011548997198654815,Reduce 92.52%,513887.0,16.320000311352494,8386636.0,,,,,
INVENTRUST PPTYS CORP,0.011506751399974589,Add 93.48%,236044.0,35.40000169459931,8355958.0,,,,,
CALIFORNIA RES CORP,0.011493773878403352,Reduce 15.65%,157869.0,52.86999980996902,8346534.0,,,,,
UNITED NAT FOODS INC,0.011468147955343167,Add 373.02%,182350.0,45.67000274197971,8327925.0,,,,,
PATRICK INDS INC,0.011461193744399327,Buy 100%,92703.0,89.77999633237327,8322875.0,,,,,
SHOALS TECHNOLOGIES GROUP IN,0.01143809337042251,"Add 3,766.36%",839000.0,9.9,8306100.0,,,,,
HUDSON TECHNOLOGIES INC,0.011399039623419082,Reduce 4.13%,1442115.0,5.739999930657403,8277740.0,,,,,
MEDIFAST INC,0.011376059054660504,Add 0.63%,778610.0,10.609999871565996,8261052.0,,,,,
HILLTOP HLDGS INC,0.011373949381162294,Add 12.70%,212984.0,38.78000225369042,8259520.0,,,,,
FIGURE TECHNOLOGY SOLUTIO,0.011350599757248678,"Add 1,092.89%",268400.0,30.71,8242564.0,,,,,
CITY HLDG CO,0.01126760641365197,Add 0.00%,61688.0,132.63999481260538,8182296.0,,,,,
SEANERGY MARITIME HLDGS CORP,0.01126473797377157,Reduce 6.62%,609100.0,13.43,8180213.0,,,,,
GALIANO GOLD INC,0.011262530528198703,Reduce 12.64%,4373588.0,1.8700001006038978,8178610.0,,,,,
4D MOLECULAR THERAPEUTICS IN,0.011255935732909584,Add 6.28%,614573.0,13.3000001627146,8173821.0,,,,,
OVINTIV INC,0.011210964709782258,Add 56.62%,154628.0,52.64999870657319,8141164.0,,,,,
PALVELLA THERAPEUTICS INC NE,0.011210354667119263,Add 196.44%,53270.0,152.81999249108316,8140721.0,,,,,
SEABOARD CORP DEL,0.011201111763385589,Reduce 43.97%,1822.0,4464.329857299671,8134009.0,,,,,
ENANTA PHARMACEUTICALS INC,0.011195326686123197,Reduce 16.18%,557600.0,14.58,8129808.0,,,,,
BRIDGEWATER BANCSHARES INC,0.011182267917334992,Add 22.78%,385947.0,21.04000031092352,8120325.0,,,,,
VIRGIN GALACTIC HOLDINGS INC,0.011175478954968034,Buy 100%,2808095.0,2.8900001602509886,8115395.0,,,,,
COSAN S A,0.011102253179336604,Reduce 26.54%,2799382.0,2.879999942844528,8062220.0,,,,,
FATE THERAPEUTICS INC,0.011092068358714695,Add 0.29%,2983268.0,2.7000001340811486,8054824.0,,,,,
DYNE THERAPEUTICS INC,0.01102800699374292,Reduce 32.43%,360572.0,22.209999667195458,8008304.0,,,,,
HOPE BANCORP INC,0.01102619201354015,Reduce 11.00%,585306.0,13.679999863319358,8006986.0,,,,,
EDITAS MEDICINE INC,0.011015605088047825,Reduce 37.84%,2468919.0,3.2400001782156482,7999298.0,,,,,
ALIGHT INC,0.011015099702816857,Add 137.31%,14283805.0,0.5600000140018714,7998931.0,,,,,
ALLOGENE THERAPEUTICS INC,0.010982653144745813,Add 79.23%,3834312.0,2.0800000104321192,7975369.0,,,,,
ADAPTHEALTH CORP,0.01096760863889206,Add 234.69%,764342.0,10.420000470993351,7964444.0,,,,,
FIVERR INTL LTD,0.010905228678190073,Add 4.88%,767359.0,10.320000156380521,7919145.0,,,,,
BANCO SANTANDER CHILE NEW,0.010882863660380387,Reduce 55.87%,239991.0,32.93000154172448,7902904.0,,,,,
ASSOCIATED BANC-CORP,0.010878331718159362,Add 56.90%,256731.0,30.770000506366586,7899613.0,,,,,
HELIX ENERGY SOLUTIONS GRP I,0.01085764397340504,Reduce 6.66%,902127.0,8.740000022169827,7884590.0,,,,,
QUANTUMSCAPE CORP,0.01084062061584311,Reduce 87.07%,1041300.0,7.56,7872228.0,,,,,
NEWMARKET CORP,0.010821848377509163,Reduce 69.99%,9932.0,791.2400322190898,7858596.0,,,,,
ZENTALIS PHARMACEUTICALS INC,0.010746704341314412,Reduce 16.98%,1609078.0,4.849999813557826,7804028.0,,,,,
IMPERIAL OIL LTD,0.010735693277808085,"Add 3,766.39%",69595.0,112.02000143688484,7796032.0,,,,,
ABCELLERA BIOLOGICS INC,0.01071195394266732,Reduce 34.40%,990929.0,7.850000353203913,7778793.0,,,,,
OLLIES BARGAIN OUTLET HLDGS,0.010703381672741498,Buy 100%,101100.0,76.88,7772568.0,,,,,
FORTUNA MNG CORP,0.010698371886718985,Add 1.55%,919400.0,8.45,7768930.0,,,,,
ATLANTIC UN BANKSHARES CORP,0.01066823605458136,Buy 100%,183102.0,42.310002075345984,7747046.0,,,,,
FREQUENCY ELECTRS INC,0.01064088879217864,Reduce 24.91%,116461.0,66.3499969947021,7727187.0,,,,,
GOLD ROYALTY CORP,0.010611499332779939,Add 38.43%,2791973.0,2.7599998280785667,7705845.0,,,,,
ERIE INDTY CO,0.010561920628500514,Add 76.44%,31991.0,239.74999218530212,7669842.0,,,,,
INFORMATION SVCS GROUP INC,0.010545481149243571,Reduce 1.36%,1863237.0,4.109999962430973,7657904.0,,,,,
ARROW FINL CORP,0.010539683678337915,Reduce 18.92%,186721.0,40.99000112467264,7653694.0,,,,,
EVERSPIN TECHNOLOGIES INC,0.010534358542947847,Reduce 5.38%,316370.0,24.180001264342383,7649827.0,,,,,
NUVATION BIO INC,0.01052805844095417,Add 140.71%,1345995.0,5.680000297177924,7645252.0,,,,,
REGIONAL MGMT CORP,0.010526732321124683,Reduce 16.88%,185541.0,41.19999892207113,7644289.0,,,,,
FIRST BUSINESS FINL SVCS INC,0.010513998541204347,Reduce 1.31%,120865.0,63.16999958631531,7635042.0,,,,,
IBOTTA INC,0.010493993823901145,Reduce 6.78%,223083.0,34.15999874486178,7620515.0,,,,,
ENVELA CORP,0.010454094555012663,Add 0.71%,262865.0,28.87999923915318,7591541.0,,,,,
RHYTHM PHARMACEUTICALS INC,0.010439907964687228,Reduce 73.54%,68281.0,111.02999370249411,7581239.0,,,,,
SIERRA BANCORP,0.01042952209163011,Add 2.75%,185812.0,40.75999935418595,7573697.0,,,,,
COOPER-STANDARD HOLDINGS INC,0.010388964582577043,Reduce 13.84%,278900.0,27.05,7544245.0,,,,,
PARKE BANCORP INC,0.010335839919251997,Add 13.77%,226347.0,33.160002120637785,7505667.0,,,,,
NEXA RES S A,0.010328843019092461,Reduce 30.35%,612793.0,12.239999477800824,7500586.0,,,,,
DHI GROUP INC,0.01028545700523174,Add 11.76%,2013229.0,3.7100002036529376,7469080.0,,,,,
THE REAL BROKERAGE INC,0.010276241642927546,Add 128.17%,4100213.0,1.8200000829225214,7462388.0,,,,,
TAT TECHNOLOGIES LTD,0.01024150363792372,Reduce 24.19%,154202.0,48.22999701689991,7437162.0,,,,,
SOUTHERN COPPER CORP,0.010235615280300777,Add 957.10%,42654.0,174.2599990622216,7432886.0,,,,,
THE ONCOLOGY INSTITUTE INC,0.01021361243228876,Add 51.30%,1365913.0,5.43000030016553,7416908.0,,,,,
ONE STOP SYS INC,0.010210840387411543,Add 56.89%,407860.0,18.18000049036434,7414895.0,,,,,
NACCO INDS INC,0.010187975492656785,Reduce 4.34%,147818.0,50.050000676507594,7398291.0,,,,,
BRAINSWAY LTD,0.010164879249894392,Reduce 8.20%,475920.0,15.509999579761304,7381519.0,,,,,
KODIAK SCIENCES INC,0.010150713315641066,Reduce 35.71%,189200.0,38.96,7371232.0,,,,,
PELAGOS INS CAP LTD,0.010114599616234687,Buy 100%,301643.0,24.34999983424114,7345007.0,,,,,
GENIE ENERGY LTD,0.010089866035489673,Add 0.85%,507062.0,14.450000197214543,7327046.0,,,,,
NEOS ETF TRUST,0.010082421587101079,"Add 1,233.33%",132000.0,55.4669696969697,7321640.0,,,,,
TRINET GROUP INC,0.010065942172771389,Reduce 34.65%,147700.0,49.49,7309673.0,,,,,
SEABRIDGE GOLD INC,0.010041800732760205,Reduce 2.55%,283300.0,25.74,7292142.0,,,,,
AMERISAFE INC,0.010034695043954222,Reduce 17.59%,215400.0,33.83,7286982.0,,,,,
LENDINGTREE INC,0.01002073842456495,Reduce 36.88%,164300.0,44.29,7276847.0,,,,,
COMMUNITY TR BANCORP INC,0.01001202018506288,Reduce 24.42%,100477.0,72.36000278670741,7270516.0,,,,,
CMB.TECH NV,0.009997344734364165,Reduce 63.15%,518932.0,13.990000616651121,7259859.0,,,,,
HCA HEALTHCARE INC,0.009986458984361976,Buy 100%,18600.0,389.89,7251954.0,,,,,
UNIFIRST CORP MASS,0.009985824154412449,Buy 100%,27420.0,264.459992706054,7251493.0,,,,,
MISSION PRODUCE INC,0.009975230343562753,Add 304.48%,614402.0,11.790000683591526,7243800.0,,,,,
MEDIAALPHA INC,0.009942863655637202,Reduce 20.14%,574407.0,12.570000017409258,7220296.0,,,,,
NCR ATLEOS CORPORATION,0.009941193267939206,Add 104.05%,166300.0,43.41,7219083.0,,,,,
TORM PLC,0.00993427486085369,Reduce 34.12%,276825.0,26.059998193804752,7214059.0,,,,,
CRITICAL METALS CORP,0.009931287992826525,Buy 100%,703599.0,10.250000355316025,7211890.0,,,,,
HAWAIIAN ELEC INDS INC MTN B,0.009915831742602037,Reduce 19.75%,532200.0,13.53,7200666.0,,,,,
FIRST FINANCIAL CORPORATION,0.009904015092283404,Reduce 20.06%,92873.0,77.43999870791296,7192085.0,,,,,
SENSIENT TECHNOLOGIES CORP,0.009898123980517513,Add 32.20%,58300.0,123.29,7187807.0,,,,,
ZIPRECRUITER INC,0.0098736024687795,Reduce 0.46%,1912000.0,3.75,7170000.0,,,,,
NATIONAL ENERGY SERVICES REU,0.00985629268035097,Buy 100%,239139.0,29.929998870949532,7157430.0,,,,,
SUN LIFE FINANCIAL INC.,0.009830865055583046,Buy 100%,91035.0,78.42000329543582,7138965.0,,,,,
CHAMPION HOMES INC,0.009829150601597881,Add 425.97%,81000.0,88.12,7137720.0,,,,,
GROUP 1 AUTOMOTIVE INC,0.009815547889577433,Add 577.18%,24480.0,291.1700163398693,7127842.0,,,,,
USA TODAY CO INC,0.009814997060987823,Reduce 10.56%,833619.0,8.549999460185049,7127442.0,,,,,
EL POLLO LOCO HLDGS INC,0.009771787312275779,Add 36.64%,418400.0,16.96,7096064.0,,,,,
ESTABLISHMENT LABS HLDGS INC,0.009725103212234762,Add 47.49%,82300.0,85.81,7062163.0,,,,,
1ST SOURCE CORP,0.009707990345027017,Reduce 29.64%,86415.0,81.5800034716195,7049736.0,,,,,
ANIKA THERAPEUTICS INC,0.009698894787941064,Reduce 4.14%,481417.0,14.630000602388366,7043131.0,,,,,
BIT DIGITAL INC,0.009697024724879332,Reduce 46.84%,3912096.0,1.8000000511234897,7041773.0,,,,,
KINGSTONE COS INC,0.009693189580824166,Reduce 6.00%,369889.0,19.03000089215954,7038988.0,,,,,
Q2 HLDGS INC,0.009683869561087945,Reduce 31.65%,146200.0,48.1,7032220.0,,,,,
SYNDAX PHARMACEUTICALS INC,0.009681054826995033,Reduce 35.45%,321600.0,21.86,7030176.0,,,,,
NRC HEALTH,0.009665021583822927,Buy 100%,325384.0,21.570000368795025,7018533.0,,,,,
CALIFORNIA WTR SVC GROUP,0.009660610823891615,Add 43.63%,144200.0,48.65,7015330.0,,,,,
FULL TRUCK ALLIANCE CO LTD,0.009658856434833704,Reduce 38.15%,863800.0,8.12,7014056.0,,,,,
GREENBRIER COS INC,0.009637610976132402,Buy 100%,142800.0,49.01,6998628.0,,,,,
AVEANNA HEALTHCARE HLDGS INC,0.00963139487549864,Reduce 9.92%,816116.0,8.569999852962079,6994114.0,,,,,
DIGI INTL INC,0.009597019040292485,Reduce 7.10%,92984.0,74.95000215090768,6969151.0,,,,,
BAR HBR BANKSHARES,0.00959283962836881,Add 0.11%,184484.0,37.760000867283885,6966116.0,,,,,
COMMUNITY WEST BANCSHARES NE,0.009591948663125113,Add 80.45%,259325.0,26.859998071917477,6965469.0,,,,,
PAYMENTUS HOLDINGS INC,0.009591655346901146,Add 246.94%,288297.0,24.160001664949686,6965256.0,,,,,
BIOVENTUS INC,0.009567672270109477,Add 50.37%,736000.0,9.44,6947840.0,,,,,
GORMAN RUPP CO,0.009512840038156637,Reduce 46.23%,75300.0,91.74,6908022.0,,,,,
SMARTFINANCIAL INC,0.009509687921552587,Reduce 3.34%,147181.0,46.92000326129052,6905733.0,,,,,
TEJON RANCH CO,0.009493142407792143,Add 5.71%,368648.0,18.700001085045898,6893718.0,,,,,
BANK OF N T BUTTERFIELD &AMP; SO,0.009463579437387714,Add 203.95%,115500.0,59.5,6872250.0,,,,,
ENERFLEX LTD,0.009435748822897612,Add 31.74%,279561.0,24.509999606525945,6852040.0,,,,,
FAIR ISAAC CORP,0.009411101997655463,Buy 100%,5720.0,1194.7800699300699,6834142.0,,,,,
PROTHENA CORP PLC,0.009404917569665603,Add 14.83%,697615.0,9.790000215018312,6829651.0,,,,,
D R HORTON INC,0.009384154085980211,Reduce 85.03%,41838.0,162.87998948324488,6814573.0,,,,,
CACTUS INC,0.009382800424721243,Buy 100%,133000.0,51.23,6813590.0,,,,,
ALLY FINL INC,0.009358584622850464,Buy 100%,147900.0,45.95,6796005.0,,,,,
DONEGAL GROUP INC,0.009347452377054422,Reduce 8.35%,359911.0,18.859998721906248,6787921.0,,,,,
RISKIFIED LTD,0.009331421888025266,Reduce 1.06%,1344500.0,5.04,6776280.0,,,,,
VONTIER CORPORATION,0.009276917399083243,Add 71.40%,232300.0,29.0,6736700.0,,,,,
RE/MAX HLDGS INC,0.009240660484243563,Reduce 4.62%,680565.0,9.860000146936736,6710371.0,,,,,
CENCORA INC,0.009204329207544288,Buy 100%,23620.0,282.98001693480103,6683988.0,,,,,
TURNING PT BRANDS INC,0.009196583180502881,Buy 100%,78745.0,84.80999428535145,6678363.0,,,,,
FUBOTV INC,0.009185661626642368,Add 15.15%,725047.0,9.199999448311626,6670432.0,,,,,
MECHANICS BANCORP,0.009171823435399861,Add 96.23%,418892.0,15.900000477450035,6660383.0,,,,,
MGE ENERGY INC,0.0091288849697682,Add 20.27%,81300.0,81.54,6629202.0,,,,,
APTIV PLC,0.009120209419481825,Add 40.13%,107900.0,61.38,6622902.0,,,,,
SAUL CTRS INC,0.009117310684028995,Reduce 5.04%,177074.0,37.390000790629905,6620797.0,,,,,
AVALO THERAPEUTICS INC,0.009090125916060213,Add 197.38%,357200.0,18.48,6601056.0,,,,,
ACACIA RESH CORP,0.00908083619189642,Add 0.53%,1415088.0,4.659999943466413,6594310.0,,,,,
TURKCELL ILETISIM,0.009071279315866668,Reduce 32.09%,1120301.0,5.88000010711407,6587370.0,,,,,
CAPITAL CITY BANK,0.009028908203682306,Reduce 24.13%,132671.0,49.420001356739604,6556601.0,,,,,
ATRICURE INC,0.009019980649316185,Reduce 24.17%,234100.0,27.98,6550118.0,,,,,
BAUSCH HEALTH COS INC,0.00899231390633149,Reduce 15.94%,1324549.0,4.930000324638802,6530027.0,,,,,
ISHARES ETHEREUM TR,0.008988985524578766,"Add 3,488.24%",549000.0,11.89,6527610.0,,,,,
FIRST BUSEY CORP,0.00898187983577278,Reduce 41.01%,221100.0,29.5,6522450.0,,,,,
BICYCLE THERAPEUTICS PLC,0.008953189928682886,Add 56.58%,1533400.0,4.24,6501616.0,,,,,
GLOBALSTAR INC,0.008944176995885374,Add 253.54%,79900.0,81.29,6495071.0,,,,,
ADAPTIVE BIOTECHNOLOGIES COR,0.00894416184809916,Add 26.27%,302800.0,21.45,6495060.0,,,,,
FRANKLIN ELEC INC,0.008930301623713069,Add 124.91%,60500.0,107.19,6484995.0,,,,,
FUTUREFUEL CORP,0.008922002013939103,Reduce 9.15%,1433400.0,4.52,6478968.0,,,,,
FOX FACTORY HLDG CORP,0.008915940145310434,Reduce 22.00%,382093.0,16.945000300973845,6474566.0,,,,,
IVANHOE ELECTRIC INC,0.008895664144926848,Add 87.14%,672200.0,9.61,6459842.0,,,,,
EASTERN BANKSHARES INC,0.00887757906525844,Reduce 2.36%,289870.0,22.240000689964468,6446709.0,,,,,
SAVERS VALUE VLG INC,0.008871456605484914,Reduce 38.86%,638480.0,10.089999686756046,6442263.0,,,,,
WORTHINGTON STL INC,0.008838614827900822,Add 2.52%,191138.0,33.57999979072712,6418414.0,,,,,
SHORE BANCSHARES INC,0.008833733109525396,Reduce 19.59%,279515.0,22.94999910559362,6414869.0,,,,,
ALGONQUIN POWER &AMP; UTILITIES,0.008806033316825324,Reduce 43.97%,1091255.0,5.85999972508717,6394754.0,,,,,
AVANOS MED INC,0.008774379951923322,Buy 100%,256100.0,24.88,6371768.0,,,,,
WARBY PARKER INC,0.008746130707705115,Reduce 62.13%,209336.0,30.33999885351779,6351254.0,,,,,
TRAVELZOO,0.00870317434014429,Reduce 4.08%,541101.0,11.68000059138682,6320060.0,,,,,
WEAVE COMMUNICATIONS INC,0.00868945044583413,Reduce 29.20%,1053438.0,5.990000360723649,6310094.0,,,,,
WESTWOOD HLDGS GROUP INC,0.008668900408227211,Reduce 6.33%,328558.0,19.159999147791257,6295171.0,,,,,
MSC INDL DIRECT INC,0.008665160282103752,Buy 100%,52900.0,118.95,6292455.0,,,,,
WORKIVA INC,0.008653496486718737,Reduce 38.06%,129540.0,48.50999691215069,6283985.0,,,,,
GENCO SHIPPING &AMP; TRADING LTD,0.008627118682633734,Reduce 33.80%,252818.0,24.779999841783418,6264830.0,,,,,
C &AMP; F FINL CORP,0.008601629089649478,Reduce 3.34%,78079.0,80.0,6246320.0,,,,,
WELLS FARGO &AMP; CO,0.008599505645436527,Add 126.23%,75567.0,82.63895615811134,6244778.0,,,,,
ESPEY MFG &AMP; ELECTRS CORP,0.008598644975765261,Reduce 10.17%,92712.0,67.34999784278195,6244153.0,,,,,
MARCUS &AMP; MILLICHAP INC,0.008592088738477412,Reduce 8.89%,200173.0,31.169997951771716,6239392.0,,,,,
HIVE DIGITAL TECHNOLOGIES LT,0.008570942428922243,Reduce 24.45%,1709900.0,3.64,6224036.0,,,,,
MIDDLESEX WTR CO,0.008569871067315448,Reduce 24.62%,110813.0,56.15999927806304,6223258.0,,,,,
ETHOS TECHNOLOGIES INC,0.008555676214561169,Add 328.12%,342500.0,18.14,6212950.0,,,,,
GRUPO SIMEC SAB DE C V,0.008552324422593386,Reduce 0.34%,206124.0,30.129999417826163,6210516.0,,,,,
BULLISH,0.008544779447987188,Add 68.86%,264833.0,23.42999928256675,6205037.0,,,,,
GROUPON INC,0.008522068785237522,Reduce 58.47%,257213.0,24.060000855322244,6188545.0,,,,,
VNET GROUP INC,0.008513050344154113,Buy 100%,768905.0,8.039999739889844,6181996.0,,,,,
AMPLIFY ETF TR,0.008452686416090104,Add 408.94%,219019.0,28.025700966582807,6138161.0,,,,,
CHEFS WHSE INC,0.008436324052835705,Buy 100%,63749.0,96.10000156865206,6126279.0,,,,,
AFFIRM HLDGS INC,0.008400053367281286,"Add 1,167.80%",74800.0,81.55,6099940.0,,,,,
SOUTHERN MO BANCORP INC,0.008377258703171703,Reduce 12.79%,79824.0,76.20999949889757,6083387.0,,,,,
AXT INC,0.008367559988780124,Buy 100%,84300.0,72.08,6076344.0,,,,,
ALBANY INTL CORP,0.00833045617498392,Reduce 15.33%,81200.0,74.5,6049400.0,,,,,
FULCRUM THERAPEUTICS INC,0.008305046452145158,"Add 12,016.18%",1647800.0,3.66,6030948.0,,,,,
GILAT SATELLITE NETWORKS LTD,0.008303798825389688,Reduce 24.36%,453046.0,13.309999426106842,6030042.0,,,,,
AMERICAN COASTAL INS CORP,0.008290225031870196,Add 0.58%,542359.0,11.100000184379718,6020185.0,,,,,
AMTECH SYS INC,0.008282758550338018,Add 141.09%,260605.0,23.079998465110034,6014763.0,,,,,
1ST FINL BANCORP,0.008273825487686,Reduce 34.78%,177602.0,33.83000191439286,6008276.0,,,,,
GENTHERM INC,0.008266210282434626,Reduce 35.17%,175982.0,34.109999886352014,6002746.0,,,,,
GRAN TIERRA ENERGY INC,0.008265527254983508,Add 23.65%,960360.0,6.25,6002250.0,,,,,
VAALCO ENERGY INC,0.008265392301979053,Reduce 9.19%,1181526.0,5.079999932290953,6002152.0,,,,,
LIMBACH HLDGS INC,0.008246409371709578,Reduce 40.25%,77771.0,77.0,5988367.0,,,,,
DRDGOLD LIMITED,0.008239839363706992,Reduce 19.66%,280920.0,21.3,5983596.0,,,,,
CULLEN FROST BANKERS INC,0.008213504248837685,Reduce 58.00%,38600.0,154.52,5964472.0,,,,,
HELEN OF TROY LTD,0.008198845322996659,Add 417.07%,204810.0,29.07000146477223,5953827.0,,,,,
RICHARDSON ELECTRS LTD,0.008198388135267281,Reduce 8.82%,313177.0,19.010000734408976,5953495.0,,,,,
FASTLY INC,0.008196759059713506,Reduce 37.46%,324200.0,18.36,5952312.0,,,,,
CULLINAN THERAPEUTICS INC,0.00819526631423566,Add 0.83%,326811.0,18.209999051439517,5951228.0,,,,,
FIRST HAWAIIAN INC,0.008166474503856685,Reduce 18.68%,202400.0,29.3,5930320.0,,,,,
INHIBRX BIOSCIENCES INC,0.008115832700399311,Add 23.95%,62201.0,94.75000401922799,5893545.0,,,,,
FIRST CMNTY CORP S C,0.008075103057411992,Add 43.17%,179436.0,32.679997324951515,5863968.0,,,,,
HOST HOTELS &AMP; RESORTS INC,0.00807485931576109,Reduce 72.87%,247313.0,23.709999070004407,5863791.0,,,,,
GERON CORP,0.008071181157853961,Add 154.46%,4579000.0,1.28,5861120.0,,,,,
GENCOR INDS INC,0.008068110288466879,Add 2.53%,392687.0,14.919999898137702,5858890.0,,,,,
FLOWERS FOODS INC,0.00806452439434851,Reduce 50.96%,741302.0,7.900000269795576,5856286.0,,,,,
CRYOPORT INC,0.008051405034415447,Add 1.17%,372405.0,15.700001342624294,5846759.0,,,,,
ALAMO GROUP INC,0.007973309934051855,Add 114.63%,35200.0,164.49,5790048.0,,,,,
EQUIFAX INC,0.007954810355869766,Buy 100%,36395.0,158.71998900947932,5776614.0,,,,,
OPTIMUM COMMUNICATIONS INC,0.007940889540338818,Add 1.15%,3976900.0,1.45,5766505.0,,,,,
PENNYMAC FINL SVCS INC NEW,0.007928227368135133,Buy 100%,66100.0,87.1,5757310.0,,,,,
THREDUP INC,0.007908576558200755,Reduce 40.60%,838400.0,6.85,5743040.0,,,,,
DIANA SHIPPING INC,0.007896717218666428,Reduce 8.50%,2730680.0,2.1,5734428.0,,,,,
MADISON SQUARE GARDEN ENTMT,0.007886504856615037,Reduce 62.70%,70800.0,80.89,5727012.0,,,,,
EMERGENT BIOSOLUTIONS INC,0.007884574202408451,Add 4.15%,683247.0,8.380000204903936,5725610.0,,,,,
FVCBANKCORP INC,0.007868845292032104,Add 180.34%,326525.0,17.500001531276318,5714188.0,,,,,
RIGEL PHARMACEUTICALS INC,0.007856875786779854,Reduce 56.91%,145846.0,39.12000329114271,5705496.0,,,,,
THE REALREAL INC,0.007856442009265534,Reduce 70.61%,483900.0,11.79,5705181.0,,,,,
VIZSLA SILVER CORP,0.007842160401008394,Reduce 4.14%,1725700.0,3.3,5694810.0,,,,,
GRANITESHARES ETF TR,0.007834324864321176,Add 150.36%,335237.0,16.97044180684113,5689120.0,,,,,
ALEXANDERS INC,0.007824584837785377,Reduce 19.20%,20620.0,275.559990300679,5682047.0,,,,,
QUAD / GRAPHICS INC,0.007811502658782112,Reduce 6.85%,672900.0,8.43,5672547.0,,,,,
INTEGRA RES CORP,0.007796343855996013,Add 18.94%,2494070.0,2.2700000400951055,5661539.0,,,,,
ENSIGN GROUP INC,0.007792282872219105,Add 64.95%,35300.0,160.3,5658590.0,,,,,
SIMMONS FIRST NATL CORP,0.007783849686512159,Reduce 18.09%,249557.0,22.64999979964497,5652466.0,,,,,
MAMAS CREATIONS INC,0.007777341646725904,Reduce 12.26%,316400.0,17.85,5647740.0,,,,,
STRATTEC SEC CORP,0.007762316419872786,Reduce 26.22%,69206.0,81.45000433488426,5636829.0,,,,,
OLIN CORP,0.007737723300418123,Buy 100%,283500.0,19.82,5618970.0,,,,,
DESIGN THERAPEUTICS INC,0.007729641267937053,Reduce 4.97%,387913.0,14.469999716431262,5613101.0,,,,,
SS&AMP;C TECH HLDGS,0.007698800375204727,Buy 100%,90100.0,62.05,5590705.0,,,,,
EMPLOYERS HLDGS INC,0.007685530914480994,Add 13.16%,110560.0,50.4800018089725,5581069.0,,,,,
INTERACTIVE BROKERS GROUP IN,0.007659073240250497,Reduce 86.16%,63900.0,87.04,5561856.0,,,,,
C4 THERAPEUTICS INC,0.007651693514221183,Reduce 51.67%,1189828.0,4.6700002017098265,5556497.0,,,,,
GLOBAL X FDS,0.007596767641408109,Add 34.23%,94900.0,58.13077976817703,5516611.0,,,,,
TILLYS INC,0.007592332094190265,Add 54.56%,1312712.0,4.199999695287314,5513390.0,,,,,
BANKWELL FINL GROUP INC,0.0075844896721456775,Reduce 12.83%,93748.0,58.75,5507695.0,,,,,
BARCLAYS PLC,0.0075820508785651745,Reduce 94.69%,204986.0,26.860000195135278,5505924.0,,,,,
MFA FINL INC,0.007572952567336272,Reduce 26.96%,567525.0,9.689999559490772,5499317.0,,,,,
CANADIAN NATL RY CO,0.007569712318157885,Reduce 89.99%,46100.0,119.24,5496964.0,,,,,
UFP INDUSTRIES INC,0.007559805665973728,Reduce 3.97%,60500.0,90.74,5489770.0,,,,,
RED CAT HLDGS INC,0.007540074985893858,Reduce 63.69%,514126.0,10.650000194504848,5475442.0,,,,,
ADMA BIOLOGICS INC,0.007521118219982391,Reduce 48.32%,652530.0,8.369999846750341,5461676.0,,,,,
KAMADA LTD,0.007504141682850575,Reduce 2.69%,742418.0,7.339999838365988,5449348.0,,,,,
FIRST FINL BANKSHARES INC,0.007442791771611163,Add 68.31%,156208.0,34.60000128034416,5404797.0,,,,,
BLACKSKY TECHNOLOGY INC,0.007442771115539051,Buy 100%,193581.0,27.92000247958219,5404782.0,,,,,
TERNIUM SA,0.007438320420534993,Reduce 32.24%,126500.0,42.7,5401550.0,,,,,
CADRE HLDGS INC,0.007425851038337672,Add 13.12%,189144.0,28.50999767373007,5392495.0,,,,,
ORION PROPERTIES INC,0.00742539247353682,Add 9.36%,1865800.0,2.89,5392162.0,,,,,
VIANT TECHNOLOGY INC,0.007422251373504563,Reduce 3.63%,425741.0,12.659999859069247,5389881.0,,,,,
COHU INC,0.007379003066791245,Reduce 14.20%,72500.0,73.91,5358475.0,,,,,
GINKGO BIOWORKS HOLDINGS INC,0.007367295205119061,Add 437.41%,539856.0,9.910000074093832,5349973.0,,,,,
DOUGLAS ELLIMAN INC,0.007360080727666629,Reduce 4.17%,3019624.0,1.7699998410398117,5344734.0,,,,,
STANDEX INTL CORP,0.007348653788575146,Buy 100%,14920.0,357.6699731903485,5336436.0,,,,,
FINANCIAL INSTITUTIONS INC,0.007346881497588072,Reduce 32.54%,136904.0,38.97000087652662,5335149.0,,,,,
J JILL INC,0.007338614937529482,Reduce 5.57%,335800.0,15.87,5329146.0,,,,,
IMMUNOME INC,0.007327192129652421,Add 264.43%,251102.0,21.189998486670756,5320851.0,,,,,
GE VERNOVA INC,0.00731420634565234,Buy 100%,4520.0,1175.0931415929203,5311421.0,,,,,
SERVICE PPTYS TR,0.007298491205990734,"Add 2,496.11%",3136100.0,1.69,5300009.0,,,,,
COGNYTE SOFTWARE LTD,0.0072956544387542364,Add 16.63%,603411.0,8.780000696042995,5297949.0,,,,,
OPPFI INC,0.007288521208518773,Reduce 15.44%,533008.0,9.929999174496443,5292769.0,,,,,
NETGEAR INC,0.007284307369808248,Reduce 59.36%,226540.0,23.35,5289709.0,,,,,
ANI PHARMACEUTICALS INC,0.007261416310695483,Reduce 65.77%,63700.0,82.78,5273086.0,,,,,
SUZANO S A,0.007248364427264648,Reduce 5.04%,678300.0,7.76,5263608.0,,,,,
ATEA PHARMACEUTICALS INC,0.007243506119104277,Reduce 3.02%,1131200.0,4.65,5260080.0,,,,,
TIDAL TRUST II,0.007241523136181677,Add 64.38%,269917.0,19.48243348881323,5258640.0,,,,,
NEPTUNE INS HLDGS INC,0.007229813897438019,Add 3.71%,166671.0,31.500002999922003,5250137.0,,,,,
INFUSYSTEM HLDGS INC,0.007215905475550338,Reduce 4.20%,543009.0,9.650000276238515,5240037.0,,,,,
ACME UTD CORP,0.007202697983042936,Reduce 5.96%,109607.0,47.71999963505981,5230446.0,,,,,
XPLR INFRASTRUCTURE LP,0.007178241193664202,Add 48.61%,441379.0,11.810000022656267,5212686.0,,,,,
UNIVERSAL INS HLDGS INC,0.007153632926423325,Reduce 46.19%,125600.0,41.36,5194816.0,,,,,
PLAYTIKA HLDG CORP,0.007118994070565629,Add 0.17%,1389694.0,3.720000230266519,5169662.0,,,,,
INDUSTRIAL LOGISTICS PPTYS T,0.007112941841437277,Add 26.87%,582330.0,8.869999828276063,5165267.0,,,,,
SHATTUCK LABS INC,0.007108031204560893,Add 23.04%,743761.0,6.939999542863904,5161701.0,,,,,
YORK WTR CO,0.007100776792035715,Reduce 17.55%,168236.0,30.6499976223876,5156433.0,,,,,
BCB BANCORP INC,0.0070946281679041805,Add 39.22%,480594.0,10.720000665842687,5151968.0,,,,,
STEWART INFORMATION SVCS COR,0.007071220706988656,Reduce 3.00%,77779.0,66.02000539991515,5134970.0,,,,,
KINETIK HOLDINGS INC,0.0070628260792829824,Buy 100%,106100.0,48.34,5128874.0,,,,,
TTM TECHNOLOGIES INC,0.007048609193385119,Reduce 92.62%,27369.0,187.01998611567834,5118550.0,,,,,
BASSETT FURNITURE INDS INC,0.0070409416594177324,Reduce 5.13%,288543.0,17.72000013862752,5112982.0,,,,,
AFYA LTD,0.00701558977358088,Reduce 9.42%,343300.0,14.84,5094572.0,,,,,
SAILPOINT INC,0.006983537057951408,Reduce 12.04%,346400.0,14.64,5071296.0,,,,,
FIRST TR EXCHANGE-TRADED FD,0.006958112187326433,Reduce 54.71%,98002.0,51.55846819452664,5052833.0,,,,,
ASTRONOVA INC,0.0069565753755614175,Add 55.73%,177440.0,28.47000112714157,5051717.0,,,,,
CONCRETE PUMPING HLDGS INC,0.00694418586350959,Add 38.76%,418483.0,12.0499996415625,5042720.0,,,,,
ANGEL STUDIOS INC.,0.0069400918300173055,Buy 100%,1373228.0,3.6700001747706863,5039747.0,,,,,
NEXTDOOR HOLDINGS INC,0.006939613986215817,Reduce 28.66%,2220000.0,2.27,5039400.0,,,,,
GCT SEMICONDUCTOR HLDG INC,0.00693361133166053,Buy 100%,1695300.0,2.97,5035041.0,,,,,
SCHOLAR ROCK HLDG CORP,0.006930112193045026,Buy 100%,91500.0,55.0,5032500.0,,,,,
CONNECTONE BANCORP INC,0.006897536190255423,Reduce 48.51%,149786.0,33.44000106819062,5008844.0,,,,,
PAR TECHNOLOGY CORP,0.006884723917261069,Reduce 30.54%,287000.0,17.42,4999540.0,,,,,
INFINITY NAT RES INC,0.00685911038784415,Add 16.35%,392200.0,12.7,4980940.0,,,,,
LIGHTSPEED COMMERCE INC,0.006851245932655977,Add 16.59%,474283.0,10.490000695787115,4975229.0,,,,,
COMPASS INC,0.006819545747323856,Reduce 90.40%,401639.0,12.330000323673747,4952209.0,,,,,
VARONIS SYS INC,0.0068067100641144435,Reduce 69.37%,117800.0,41.96,4942888.0,,,,,
RANGER ENERGY SVCS INC,0.0068033031892876985,Add 0.58%,308583.0,16.010000550905268,4940414.0,,,,,
ROCKET LAB CORP,0.006802994725277517,Buy 100%,48600.0,101.65,4940190.0,,,,,
3D SYS CORP DEL,0.0067884790148697895,Add 40.77%,1632334.0,3.020000196038311,4929649.0,,,,,
FS BANCORP INC,0.006784093042225011,Add 4.25%,113513.0,43.39999823808727,4926464.0,,,,,
ALLIENT INC,0.006772288785549644,Reduce 52.30%,47779.0,102.92999016304235,4917892.0,,,,,
FIRST UTD CORP,0.006754275313597886,Add 7.34%,111195.0,44.109995953055446,4904811.0,,,,,
VALARIS LTD,0.00673834121957191,Reduce 58.57%,67400.0,72.6,4893240.0,,,,,
CARIBOU BIOSCIENCES INC,0.006722090399106908,Add 7.07%,2773545.0,1.759999927890119,4881439.0,,,,,
U S PHYSICAL THERAPY,0.006714702410648749,Reduce 7.74%,70997.0,68.68000056340409,4876074.0,,,,,
NERDWALLET INC,0.0067128791680171355,Reduce 47.42%,527000.0,9.25,4874750.0,,,,,
REPUBLIC SVCS INC,0.006708020859856766,Reduce 92.51%,22861.0,213.0800052491142,4871222.0,,,,,
POWERFLEET INC,0.0066911613738002435,Reduce 17.12%,1268663.0,3.829999771412897,4858979.0,,,,,
VIEMED HEALTHCARE INC,0.006686040044988333,Reduce 3.69%,425900.0,11.4,4855260.0,,,,,
CRONOS GROUP INC,0.0066693967591532335,Reduce 13.31%,1742149.0,2.7799998737191824,4843174.0,,,,,
EVERGY INC,0.006605864189627486,Reduce 89.07%,55502.0,86.43000252243162,4797038.0,,,,,
EGAIN CORP,0.006602085505502754,Reduce 9.23%,760999.0,6.300000394218652,4794294.0,,,,,
BRT APARTMENTS CORP,0.006595007358126251,Reduce 2.72%,311591.0,15.370001059080654,4789154.0,,,,,
HAWKINS INC,0.006594478562680224,Buy 100%,33700.0,142.1,4788770.0,,,,,
CHESAPEAKE UTILS CORP,0.006586318037125134,Add 304.66%,39050.0,122.48,4782844.0,,,,,
FEDERAL AGRIC MTG CORP,0.006585816783108588,Buy 100%,24000.0,199.27,4782480.0,,,,,
CABALETTA BIO INC,0.006575217463972997,Reduce 24.62%,1535300.0,3.11,4774783.0,,,,,
PRICESMART INC,0.006563530258372923,Buy 100%,24400.0,195.34,4766296.0,,,,,
BURFORD CAPITAL LIMITED,0.006560079317259009,Add 21.22%,1161900.0,4.1,4763790.0,,,,,
URANIUM RTY CORP,0.006559641408530268,Add 770.89%,1713479.0,2.7800002217710285,4763472.0,,,,,
BED BATH &AMP; BEYOND INC,0.006533970042111441,Reduce 21.29%,819487.0,5.790000329474415,4744830.0,,,,,
SPROUT SOCIAL INC,0.006522613333665134,Reduce 13.80%,627362.0,7.549999840602395,4736583.0,,,,,
NORTHEAST CMNTY BANCORP INC,0.006517869322437107,Reduce 3.17%,170625.0,27.74000293040293,4733138.0,,,,,
NOVAVAX INC,0.006509135935148823,Add 0.88%,501783.0,9.420000279005068,4726796.0,,,,,
INGEVITY CORP,0.006498598584229562,Reduce 48.20%,63200.0,74.67,4719144.0,,,,,
CNB FINL CORP PA,0.0064963980240140655,Reduce 25.74%,139945.0,33.71000035728322,4717546.0,,,,,
FORTINET INC,0.006494453599092739,Reduce 50.00%,30700.0,153.62,4716134.0,,,,,
SOUTHSTATE BK CORP,0.006460123207245225,Buy 100%,46959.0,99.89999787048276,4691204.0,,,,,
PANGAEA LOGISTICS SOLUTION L,0.0063944534227917856,Reduce 4.25%,714387.0,6.500000699900754,4643516.0,,,,,
PAGERDUTY INC,0.00635783846936886,Reduce 38.57%,478438.0,9.650000627040495,4616927.0,,,,,
PONCE FINANCIAL GROUP INC,0.006346691075786605,Reduce 4.54%,231135.0,19.940000432647587,4608832.0,,,,,
BANCORP INC DEL,0.006318440454496924,Buy 100%,73249.0,62.639995085257134,4588317.0,,,,,
SELLAS LIFE SCIENCES GROUP I,0.006308327241591664,Buy 100%,310364.0,14.760001159928342,4580973.0,,,,,
IRHYTHM HOLDINGS INC,0.006306402095670974,Reduce 28.44%,38500.0,118.95,4579575.0,,,,,
HELMERICH &AMP; PAYNE INC,0.006275876552306199,Reduce 63.47%,139200.0,32.74,4557408.0,,,,,
WEST BANCORPORATION INC,0.006274737714197178,Reduce 5.86%,171752.0,26.530002561833342,4556581.0,,,,,
ARDELYX INC,0.006268737813784838,Reduce 29.85%,892593.0,5.099999663900569,4552224.0,,,,,
CHEMUNG FINL CORP,0.006231854331424476,Add 47.20%,60679.0,74.5800029664299,4525440.0,,,,,
LIBERTY CAP CORP,0.006211077077024345,Buy 100%,209200.0,21.56,4510352.0,,,,,
LAKELAND FINL CORP,0.0062017584343595986,Add 24.64%,72968.0,61.7200005481855,4503585.0,,,,,
FB BANCORP INC,0.0062003097551689215,Add 12.18%,298973.0,15.059998728982215,4502533.0,,,,,
PERIMETER SOLUTIONS INC,0.006197007537774203,Reduce 78.65%,126231.0,35.64999881170235,4500135.0,,,,,
LANTRONIX INC,0.006193435414370574,Add 10.82%,764888.0,5.879999424752382,4497541.0,,,,,
BALL CORP,0.006186906718512209,Buy 100%,72000.0,62.4,4492800.0,,,,,
CERTARA INC,0.006175869490647875,Add 93.15%,684700.0,6.55,4484785.0,,,,,
LIFEMD INC,0.006139587788521665,Reduce 3.47%,1079525.0,4.129999768416665,4458438.0,,,,,
RING ENERGY INC,0.006123087718119863,Add 154.10%,4117089.0,1.0799999708531927,4446456.0,,,,,
GERMAN AMERN BANCORP INC,0.006120507086177535,Reduce 14.28%,93649.0,47.460004911958485,4444582.0,,,,,
REPUBLIC BANCORP INC KY,0.006114352953760105,Add 6.05%,49100.0,90.43,4440113.0,,,,,
ADT INC DEL,0.006084024331616116,Reduce 49.70%,679706.0,6.5,4418089.0,,,,,
ANDERSEN GROUP INC,0.0060617639712384555,Add 88.23%,116700.0,37.72,4401924.0,,,,,
TRIO TECH INTL,0.006054298866777752,Add 9.63%,356859.0,12.320000336267265,4396503.0,,,,,
CASEYS GEN STORES INC,0.006032787633281963,Buy 100%,5512.0,794.7899129172714,4380882.0,,,,,
SIMILARWEB LTD,0.006024898390807256,Reduce 3.51%,713728.0,6.130000504393831,4375153.0,,,,,
DANAOS CORPORATION,0.006024818520661763,Reduce 57.34%,35753.0,122.37001090817554,4375095.0,,,,,
KINIKSA PHARMACEUTICALS INTL,0.0059951137118955085,Buy 100%,68077.0,63.94999779661266,4353524.0,,,,,
GRUPO AVAL ACCIONES Y VALORE,0.0059927602967463954,Reduce 3.42%,865172.0,5.029999815065675,4351815.0,,,,,
EUROSEAS LTD,0.005983254372361181,Reduce 35.03%,65465.0,66.3699992362331,4344912.0,,,,,
CENTURY ALUM CO,0.005974695873150099,Reduce 32.40%,94299.0,46.010000106045666,4338697.0,,,,,
HUYA INC,0.005967084799113146,Reduce 16.84%,1883987.0,2.2999999469210777,4333170.0,,,,,
ACLARIS THERAPEUTICS INC,0.005955474709515618,Add 62.65%,817531.0,5.290000012231952,4324739.0,,,,,
INDEPENDENT BK CORP MASS,0.005921328845245624,Buy 100%,51361.0,83.72000155760207,4299943.0,,,,,
SFL CORPORATION LTD,0.0059185471608680885,Reduce 3.70%,421365.0,10.2,4297923.0,,,,,
SANA BIOTECHNOLOGY INC,0.005916641293948034,Reduce 15.17%,1231100.0,3.49,4296539.0,,,,,
NORTHEAST BK PORTLAND ME,0.005916208893505189,Reduce 35.48%,32417.0,132.5299996915199,4296225.0,,,,,
QUANTA SVCS INC,0.005908625360897718,Buy 100%,5959.0,720.0399395871791,4290718.0,,,,,
TRONOX HOLDINGS PLC,0.0058880959793629105,Add 215.53%,678700.0,6.3,4275810.0,,,,,
WESTAMERICA BANCORPORATION,0.005857395547920935,Reduce 52.44%,72499.0,58.66999544821308,4253516.0,,,,,
ELECTROMED INC,0.005807770023211394,Reduce 19.60%,99704.0,42.29999799406242,4217479.0,,,,,
LADDER CAP CORP,0.005802176358883893,Add 488.62%,423459.0,9.949999881924814,4213417.0,,,,,
EASTERLY GOVT PPTYS INC,0.00579380238725033,Add 129.72%,168766.0,24.929997748361636,4207336.0,,,,,
PERMA-PIPE INTL HLDGS INC,0.0057893751024613305,Reduce 26.16%,154393.0,27.22999747397874,4204121.0,,,,,
OMADA HEALTH INC,0.005785393988829916,Reduce 51.06%,191400.0,21.95,4201230.0,,,,,
XPERI INC,0.005779789307930622,Reduce 7.31%,509983.0,8.22999982352353,4197160.0,,,,,
ASCENT INDUSTRIES CO,0.005778750996039205,Reduce 15.14%,279202.0,15.029999785101825,4196406.0,,,,,
LIFEVANTAGE CORP,0.005752258895021858,Reduce 22.85%,669418.0,6.239999521972818,4177168.0,,,,,
KFORCE INC,0.005747189894925961,Reduce 23.09%,88949.0,46.919999100608216,4173487.0,,,,,
TELOS CORP MD,0.005744967301566881,Reduce 18.95%,906929.0,4.599999558951142,4171873.0,,,,,
SILICOM LTD,0.00573025880115279,Add 241.24%,86800.0,47.94,4161192.0,,,,,
HCI GROUP INC,0.005726561364245025,Reduce 52.19%,23729.0,175.2499894643685,4158507.0,,,,,
RED RIVER BANCSHARES INC,0.005696683044473043,Add 885.22%,45320.0,91.28000882612533,4136810.0,,,,,
BGC GROUP INC,0.005690331990834826,Reduce 56.11%,386548.0,10.6899996895599,4132198.0,,,,,
ROCKET COS INC,0.005682963281377304,Reduce 88.01%,262022.0,15.750001908236714,4126847.0,,,,,
INVESCO ACTVELY MNGD ETC FD,0.005661598017457762,Buy 100%,258900.0,15.88,4111332.0,,,,,
I3 VERTICALS INC,0.005626210034718195,Buy 100%,191275.0,21.36,4085634.0,,,,,
VIRTUS INVT PARTNERS INC,0.0056178484567278985,Add 4.41%,28429.0,143.50001758767456,4079562.0,,,,,
FIRY INC,0.005617599206791099,Buy 100%,400725.0,10.180001247738474,4079381.0,,,,,
CURIOSITYSTREAM INC,0.00559707946475661,Reduce 13.61%,1528000.0,2.66,4064480.0,,,,,
BIOAGE LABS INC,0.00559271001696952,Add 19.56%,165700.0,24.51,4061307.0,,,,,
ANDERSONS INC,0.005585567147233738,Reduce 52.86%,59300.0,68.4,4056120.0,,,,,
COMPUGEN LTD,0.005532866621922693,Add 14.97%,1877500.0,2.14,4017850.0,,,,,
EIGHTCO HOLDINGS INC,0.005504087205186986,Add 848.80%,5746874.0,0.6955000231430165,3996951.0,,,,,
ACCO BRANDS CORP,0.00548764359471562,Add 7.05%,957935.0,4.160000417564866,3985010.0,,,,,
GARRETT MOTION INC,0.005478064685542281,Reduce 67.60%,109800.0,36.23,3978054.0,,,,,
NATIONAL HEALTH INVS INC,0.005471306018747754,Add 24.94%,52100.0,76.26,3973146.0,,,,,
WORTHINGTON ENTERPRISES INC,0.005463514548347704,Buy 100%,73800.0,53.76,3967488.0,,,,,
CONDUENT INC,0.0054625946646030535,Add 4.16%,2717000.0,1.46,3966820.0,,,,,
TMC THE METALS COMPANY INC,0.0054562215778212525,Add 22.52%,894400.0,4.43,3962192.0,,,,,
IMAX CORP,0.005434116826520158,Add 33.60%,99000.0,39.86,3946140.0,,,,,
INVESTAR HOLDING CORP,0.005432523554824708,Add 25.11%,131675.0,29.96,3944983.0,,,,,
ANAPTYSBIO INC,0.005419120518167995,Reduce 35.86%,58300.0,67.5,3935250.0,,,,,
STAG INDUSTRIAL INC,0.005412623494953531,Add 8.14%,103272.0,38.05999690138663,3930532.0,,,,,
NABORS INDUSTRIES LTD,0.005405510920790178,Add 178.12%,46725.0,84.0099946495452,3925367.0,,,,,
HERITAGE FINL CORP WASH,0.005402116439606699,Reduce 29.68%,132441.0,29.619996828776586,3922902.0,,,,,
PRICE T ROWE GROUP INC,0.005401294327936705,Reduce 60.07%,34500.0,113.69,3922305.0,,,,,
BARCLAYS BANK PLC,0.005381302004276768,Buy 100%,176903.0,22.089998473739847,3907787.0,,,,,
KARMAN HLDGS INC,0.005375734504307274,Buy 100%,78200.0,49.92,3903744.0,,,,,
NOVAGOLD RESOURCES INC,0.005365922870054826,Reduce 26.48%,652700.0,5.97,3896619.0,,,,,
RADCOM LTD,0.005364797802660545,Add 42.57%,276298.0,14.100000723856127,3895802.0,,,,,
DAQO NEW ENERGY CORP,0.0053643433690741165,Add 88.40%,290924.0,13.389998762563419,3895472.0,,,,,
CRICUT INC,0.0053618756569926585,Add 0.89%,886943.0,4.390000259317679,3893680.0,,,,,
LEGGETT &AMP; PLATT INC,0.0053391553547426735,Reduce 57.97%,331100.0,11.71,3877181.0,,,,,
MATRIX SVC CO,0.005330723546107201,Add 10.46%,282559.0,13.699998938274838,3871058.0,,,,,
DAUCH CORP,0.0053119278975581954,Reduce 61.74%,711699.0,5.420000590137122,3857409.0,,,,,
RENEW ENERGY GLOBAL PLC,0.0053068891930347275,Add 103.63%,616600.0,6.25,3853750.0,,,,,
STRATEGIC ED INC,0.005304892439397387,Reduce 53.88%,50278.0,76.61999283981065,3852300.0,,,,,
SELECT WATER SOLUTIONS INC,0.005303604877569171,Reduce 52.22%,192761.0,19.980001141309703,3851365.0,,,,,
KEROS THERAPEUTICS INC,0.005291011558939187,Reduce 20.82%,359086.0,10.69999944303036,3842220.0,,,,,
KAISER ALUMINIUM CORPORATION,0.005280171252295639,Reduce 42.04%,19600.0,195.63,3834348.0,,,,,
HALLADOR ENERGY COMPANY,0.005264927071078151,Reduce 28.68%,219855.0,17.389997953196424,3823278.0,,,,,
FIRST NORTHWEST BANCORP,0.005244462411902624,Add 4.14%,352305.0,10.809999858077518,3808417.0,,,,,
HANMI FINL CORP,0.005236175195771925,Reduce 36.74%,117358.0,32.399998295812814,3802399.0,,,,,
EVOLUTION PETE CORP,0.00521870979826683,Add 8.07%,1029814.0,3.6800004661035874,3789716.0,,,,,
PROCORE TECHNOLOGIES INC,0.005216148445325137,Buy 100%,93251.0,40.620004075023324,3787856.0,,,,,
HOMEBANCORP INC,0.005215391056014423,Reduce 39.57%,55273.0,68.52000072368064,3787306.0,,,,,
FARMLAND PARTNERS INC,0.005204052249497278,Add 351.85%,390400.0,9.68,3779072.0,,,,,
ETHAN ALLEN INTERIORS INC,0.005180650296867649,Reduce 35.52%,168401.0,22.339997981009613,3762078.0,,,,,
NELNET INC,0.005140938309699634,Reduce 41.67%,28000.0,133.33,3733240.0,,,,,
OPERA LTD,0.005131838621399258,Reduce 34.01%,187929.0,19.8299996275189,3726632.0,,,,,
OPPENHEIMER HLDGS INC,0.005130074592841029,Add 54.82%,35298.0,105.54000226641736,3725351.0,,,,,
CAPITAL GROUP GROWTH ETF,0.005125594979336016,Add 42.86%,78858.0,47.200005072408636,3722098.0,,,,,
OCULAR THERAPEUTIX INC,0.005121830065926024,Reduce 67.01%,378754.0,9.81999926073388,3719364.0,,,,,
BLACKROCK ETF TRUST,0.005113447831863616,Add 85.98%,66208.0,56.085019937167715,3713277.0,,,,,
CAPITAL GROUP CORE BALANCED,0.005070542415947331,Buy 100%,97000.0,37.96,3682120.0,,,,,
GRINDR INC,0.005067839224643816,"Add 1,430.23%",256100.0,14.37,3680157.0,,,,,
MARCUS CORP DEL,0.005065240690772325,Reduce 49.90%,156789.0,23.460000382679908,3678270.0,,,,,
BANK OF MARIN BANCORP,0.005049657749972226,Add 10.88%,132381.0,27.700002266186235,3666954.0,,,,,
COMMERCE.COM INC,0.005045435648832856,Reduce 1.14%,1237800.0,2.96,3663888.0,,,,,
EASTERN CO,0.0050407976721083304,Reduce 1.35%,131437.0,27.84999657630652,3660520.0,,,,,
PRIMIS FINANCIAL CORP,0.0050285913105625486,Reduce 17.43%,223070.0,16.370000448289776,3651656.0,,,,,
PROVIDENT FINL HLDGS INC,0.005005886156098777,Reduce 0.47%,211347.0,17.199998107377915,3635168.0,,,,,
TANGER INC,0.005004499445124432,Reduce 67.16%,92074.0,39.47000238938245,3634161.0,,,,,
BLACK DIAMOND THERAPEUTICS I,0.00499936021438336,Add 19.39%,1962394.0,1.8500000509581664,3630429.0,,,,,
ALPINE INCOME PPTY TR INC,0.004974312661342267,Add 43.56%,174000.0,20.76,3612240.0,,,,,
TWFG INC,0.004964473485660339,Add 26.68%,149900.0,24.05,3605095.0,,,,,
INTL GNRL INSURANCE HLDNGS L,0.0049624271574499335,Add 17.43%,137700.0,26.17,3603609.0,,,,,
SIRIUSPOINT LTD,0.004960332631737937,Add 752.77%,150087.0,24.0,3602088.0,,,,,
LEONARDO DRS INC,0.004958961068549806,Reduce 56.50%,84394.0,42.670000236983675,3601092.0,,,,,
RELAY THERAPEUTICS INC,0.004957161236133251,Reduce 71.44%,192399.0,18.70999849271566,3599785.0,,,,,
NPK INTERNATIONAL INC,0.004937612329487952,Reduce 37.77%,225367.0,15.910000133116206,3585589.0,,,,,
AMPCO-PITTSBURG CORP,0.004936421162662918,Reduce 2.08%,414419.0,8.649999155444128,3584724.0,,,,,
VERSABANK NEW,0.004925317835367832,Add 36.73%,154100.0,23.21,3576661.0,,,,,
CROWN HLDGS INC,0.004912093818002742,Reduce 94.18%,31900.0,111.82,3567058.0,,,,,
COMSTOCK RES INC,0.004904307855888589,Add 80.97%,238700.0,14.92,3561404.0,,,,,
GREENLIGHT CAP RE LTD,0.00488466668545453,Add 182.33%,219230.0,16.179998175432196,3547141.0,,,,,
MASTERCRAFT BOAT HLDGS INC,0.004882832426251125,Add 2.90%,137328.0,25.82000029127345,3545809.0,,,,,
KRONOS WORLDWIDE INC,0.00485644360559433,Reduce 3.85%,557132.0,6.33000078975898,3526646.0,,,,,
FORRESTER RESH INC,0.004843314606160948,Reduce 4.24%,418206.0,8.409998900063606,3517112.0,,,,,
PC CONNECTION INC,0.004824597450685962,Reduce 17.24%,48000.0,72.99,3503520.0,,,,,
ANTERIS TECHNOLOGIES GLOBAL,0.004781364291758859,Buy 100%,352500.0,9.85,3472125.0,,,,,
ACCELERANT HOLDINGS,0.004778840119746966,Add 7.05%,296100.0,11.72,3470292.0,,,,,
NN INC,0.0047756012476400525,Add 75.94%,966000.0,3.59,3467940.0,,,,,
ASTRANA HEALTH INC,0.004770617625975545,Reduce 28.60%,74646.0,46.410001875519114,3464321.0,,,,,
SR BANCORP INC,0.004769734923160694,Reduce 2.38%,176000.0,19.68,3463680.0,,,,,
RAPID7 INC,0.0047639484688268285,Add 186.27%,427096.0,8.100000936557588,3459478.0,,,,,
PRECIGEN INC,0.004751185770405539,Buy 100%,605300.0,5.7,3450210.0,,,,,
DUOS TECHNOLOGIES GROUP INC,0.004745939128089493,Add 8.62%,287200.0,12.0,3446400.0,,,,,
COSTAMARE BULKERS HLDGS LTD,0.004743080327709411,Reduce 4.06%,196146.0,17.560001223578354,3444324.0,,,,,
CHEGG INC,0.004724551831026367,Add 1.50%,3396900.0,1.01,3430869.0,,,,,
REYNOLDS CONSUMER PRODS INC,0.004714232057400003,Add 22.95%,127500.0,26.85,3423375.0,,,,,
GAOTU TECHEDU INC,0.0047135545382347805,Reduce 11.53%,2061978.0,1.6599997672138112,3422883.0,,,,,
HUMANA INC,0.004704202845854657,Buy 100%,8600.0,397.22,3416092.0,,,,,
WIPRO LTD,0.004684487313561002,Reduce 33.14%,1511900.0,2.25,3401775.0,,,,,
PURECYCLE TECHNOLOGIES INC,0.004680529610144645,Add 187.45%,419100.0,8.11,3398901.0,,,,,
UNISYS CORP,0.004675683695627542,Add 1.62%,927700.0,3.66,3395382.0,,,,,
KAYNE ANDERSON BDC INC,0.004673389494551811,Add 72.60%,250829.0,13.52999852489146,3393716.0,,,,,
SIMULATIONS PLUS INC,0.00466583350337382,Add 1.95%,185048.0,18.310000648480393,3388229.0,,,,,
EMPIRE ST RLTY TR INC,0.00466441787389852,Add 72.15%,626100.0,5.41,3387201.0,,,,,
KEWAUNEE SCIENTIFIC CORP,0.004662002490533075,Reduce 3.25%,95311.0,35.52000293775115,3385447.0,,,,,
STUBHUB HLDGS INC,0.0046593530050170456,Buy 100%,262900.0,12.87,3383523.0,,,,,
STOCK YDS BANCORP INC,0.004649201234110513,Add 480.08%,44150.0,76.47001132502831,3376151.0,,,,,
NORTHWEST BANCSHARES INC,0.0046422442690237245,Add 124.12%,222368.0,15.160000539645992,3371099.0,,,,,
CREXENDO INC,0.0046391169397062065,Add 30.06%,450981.0,7.4699998447828175,3368828.0,,,,,
CF BANKSHARES INC,0.004622005449569937,Add 8.41%,102423.0,32.770002831395296,3356402.0,,,,,
HERITAGE INSURANCE HLDGS INC,0.0046196203617769206,Reduce 25.44%,128630.0,26.079996890305527,3354670.0,,,,,
INTREPID POTASH INC,0.004617591935495678,Reduce 33.81%,102294.0,32.77999687176178,3353197.0,,,,,
VIASAT INC,0.004616655526893339,Buy 100%,37329.0,89.80998687347639,3352517.0,,,,,
ICL GROUP LTD,0.004600998224233642,Reduce 42.86%,670913.0,4.980000387531617,3341147.0,,,,,
FOX CORP,0.004598994585238932,Buy 100%,71300.0,46.84,3339692.0,,,,,
NKARTA INC,0.004589441840423601,Reduce 32.02%,1177652.0,2.8299998641364343,3332755.0,,,,,
TETRA TECHNOLOGIES INC DEL,0.004579641222742945,Buy 100%,293525.0,11.329999148283791,3325638.0,,,,,
VALENS SEMICONDUCTOR LTD,0.004569395810976178,Add 11.93%,1468229.0,2.260000313302625,3318198.0,,,,,
ROCKY BRANDS INC,0.004556579406767401,Reduce 3.95%,80235.0,41.239995014644485,3308891.0,,,,,
COMPANHIA SIDERURGICA NACION,0.004550437667993237,Reduce 28.05%,3611400.0,0.915,3304431.0,,,,,
SIDUS SPACE INC,0.004536793643828569,Buy 100%,1172428.0,2.8100002729378692,3294523.0,,,,,
GLOBAL NET LEASE INC,0.0045316860857314,Reduce 73.06%,368100.0,8.94,3290814.0,,,,,
TAYLOR DEVICES INC,0.004530176815395865,Add 12.89%,56062.0,58.67999714601691,3289718.0,,,,,
ARKO PETE CORP,0.004529635626306573,Buy 100%,174500.0,18.85,3289325.0,,,,,
NORTH AMERN CONSTR GROUP LTD,0.004523817499328805,Reduce 2.56%,247000.0,13.3,3285100.0,,,,,
DIEBOLD NIXDORF INC,0.00451923460546324,Reduce 47.70%,38600.0,85.02,3281772.0,,,,,
ISHARES GOLD TRUST MICRO,0.004506408561754145,Buy 100%,81791.0,40.010001100365564,3272458.0,,,,,
CONSUMER PORTFOLIO SVCS INC,0.004491866686988411,Reduce 4.55%,339958.0,9.59500291212444,3261898.0,,,,,
IMMUNOCORE HLDGS PLC,0.004477134776359261,Reduce 37.56%,102400.0,31.75,3251200.0,,,,,
FIRST BANCORP INC ME,0.004476433846978981,Reduce 4.80%,93357.0,34.820002785008086,3250691.0,,,,,
H2O AMERICA,0.004455788791440356,Reduce 66.28%,53245.0,60.77000657338717,3235699.0,,,,,
IHEARTMEDIA INC,0.004455710298366338,Reduce 8.99%,754229.0,4.289999456398521,3235642.0,,,,,
BITGO HOLDINGS INC,0.0044207120268539195,Buy 100%,619735.0,5.179999515922128,3210227.0,,,,,
VILLAGE FARMS INTL INC,0.00441975496217947,Add 21.75%,1604766.0,2.0,3209532.0,,,,,
RALLYBIO CORP,0.004404579634535684,Add 27.71%,199907.0,16.0,3198512.0,,,,,
NEW ERA ENERGY &AMP; DIGITAL INC,0.004378800856541883,Buy 100%,498400.0,6.38,3179792.0,,,,,
ENERGY SERVICES OF AMER CORP,0.0043787127239675455,Reduce 24.41%,164412.0,19.339999513417514,3179728.0,,,,,
CABLE ONE INC,0.004373548705939941,Add 10.95%,59800.0,53.11,3175978.0,,,,,
AUTOLUS THERAPEUTICS LTD,0.004372918007204836,Reduce 13.69%,1984700.0,1.6,3175520.0,,,,,
GRAYSCALE BITCOIN MINI TR ET,0.004365388180384852,Add 196.79%,122160.0,25.95,3170052.0,,,,,
SCHNEIDER NATIONAL INC,0.004361393296038698,Reduce 43.55%,86700.0,36.53,3167151.0,,,,,
TENAYA THERAPEUTICS INC,0.004357275852331354,Add 15.28%,4281100.0,0.7390999976641517,3164161.0,,,,,
CVR ENERGY INC,0.004351197458844995,Reduce 59.36%,114733.0,27.540001568859875,3159747.0,,,,,
ALPHA PRO TECH LTD,0.004346085769533404,Add 3.22%,561572.0,5.620000641057603,3156035.0,,,,,
KINGSWAY CORP,0.004345117688287162,Buy 100%,302815.0,10.419999009296104,3155332.0,,,,,
EAGLE BANCORP MONT INC,0.004327792752072419,Add 90.31%,131331.0,23.93000129443924,3142751.0,,,,,
GLADSTONE LD CORP,0.004309761378191498,Reduce 27.54%,366900.0,8.53,3129657.0,,,,,
MAGNACHIP SEMICONDUCTOR CORP,0.004309363404535504,"Add 1,763.66%",661600.0,4.73,3129368.0,,,,,
HORIZON BANCORP IND,0.004278409591942307,Add 1.35%,155500.0,19.98,3106890.0,,,,,
CUMBERLAND PHARMACEUTICALS I,0.004267742796304487,Add 1.61%,478263.0,6.479999498184053,3099144.0,,,,,
NEXPOINT RESIDENTIAL TR INC,0.004260558614424484,Reduce 15.15%,110814.0,27.920001082895663,3093927.0,,,,,
TIPTREE INC,0.004259271052596268,Buy 100%,172600.0,17.92,3092992.0,,,,,
I-80 GOLD CORP,0.004255380825682139,Add 0.25%,2145949.0,1.4400002050374916,3090167.0,,,,,
CURBLINE PPTYS CORP,0.0042460360186593864,Reduce 70.39%,101427.0,30.400001971861535,3083381.0,,,,,
CENTURY THERAPEUTICS INC,0.004243259842567747,Add 38.69%,1257700.0,2.45,3081365.0,,,,,
JOHNSON OUTDOORS INC,0.004241484797437725,Reduce 15.10%,66900.0,46.04,3080076.0,,,,,
WAFD INC,0.004239158923718091,Add 589.90%,80229.0,38.370003365366635,3078387.0,,,,,
REGENXBIO INC,0.004234629735640014,Reduce 15.92%,256686.0,11.979998909173075,3075098.0,,,,,
AKTIS ONCOLOGY INC,0.00423413949819526,Buy 100%,95400.0,32.23,3074742.0,,,,,
INOGEN INC,0.004234102317265461,Reduce 0.44%,476700.0,6.45,3074715.0,,,,,
BLACK ROCK COFFEE BAR INC,0.004208137634622667,Add 77.56%,368620.0,8.290000542564158,3055860.0,,,,,
BYLINE BANCORP INC,0.004179957243978161,Buy 100%,80600.0,37.66,3035396.0,,,,,
SIGMA LITHIUM CORPORATION,0.004175563008904539,Buy 100%,239700.0,12.65,3032205.0,,,,,
LIBERTY LIVE HOLDINGS INC,0.004160551552766161,Buy 100%,28600.0,105.64,3021304.0,,,,,
ZILLOW GROUP INC,0.004155718031892323,Reduce 56.42%,96200.0,31.37,3017794.0,,,,,
SONIC AUTOMOTIVE INC,0.0041450471050400815,Reduce 59.72%,35500.0,84.79,3010045.0,,,,,
GIBRALTAR INDS INC,0.0041404779818892574,Add 330.12%,66668.0,45.10000299994,3006727.0,,,,,
TOWNSQUARE MEDIA INC,0.004132526771198221,Reduce 3.85%,424463.0,7.069999034073641,3000953.0,,,,,
VALKYRIE ETF TRUST II,0.004129286522019833,Buy 100%,47544.0,63.069998317348144,2998600.0,,,,,
VICTORY CAP HLDGS INC DEL,0.0041209359606013286,Buy 100%,35600.0,84.06,2992536.0,,,,,
BANK FIRST CORP,0.004106199918757757,Reduce 40.53%,20100.0,148.35,2981835.0,,,,,
IMPERIAL PETE INC,0.004104460677486059,Add 17.74%,646545.0,4.609999303992762,2980572.0,,,,,
KYVERNA THERAPEUTICS INC,0.004096842718091738,Reduce 9.14%,333899.0,8.909999730457415,2975040.0,,,,,
LIGHTBRIDGE CORP,0.004096148674068828,Reduce 48.25%,338400.0,8.79,2974536.0,,,,,
JANUS DETROIT STR TR,0.004094135395573799,Add 17.38%,66083.0,44.98999742747757,2973074.0,,,,,
CERENCE INC,0.004093028230108681,Add 723.92%,262568.0,11.320000914048933,2972270.0,,,,,
INNOVAGE HLDG CORP,0.004073585357966882,Reduce 32.68%,249633.0,11.849999799705968,2958151.0,,,,,
AGORA INC,0.004063193976623868,Add 49.05%,739500.0,3.99,2950605.0,,,,,
DOUBLEDOWN INTERACTIVE CO LT,0.0040580189420244715,Add 250.41%,256694.0,11.479999532517317,2946847.0,,,,,
HIPPO HLDGS INC,0.004047423754103301,Reduce 38.68%,104004.0,28.25999961539941,2939153.0,,,,,
XMAX INC,0.004047371425387288,Reduce 29.89%,323335.0,9.089999536084866,2939115.0,,,,,
SASOL LTD,0.004039272868048531,Reduce 14.78%,298700.0,9.82,2933234.0,,,,,
LATHAM GROUP INC,0.004035181588699194,Reduce 8.96%,452900.0,6.47,2930263.0,,,,,
CYTEK BIOSCIENCES INC,0.004034212130381479,Reduce 2.28%,661300.0,4.43,2929559.0,,,,,
CAE INC,0.0040335635297172115,Reduce 55.37%,116883.0,25.060000171111284,2929088.0,,,,,
AMREP CORP,0.004021704190182884,Reduce 2.85%,115800.0,25.22,2920476.0,,,,,
BOWMAN CONSULTING GROUP LTD,0.004017992982560379,Add 0.55%,99924.0,29.200002001521156,2917781.0,,,,,
INNOVIZ TECHNOLOGIES LTD,0.004013155330472119,Add 24.44%,3828518.0,0.7612000257018512,2914268.0,,,,,
AUNA S A,0.003999143628223886,Reduce 15.31%,566100.0,5.13,2904093.0,,,,,
ARK ETF TR,0.003997528323384851,Reduce 47.09%,61900.0,46.89693053311793,2902920.0,,,,,
OMEGA HEALTHCARE INVS INC,0.0039971744160160255,Reduce 90.27%,60878.0,47.67999934294819,2902663.0,,,,,
W &AMP; T OFFSHORE INC,0.003994223351847184,Add 55.99%,920800.0,3.15,2900520.0,,,,,
BENCHMARK ELECTRS INC,0.003977487802223324,Buy 100%,29273.0,98.67000307450552,2888367.0,,,,,
BYRNA TECHNOLOGIES INC,0.003971850071608654,Add 12.43%,429847.0,6.709999139228609,2884273.0,,,,,
VERSIGENT PLC,0.003962777924737759,Buy 100%,68500.0,42.01,2877685.0,,,,,
MESA LABS INC,0.003961827745420679,Reduce 8.54%,28900.0,99.55,2876995.0,,,,,
NAVAN INC,0.003958748613604754,Reduce 58.16%,125700.0,22.87,2874759.0,,,,,
DIME COML BANCSHARES INC,0.0039506445479801,Buy 100%,70575.0,40.65000354233085,2868874.0,,,,,
SUTRO BIOPHARMA INC,0.003946627630490361,Reduce 11.76%,86324.0,33.20000231685279,2865957.0,,,,,
KAROOOOO LTD,0.003941506301678451,Add 107.19%,57987.0,49.35999448152172,2862238.0,,,,,
N-ABLE INC,0.003934753143169819,Reduce 11.58%,778565.0,3.6700005779864235,2857334.0,,,,,
INVESTMENT MANAGERS SER TR I,0.00391639402627808,Reduce 32.93%,150698.0,18.872194720566963,2844002.0,,,,,
FASTENAL CO,0.003913944216125784,Buy 100%,59176.0,48.02999526835203,2842223.0,,,,,
SENECA FOODS CORP NEW,0.003903584507426673,Reduce 42.41%,16297.0,173.9399889550224,2834700.0,,,,,
COMPANIA CERVECERIAS UNIDAS,0.00389690295663469,Reduce 19.34%,252665.0,11.2,2829848.0,,,,,
KVH INDS INC,0.0038772549008432608,Reduce 17.77%,284115.0,9.910001231895535,2815580.0,,,,,
CDW CORP,0.0038730396850612616,Reduce 96.18%,19998.0,140.64001400140015,2812519.0,,,,,
GOLDMINING INC,0.003871445036294338,Reduce 20.42%,3099626.0,0.9070000703310658,2811361.0,,,,,
NB BANCORP INC,0.0038245777857472745,Reduce 50.19%,131440.0,21.129998478393183,2777327.0,,,,,
HURCO CO,0.003811742102537861,,120900.0,22.895004135649298,2768006.0,,,,,
CARS COM INC,0.0038114556716712634,Reduce 56.39%,252998.0,10.93999952568795,2767798.0,,,,,
ORRSTOWN FINL SVCS INC,0.003798841696969169,Reduce 31.73%,67564.0,40.82999822390622,2758638.0,,,,,
AIR T INC,0.0037737156508540572,Reduce 2.82%,103411.0,26.500004835075572,2740392.0,,,,,
OUTFRONT MEDIA INC,0.0037689991810555116,Reduce 70.75%,83546.0,32.76000047877816,2736967.0,,,,,
PEPGEN INC,0.003768277595603121,"Add 2,576.49%",1520246.0,1.8000001315576557,2736443.0,,,,,
ECARX HOLDINGS INC,0.0037644507139767977,Add 5.14%,2119119.0,1.290000231228166,2733664.0,,,,,
METALLA RTY &AMP; STREAMING LTD,0.003761297220301274,Reduce 20.58%,358919.0,7.610001142319019,2731374.0,,,,,
STANDARD LITHIUM CORP,0.003759680538390765,Buy 100%,992800.0,2.75,2730200.0,,,,,
FIRST TR EXCHANGE TRADED FD,0.0037432933878498347,Reduce 86.33%,20400.0,133.25,2718300.0,,,,,
COVISTA INC,0.003742312912960327,Reduce 56.49%,21800.0,124.66,2717588.0,,,,,
TWIN DISC INC,0.0037408945293420782,Add 9.03%,117093.0,23.200003416088066,2716558.0,,,,,
ROCKET PHARMACEUTICALS INC,0.0037345779024907126,Add 24.45%,792974.0,3.4199998991139684,2711971.0,,,,,
CTO RLTY GROWTH INC NEW,0.0037322520287710794,Reduce 40.65%,126001.0,21.510003888858026,2710282.0,,,,,
LEXICON PHARMACEUTICALS INC,0.003724702922950459,Reduce 29.58%,1127000.0,2.4,2704800.0,,,,,
SOUTH BOW CORP,0.0037211266683324085,Add 119.84%,76680.0,35.23999739175795,2702203.0,,,,,
VAREX IMAGING CORP,0.0037125103321194166,Reduce 3.95%,258480.0,10.429998452491489,2695946.0,,,,,
COMSTOCK HLDG COS INC,0.003705397757956063,Reduce 6.76%,168279.0,15.98999875207245,2690781.0,,,,,
LCNB CORP,0.0037016135655454346,Reduce 2.22%,152816.0,17.589997120720344,2688033.0,,,,,
SAGIMET BIOSCIENCES INC,0.003692955917188221,Reduce 44.53%,346927.0,7.730000835910725,2681746.0,,,,,
WABASH NATL CORP,0.0036858392118104457,Reduce 11.63%,198265.0,13.500002521877285,2676578.0,,,,,
DINGDONG CAYMAN LTD,0.0036823097776225123,Reduce 1.28%,1385500.0,1.93,2674015.0,,,,,
LIBERTY BROADBAND CORP,0.003676707850866167,Buy 100%,80275.0,33.260006228589226,2669947.0,,,,,
PATTERN GROUP INC,0.003671805476418628,Add 503.11%,105851.0,25.190002928644983,2666387.0,,,,,
EVOLV TECHNOLOGIES HLDNGS IN,0.003654059156332831,Buy 100%,457500.0,5.8,2653500.0,,,,,
ECOVYST INC,0.0036535014423858497,Reduce 30.52%,213100.0,12.45,2653095.0,,,,,
LINDE PLC,0.0036445491007331956,Reduce 99.19%,5100.0,518.94,2646594.0,,,,,
GCM GROSVENOR INC,0.003623033736022984,Reduce 12.23%,213900.0,12.3,2630970.0,,,,,
SKYWARD SPECIALTY INS GROUP,0.0036158454229285597,Reduce 35.06%,45000.0,58.35,2625750.0,,,,,
THERAVANCE BIOPHARMA INC,0.0036126175673934385,Add 20.64%,154318.0,17.0,2623406.0,,,,,
ANNEXON INC,0.003609152855564784,Reduce 15.67%,459000.0,5.71,2620890.0,,,,,
UMH PPTYS INC,0.0036040797242544655,Buy 100%,172867.0,15.139997801778245,2617206.0,,,,,
AIRGAIN INC,0.0035746393132112244,Add 22.51%,412036.0,6.30000048539448,2595827.0,,,,,
STRATA CRITICAL MEDICAL INC,0.003573326964096476,Add 3.69%,492386.0,5.26999955319607,2594874.0,,,,,
UROGEN PHARMA LTD,0.0035625389861689417,Buy 100%,70300.0,36.8,2587040.0,,,,,
YETI HLDGS INC,0.003555703203371868,Reduce 39.06%,52100.0,49.56,2582076.0,,,,,
FORWARD AIR CORP,0.0035485534482787152,Reduce 9.83%,190739.0,13.510000576704293,2576884.0,,,,,
SKEENA RES LTD NEW,0.0035317641928673685,Buy 100%,96200.0,26.66,2564692.0,,,,,
XEROX HOLDINGS CORP,0.003525461336730743,Add 26.69%,817928.0,3.13000044013654,2560115.0,,,,,
FIRST CMNTY BANKSHARES INC V,0.0035167582450148873,Add 4.17%,57492.0,44.42000626174077,2553795.0,,,,,
PROTALIX BIOTHERAPEUTICS INC,0.003516599881795374,Reduce 10.52%,1096000.0,2.33,2553680.0,,,,,
MARCHEX INC,0.0034951547477303385,Reduce 1.83%,1576464.0,1.6099999746267597,2538107.0,,,,,
TIGO ENERGY INC,0.003480342966955695,Reduce 16.49%,1084700.0,2.33,2527351.0,,,,,
CLIMB BIO INC,0.003460316216508909,Reduce 11.32%,192700.0,13.04,2512808.0,,,,,
SIFCO INDS INC,0.0034586747473118675,Add 92.24%,107334.0,23.40000372668493,2511616.0,,,,,
COMPX INTL INC,0.003454590353319901,Reduce 5.80%,100749.0,24.899999007434317,2508650.0,,,,,
CITIZENS CMNTY BANCORP INC M,0.003452880030549159,Add 100.75%,107200.0,23.39,2507408.0,,,,,
APOLLO GLOBAL MGMT INC,0.0034516516827943254,Reduce 77.67%,21186.0,118.31001604833381,2506516.0,,,,,
OAK VY BANCORP OAKDALE CALIF,0.0034374719778262615,Add 109.11%,73973.0,33.74500155462128,2496219.0,,,,,
TAYLOR MORRISON HOME CORP,0.00343328705761669,Buy 100%,34753.0,71.73999366961125,2493180.0,,,,,
APYX MEDICAL CORPORATION,0.003427128793984838,Add 83.30%,554278.0,4.489999603087259,2488708.0,,,,,
MONTE ROSA THERAPEUTICS INC,0.003415825791326018,Reduce 72.96%,102500.0,24.2,2480500.0,,,,,
MITEK SYS INC,0.0034151592887325883,Reduce 71.39%,123200.0,20.13,2480016.0,,,,,
DIVERSIFIED HEALTHCARE TR,0.003413041352805534,Reduce 15.40%,266503.0,9.300000375230297,2478478.0,,,,,
ORGANOGENESIS HLDGS INC,0.0034035491991350596,Reduce 4.81%,1017113.0,2.43000040310172,2471585.0,,,,,
AUTONATION INC,0.0034027532518230716,Reduce 85.46%,13300.0,185.79,2471007.0,,,,,
ALPHATEC HLDGS INC,0.003388869617221923,Reduce 73.04%,284500.0,8.65,2460925.0,,,,,
PHATHOM PHARMACEUTICALS INC,0.003382693451660908,Reduce 25.96%,226400.0,10.85,2456440.0,,,,,
AVIDIA BANCORP INC,0.0033764195140252376,Add 169.77%,116812.0,20.990001027291715,2451884.0,,,,,
HONDA MOTOR CO LTD,0.003356183448714399,Reduce 63.00%,89900.0,27.11,2437189.0,,,,,
FUEL TECH INC,0.0033549826423890463,Reduce 21.69%,1102406.0,2.209999764152227,2436317.0,,,,,
HOME BANCSHARES INC,0.003331546262972567,Reduce 59.54%,84739.0,28.549994689576227,2419298.0,,,,,
TRANSACT TECHNOLOGIES INC,0.003329725774483902,Add 4.49%,414037.0,5.839999806780553,2417976.0,,,,,
BAKKT INC,0.0033263381786577933,Reduce 29.88%,309285.0,7.8100004849895726,2415516.0,,,,,
JAKKS PAC INC,0.0033089857010135688,Reduce 15.62%,103218.0,23.279999612470693,2402915.0,,,,,
AMERICAN WELL CORP,0.0033057895181223505,Add 34.97%,263223.0,9.120000911774428,2400594.0,,,,,
OUTDOOR HOLDING CO,0.003290228610465836,Add 73.13%,1047936.0,2.27999992365946,2389294.0,,,,,
TENAX THERAPEUTICS INC,0.003285967951325194,Add 7.47%,164000.0,14.55,2386200.0,,,,,
WESTERN COPPER &AMP; GOLD CORP,0.003276813180165857,Add 232.38%,1062300.0,2.24,2379552.0,,,,,
VTEX,0.0032691676793420543,Reduce 16.87%,593500.0,4.0,2374000.0,,,,,
SONIDA SENIOR LIVING INC,0.003263421160080936,Reduce 56.90%,58084.0,40.79999655671097,2369827.0,,,,,
METROCITY BANKSHARES INC,0.003249519623550626,Add 66.25%,65749.0,35.89000593164915,2359732.0,,,,,
XPEL INC,0.003244380392809554,Reduce 43.85%,47500.0,49.6,2356000.0,,,,,
PALISADE BIO INC,0.0032372636874317775,Reduce 22.66%,1124800.0,2.09,2350832.0,,,,,
MAXCYTE INC,0.0032365090522640102,Reduce 4.13%,1910800.0,1.23,2350284.0,,,,,
STRATASYS LTD,0.0032345536107708907,Reduce 15.15%,274400.0,8.56,2348864.0,,,,,
FIRST TR EXCHNG TRADED FD VI,0.0032339201578928385,Add 33.33%,62000.0,37.877483870967744,2348404.0,,,,,
PLIANT THERAPEUTICS INC,0.003218017736510765,Add 10.63%,2049874.0,1.1399998243794496,2336856.0,,,,,
APOGEE ENTERPRISES INC,0.0032112783487168732,Reduce 73.24%,50983.0,45.73999176195987,2331962.0,,,,,
PYXIS ONCOLOGY INC,0.003200889721516807,Reduce 13.10%,772232.0,3.009999585616758,2324418.0,,,,,
ETF OPPORTUNITIES TRUST,0.003184399290615324,Add 375.25%,2471300.0,0.9357192570711771,2312443.0,,,,,
OPEN LENDING CORP,0.0031761520095573716,Add 4.63%,741625.0,3.1100003370975897,2306454.0,,,,,
ADICET BIO INC,0.0031641866355195435,Add 14.34%,265945.0,8.640000752035196,2297765.0,,,,,
Q32 BIO INC,0.0031508827480089606,Reduce 13.20%,179600.0,12.74,2288104.0,,,,,
UNITY BANCORP INC,0.003143910635135958,Add 147.77%,38900.0,58.69,2283041.0,,,,,
INVESCO MORTGAGE CAPITAL INC,0.0031407282229594796,Reduce 57.36%,288700.0,7.9,2280730.0,,,,,
PRA GROUP INC,0.003138070475014606,Add 44.00%,120000.0,18.99,2278800.0,,,,,
NATIONAL BANKSHARES INC VA,0.003135317709138024,Add 116.25%,62670.0,36.329998404340195,2276801.0,,,,,
AMERICAN OUTDOOR BRANDS INC,0.003134228445602068,Reduce 5.04%,193868.0,11.73999834939237,2276010.0,,,,,
NEXXEN INTL LTD,0.0031336087634387553,Add 0.16%,252000.0,9.03,2275560.0,,,,,
EVGO INC,0.0031287174055630086,Reduce 0.29%,1189533.0,1.9099999747800187,2272008.0,,,,,
QUICKLOGIC CORP,0.0031212633176740962,Buy 100%,113500.0,19.97,2266595.0,,,,,
MIZUHO FINANCIAL GROUP INC,0.0031186702920885014,Reduce 89.35%,236400.0,9.58,2264712.0,,,,,
ACADIAN ASSET MANAGEMENT INC,0.003117249154327305,Reduce 47.72%,31651.0,71.52001516539762,2263680.0,,,,,
JOHN MARSHALL BANCORP INC,0.0031130903984757405,Add 228.16%,103700.0,21.8,2260660.0,,,,,
COLUMBUS MCKINNON CORP N Y,0.003108782918904982,Reduce 59.60%,149209.0,15.129998860658539,2257532.0,,,,,
AMERICAN INTEGRITY INS GROUP,0.003103981070675047,Reduce 12.50%,119705.0,18.82999874691951,2254045.0,,,,,
FIRST COMWLTH FINL CORP PA,0.003100009596543951,Reduce 48.64%,110731.0,20.329997922894222,2251161.0,,,,,
ORION GROUP HLDGS INC,0.0030917099867699845,Reduce 30.99%,133480.0,16.820002996703625,2245134.0,,,,,
BIOHAVEN LTD,0.0030890329598244753,Reduce 6.34%,150752.0,14.88000159201868,2243190.0,,,,,
PROKIDNEY CORP,0.003088462852234228,Reduce 12.10%,1099400.0,2.04,2242776.0,,,,,
MICROSOFT CORP,0.0030879739918609475,Reduce 36.64%,6010.0,373.11497504159735,2242421.0,,,,,
VERMILION ENERGY INC,0.003081558215863452,Add 83.54%,238822.0,9.36999941378935,2237762.0,,,,,
WALKER &AMP; DUNLOP INC,0.0030788674182032016,Reduce 1.51%,40874.0,54.70000489308607,2235808.0,,,,,
KOREA ELEC PWR CORP,0.0030759094686769895,Buy 100%,184600.0,12.1,2233660.0,,,,,
SLIDE INS HLDGS INC,0.003073097488727025,Add 70.15%,115210.0,19.37000260394063,2231618.0,,,,,
TECHTARGET INC,0.003070376395494346,Reduce 3.44%,619345.0,3.6,2229642.0,,,,,
AMERIS BANCORP,0.0030413614995365794,Reduce 44.48%,24469.0,90.26000245208223,2208572.0,,,,,
MATERIALISE NV,0.003030612079610318,Reduce 2.79%,296200.0,7.43,2200766.0,,,,,
FLEXIBLE SOLUTIONS INTL INC,0.003024244501114414,Reduce 3.28%,329751.0,6.660001031081028,2196142.0,,,,,
AURORA CANNABIS INC,0.0030158195778363117,Add 3.53%,784955.0,2.789999426718729,2190024.0,,,,,
SURGERY PARTNERS INC,0.0030098375793531345,Buy 100%,130100.0,16.8,2185680.0,,,,,
VESTIS CORPORATION,0.002999261670432601,Reduce 70.54%,150000.0,14.52,2178000.0,,,,,
LG DISPLAY CO LTD,0.0029954251493059594,Add 217.00%,559181.0,3.889999839050325,2175214.0,,,,,
PETMED EXPRESS INC,0.0029909469128724213,Reduce 4.65%,1131230.0,1.9200003535974117,2171962.0,,,,,
VUZIX CORP,0.002963976968053586,Buy 100%,742199.0,2.8999998652652454,2152377.0,,,,,
NEUMORA THERAPEUTICS INC.,0.002955081086331366,Reduce 9.12%,1262304.0,1.7000001584404392,2145917.0,,,,,
BIOMEA FUSION INC,0.002946309141041809,Add 10.87%,1455474.0,1.4700001511535075,2139547.0,,,,,
CONSENSUS CLOUD SOLUTIONS IN,0.002940084777979203,Reduce 30.44%,55964.0,38.15000714745193,2135027.0,,,,,
OSISKO DEVELOPMENT CORP,0.0029386512465747403,Add 88.62%,867474.0,2.459999953889108,2133986.0,,,,,
CSP INC,0.0029271706016957702,Reduce 3.50%,267714.0,7.939999402347281,2125649.0,,,,,
ORION ENERGY SYS INC,0.0029245018371791046,Add 1.79%,181669.0,11.690002146761417,2123711.0,,,,,
BENTLEY SYS INC,0.0029141751781953697,Reduce 85.46%,70800.0,29.89,2116212.0,,,,,
NORWOOD FINANCIAL CORP,0.002902395708806536,Add 0.05%,65557.0,32.15000686425553,2107658.0,,,,,
NETSOL TECHNOLOGIES INC,0.0028999266196536038,Reduce 1.72%,455815.0,4.619999341838246,2105865.0,,,,,
WIDEPOINT CORP,0.002899586482999519,Reduce 2.65%,120321.0,17.50000415555057,2105618.0,,,,,
NIAGEN BIOSCIENCE INC,0.0028974589075721462,Reduce 50.36%,659584.0,3.190000060644285,2104073.0,,,,,
KORNIT DIGITAL LTD,0.0028961066233846506,Add 41.44%,129421.0,16.24999806831967,2103091.0,,,,,
CLEAN ENERGY FUELS CORP,0.002894226920822603,Reduce 0.78%,1025232.0,2.050000390155594,2101726.0,,,,,
EVOLUS INC,0.002891614616236372,Reduce 10.75%,302569.0,6.940000462704375,2099829.0,,,,,
OTTER TAIL CORP,0.002888316530056075,Add 252.65%,23310.0,89.98000858000859,2097434.0,,,,,
SPERO THERAPEUTICS INC,0.00288478296465372,Reduce 20.29%,947904.0,2.2100001687934645,2094868.0,,,,,
AMERICAN BITCOIN CORP.,0.0028714529127851305,Add 78.08%,3061500.0,0.6811001143230443,2085188.0,,,,,
AMERISERV FINL INC,0.002862660311423463,Reduce 5.08%,535774.0,3.879999776024966,2078803.0,,,,,
BOBS DISC FURNITURE INC,0.002857333798961923,Buy 100%,131159.0,15.819997102753147,2074935.0,,,,,
BLUELINX HLDGS INC,0.002854641624230199,Reduce 8.47%,33500.0,61.88,2072980.0,,,,,
EXPAND ENERGY CORPORATION,0.002845784300509252,Reduce 93.04%,22662.0,91.19000970788103,2066548.0,,,,,
HIGH TIDE INC,0.0028255372186266206,Reduce 15.71%,899932.0,2.2800000444478026,2051845.0,,,,,
PETCO HEALTH &AMP; WELLNESS CO I,0.0028239205367161123,Add 44.02%,753923.0,2.7200005836139765,2050671.0,,,,,
CB FINL SVCS INC,0.0028130430491427666,Reduce 3.06%,53899.0,37.89999814467801,2042772.0,,,,,
EQUILLIUM INC,0.0028097408317480474,Reduce 2.94%,637617.0,3.1999993726641542,2040374.0,,,,,
DAKOTA GOLD CORP,0.0028034462380402666,Reduce 20.60%,477888.0,4.260000251104861,2035803.0,,,,,
MBIA INC,0.002791345910997984,Reduce 24.15%,310892.0,6.520000514648173,2027016.0,,,,,
GROWGENERATION CORP,0.002789369813432754,Reduce 0.14%,1368636.0,1.4799997954167508,2025581.0,,,,,
PCB BANCORP,0.002777779002835862,Reduce 3.57%,71102.0,28.370003656718517,2017164.0,,,,,
CROSS CTRY HEALTHCARE INC,0.0027774732929686276,Reduce 37.78%,152683.0,13.20999718370742,2016942.0,,,,,
INSEEGO CORP,0.002770305635946313,Add 64.60%,194747.0,10.330002516084972,2011737.0,,,,,
MALIBU BOATS INC,0.0027587933184234402,Add 172.16%,73036.0,27.42999342789857,2003377.0,,,,,
GREIF INC,0.002756561085564041,Reduce 18.32%,21400.0,93.54,2001756.0,,,,,
CAPITAL GROUP DIVIDEND VALUE,0.0027552005389477018,Reduce 34.41%,40600.0,49.28,2000768.0,,,,,
AC IMMUNE SA,0.0027534571664615823,Add 34.56%,840127.0,2.3799996905229803,1999502.0,,,,,
DUCOMMUN INC DEL,0.0027290072624402183,Reduce 77.33%,10700.0,185.21,1981747.0,,,,,
IDAHO STRATEGIC RESOURCES,0.0027259239994098703,Add 187.17%,60443.0,32.749995863871746,1979508.0,,,,,
MNTN INC,0.002718640668383737,Reduce 66.79%,214589.0,9.200000932014223,1974219.0,,,,,
KENON HLDGS LTD,0.002716094463228259,Add 5.36%,29500.0,66.86,1972370.0,,,,,
BRC GROUP HOLDINGS INC,0.0027070195622144163,Reduce 2.29%,244500.0,8.04,1965780.0,,,,,
CERUS CORP,0.0027009384145851092,Add 16.03%,671700.0,2.92,1961364.0,,,,,
LAKELAND INDS INC,0.0026910083521858945,Reduce 8.78%,182802.0,10.689997921248127,1954153.0,,,,,
PENGUIN SOLUTIONS INC,0.0026691156698918006,Buy 100%,25500.0,76.01,1938255.0,,,,,
METHODE ELECTRS INC,0.0026671629825416286,Add 13.44%,102100.0,18.97,1936837.0,,,,,
DOCEBO INC,0.0026579889323816554,Reduce 0.19%,107831.0,17.9000009273771,1930175.0,,,,,
JEFFERSON CAPITAL INC,0.002657081442280271,Reduce 44.33%,99102.0,19.470000605436823,1929516.0,,,,,
JOINT CORP,0.002653640140666676,Reduce 3.98%,219478.0,8.78000072900245,1927017.0,,,,,
FIDELITY COVINGTON TRUST,0.0026530879350055905,Reduce 57.75%,36500.0,52.784,1926616.0,,,,,
LANDMARK BANCORP INC,0.0026411294463251325,Reduce 5.45%,62453.0,30.71000592445519,1917932.0,,,,,
GOSSAMER BIO INC,0.002636101758373457,Add 854.94%,11629896.0,0.16460001018065853,1914281.0,,,,,
VANGUARD ADMIRAL FDS INC,0.0026355247654258397,Buy 100%,17213.0,111.18700981816069,1913862.0,,,,,
HOLLEY INC,0.002624519210205409,Reduce 14.40%,747400.0,2.55,1905870.0,,,,,
RIVERVIEW BANCORP INC,0.0026173487990401464,Add 9.66%,350030.0,5.430000285689798,1900663.0,,,,,
EDWARDS LIFESCIENCES CORP,0.002615967596351696,Reduce 27.59%,21000.0,90.46,1899660.0,,,,,
ZURA BIO LTD,0.0026137394947067195,Add 2.68%,321702.0,5.900000621693368,1898042.0,,,,,
MOOG INC,0.002611739986926431,Reduce 3.48%,4440.0,427.1599099099099,1896590.0,,,,,
WHITEHAWK THERAPEUTICS INC,0.0026099704500823053,Reduce 3.45%,413822.0,4.580000579959499,1895305.0,,,,,
HARROW INC,0.0026093907029917395,Reduce 47.25%,44617.0,42.47000022412982,1894884.0,,,,,
WILLIAMS COS INC,0.0026089376464767844,Buy 100%,25485.0,74.3400039238768,1894555.0,,,,,
VALHI INC NEW,0.002608374424243907,Add 0.55%,129117.0,14.669996979483724,1894146.0,,,,,
ETON PHARMACEUTICALS INC,0.0026071543389179185,Reduce 67.98%,52300.0,36.2,1893260.0,,,,,
EASTMAN KODAK CO,0.002606749479904554,Add 641.74%,204645.0,9.249998778372303,1892966.0,,,,,
ALTO NEUROSCIENCE INC,0.002594705612792707,Reduce 31.01%,71399.0,26.390005462261374,1884220.0,,,,,
USCB FINANCIAL HOLDINGS INC,0.002592089176992054,Add 0.88%,92000.0,20.46,1882320.0,,,,,
ALECTOR INC,0.0025884592165865165,Reduce 27.38%,935166.0,2.010000363571815,1879684.0,,,,,
ALDEYRA THERAPEUTICS INC,0.0025870490953971118,Add 2.18%,882000.0,2.13,1878660.0,,,,,
SECURITY NATL FINL CORP,0.0025852327381228695,Reduce 4.67%,193740.0,9.690002064622691,1877341.0,,,,,
GUARDIAN PHARMACY SVCS INC,0.0025829619472621974,Reduce 55.20%,44798.0,41.86999419616947,1875692.0,,,,,
NOUVEAU MONDE GRAPHITE INC,0.0025673005133880792,Reduce 13.27%,1242879.0,1.500000402291776,1864319.0,,,,,
ANNOVIS BIO INC,0.0025669879181634747,Add 188.32%,1002200.0,1.86,1864092.0,,,,,
PUTNAM ETF TRUST,0.002560905393462694,Add 25.43%,36500.0,50.95,1859675.0,,,,,
KINSALE CAP GROUP INC,0.0025433628799550532,Buy 100%,5600.0,329.81,1846936.0,,,,,
STONERIDGE INC,0.0025422171564886626,Reduce 11.48%,252200.0,7.32,1846104.0,,,,,
FOGHORN THERAPEUTICS INC,0.002539771477550789,Reduce 7.01%,377936.0,4.8800008467042035,1844328.0,,,,,
FIRST WESTN FINL INC,0.0025362420433628556,Add 216.90%,57358.0,32.109993374943336,1841765.0,,,,,
AMES NATL CORP,0.0025355576388402636,Add 63.71%,62184.0,29.6099961404863,1841268.0,,,,,
YALLA GROUP LTD,0.0025288609402620665,Reduce 11.39%,334500.0,5.49,1836405.0,,,,,
KENNAMETAL INC,0.0025195037395960474,Buy 100%,52200.0,35.05,1829610.0,,,,,
LYELL IMMUNOPHARMA INC,0.002518896451076001,Add 11.84%,130190.0,14.049996159459251,1829169.0,,,,,
CLEARFIELD INC,0.0025092762297584427,Reduce 66.50%,45795.0,39.78999890817775,1822183.0,,,,,
TPG MTG INVTS TR INC,0.0025078840104982006,Reduce 24.85%,229946.0,7.919998608368921,1821172.0,,,,,
CATO CORP NEW,0.002507258820048992,Add 2.48%,561950.0,3.24,1820718.0,,,,,
PLUMAS BANCORP,0.0025028053709019856,Add 368.16%,31100.0,58.44,1817484.0,,,,,
OCEANEERING INTL INC,0.002499346167359228,Reduce 47.30%,44792.0,40.52000357206644,1814972.0,,,,,
ARHAUS INC,0.0024975504661570954,Reduce 81.63%,215400.0,8.42,1813668.0,,,,,
ORANGE CNTY BANCORP INC,0.0024868506208038997,Add 114.41%,49100.0,36.78,1805898.0,,,,,
ACUMEN PHARMACEUTICALS INC,0.002481919327855406,Add 42.43%,675025.0,2.6700003703566533,1802317.0,,,,,
COHEN &AMP; STEERS INC,0.002475723883293755,Reduce 62.65%,23612.0,76.14001355243097,1797818.0,,,,,
BITDEER TECHNOLOGIES GROUP,0.002472859574627777,Reduce 52.21%,113153.0,15.869999027864926,1795738.0,,,,,
MISTRAS GROUP INC,0.0024706989494850274,Reduce 14.77%,102700.0,17.47,1794169.0,,,,,
ARVINAS INC,0.0024642928129878497,Buy 100%,215345.0,8.310000232185562,1789517.0,,,,,
JANUS INTERNATIONAL GROUP IN,0.0024583053062187765,Add 6.68%,321652.0,5.550001243580018,1785169.0,,,,,
PENNANT GROUP INC,0.002452091959727963,Reduce 27.19%,48191.0,36.949990662156836,1780657.0,,,,,
PRINCETON BANCORP INC,0.0024450303372091486,Add 26.37%,46786.0,37.95000641217458,1775529.0,,,,,
NEUROPACE INC,0.002444160028037563,Reduce 35.92%,111699.0,15.88999901521052,1774897.0,,,,,
MONRO INC,0.002442853187208711,Buy 100%,103679.0,17.110002989997973,1773948.0,,,,,
FRANKLIN COVEY CO,0.002442364326835431,Reduce 16.22%,72303.0,24.53000567058075,1773593.0,,,,,
LINEAGE INC,0.002435936157194669,Reduce 86.03%,40900.0,43.25,1768925.0,,,,,
ALLIANCE LAUNDRY HLDGS INC,0.0024358796972642335,Reduce 67.82%,66700.0,26.52,1768884.0,,,,,
UPBOUND GROUP INC,0.0024312251956820196,Add 30.20%,83200.0,21.22,1765504.0,,,,,
LINEAGE CELL THERAPEUTICS IN,0.0024260226196531425,Reduce 36.72%,1344829.0,1.3100000074358895,1761726.0,,,,,
SSGA ACTIVE ETF TR,0.0024246331545358484,Add 223.25%,44609.0,39.469994844089754,1760717.0,,,,,
LOAR HOLDINGS INC,0.002419924947166147,Reduce 60.44%,21800.0,80.61,1757298.0,,,,,
GREENE CNTY BANCORP INC,0.002414554368417439,Add 2.35%,52200.0,33.59,1753398.0,,,,,
ADVANTAGE SOLUTIONS INC,0.0024134003825222036,Add 21.08%,40531.0,43.23998914411192,1752560.0,,,,,
DRIVEN BRANDS HLDGS INC,0.0024014666811282784,Buy 100%,125100.0,13.94,1743894.0,,,,,
WORLD KINECT CORPORATION,0.0023989480174022816,Add 13.77%,52886.0,32.94000302537533,1742065.0,,,,,
ASPEN AEROGELS INC,0.002395615504435134,Buy 100%,274392.0,6.339998979562086,1739645.0,,,,,
VANGUARD SPECIALIZED FUNDS,0.0023955948483630235,Reduce 24.21%,7352.0,236.61996735582156,1739630.0,,,,,
FARMERS &AMP; MERCHANTS BANCORP,0.002395307040424952,Buy 100%,56881.0,30.580000351611258,1739421.0,,,,,
TUCOWS INC,0.0023919318382421098,Reduce 5.08%,128951.0,13.470000232646509,1736970.0,,,,,
VOYAGER THERAPEUTICS INC,0.0023869137897907524,Reduce 14.32%,495236.0,3.5,1733326.0,,,,,
AQUESTIVE THERAPEUTICS INC,0.002384525947854788,Buy 100%,416248.0,4.160000768772463,1731592.0,,,,,
CHORD ENERGY CORPORATION,0.0023757842981376592,Reduce 86.04%,15094.0,114.29998674970187,1725244.0,,,,,
IMMUCELL CORP,0.0023677972835882983,Add 12.72%,171089.0,10.049997369789992,1719444.0,,,,,
EURODRY LTD,0.0023652262911462883,Add 30.02%,78464.0,21.890000509787928,1717577.0,,,,,
CULP INC,0.0023642017499696114,Reduce 1.74%,553817.0,3.100000541695181,1716833.0,,,,,
YATSEN HLDG LTD,0.0023618414494631277,Reduce 11.68%,541047.0,3.170000018482683,1715119.0,,,,,
TSS INC DEL,0.0023423696588203745,Add 130.14%,138291.0,12.29999783066143,1700979.0,,,,,
UNITED FIRE GROUP INC,0.002341671483583042,Reduce 52.94%,32427.0,52.440003700619854,1700472.0,,,,,
SILVERCREST ASSET MGMT GROUP,0.002341266624569678,Add 3.98%,168168.0,10.109997145711432,1700178.0,,,,,
QUANTUM CORP,0.002340575334689716,Buy 100%,154516.0,11.0,1699676.0,,,,,
QUINSTREET INC,0.0023401952629628843,Reduce 67.51%,116000.0,14.65,1699400.0,,,,,
ENPRO INC,0.0023253862363311895,Reduce 91.06%,4480.0,376.9299107142857,1688646.0,,,,,
AFFINITY BANCSHARES INC,0.0023200693633699675,Add 26.04%,74548.0,22.60000268283522,1684785.0,,,,,
SWARMER INC,0.0023186854065385698,Buy 100%,38000.0,44.31,1683780.0,,,,,
ECB BANCORP INC,0.0023172036776325155,Reduce 4.63%,83800.0,20.08,1682704.0,,,,,
908 DEVICES INC,0.002299062138033673,Reduce 16.64%,191900.0,8.7,1669530.0,,,,,
FINWARD BANCORP,0.0022943856033078745,Add 0.44%,45300.0,36.78,1666134.0,,,,,
HANCOCK WHITNEY CORPORATION,0.002281486574810656,Buy 100%,22173.0,74.72001984395436,1656767.0,,,,,
BITWISE BITCOIN ETF TR,0.002280982566651162,Buy 100%,51990.0,31.85999230621273,1656401.0,,,,,
ZEDGE INC,0.002272013700140819,Add 3.35%,532222.0,3.099999624216962,1649888.0,,,,,
BLUE RIDGE BANKSHARES INC VA,0.0022684291830939243,Reduce 13.66%,466653.0,3.529999807137209,1647285.0,,,,,
MAUI LD &AMP; PINEAPPLE INC,0.0022660000290137395,Reduce 4.34%,92549.0,17.779997622880853,1645521.0,,,,,
SEER INC,0.0022527925365063385,Add 0.90%,985500.0,1.66,1635930.0,,,,,
ONKURE THERAPEUTICS INC,0.002252675485431046,Reduce 4.91%,358738.0,4.559999219486087,1635845.0,,,,,
JADE BIOSCIENCES INC,0.0022517762577585055,Reduce 45.50%,73591.0,22.219999728227638,1635192.0,,,,,
AMERICAN ASSETS TR INC,0.0022507930287260502,Add 1.85%,66200.0,24.69,1634478.0,,,,,
RED VIOLET INC,0.0022463230547213556,Reduce 77.43%,25600.0,63.72,1631232.0,,,,,
GOLDMAN SACHS PHYSICAL GOLD,0.002239568519141249,Reduce 41.29%,41100.0,39.57,1626327.0,,,,,
JOURNEY MED CORP,0.0022394982884960737,Reduce 5.28%,229700.0,7.08,1626276.0,,,,,
TRUBRIDGE INC,0.0022369025087675314,Buy 100%,61976.0,26.210000645411128,1624391.0,,,,,
PACIFIC BIOSCIENCES CALIF IN,0.002235284449785549,Reduce 61.18%,966200.0,1.68,1623216.0,,,,,
HOWARD HUGHES HOLDINGS INC,0.002234743260696256,Reduce 77.46%,22700.0,71.49,1622823.0,,,,,
BOOZ ALLEN HAMILTON HLDG COR,0.002230201678974912,Buy 100%,26694.0,60.67000074923204,1619525.0,,,,,
PRIMO BRANDS CORPORATION,0.0022280024958308896,Buy 100%,66200.0,24.44,1617928.0,,,,,
SMARTSTOP SELF STORAG REIT I,0.002219839216132853,Buy 100%,49600.0,32.5,1612000.0,,,,,
SES AI CORPORATION,0.0022188146749561755,Reduce 63.49%,1678042.0,0.960200042668777,1611256.0,,,,,
SSR MINING IN,0.002211450096713075,Reduce 91.23%,56786.0,28.279998591202055,1605908.0,,,,,
CHINA AUTOMOTIVE SYS INC,0.0022011730123024055,Reduce 5.47%,357594.0,4.469999496635849,1598445.0,,,,,
SMARTRENT INC,0.0022008397610056908,Add 18.23%,1343028.0,1.1899997617324434,1598203.0,,,,,
SANARA MEDTECH INC,0.0021894968232741233,Add 4.21%,67400.0,23.59,1589966.0,,,,,
RYAN SPECIALTY HOLDINGS INC,0.002189125013976136,Reduce 92.15%,42100.0,37.76,1589696.0,,,,,
BROWN FORMAN CORP,0.0021881101122997776,Reduce 7.63%,58076.0,27.35999380122598,1588959.0,,,,,
OPENLANE INC,0.0021807524194140467,Reduce 60.41%,38400.0,41.24,1583616.0,,,,,
GOPRO INC,0.002170724584940176,Add 24.62%,2026136.0,0.7780000947616547,1576334.0,,,,,
FIVE POINT HOLDINGS LLC,0.0021662642504358,Add 10.49%,298500.0,5.27,1573095.0,,,,,
CLARITEV CORPORATION,0.0021614128276328,Reduce 11.36%,46015.0,34.11000760621536,1569572.0,,,,,
CANADA GOOSE HLDGS INC,0.0021352415842689015,Buy 100%,163046.0,9.509997178710302,1550567.0,,,,,
SIGA TECHNOLOGIES INC,0.002134339602453413,Reduce 10.36%,425800.0,3.64,1549912.0,,,,,
VINCE HLDG CORP,0.002133169091700489,Add 69.51%,216652.0,7.150000923139412,1549062.0,,,,,
CION INVT CORP,0.0021327780034018653,Reduce 8.54%,248600.0,6.23,1548778.0,,,,,
DATA I O CORP,0.0021292623399286723,Reduce 3.73%,392443.0,3.9399989297808853,1546225.0,,,,,
OMEGA FLEX INC,0.002125867858745194,Reduce 4.47%,49180.0,31.38999593330622,1543760.0,,,,,
WENDYS CO,0.002120873220508895,Reduce 92.06%,185782.0,8.290001184183613,1540133.0,,,,,
SAVARA INC,0.0021112653928346027,Reduce 61.87%,248889.0,6.1599990357147165,1533156.0,,,,,
ARCUTIS BIOTHERAPEUTICS INC,0.002108602136603833,Reduce 86.76%,58399.0,26.220003767187794,1531222.0,,,,,
BRAEMAR HOTELS &AMP; RESORTS INC,0.002101466152225421,Reduce 3.47%,706500.0,2.16,1526040.0,,,,,
HYLIION HOLDINGS CORP,0.002101423463009726,Reduce 8.07%,292900.0,5.21,1526009.0,,,,,
ARQ INC,0.0021001028514661332,Add 45.67%,598059.0,2.5499992475658755,1525050.0,,,,,
ARTIVION INC,0.0020987574526360082,Buy 100%,67827.0,22.470004570451295,1524073.0,,,,,
VANECK BITCOIN ETF,0.002086031935144517,Add 135.05%,91200.0,16.61,1514832.0,,,,,
AMNEAL PHARMACEUTICALS INC,0.002085437040267737,Reduce 68.37%,87487.0,17.31000034290809,1514400.0,,,,,
ST JOE CO,0.0020799080982995153,Reduce 56.07%,24116.0,62.62999668270028,1510385.0,,,,,
OPTICAL CABLE CORP,0.0020763566309679976,Reduce 13.68%,71903.0,20.9700012516863,1507806.0,,,,,
BURKE HERBERT FINL SVCS CORP,0.0020746201438392483,Buy 100%,20965.0,71.86000476985451,1506545.0,,,,,
PRELUDE THERAPEUTICS INC,0.0020639492169870067,Add 2.18%,281200.0,5.33,1498796.0,,,,,
SHARONAI HOLDINGS INC,0.0020581545002242977,Buy 100%,17654.0,84.66002039197916,1494588.0,,,,,
SYPRIS SOLUTIONS INC,0.002057817117713161,Reduce 4.90%,614956.0,2.429999869909392,1494343.0,,,,,
ENCORE CAP GROUP INC,0.0020554719649928917,Reduce 22.71%,16000.0,93.29,1492640.0,,,,,
CERAGON NETWORKS LTD,0.0020519563015196987,Add 168.22%,575323.0,2.5900007474062394,1490087.0,,,,,
LEGG MASON ETF INVT,0.0020511066484202234,Reduce 40.52%,36700.0,40.5850136239782,1489470.0,,,,,
AIRO GROUP HLDGS INC,0.0020464135888367363,Buy 100%,201091.0,7.389997563292241,1486062.0,,,,,
FIRST TR EXCH TRADED FD III,0.0020360951922818457,Buy 100%,82694.0,17.88000338597722,1478569.0,,,,,
NOVABRIDGE BIOSCIENCES,0.0020360566342805734,Add 178.34%,758226.0,1.9500003956603968,1478541.0,,,,,
OMNIAB INC,0.0020337431542042064,Add 122.68%,600350.0,2.46,1476861.0,,,,,
KELLY SVCS INC,0.0020310785209019626,Add 6.01%,120108.0,12.279998001798381,1474926.0,,,,,
ORGANIGRAM GLOBAL INC,0.00202846897045868,Reduce 11.94%,1444148.0,1.0200000276979921,1473031.0,,,,,
WHITEFIBER INC,0.0020276206944306787,Buy 100%,37900.0,38.85,1472415.0,,,,,
DESIGNER BRANDS INC,0.0020266622526847553,Reduce 47.78%,252439.0,5.829998534299375,1471719.0,,,,,
ARTIVA BIOTHERAPEUTICS INC,0.0020169965880085542,Add 88.66%,151000.0,9.7,1464700.0,,,,,
NI HLDGS INC,0.0020117485686210338,Add 4.26%,92991.0,15.710004193954253,1460889.0,,,,,
KORRO BIO INC,0.0020059882786451757,Reduce 18.87%,110524.0,13.179997104701242,1456706.0,,,,,
FORESTAR GROUP INC,0.002005619223490136,Reduce 57.07%,46017.0,31.64999891344503,1456438.0,,,,,
REPOSITRAK INC,0.001996157365392091,Reduce 33.98%,161063.0,9.0,1449567.0,,,,,
ACNB CORP,0.001991602012956007,Reduce 0.81%,24356.0,59.379988503859416,1446259.0,,,,,
FULL HSE RESORTS INC,0.0019910208887939673,Add 13.74%,518221.0,2.790000791168247,1445837.0,,,,,
FENNEC PHARMACEUTICALS INC,0.0019866321620062408,Buy 100%,134200.0,10.75,1442650.0,,,,,
BOWHEAD SPECIALTY HLDGS INC,0.0019824775373690987,Reduce 9.93%,48100.0,29.93,1439633.0,,,,,
ENGENE THERAPEUTICS INC,0.001976622229461532,Buy 100%,829700.0,1.73,1435381.0,,,,,
JERASH HLDGS US INC,0.0019757340183607845,Add 9.57%,298282.0,4.809998591936489,1434736.0,,,,,
COFFEE HLDG CO INC,0.0019683859649753718,Add 4.21%,427964.0,3.340000560794833,1429400.0,,,,,
DAVITA INC,0.001960773513866946,Reduce 96.62%,6400.0,222.48,1423872.0,,,,,
LIFEZONE METALS LIMITED,0.0019568653850236552,Add 207.37%,366246.0,3.8799986894054816,1421034.0,,,,,
SNDL INC,0.001955329950330114,Add 74.65%,1051792.0,1.349999809848335,1419919.0,,,,,
RITHM CAPITAL CORP,0.0019500144544403668,Buy 100%,150805.0,9.390000331553994,1416059.0,,,,,
PEOPLES BANCORP N C INC,0.0019467025975453296,Reduce 12.78%,32807.0,43.090011278080894,1413654.0,,,,,
PEBBLEBROOK HOTEL TR,0.0019458680922320687,Buy 100%,72800.0,19.41,1413048.0,,,,,
CROCS INC,0.0019437198607325855,Buy 100%,11700.0,120.64,1411488.0,,,,,
ENTRADA THERAPEUTICS INC,0.0019358319953293541,Reduce 5.48%,191000.0,7.36,1405760.0,,,,,
HUTCHMED CHINA LTD,0.0019292110356822283,Reduce 1.41%,130200.0,10.76,1400952.0,,,,,
AKEBIA THREAPEUTICS INC,0.0019214526149975556,Reduce 33.23%,1223963.0,1.140000147063269,1395318.0,,,,,
FLANIGANS ENTERPRISES INC,0.001913752031314792,Reduce 1.59%,30993.0,44.83999612815797,1389726.0,,,,,
HAWTHORN BANCSHARES INC,0.001911426157595159,Add 1.37%,35319.0,39.30000849401172,1388037.0,,,,,
SEPTERNA INC,0.0019101661371964235,Add 9.86%,41419.0,33.489992515512206,1387122.0,,,,,
METROPOLITAN BK HLDG CORP,0.0018767941870948333,Add 11.29%,13800.0,98.76,1362888.0,,,,,
ACRIVON THERAPEUTICS INC,0.0018601150974014082,Add 0.06%,758863.0,1.7799998155134722,1350776.0,,,,,
WEDBUSH SER TR,0.0018564713662811306,Buy 100%,35384.0,38.09998869545557,1348130.0,,,,,
AURA MINERALS INC,0.001856447956066072,Add 248.11%,21729.0,62.04210962308436,1348113.0,,,,,
INNVENTURE INC,0.0018540532287727376,Add 152.91%,265557.0,5.070000037656699,1346374.0,,,,,
EXPENSIFY INC,0.0018405840926852717,Add 2.99%,746700.0,1.79,1336593.0,,,,,
BAYCOM CORP,0.0018258177552692714,Reduce 25.51%,40300.0,32.9,1325870.0,,,,,
NORDIC AMERICAN TANKERS LIMI,0.0018180386785124879,Reduce 66.35%,238307.0,5.5400009231789245,1320221.0,,,,,
MINIMED GROUP INC,0.0018178513967920203,Buy 100%,88300.0,14.95,1320085.0,,,,,
RESOURCES CONNECTION INC,0.0018148769224081201,Reduce 0.35%,310100.0,4.25,1317925.0,,,,,
ALERUS FINL CORP,0.0018090519100729824,Reduce 57.02%,42241.0,31.099997632631805,1313695.0,,,,,
FIRST US BANCSHARES INC,0.0018077684794591885,Reduce 3.64%,79321.0,16.550005673150867,1312763.0,,,,,
CHERRY HILL MTG INVT CORP,0.0017986247248716438,Reduce 7.58%,562984.0,2.3200002131499295,1306123.0,,,,,
HYSTER-YALE INC,0.0017960206827142573,Reduce 14.29%,37200.0,35.06,1304232.0,,,,,
TERRESTRIAL ENERGY INC,0.0017919886174383036,Reduce 54.94%,183800.0,7.08,1301304.0,,,,,
IDENTIV INC,0.0017919596989373488,Add 97.25%,516382.0,2.5200006971583053,1301283.0,,,,,
TSCAN THERAPEUTICS INC,0.0017907382365398865,Reduce 2.78%,1326799.0,0.9801002261834686,1300396.0,,,,,
FRP HLDGS INC,0.001789476839069677,Reduce 42.09%,52000.0,24.99,1299480.0,,,,,
NAUTILUS BIOTECHNOLOGY INC,0.0017781586886246423,Add 159.88%,690514.0,1.869999739324619,1291261.0,,,,,
PARAMOUNT GOLD NEV CORP,0.0017659371792926454,Reduce 11.20%,1124900.0,1.14,1282386.0,,,,,
CADELER A S,0.001765040705763053,Add 408.56%,58500.0,21.91,1281735.0,,,,,
PREFERRED BK LOS ANGELES CA,0.0017617839317269773,Reduce 59.67%,12040.0,106.25996677740864,1279370.0,,,,,
FREIGHTCAR AMER INC,0.0017610843794181711,Reduce 7.47%,131300.0,9.74,1278862.0,,,,,
HYPERFINE INC,0.001758353646685174,Add 29.53%,945836.0,1.3500004229062967,1276879.0,,,,,
CAPITAL GROUP CORE EQUITY ET,0.0017287810367804266,Buy 100%,28224.0,44.48001700680272,1255404.0,,,,,
ALX ONCOLOGY HLDGS INC,0.0017211465525284163,Reduce 17.58%,603797.0,2.070000347799012,1249860.0,,,,,
INTER &AMP; CO INC,0.0017205723137237467,Buy 100%,231840.0,5.389246894409938,1249443.0,,,,,
ZEVIA PBC,0.0017191387823192836,Reduce 5.66%,765891.0,1.6299995691292886,1248402.0,,,,,
PIONEER BANCORP INC MD,0.0017183331955069774,Add 4.58%,73100.0,17.07,1247817.0,,,,,
GLOBAL WTR RES INC,0.001714310769731342,Reduce 9.76%,171947.0,7.239998371591246,1244896.0,,,,,
UTZ BRANDS INC,0.0017135175765623021,Buy 100%,161600.0,7.7,1244320.0,,,,,
NEURAXIS INC,0.001705246885289291,Add 120.13%,169400.0,7.31,1238314.0,,,,,
AURA BIOSCIENCES INC,0.0017031895405070934,Add 70.62%,174200.0,7.1,1236820.0,,,,,
CITIZENS &AMP; NORTHN CORP,0.0017009545535047463,Reduce 0.84%,52990.0,23.31000188714852,1235197.0,,,,,
GREENFIRE RES LTD NEW,0.0016976950253257224,Add 35.31%,218200.0,5.65,1232830.0,,,,,
INTELLICHECK MOBILISA INC,0.0016943625123585753,Reduce 38.23%,300100.0,4.1,1230410.0,,,,,
MANCHESTER UTD PLC NEW,0.0016844035314584058,Reduce 80.13%,53344.0,22.93000149970006,1223178.0,,,,,
1STDIBS COM INC,0.0016842134955949901,Reduce 3.44%,249600.0,4.9,1223040.0,,,,,
LIFETIME BRANDS INC,0.0016791623974282562,Add 22.43%,142951.0,8.529999790137879,1219372.0,,,,,
VIRCO MFG CO,0.0016759180170354466,Reduce 5.21%,198211.0,6.140002320759191,1217016.0,,,,,
VOX ROYALTY CORP,0.001673714702677002,Add 29.31%,256959.0,4.7299997275829995,1215416.0,,,,,
AMER STATES WTR CO,0.001672675013714111,Reduce 86.08%,14700.0,82.63,1214661.0,,,,,
LANTERN PHARMA INC,0.0016712593842388105,Add 150.90%,291039.0,4.170001271307282,1213633.0,,,,,
EXZEO GROUP INC,0.001669812082119607,Reduce 57.12%,71878.0,16.87000194774479,1212582.0,,,,,
FULTON FINL CORP PA,0.0016676666047630718,Buy 100%,50063.0,24.19000059924495,1211024.0,,,,,
VISTA GOLD CORP,0.0016567271489733946,Reduce 26.37%,629885.0,1.909999444343015,1203080.0,,,,,
TRUEBLUE INC,0.0016556874600105037,Reduce 21.92%,172500.0,6.97,1202325.0,,,,,
COMMERCIAL BANCGROUP INC,0.001654121729744534,Add 279.59%,37200.0,32.29,1201188.0,,,,,
OWLET INC,0.0016420654689894205,Reduce 8.91%,207741.0,5.739998363346667,1192433.0,,,,,
UNITED GUARDIAN INC,0.0016396913977681964,Reduce 5.12%,166766.0,7.1399985608577285,1190709.0,,,,,
GENIUS SPORTS LIMITED,0.0016322923927382452,Reduce 91.10%,195600.0,6.06,1185336.0,,,,,
ATEGRITY SPECIALTY IN CO HO,0.0016287560731929416,Add 18.27%,49200.0,24.04,1182768.0,,,,,
CVRX INC,0.0016279738965956935,"Add 1,091.71%",230000.0,5.14,1182200.0,,,,,
ARKO CORP,0.0016266147270508281,Add 83.65%,147100.0,8.03,1181213.0,,,,,
BOUNDLESS BIO INC,0.0016234639875182528,Add 18.19%,471570.0,2.5,1178925.0,,,,,
BTCS INC,0.0016180149156955245,Add 0.14%,1058530.0,1.1099997165880986,1174968.0,,,,,
TRUPANION INC,0.0016168168635131205,Add 21.54%,47400.0,24.77,1174098.0,,,,,
LGL GROUP INC,0.0016128316186672838,Add 1.74%,169494.0,6.910002713960377,1171204.0,,,,,
LAKE SHORE BANCORP INC,0.0016098874398558123,Reduce 4.92%,65641.0,17.80999680078,1169066.0,,,,,
MOVADO GROUP INC,0.0016077405854278029,Reduce 78.66%,29700.0,39.31,1167507.0,,,,,
LEXEO THERAPEUTICS INC,0.0016049065723342535,Buy 100%,250365.0,4.6549997004373616,1165449.0,,,,,
DOCGO INC,0.0016021951186018927,Add 49.26%,2254370.0,0.516099841640902,1163480.0,,,,,
ACHIEVE LIFE SCIENCE INC,0.00160106591999319,Add 536.98%,178049.0,6.5300001684929425,1162660.0,,,,,
TIDAL TRUST I,0.0015994685170833175,Buy 100%,20200.0,57.5,1161500.0,,,,,
PLATINUM GROUP METALS LTD,0.0015887190971570566,Add 32.79%,854588.0,1.3500002340309014,1153694.0,,,,,
SIGHT SCIENCES INC,0.001587220843393314,Reduce 27.51%,212658.0,5.419998307141044,1152606.0,,,,,
CEVA INC,0.0015846663758089928,Reduce 71.46%,24401.0,47.15999344289168,1150751.0,,,,,
LITE STRATEGY INC,0.0015843978468715574,Reduce 28.51%,1247350.0,0.9224002886118572,1150556.0,,,,,
BRIGHTSPIRE CAPITAL INC,0.0015813118296982608,Reduce 28.16%,210700.0,5.45,1148315.0,,,,,
GREAT ELM GROUP INC,0.0015783883069588997,Reduce 3.88%,525776.0,2.180000608624205,1146192.0,,,,,
KOPIN CORP,0.0015781018760923022,Buy 100%,255800.0,4.48,1145984.0,,,,,
RICHMOND MUT BANCORPORATION,0.0015775937367183857,Add 88.15%,72142.0,15.880000554462033,1145615.0,,,,,
VAXCYTE INC,0.0015716847230233322,Reduce 64.13%,19634.0,58.12997860853621,1141324.0,,,,,
WHITESTONE REIT,0.0015691674363688094,Add 11.69%,60100.0,18.96,1139496.0,,,,,
SOLITARIO RESOURCES CORP,0.001560227488359421,Reduce 6.61%,1505853.0,0.7524001346745001,1133004.0,,,,,
COYA THERAPEUTICS INC,0.0015546696278902444,Add 85.63%,192986.0,5.849999481827697,1128968.0,,,,,
CAPITAL GROUP GBL GROWTH EQT,0.0015306163204534006,Add 145.40%,26258.0,42.32999466829157,1111501.0,,,,,
ACCENDRA HEALTH INC,0.0015278497838620787,Add 2.04%,324413.0,3.419998582054357,1109492.0,,,,,
OP BANCORP,0.001523401843000969,Reduce 12.56%,73800.0,14.99,1106262.0,,,,,
GSI TECHNOLOGY INC,0.0015211475769979852,Add 81.57%,142901.0,7.730001889419948,1104625.0,,,,,
CONTINEUM THERAPEUTICS INC,0.0015189745582119695,Reduce 3.03%,67300.0,16.39,1103047.0,,,,,
NORTHWESTERN ENERGY GROUP IN,0.001511539749323693,Buy 100%,15326.0,71.61999217016835,1097648.0,,,,,
RADIANT LOGISTICS INC,0.0015098404431247428,Add 186.17%,115900.0,9.46,1096414.0,,,,,
TPG RE FIN TR INC,0.0015007545255391072,Reduce 29.81%,130205.0,8.370001152029491,1089816.0,,,,,
RILEY EXPLORATION PERMIAN IN,0.001497631327436012,Reduce 76.78%,32996.0,32.959995150927384,1087548.0,,,,,
NLI HOLDINGS INC,0.001497080498846401,Buy 100%,182714.0,5.949998358089692,1087148.0,,,,,
ULTRALIFE CORP,0.001495104401281171,Reduce 13.28%,171790.0,6.32000116421212,1085713.0,,,,,
WISDOMTREE TR,0.0014948675449876383,Reduce 76.12%,6256.0,173.51998081841433,1085541.0,,,,,
USIO INC,0.0014932384694338633,Add 9.11%,437241.0,2.480000731861834,1084358.0,,,,,
ASSEMBLY BIOSCIENCES INC,0.0014925237693388428,Add 152.00%,39441.0,27.48000811338455,1083839.0,,,,,
ADLAI NORTYE LTD,0.00149019789561921,Add 42.58%,94100.0,11.5,1082150.0,,,,,
GLOBAL BUSINESS TRAVEL GROUP,0.0014844444910007215,Reduce 71.64%,114800.0,9.39,1077972.0,,,,,
CHARGEPOINT HOLDINGS INC,0.0014743615736678899,Add 25.75%,181159.0,5.91000171120397,1070650.0,,,,,
SIMPSON MFG INC,0.0014702785567473975,Buy 100%,5100.0,209.35,1067685.0,,,,,
LEGACY ED INC,0.0014655896283783327,Add 25.69%,90500.0,11.76,1064280.0,,,,,
INNOVATE CORP,0.0014649520442858578,Buy 100%,56980.0,18.67000702000702,1063817.0,,,,,
NEOGEN CORP,0.0014637471067460836,Buy 100%,118236.0,8.990003044757941,1062942.0,,,,,
KARYOPHARM THERAPEUTICS INC,0.0014559101929873912,Add 2.66%,108214.0,9.770002033008668,1057251.0,,,,,
NORTHERN TECHNOLOGIES INTL C,0.0014449046377669607,Add 3.20%,122577.0,8.55999902102352,1049259.0,,,,,
MAYVILLE ENGR CO INC,0.001444382727678304,Reduce 55.48%,28000.0,37.46,1048880.0,,,,,
THE BEACHBODY COMPANY INC,0.001442044460315405,Reduce 0.39%,102464.0,10.219999219237977,1047182.0,,,,,
CIVISTA BANCSHARES INC,0.0014364563042738,Reduce 28.91%,36964.0,28.219997835732062,1043124.0,,,,,
NOAH HLDGS LTD,0.001434229579700297,Add 9.17%,104255.0,9.989995683660256,1041507.0,,,,,
CORBUS PHARMACEUTICALS HLDGS,0.0014314795679666635,Reduce 68.06%,110822.0,9.379996751547527,1039510.0,,,,,
GLOBAL SELF STORAGE INC,0.0014292803848226412,Reduce 8.37%,198075.0,5.24,1037913.0,,,,,
RGC RES INC,0.0014261764657201824,Reduce 5.25%,43333.0,23.900006923130178,1035659.0,,,,,
KT CORP,0.0014228219196094505,Reduce 93.45%,59793.0,17.279999331025373,1033223.0,,,,,
XP INC,0.0014174141599309434,Buy 100%,63398.0,16.23546484116218,1029296.0,,,,,
JELD-WEN HLDG INC,0.001412460833838865,Add 27.29%,683799.0,1.5000007312090249,1025699.0,,,,,
RIMINI STR INC DEL,0.0014092439948755362,Reduce 16.16%,240226.0,4.260000999059219,1023363.0,,,,,
SHUTTERSTOCK INC,0.0014062020439894087,Reduce 9.96%,73201.0,13.950000683050778,1021154.0,,,,,
AMCON DISTRG CO,0.0014034189825403985,,14001.0,72.79001499892865,1019133.0,,,,,
TRIPLE FLAG PRECIOUS METAL,0.0014025886084415597,Add 28.34%,33985.0,29.969986758864206,1018530.0,,,,,
FIFTH DIST BANCORP INC,0.0013991018634693213,Reduce 2.12%,62600.0,16.23,1015998.0,,,,,
DIGIMARC CORP,0.0013934338372822228,Buy 100%,123100.0,8.22,1011882.0,,,,,
AEYE INC,0.0013895064294382952,Reduce 49.75%,700715.0,1.4400005708454935,1009030.0,,,,,
CVD EQUIP CORP,0.0013889253052762557,Reduce 24.95%,135748.0,7.430002651972773,1008608.0,,,,,
KARAT PACKAGING INC,0.001387603316661189,Reduce 27.81%,30115.0,33.46000332060435,1007648.0,,,,,
SB FINL GROUP INC,0.0013865842837704084,Add 43.20%,39846.0,25.269989459418763,1006908.0,,,,,
FIRST NATL CORP VA,0.001384879469285562,Buy 100%,33500.0,30.02,1005670.0,,,,,
CODA OCTOPUS GROUP INC,0.001384792713782698,Add 382.60%,102928.0,9.770004274832893,1005607.0,,,,,
STAR HLDGS,0.0013817232214670902,Add 17.19%,109899.0,9.130001182904303,1003378.0,,,,,
BETA TECHNOLOGIES INC,0.0013770370472409735,Buy 100%,59700.0,16.75,999975.0,,,,,
EXPEDIA GROUP INC,0.0013742236902195347,Buy 100%,3900.0,255.88,997932.0,,,,,
VICTORY PORTFOLIOS II,0.0013734222346216505,Add 19.13%,21800.0,45.75,997350.0,,,,,
AMERICAN VANGUARD CORP,0.001369877652647503,Add 62.75%,355277.0,2.800001125882058,994776.0,,,,,
HENNESSY ADVISORS INC,0.0013654118098572305,Reduce 2.40%,97688.0,10.149997952665629,991533.0,,,,,
NORTECH SYS INC,0.0013637359138733388,Add 42.27%,62599.0,15.819997124554705,990316.0,,,,,
FRANKLIN STR PPTYS CORP,0.0013595124356624954,Add 13.26%,1916987.0,0.5150003625481028,987249.0,,,,,
CONTANGO SILVER &AMP; GOLD INC,0.0013531916775967076,Reduce 54.00%,62233.0,15.789998875194833,982659.0,,,,,
KRISPY KREME INC,0.0013500189049205475,Buy 100%,277721.0,3.529999531904321,980355.0,,,,,
VERTICAL AEROSPACE LTD,0.0013475690947682521,Add 58.05%,562400.0,1.74,978576.0,,,,,
CALERES INC,0.0013448631493217873,Reduce 64.48%,78950.0,12.36999366687777,976611.0,,,,,
PEAPACK-GLADSTONE FINL CORP,0.0013422508447355566,Add 54.91%,20594.0,47.32999902884335,974714.0,,,,,
RAMACO RES INC,0.0013399938245896251,Reduce 74.90%,113810.0,8.549995606712942,973075.0,,,,,
IRON MTN INC DEL,0.0013393218137102993,Add 220.83%,7700.0,126.31,972587.0,,,,,
NATURAL HEALTH TRENDS CORP,0.001326141862632379,Reduce 2.04%,544077.0,1.7699994669872094,963016.0,,,,,
AUDIOEYE INC,0.0013230338123154984,Add 31.97%,165363.0,5.80999981858094,960759.0,,,,,
PROTARA THERAPEUTICS INC,0.0013229938772427515,Add 100.08%,251500.0,3.82,960730.0,,,,,
SAGA COMMUNICATIONS INC,0.001322919515383154,Reduce 0.49%,105918.0,9.06999754527087,960676.0,,,,,
OPTIMIZERX CORP,0.0013209475490323461,Reduce 22.67%,167700.0,5.72,959244.0,,,,,
DLH HLDGS CORP,0.0013148732867604093,Reduce 6.04%,181873.0,5.249998625414437,954833.0,,,,,
MAMMOTH ENERGY SVCS INC,0.0013080939638937705,Add 26.00%,292280.0,3.25,949910.0,,,,,
VELOCITY FINL INC,0.001306626005702457,Add 85.56%,51400.0,18.46,948844.0,,,,,
TORO CORP,0.0013023708548477108,Add 7.80%,194200.0,4.87,945754.0,,,,,
RED ROBIN GOURMET BURGERS IN,0.0013001344907738897,Reduce 27.88%,118164.0,7.989996953386818,944130.0,,,,,
UNIVERSAL ELECTRS INC,0.0012937972078504135,Reduce 8.69%,196966.0,4.770000913863306,939528.0,,,,,
COLONY BANKCORP INC,0.0012931623779008868,Reduce 55.68%,46743.0,20.090002781165094,939067.0,,,,,
PAGSEGURO DIGITAL LTD,0.001288622173251017,Add 17.29%,103400.0,9.05,935770.0,,,,,
ARK 21SHARES BITCOIN ETF,0.0012877683889371196,Buy 100%,48055.0,19.459993757153264,935150.0,,,,,
CITIZENS INC,0.001283626157943244,Reduce 5.86%,162394.0,5.740002709459709,932142.0,,,,,
BOS BETTER ONLINE SOLUTIONS,0.0012779567546846715,Reduce 15.05%,206687.0,4.4900017901464535,928025.0,,,,,
OHIO VY BANC CORP,0.0012723768610719108,Add 43.99%,21275.0,43.429988249118686,923973.0,,,,,
SOUTH PLAINS FINANCIAL INC,0.0012671343499702867,Reduce 72.05%,21357.0,43.084983846045795,920166.0,,,,,
KALTURA INC,0.0012660244303622204,Add 8.08%,707200.0,1.3,919360.0,,,,,
HILLMAN SOLUTIONS CORP,0.0012585634571159376,Buy 100%,108287.0,8.439997414278722,913942.0,,,,,
UPSTREAM BIO INC,0.001251201633015785,Add 111.43%,131300.0,6.92,908596.0,,,,,
LARIMAR THERAPEUTICS INC,0.0012492806183095162,Reduce 59.80%,297443.0,3.0499994957016976,907201.0,,,,,
CACI INTL INC,0.0012490905824461003,Buy 100%,1958.0,463.2599591419816,907063.0,,,,,
OPTIMUMBANK HLDGS INC,0.0012469354655892466,Add 24.44%,155051.0,5.84000103191853,905498.0,,,,,
AIRJOULE TECHNOLOGIES CORP,0.001243523082476606,Reduce 58.55%,163000.0,5.54,903020.0,,,,,
SPORTSMANS WHSE HLDGS INC,0.001242309882507987,Add 40.06%,678300.0,1.33,902139.0,,,,,
SPDR INDEX SHS FDS,0.0012335723640052806,Reduce 93.11%,17300.0,51.78,895794.0,,,,,
TREDEGAR CORP,0.001230975207205264,Reduce 42.53%,112300.0,7.96,893908.0,,,,,
BERKSHIRE HATHAWAY INC DEL,0.0012289729452820278,Add 4.01%,1791.0,498.2992741485204,892454.0,,,,,
VIA TRANSN INC,0.0012240237504043718,Reduce 85.13%,49000.0,18.14,888860.0,,,,,
NEW HORIZON AIRCRAFT LTD,0.0012225613004989541,Reduce 1.47%,450659.0,1.9699994896362882,887798.0,,,,,
ROUNDHILL ETF TRUST,0.0012217446971148557,Buy 100%,28500.0,31.13,887205.0,,,,,
AWARE INC MASS,0.001219184721244638,Add 0.02%,655812.0,1.3499996950345525,885346.0,,,,,
VERA BRADLEY INC,0.0012187592061591636,Add 2.62%,227516.0,3.889998945129134,885037.0,,,,,
OFG BANCORP,0.0012186091053684944,Buy 100%,18034.0,49.069978928690254,884928.0,,,,,
ORTHOFIX MED INC,0.0012182538209281953,Reduce 5.10%,96791.0,9.140002686200162,884670.0,,,,,
ORAMED PHARMACEUTICALS INC,0.0012174385946155707,Add 24.44%,183800.0,4.81,884078.0,,,,,
METAGENOMI THERAPEUTICS INC,0.0012165820561587256,Reduce 5.77%,742400.0,1.19,883456.0,,,,,
SIFY TECHNOLOGIES LTD,0.0012099900150125541,Add 193.89%,52900.0,16.61,878669.0,,,,,
SENSTAR TECHNOLOGIES CORP,0.0012086611410401173,Reduce 1.77%,454769.0,1.9299996261838428,877704.0,,,,,
RAVE RESTAURANT GROUP INC,0.0012074809907868756,Add 51.44%,268149.0,3.269999142267918,876847.0,,,,,
RYERSON HLDG CORP,0.001203152855144006,Reduce 52.11%,35502.0,24.60999380316602,873704.0,,,,,
SEACOR MARINE HLDGS INC,0.001203050951854928,Reduce 5.15%,114200.0,7.65,873630.0,,,,,
HAGERTY INC,0.0012026722571995704,Reduce 53.53%,73268.0,11.92000600535022,873355.0,,,,,
PATHWARD FINANCIAL INC,0.0011988784252886238,Reduce 78.29%,10000.0,87.06,870600.0,,,,,
ANGEL OAK MORTGAGE REIT INC,0.001198652585566883,Add 207.03%,95863.0,9.079999582737866,870436.0,,,,,
CAESARSTONE LTD,0.0011972892848075957,Add 10.02%,414022.0,2.0999995169338828,869446.0,,,,,
INVIVYD INC,0.0011957510959711064,Add 17.61%,995334.0,0.8723996166111074,868329.0,,,,,
THIRD COAST BANCSHARES INC,0.0011891149885377664,Reduce 52.40%,21374.0,40.40001871432582,863510.0,,,,,
HARLEY DAVIDSON INC,0.0011890158393916364,Buy 100%,35300.0,24.46,863438.0,,,,,
SEACOAST BKG CORP FLA,0.0011861281205106,Reduce 42.18%,25905.0,33.2499903493534,861341.0,,,,,
RANPAK HOLDINGS CORP,0.0011807878373343201,Buy 100%,117300.0,7.31,857463.0,,,,,
STAR EQUITY HOLDINGS INC,0.0011806198346144888,Reduce 0.62%,80426.0,10.65999801059359,857341.0,,,,,
CHAMPIONS ONCOLOGY INC,0.0011794341760753507,Reduce 4.47%,139039.0,6.159998273865606,856480.0,,,,,
DMC GLOBAL INC,0.0011758592985287746,Add 483.21%,146968.0,5.809999455663818,853884.0,,,,,
ADVISORSHARES TR,0.0011696514603238572,Add 41.22%,167200.0,5.08,849376.0,,,,,
MANHATTAN BRDG CAP INC,0.0011616410355594375,Reduce 4.79%,186628.0,4.520002357631224,843559.0,,,,,
COMSTOCK INC,0.0011588015141799919,Buy 100%,202283.0,4.159998615800636,841497.0,,,,,
CARPARTS COM INC,0.001157114601624308,Reduce 90.24%,130477.0,6.440000919702323,840272.0,,,,,
MORGAN STANLEY ETF TRUST,0.0011522163583911908,Reduce 43.69%,16500.0,50.71,836715.0,,,,,
JINKOSOLAR HLDG CO LTD,0.0011521130780306388,Reduce 39.42%,49800.0,16.8,836640.0,,,,,
LESAKA TECHNOLOGIES INC,0.001150484002476864,Reduce 9.58%,168100.0,4.97,835457.0,,,,,
NEOVOLTA INC,0.0011440930137659009,Buy 100%,263751.0,3.150001327009187,830816.0,,,,,
GRIDAI TECHNOLOGIES CORP,0.0011386274170854843,Reduce 4.08%,176300.0,4.69,826847.0,,,,,
SABRE CORP,0.0011382803950740292,Add 272.41%,395500.0,2.09,826595.0,,,,,
EVI INDS INC,0.0011376786148398791,Add 242.99%,55897.0,14.780006082616241,826158.0,,,,,
KYIVSTAR GROUP LTD,0.0011311760833395198,Reduce 37.28%,50800.0,16.17,821436.0,,,,,
SOLID BIOSCIENCES INC,0.0011294451044966667,Reduce 33.94%,82100.0,9.99,820179.0,,,,,
CARDIOL THERAPEUTICS INC,0.0011281065910239117,Add 236.30%,772837.0,1.0599997153345402,819207.0,,,,,
KNOWLES CORP,0.0011252822174306807,Reduce 72.79%,19700.0,41.48,817156.0,,,,,
STANDARD BIOTOOLS INC,0.001123918916671393,Buy 100%,992058.0,0.8226998824665493,816166.0,,,,,
ORION S.A.,0.0011238638338124322,Add 21.52%,123096.0,6.629996100604406,816126.0,,,,,
RBB BANCORP,0.001121247398011779,Buy 100%,29700.0,27.415016835016836,814226.0,,,,,
REDWOOD TRUST INC,0.0011200879038306478,Add 358.82%,171600.0,4.74,813384.0,,,,,
WESTWATER RES INC,0.0011187865712876913,Reduce 4.93%,1608790.0,0.5050000310792583,812439.0,,,,,
SAFEHOLD INC,0.0011182095783400737,Add 62.35%,51721.0,15.700005800351889,812020.0,,,,,
TITAN AMER SA,0.0011022107619548184,Reduce 56.85%,42894.0,18.659999067468643,800402.0,,,,,
COGNITION THERAPEUTICS INC,0.0010979129218843776,Reduce 37.94%,693288.0,1.1499997115195995,797281.0,,,,,
FORWARD INDUSTRIES INC,0.0010974763902271108,Reduce 52.81%,188854.0,4.220000635411482,796964.0,,,,,
FREEDOM HOLDING CORP,0.0010959657428201023,Buy 100%,6100.0,130.47,795867.0,,,,,
ELEDON PHARMACEUTICALS INC,0.001090015416980828,Add 716.67%,200900.0,3.94,791546.0,,,,,
CROWN CRAFTS INC,0.0010897358714716005,Add 8.28%,278642.0,2.8399989951263627,791343.0,,,,,
DIGITAL RLTY TR INC,0.0010880957793460333,Reduce 86.63%,4400.0,179.58,790152.0,,,,,
BUTTERFLY NETWORK INC,0.0010878603001239745,Buy 100%,93822.0,8.419997441964572,789981.0,,,,,
COHERUS ONCOLOGY INC,0.0010855151474037051,Add 69.75%,563056.0,1.3999992895910887,788278.0,,,,,
PALMER SQUARE CAPITAL BDC IN,0.0010776162654286816,Reduce 51.77%,75100.0,10.42,782542.0,,,,,
NUVEEN CHURCHILL DIRECT LEND,0.0010775033455678112,Reduce 58.56%,63000.0,12.42,782460.0,,,,,
CITI TRENDS INC,0.0010770241246948497,Buy 100%,13522.0,57.83996450229256,782112.0,,,,,
ICON PUB LTD CO,0.00107644988589018,Buy 100%,4500.0,173.71,781695.0,,,,,
8X8 INC NEW,0.001075257341993672,Reduce 1.27%,456625.0,1.7100005474952094,780829.0,,,,,
JBG SMITH PPTYS,0.0010626061863617782,Add 171.13%,52600.0,14.67,771642.0,,,,,
AMARIN CORP PLC,0.0010617248606184005,Add 151.19%,48369.0,15.940002894415844,771002.0,,,,,
BANK OF THE JAMES FINL GP IN,0.001060506152363886,Buy 100%,30177.0,25.51999867448719,770117.0,,,,,
BANK7 CORP,0.0010583000838624932,Add 31.93%,15700.0,48.95,768515.0,,,,,
WEYCO GROUP INC,0.0010575330550514597,Reduce 14.46%,19526.0,39.33002150978183,767958.0,,,,,
AVIAT NETWORKS INC,0.0010510305235511004,Reduce 50.01%,34380.0,22.2,763236.0,,,,,
BILL HOLDINGS INC,0.0010407135040676838,Buy 100%,20900.0,36.16,755744.0,,,,,
RHINEBECK BANCORP INC,0.001032146742427757,Add 78.19%,43300.0,17.31,749523.0,,,,,
SUNPOWER INC,0.0010301913009346372,Reduce 21.29%,1088467.0,0.687299660899228,748103.0,,,,,
EPSILON ENERGY LTD,0.001030172021934001,Reduce 41.13%,138279.0,5.409997179615126,748089.0,,,,,
SEAPORT ENTMT GROUP INC,0.0010256056529261248,Reduce 65.98%,27999.0,26.599985713775492,744773.0,,,,,
BANCFIRST CORP,0.001023490471142018,Buy 100%,6688.0,111.12993421052632,743237.0,,,,,
FOSSIL GROUP INC,0.0010140616627593495,Add 85.41%,177872.0,4.1399995502383735,736390.0,,,,,
ELTEK LTD,0.0010115540156051448,Reduce 3.73%,77323.0,9.500006466381283,734569.0,,,,,
SEVEN HILLS REALTY TRUST,0.0010103532092797924,Reduce 10.49%,87034.0,8.430004366109797,733697.0,,,,,
RITHM PPTY TR INC,0.001008406030215517,Reduce 15.27%,50853.0,14.399996067095353,732283.0,,,,,
SENSUS HEALTHCARE INC,0.001007808381195789,Reduce 3.92%,242334.0,3.020001320491553,731849.0,,,,,
OCTAVE SPECIALTY GROUP INC,0.0010070909269578206,Reduce 48.53%,117200.0,6.24,731328.0,,,,,
NORTHPOINTE BANCSHARES INC.,0.0010063059962176248,Buy 100%,38100.0,19.18,730758.0,,,,,
MASTECH HLDGS INC,0.0010008954823961694,Reduce 8.20%,94027.0,7.73000308422049,726829.0,,,,,
SHENANDOAH TELECOMMUNICATION,0.0009967794157603003,Reduce 24.76%,48000.0,15.08,723840.0,,,,,
CHAIN BRIDGE BANCORP INC,0.000995980714305364,Add 13.16%,17200.0,42.05,723260.0,,,,,
YOUDAO INC,0.000992565577049775,Reduce 7.72%,58600.0,12.3,720780.0,,,,,
BROADWIND INC,0.0009922736378972813,Reduce 23.04%,149186.0,4.8299974528441005,720568.0,,,,,
CI&AMP;T INC,0.000991174734861007,Add 229.51%,215500.0,3.34,719770.0,,,,,
SI BONE INC,0.0009910948647155133,Reduce 90.67%,44100.0,16.32,719712.0,,,,,
HANOVER BANCORP INC,0.0009890898486493288,Buy 100%,30800.0,23.32,718256.0,,,,,
LEONABIO INC,0.0009798235347005955,Add 20.56%,77424.0,9.190005682992354,711527.0,,,,,
ABRDN SILVER ETF TRUST,0.0009754788742000378,Buy 100%,12600.0,56.22,708372.0,,,,,
SONO TEK CORP,0.0009691829034207826,Add 29.07%,115000.0,6.12,703800.0,,,,,
UNIVERSAL CORP VA MTNS BK EN,0.0009683552834648919,Reduce 83.17%,13479.0,52.16996809852363,703199.0,,,,,
NATIONAL STORAGE AFFILIATES,0.000967566221510274,Buy 100%,15800.0,44.47,702626.0,,,,,
SUPERIOR GROUP OF CO INC,0.0009629805735017613,Add 14.13%,53300.0,13.12,699296.0,,,,,
AGENUS INC,0.0009622135446907278,Reduce 20.06%,228346.0,3.060001051036585,698739.0,,,,,
COMTECH TELECOMMUNICATIONS C,0.0009615401567399282,Add 41.10%,332500.0,2.1,698250.0,,,,,
CINGULATE INC,0.0009604040727738553,Add 299.84%,127500.0,5.47,697425.0,,,,,
VIRGINIA NATL BK CHRLOTSVLE,0.0009594965826724708,Add 1.29%,15700.0,44.38,696766.0,,,,,
INGRAM MICRO HLDG CORP,0.0009594359915276137,Buy 100%,25400.0,27.43,696722.0,,,,,
GLOBUS MARITIME LIMITED NEW,0.0009585408950694956,Add 62.68%,232800.0,2.99,696072.0,,,,,
HEALTH CATALYST INC,0.0009571183802368248,Add 60.90%,349266.0,1.9899990265299228,695039.0,,,,,
KORU MEDICAL SYSTEMS INC,0.0009537321614821904,Add 259.26%,164900.0,4.2,692580.0,,,,,
SELECTQUOTE INC,0.0009535572734049889,Reduce 19.39%,823271.0,0.8410997107878208,692453.0,,,,,
PAYSAFE LIMITED,0.0009524886659411434,Add 31.91%,92594.0,7.4699980560295485,691677.0,,,,,
NEW FOUND GOLD CORP,0.000944555357179269,Reduce 36.94%,445400.0,1.54,685916.0,,,,,
NIU TECHNOLOGIES,0.0009410906453506151,Add 6.25%,340000.0,2.01,683400.0,,,,,
COGENT COMM HOLDINGS INC,0.0009409887420615369,Reduce 26.66%,49231.0,13.87999431252666,683326.0,,,,,
BRITISH AMERN TOB PLC,0.0009354418981641528,Reduce 98.11%,10999.0,61.75997817983453,679298.0,,,,,
WESTROCK COFFEE CO,0.0009347657560704052,Add 99.29%,83700.0,8.11,678807.0,,,,,
RXSIGHT INC,0.0009338472493972287,Add 132.94%,140693.0,4.81999815200472,678140.0,,,,,
TRANSCAT INC,0.000933220681876546,Reduce 78.95%,7305.0,92.77002053388091,677685.0,,,,,
PURE CYCLE CORP,0.0009330595645140849,Reduce 25.08%,63265.0,10.709997629020785,677568.0,,,,,
VULCAN MATLS CO,0.0009282811264992082,Reduce 98.66%,2285.0,295.0100656455142,674098.0,,,,,
GENERATE BIOMEDICINES INC,0.0009219300728609918,Buy 100%,39685.0,16.870001259921885,669486.0,,,,,
51TALK ONLINE EDUCATION GROU,0.0009153614419298791,Reduce 5.87%,41675.0,15.94999400119976,664716.0,,,,,
NATURAL ALTERNATIVES INTL IN,0.0009131663900002788,Reduce 4.77%,277457.0,2.38999917104272,663122.0,,,,,
EMERALD HOLDING INC,0.0009096355787408714,Reduce 21.97%,131063.0,5.040003662360849,660558.0,,,,,
MCGRAW HILL INC,0.0009084141163434088,Reduce 58.81%,69659.0,9.470003876024634,659671.0,,,,,
VTV THERAPEUTICS INC,0.0009049328796570665,Buy 100%,17454.0,37.64999427065429,657143.0,,,,,
ALUMIS INC,0.0009042498522059487,Reduce 68.96%,23335.0,28.140004285408185,656647.0,,,,,
SOPHIA GENETICS SA,0.0009002480825024239,Add 89.46%,113300.0,5.77,653741.0,,,,,
ENTERA BIO LTD,0.0008990335054623312,Reduce 22.09%,368847.0,1.7699994848812652,652859.0,,,,,
FIVE STAR BANCORP,0.0008917598139365162,Reduce 54.61%,13300.0,48.69,647577.0,,,,,
BIODESIX INC,0.0008896046970796628,Add 139.77%,28648.0,22.549986037419714,646012.0,,,,,
GENESCO INC,0.0008882207402482648,Add 54.03%,19100.0,33.77,645007.0,,,,,
HERON THERAPEUTICS INC,0.000885656633163625,Reduce 12.30%,1506900.0,0.4268000530891234,643145.0,,,,,
READING INTL INC,0.0008855382050168587,Reduce 1.88%,502390.0,1.279999601902904,643059.0,,,,,
NEUROGENE INC,0.0008837177165281938,Reduce 52.98%,20405.0,31.449987748100956,641737.0,,,,,
LARGO INC,0.0008794515491016556,Reduce 22.14%,1007000.0,0.6341996027805362,638639.0,,,,,
U S GLOBAL INVS INC,0.0008765431741485089,Add 5.86%,204015.0,3.1200009803200746,636527.0,,,,,
NETWORK-1 TECHNOLOGIES INC,0.0008670950867652039,Reduce 7.17%,428344.0,1.4700007470631082,629666.0,,,,,
LOANDEPOT INC,0.0008668664929005152,Reduce 38.57%,503600.0,1.25,629500.0,,,,,
SPRUCE POWER HOLDING CORP,0.0008652346632037924,Add 3.09%,243533.0,2.5799994251292433,628315.0,,,,,
GRAIL INC,0.000864916559693292,Reduce 83.33%,9200.0,68.27,628084.0,,,,,
AN2 THERAPEUTICS INC,0.0008644538636780185,Reduce 34.76%,129700.0,4.84,627748.0,,,,,
KIMBALL ELECTRONICS INC,0.0008613017470739688,Buy 100%,24432.0,25.59999181401441,625459.0,,,,,
AUREUS GREENWAY HLDGS INC,0.0008593421743664272,Buy 100%,156400.0,3.99,624036.0,,,,,
FIRST BK WILLIAMSTOWN NEW JE,0.0008582047133288803,Reduce 35.61%,35150.0,17.730014224751066,623210.0,,,,,
MODIV INDUSTRIAL INC,0.0008578053626014123,Reduce 52.71%,35800.0,17.4,622920.0,,,,,
FIRST SEACOAST BANCORP INC,0.0008574666030188013,Add 70.73%,36932.0,16.860012996859094,622674.0,,,,,
TECNOGLASS INC,0.0008573275187999245,Buy 100%,13300.0,46.81,622573.0,,,,,
BRASILAGRO COMPANHIA BRASILE,0.0008529511856554641,Add 24.37%,173500.0,3.57,619395.0,,,,,
ADAGENE INC,0.0008473120779693203,Add 324.23%,146500.0,4.2,615300.0,,,,,
XILIO THERAPEUTICS INC,0.0008463288489368643,Add 29.43%,64153.0,9.580004052811248,614586.0,,,,,
NEW PAC METALS CORP,0.0008435044753436332,Reduce 57.75%,152372.0,4.0199971123303495,612535.0,,,,,
PAYPAY CORP,0.0008426176413143593,Buy 100%,42700.0,14.33,611891.0,,,,,
SOLUNA HOLDINGS INC,0.0008414044413457408,Reduce 45.81%,452600.0,1.35,611010.0,,,,,
HARVARD BIOSCIENCE INC,0.0008411992576961107,Reduce 2.07%,99327.0,6.1499994966122005,610861.0,,,,,
LAIRD SUPERFOOD INC,0.0008388017762598282,Reduce 2.48%,129600.0,4.7,609120.0,,,,,
KALARIS THERAPEUTICS INC,0.0008370652891310791,Add 125.77%,149351.0,4.070002879123675,607859.0,,,,,
VOR BIOPHARMA INC,0.0008368917781253516,Reduce 74.38%,33011.0,18.410014843537002,607733.0,,,,,
MAIA BIOTECHNOLOGY INC,0.0008243260009248479,Buy 100%,415700.0,1.44,598608.0,,,,,
AGI INC,0.0008220717349218642,Buy 100%,84318.0,7.079994781659907,596971.0,,,,,
CEL-SCI CORP,0.0008198505186342573,"Add 1,495.04%",572460.0,1.0399993012612234,595358.0,,,,,
TEAM INC,0.0008197885504179261,Add 9.54%,34451.0,17.279991872514586,595313.0,,,,,
RESERVOIR MEDIA INC,0.0008188287316005287,Buy 100%,60123.0,9.889992182692147,594616.0,,,,,
POLYPID LTD,0.0008158115680009338,Add 527.12%,116619.0,5.080004115967381,592425.0,,,,,
NET POWER INC,0.0008145708266028347,Reduce 49.67%,354206.0,1.6699999435356827,591524.0,,,,,
FURY GOLD MINES LIMITED,0.0008084786624017355,Reduce 10.30%,1087423.0,0.5399002963888018,587100.0,,,,,
UNDER ARMOUR INC,0.0008073205452920781,Buy 100%,93300.0,6.2835905680600215,586259.0,,,,,
UNITED MARITIME CORPORATION,0.0008060880663228233,Reduce 4.28%,222572.0,2.629998382545873,585364.0,,,,,
TARSUS PHARMACEUTICALS INC,0.0008060577707503947,Reduce 87.33%,9300.0,62.94,585342.0,,,,,
EVE HLDG INC,0.0008026770602816564,Reduce 32.54%,232226.0,2.5099988804009885,582887.0,,,,,
BUZZFEED INC,0.0007987868333675278,Add 15.38%,397303.0,1.4599990435511436,580062.0,,,,,
CAPITAL BANCORP INC MD,0.0007979853777696436,Buy 100%,16500.0,35.12,579480.0,,,,,
CONTEXT THERAPEUTICS INC,0.0007943375154349437,Add 469.07%,1041399.0,0.5539000901671693,576831.0,,,,,
FARMERS NATIONAL BANC CORP,0.0007908397538909131,Reduce 28.68%,39335.0,14.6,574291.0,,,,,
HOOKER FURNISHINGS CORPORATI,0.0007906125370976986,Reduce 6.12%,32200.0,17.83,574126.0,,,,,
SHIMMICK CORPORATION,0.0007901443327965292,Add 251.69%,125555.0,4.569997212377046,573786.0,,,,,
ALTISOURCE PORTFOLIO SOLUTIO,0.0007893621561992812,Reduce 14.38%,560473.0,1.022739721627982,573218.0,,,,,
KORE GROUP HLDGS INC,0.0007860213808032898,Reduce 30.47%,61841.0,9.229993046684239,570792.0,,,,,
MONTAUK RENEWABLES INC,0.0007836748510115464,Add 2.88%,364800.0,1.56,569088.0,,,,,
LASER PHOTONICS CORP,0.0007817510821623296,Buy 100%,344055.0,1.6500007266280101,567691.0,,,,,
BRP INC,0.0007776033428825578,Reduce 43.92%,9254.0,61.019991355089694,564679.0,,,,,
ADDUS HOMECARE CORP,0.0007747844775752227,Reduce 93.04%,5600.0,100.47,562632.0,,,,,
DOUYU INTL HLDGS LTD,0.0007700583682763593,Reduce 3.35%,120258.0,4.6500024946365315,559200.0,,,,,
WESBANCO INC,0.0007662190930067698,Reduce 92.25%,14256.0,39.03002244668912,556412.0,,,,,
CONSTELLATION BRANDS INC,0.0007661474852901202,Buy 100%,4000.0,139.09,556360.0,,,,,
JANUS LIVING INC,0.0007638367593567016,Buy 100%,19300.0,28.74,554682.0,,,,,
SKYX PLATFORMS CORP,0.0007634195067000711,Reduce 58.93%,501700.0,1.1050009966115208,554379.0,,,,,
SOUNDTHINKING INC,0.0007618579076485235,Reduce 6.43%,61132.0,9.050006543217954,553245.0,,,,,
BRAZIL POTASH CORP,0.0007617890540748222,Reduce 25.36%,257300.0,2.15,553195.0,,,,,
PULMONX CORP,0.0007610289106211587,Add 32.72%,425110.0,1.3,552643.0,,,,,
LIFECORE BIOMEDICAL INC,0.0007580916171670575,Buy 100%,104859.0,5.250002384153959,550510.0,,,,,
ZSCALER INC,0.0007580571903802067,Reduce 98.31%,3900.0,141.15,550485.0,,,,,
BOGOTA FINL CORP,0.000756680118906179,Add 94.72%,60851.0,9.030007723784326,549485.0,,,,,
BAOZUN INC,0.0007541531927513379,Reduce 1.28%,193516.0,2.829998553091217,547650.0,,,,,
CLEARWATER PAPER CORP,0.0007535775768751943,Reduce 85.28%,34900.0,15.68,547232.0,,,,,
HOYNE BANCORP INC,0.0007514775428773018,Buy 100%,32599.0,16.739992024295223,545707.0,,,,,
VANECK MERK GOLD ETF,0.0007492907533765457,Reduce 61.34%,14100.0,38.59,544119.0,,,,,
SCANSOURCE INC,0.0007442162449947531,Reduce 50.85%,10375.0,52.09002409638554,540434.0,,,,,
IDEAL PWR INC,0.0007436750559054602,Buy 100%,100754.0,5.359995632927725,540041.0,,,,,
FIDELITY D &AMP; D BANCORP INC,0.0007428570754498876,Reduce 7.09%,10491.0,51.41997902964446,539447.0,,,,,
DIGITALBRIDGE GROUP INC,0.0007426505147287834,Reduce 93.23%,34176.0,15.779991807116104,539297.0,,,,,
PRECISION BIOSCIENCES INC,0.0007422621805731076,Reduce 69.27%,68577.0,7.859996791927323,539015.0,,,,,
APTERA MOTORS CORP,0.0007419041419898603,Reduce 17.37%,219900.0,2.45,538755.0,,,,,
CHIRON REAL ESTATE INC,0.0007386928113124275,Reduce 22.71%,14297.0,37.519969224312796,536423.0,,,,,
CANTON STRATEGIC HOLDINGS IN,0.000736390347807853,Reduce 66.26%,189628.0,2.820000210939313,534751.0,,,,,
PYXIS TANKERS INC,0.000734414250242623,Add 7.73%,128201.0,4.159998751959813,533316.0,,,,,
XERIS BIOPHARMA HOLDINGS INC,0.0007344032336708308,Reduce 85.13%,67337.0,7.919984555296494,533308.0,,,,,
ACCURAY INC DEL,0.0007331941649166344,Reduce 9.85%,2065284.0,0.2577998958012554,532430.0,,,,,
NCS MULTISTAGE HLDGS INC,0.0007315072523609503,Reduce 5.52%,12040.0,44.12001661129568,531205.0,,,,,
NOODLES &AMP; CO,0.0007304345136826827,Add 165.85%,35480.0,14.95,530426.0,,,,,
UNION BANKSHARES INC,0.0007300269005263704,Add 19.86%,21852.0,24.260021965952774,530130.0,,,,,
NIQ GLOBAL INTELLIGENCE PLC,0.0007287599947702648,Add 74.15%,56600.0,9.35,529210.0,,,,,
REGIS CORPORATION,0.0007265869759842489,Add 25.26%,18844.0,28.0,527632.0,,,,,
SINCLAIR INC,0.000724510352201415,Reduce 33.11%,36921.0,14.249993228785787,526124.0,,,,,
FRANKLIN FINL SVCS CORP,0.0007241192639027911,Reduce 65.15%,8400.0,62.6,525840.0,,,,,
NET LEASE OFFICE PROPERTIES,0.0007188271782281022,Reduce 19.69%,46900.0,11.13,521997.0,,,,,
HAMILTON BEACH BRANDS HLDG C,0.0007167354066590539,Reduce 0.44%,22600.0,23.03,520478.0,,,,,
LEXINFINTECH HLDGS LTD,0.0007164586152927743,Reduce 80.12%,264100.0,1.97,520277.0,,,,,
STEM INC,0.000715008559030623,Add 13.50%,66482.0,7.809993682500527,519224.0,,,,,
INVESTMENT MANAGERS SER TR,0.0007146642911621161,Buy 100%,18800.0,27.605,518974.0,,,,,
LUXFER HLDGS PLC,0.0007094479444184986,Reduce 63.63%,28558.0,18.039988794733524,515186.0,,,,,
VERU INC,0.0007088186227548678,Add 137.47%,164450.0,3.130003040437823,514729.0,,,,,
AH RLTY TR INC,0.000708625832748504,Reduce 61.75%,72682.0,7.080006053768471,514589.0,,,,,
IMAGENEBIO INC,0.0007062820570997087,Add 6.41%,86930.0,5.9,512887.0,,,,,
BRANCHOUT FOOD INC,0.0007056665061508183,Add 38.51%,111400.0,4.6,512440.0,,,,,
FAETH THERAPEUTICS INC,0.0007028572803438014,Buy 100%,20416.0,25.0,510400.0,,,,,
YATRA ONLINE INC,0.0006988858062127052,Add 0.84%,538536.0,0.9423993939123847,507516.0,,,,,
FUNKO INC,0.0006987866570665752,Add 98.39%,86300.0,5.88,507444.0,,,,,
ESPERION THERAPEUTICS INC NE,0.0006971176464400534,Reduce 90.11%,160200.0,3.16,506232.0,,,,,
PIONEER PWR SOLUTIONS INC,0.0006862814710109285,Add 97.02%,126488.0,3.9400022136487256,498363.0,,,,,
RLX TECHNOLOGY INC,0.0006860294669311814,Reduce 70.81%,262200.0,1.9,498180.0,,,,,
OLD SECOND BANCORP INC DEL,0.0006814768686380455,Reduce 76.48%,21221.0,23.32001319447717,494874.0,,,,,
INVESTORS TITLE CO NC,0.0006810169267657202,Reduce 74.57%,1807.0,273.68013281682346,494540.0,,,,,
QUANTUM SI INC,0.0006750073868530628,Add 369.78%,553871.0,0.8850002979033024,490176.0,,,,,
COMPASS MINERALS INTL INC,0.0006730312892878328,Reduce 90.92%,15700.0,31.13,488741.0,,,,,
SUMMIT HOTEL PPTYS,0.0006699370096856923,Add 347.74%,69400.0,7.01,486494.0,,,,,
IRIDEX CORP,0.0006678218279015856,Add 6.79%,423542.0,1.1450056901086552,484958.0,,,,,
CASS INFORMATION SYS INC,0.0006508824716995692,Reduce 83.51%,9210.0,51.3199782844734,472657.0,,,,,
MCEWEN INC.,0.0006491239514272358,Buy 100%,26000.0,18.13,471380.0,,,,,
VANGUARD MALVERN FDS,0.0006487645357725145,Add 134.62%,6100.0,77.23262295081967,471119.0,,,,,
FILANA THERAPEUTICS INC,0.00063844476214615,Add 19.23%,389601.0,1.1899995123215803,463625.0,,,,,
CUE BIOPHARMA INC,0.0006383896792871888,Reduce 93.13%,14689.0,31.560010892504597,463585.0,,,,,
PLAYSTUDIOS INC,0.0006376364211908957,Add 51.63%,927931.0,0.49900046447419044,463038.0,,,,,
BETTERWARE DE MEXC S A P I D,0.0006366793565164464,Reduce 29.40%,25700.0,17.99,462343.0,,,,,
WRAP TECHNOLOGIES INC,0.0006361367903556794,Add 13.05%,358100.0,1.29,461949.0,,,,,
CLARIVATE PLC,0.0006344553860858914,Reduce 53.42%,213300.0,2.16,460728.0,,,,,
BROOKFIELD WEALTH SOL LTD,0.0006344553860858914,Reduce 14.62%,10800.0,42.66,460728.0,,,,,
CENTRAL PLAINS BANCSHARES IN,0.0006341772176481377,Add 1.26%,24200.0,19.03,460526.0,,,,,
MARKETWISE INC,0.0006338026542072021,Reduce 5.06%,25799.0,17.839993798209232,460254.0,,,,,
MINISO GROUP HLDG LTD,0.0006328772621766555,Add 29.10%,38108.0,12.059987404219587,459582.0,,,,,
VERTEX INC,0.000627608586717025,Reduce 86.33%,39700.0,11.48,455756.0,,,,,
BRANDYWINE RLTY TR,0.0006259863965206202,Add 82.44%,143400.0,3.17,454578.0,,,,,
MARINEMAX INC,0.0006152259600225668,Buy 100%,12200.0,36.62,446764.0,,,,,
BRIDGEBIO ONCOLOGY THERAPEUT,0.0006149064794405924,Reduce 42.49%,58600.0,7.62,446532.0,,,,,
IBEX LTD,0.0006149037252976443,Reduce 83.89%,14703.0,30.369992518533632,446530.0,,,,,
CARECLOUD INC,0.0006148238551521507,Reduce 55.41%,210600.0,2.12,446472.0,,,,,
BRC INC,0.0006114761943987891,Add 33.94%,400037.0,1.109999825016186,444041.0,,,,,
BURNING ROCK BIOTECH LTD,0.0006090153676747013,Add 49.23%,52838.0,8.369998864453613,442254.0,,,,,
UNIFI INC,0.0006082758802931484,Add 221.78%,92993.0,4.750002688374394,441717.0,,,,,
AUBURN NATL BANCORP,0.0006072816346889003,Reduce 1.21%,16309.0,27.039977926298363,440995.0,,,,,
SRX GLOBAL INC,0.0006071232714693871,Buy 100%,4860865.0,0.09069990629239857,440880.0,,,,,
REPLIMUNE GROUP INC,0.0006067184124560229,Reduce 89.57%,39800.0,11.07,440586.0,,,,,
CAPRI HOLDINGS LIMITED,0.0006060615493629116,Reduce 94.57%,23700.0,18.57,440109.0,,,,,
WEST FRASER TIMBER CO LTD,0.0006058907925001321,Buy 100%,6500.0,67.69,439985.0,,,,,
DEFINITIVE HEALTHCARE CORP,0.0006007556929734824,Add 2.72%,525040.0,0.8309005028188329,436256.0,,,,,
BIOTE CORP,0.0005985978219736808,Reduce 13.51%,229994.0,1.8900014782994339,434689.0,,,,,
STRAN &AMP; COMPANY INC,0.0005967649398417498,Reduce 9.50%,194331.0,2.22999933103828,433358.0,,,,,
PRIME MEDICINE INC,0.0005966162161225548,Reduce 84.16%,117412.0,3.68999761523524,433250.0,,,,,
ALARUM TECHNOLOGIES LTD,0.0005957101030926445,Add 301.53%,53805.0,8.03999628287334,432592.0,,,,,
CORE NATURAL RESOURCES INC,0.0005950436004992151,Reduce 15.62%,5400.0,80.02,432108.0,,,,,
VINCI COMPASS INVESTMENTS LT,0.0005935715110934793,Reduce 47.82%,44300.0,9.73,431039.0,,,,,
VALUE LINE INC,0.000590884844647651,Reduce 2.75%,10600.0,40.48,429088.0,,,,,
CANAAN INC,0.0005906163157102156,Reduce 67.06%,1493879.0,0.28710022699294924,428893.0,,,,,
ALLARITY THERAPEUTICS INC,0.000588900484653577,Add 45.35%,331509.0,1.2900011764386488,427647.0,,,,,
TRANSCONTINENTAL RLTY INVS,0.0005826499572329646,Add 5.75%,9200.0,45.99,423108.0,,,,,
NSTS BANCORP INC,0.0005779293562199972,Add 74.29%,30500.0,13.76,419680.0,,,,,
KARTOON STUDIOS INC.,0.000577122392336217,"Add 4,423.86%",590273.0,0.7100002880023312,419094.0,,,,,
MGP INGREDIENTS INC NEW,0.0005714557432205925,Reduce 34.18%,23686.0,17.520011821329057,414979.0,,,,,
BLACKBAUD INC,0.0005709214394886697,Reduce 60.01%,13997.0,29.619989997856685,414591.0,,,,,
CHICAGO ATLANTIC REAL ESTATE,0.0005698211593809214,Reduce 24.31%,38600.0,10.72,413792.0,,,,,
WINCHESTER BANCORP INC,0.000568174181897984,Add 1.29%,31400.0,13.14,412596.0,,,,,
LIVEONE INC,0.0005649118995760123,Add 0.61%,64098.0,6.399996879777841,410227.0,,,,,
VERITONE INC,0.0005646185833520443,Add 275.98%,299280.0,1.3700013365410317,410014.0,,,,,
MINERVA NEUROSCIENCES INC,0.0005602133317066292,Reduce 18.28%,73300.0,5.55,406815.0,,,,,
VINFAST AUTO LTD,0.0005598291287653755,Add 318.97%,130300.0,3.12,406536.0,,,,,
ASML HLDG NV,0.0005598181121935833,Reduce 39.94%,203.0,2002.6009852216748,406528.0,,,,,
ETF SER SOLUTIONS,0.0005581050352798927,Buy 100%,12200.0,33.22,405284.0,,,,,
PORTILLOS INC,0.0005570543297452095,Reduce 45.88%,85342.0,4.7399990625952055,404521.0,,,,,
C3 AI INC,0.0005557805386317337,Reduce 59.96%,44400.0,9.09,403596.0,,,,,
STREAMEX CORP,0.0005545535679483749,Add 17.93%,473603.0,0.8503007793447255,402705.0,,,,,
BEASLEY BROADCAST GROUP INC,0.0005526683571004309,Buy 100%,15289.0,26.24998364837465,401336.0,,,,,
LENZ THERAPEUTICS INC,0.0005524356320213201,Buy 100%,70628.0,5.679999433652376,401167.0,,,,,
MAGYAR BANCORP INC,0.0005523516306614044,Add 0.88%,22986.0,17.450013051422605,401106.0,,,,,
PRECIPIO INC,0.0005523254663033979,Reduce 16.07%,16199.0,24.759985184270633,401087.0,,,,,
PARK DENTAL PARTNERS INC,0.0005519715589345728,Buy 100%,18600.0,21.55,400830.0,,,,,
SCRIPPS E W CO OHIO,0.0005516933904968191,Reduce 31.53%,144631.0,2.7700008988391147,400628.0,,,,,
RELMADA THERAPEUTICS INC,0.000550795539895753,Reduce 65.43%,57800.0,6.92,399976.0,,,,,
ABRDN PALLADIUM ETF TRUST,0.000548914460262231,Add 147.30%,18053.0,22.07998670581067,398610.0,,,,,
DULUTH HLDGS INC,0.0005484490101040096,Buy 100%,88900.0,4.48,398272.0,,,,,
INOVIO PHARMACEUTICALS INC,0.0005473487299962613,Reduce 43.87%,361339.0,1.1000002767484274,397473.0,,,,,
KLX ENERGY SERVICES HOLDINGS,0.0005457169002995384,Add 0.99%,153600.0,2.58,396288.0,,,,,
XTANT MED HLDGS INC,0.000542132383252644,Reduce 5.30%,935119.0,0.42099989413112127,393685.0,,,,,
HUDSON PACIFIC PROPERTIES IN,0.0005417688363835006,Buy 100%,25900.0,15.19,393421.0,,,,,
PRESIDIO PRODTN CO,0.0005391950897985425,Buy 100%,32200.0,12.16,391552.0,,,,,
PEOPLES FINL SVCS CORP,0.0005373181413794427,Reduce 64.43%,5879.0,66.3699608777003,390189.0,,,,,
ORCHESTRA BIOMED HLDGS INC,0.0005347857069387056,Add 26.94%,90000.0,4.315,388350.0,,,,,
SUNRISE RLTY TR INC,0.0005330643675961707,Add 10.61%,49000.0,7.9,387100.0,,,,,
INSTIL BIO INC,0.0005326608856542806,Reduce 14.89%,50300.0,7.69,386807.0,,,,,
GIGACLOUD TECHNOLOGY INC,0.0005308885946672068,Reduce 84.52%,12200.0,31.6,385520.0,,,,,
BLINK CHARGING CO,0.0005265012449509541,Reduce 60.20%,597584.0,0.6397995930279258,382334.0,,,,,
CATALYST BANCORP INC,0.0005251888958362057,Reduce 0.43%,23100.0,16.51,381381.0,,,,,
BOLT BIOTHERAPEUTICS INC,0.0005228823011172091,Add 27.71%,98625.0,3.849997465145754,379706.0,,,,,
CAPITAL GROUP INTL FOCUS EQT,0.0005196489372961917,Add 55.71%,10900.0,34.62,377358.0,,,,,
IZEA WORLDWIDE INC,0.0005158344493131346,Reduce 31.47%,101240.0,3.7,374588.0,,,,,
FINWISE BANCORP,0.000515162438433809,Reduce 7.94%,25800.0,14.5,374100.0,,,,,
NEWMARK GROUP INC,0.0005148828929245814,Reduce 93.17%,24745.0,15.110002020610224,373897.0,,,,,
CODERE ONLINE LUXEMBOURG S A,0.0005139643862514048,Buy 100%,39000.0,9.57,373230.0,,,,,
ACTINIUM PHARMACEUTICALS INC,0.0005134837883069691,Reduce 19.32%,380491.0,0.9799995269270495,372881.0,,,,,
RAPID MICRO BIOSYSTEMS INC,0.0005052957213223996,Add 67.51%,212101.0,1.7300012729784395,366935.0,,,,,
MARKER THERAPEUTICS INC,0.0005049060100952498,Add 42.29%,249423.0,1.4700007617581379,366652.0,,,,,
HIGH TEMPLAR TECHNOLOGY LTD,0.000504868829165451,Add 517.30%,143213.0,2.559998044870228,366625.0,,,,,
MATIV HOLDINGS INC,0.0005035000201202674,Reduce 38.16%,48300.0,7.57,365631.0,,,,,
KEY TRONIC CORP,0.000494226820814164,Reduce 2.80%,86900.0,4.13,358897.0,,,,,
DENTSPLY SIRONA INC,0.0004888452254936633,Reduce 97.87%,33458.0,10.609988642477136,354989.0,,,,,
IBIO INC,0.0004888355859933451,Buy 100%,202847.0,1.749998767544011,354982.0,,,,,
ASSURED GUARANTY LTD,0.0004856986171755097,Add 76.00%,4400.0,80.16,352704.0,,,,,
ARTS WAY MFG INC,0.00048557605781432124,Reduce 5.23%,134074.0,2.6300028342557096,352615.0,,,,,
PROCAP FINL INC,0.00048521388801665193,Buy 100%,228800.0,1.54,352352.0,,,,,
EIKON THERAPEUTICS INC,0.00048156327153900413,Buy 100%,26797.0,13.050005597641528,349701.0,,,,,
BABCOCK &AMP; WILCOX ENTERPRISES,0.0004776510114812911,Reduce 93.21%,24600.0,14.1,346860.0,,,,,
MAASE INC.,0.00047619131571882163,Buy 100%,26600.0,13.0,345800.0,,,,,
COCA COLA CO,0.0004723782048072385,Reduce 14.35%,4238.0,80.94171779141104,343031.0,,,,,
LIONSGATE STUDIOS CORP,0.0004722583995889981,Reduce 55.64%,22400.0,15.31,342944.0,,,,,
CPS TECHNOLOGIES CORP,0.00047172960414297143,Reduce 75.07%,62058.0,5.5199974217667345,342560.0,,,,,
XENETIC BIOSCIENCES INC,0.00047061417624900894,Reduce 14.55%,117440.0,2.9099965940054497,341750.0,,,,,
GOOD TIMES RESTAURANTS INC,0.00046877027754528566,Add 8.13%,241426.0,1.4100014082990233,340411.0,,,,,
CORVEX INC,0.0004676782598663816,Buy 100%,15647.0,21.704991372148015,339618.0,,,,,
DISTRIBUTION SOLUTIONS GRP I,0.00046702001970179625,Reduce 64.67%,12400.0,27.35,339140.0,,,,,
MINDWALK HOLDINGS CORP,0.00046426587675374063,Reduce 8.22%,213380.0,1.5799981254100666,337140.0,,,,,
SACHEM CAP CORP,0.0004636324238756878,Add 138.28%,357676.0,0.9412988291079077,336680.0,,,,,
ROMA GREEN FIN LTD,0.0004635222581577656,Add 91.44%,42500.0,7.92,336600.0,,,,,
GRID DYNAMICS HLDGS INC,0.00046148419237620445,Add 78.79%,59000.0,5.68,335120.0,,,,,
GLOO HOLDINGS INC,0.00046115369522243773,Buy 100%,73600.0,4.55,334880.0,,,,,
GOGO INC,0.000460078202401222,Reduce 88.85%,107774.0,3.099996288529701,334099.0,,,,,
EPLUS INC,0.0004584546351333432,Reduce 36.51%,4000.0,83.23,332920.0,,,,,
GRANITE RIDGE RESOURCES INC,0.00045303723595451774,Add 14.42%,74600.0,4.41,328986.0,,,,,
CHIMERA INVT CORP,0.0004528788727350046,Reduce 43.27%,24653.0,13.339999188739707,328871.0,,,,,
RANI THERAPEUTICS HLDGS INC,0.0004510349740312813,Buy 100%,430737.0,0.7603990369993755,327532.0,,,,,
AMERICAN RLTY INVS INC,0.0004507802158085862,Reduce 0.68%,14699.0,22.270018368596503,327347.0,,,,,
SILICON MOTION TECHNOLOGY CO,0.00044937973411949986,Buy 100%,979.0,333.32992849846784,326330.0,,,,,
THERAPEUTICSMD INC,0.00044614912444143054,Add 0.27%,146599.0,2.2100014324790758,323984.0,,,,,
TELESAT CORP,0.0004461270912978461,Reduce 75.16%,6400.0,50.62,323968.0,,,,,
SURROZEN INC,0.0004421845356677045,Reduce 74.81%,12374.0,25.949975755616617,321105.0,,,,,
REVOLVE GROUP INC,0.0004412963245669565,Buy 100%,14000.0,22.89,320460.0,,,,,
LIGHTINTHEBOX HLDG CO LTD,0.0004404934918975983,Reduce 5.82%,108433.0,2.949996772200345,319877.0,,,,,
RETRACTABLE TECHNOLOGIES INC,0.0004376512163752049,Add 9.26%,441407.0,0.7199999093806849,317813.0,,,,,
CENTURY CASINOS INC,0.0004376333144460425,Reduce 0.60%,248281.0,1.2800012888622165,317800.0,,,,,
GENELUX CORPORATION,0.000436172241612099,Add 762.53%,105229.0,3.0099972441057123,316739.0,,,,,
RESMED INC,0.0004347497267794282,Buy 100%,1620.0,194.88024691358024,315706.0,,,,,
ENERPAC TOOL GROUP CORP,0.0004345596909160124,Buy 100%,8800.0,35.86,315568.0,,,,,
ARMATA PHARMACEUTICALS INC,0.0004311624555895857,Add 25.51%,48318.0,6.480007450639513,313101.0,,,,,
SCYNEXIS INC,0.00042889855008628407,Reduce 65.93%,76525.0,4.07000326690624,311457.0,,,,,
TRX GOLD CORPORATION,0.0004256087263348316,Reduce 54.20%,374628.0,0.8249997330685374,309068.0,,,,,
B &AMP; G FOODS INC,0.0004242096217172193,Reduce 81.61%,77400.0,3.98,308052.0,,,,,
NUTRIEN LTD,0.0004234646260497702,Buy 100%,4885.0,62.95005117707267,307511.0,,,,,
GRABAGUN DIGITAL HLDGS INC,0.0004216647936332159,Add 199.78%,134300.0,2.28,306204.0,,,,,
SKILLSOFT CORP,0.0004213880022669363,Reduce 3.17%,59074.0,5.179994583065308,306003.0,,,,,
CS DISCO INC,0.0004211112109006567,Reduce 3.97%,80900.0,3.78,305802.0,,,,,
EDUCATIONAL DEV CORP,0.00041908829290530984,Add 2.39%,201545.0,1.5100002480835546,304333.0,,,,,
INTERLINK ELECTRS INC,0.00041800178351230184,Reduce 33.58%,62976.0,4.819994918699187,303544.0,,,,,
CINEVERSE CORP,0.00041727193563106707,Reduce 15.05%,102025.0,2.969997549620191,303014.0,,,,,
DAXOR CORP,0.0004170915392679695,Add 5.03%,29421.0,10.294789436117059,302883.0,,,,,
HERITAGE GLOBAL INC,0.00041592653680094186,Add 2.17%,249617.0,1.2100017226390831,302037.0,,,,,
ZKH GROUP LTD,0.00041516501627580454,Add 48.39%,133400.0,2.26,301484.0,,,,,
GEOSPACE TECHNOLOGIES CORP,0.00041298924334684056,Buy 100%,44299.0,6.76999480800921,299904.0,,,,,
XUNLEI LTD,0.0004089434073561468,Reduce 40.56%,53077.0,5.595003485502195,296966.0,,,,,
VIOMI TECHNOLOGY CO LTD,0.00040809513132814565,Reduce 46.13%,378964.0,0.7820004010935075,296350.0,,,,,
COMSCORE INC,0.0004057086664636555,Reduce 2.44%,39921.0,7.380000500989454,294617.0,,,,,
ATERIAN INC,0.00040540984195379143,Add 358.47%,223030.0,1.3200017934806976,294400.0,,,,,
TAO SYNERGIES INC,0.0004048411114350179,Reduce 22.58%,78817.0,3.729994798076557,293987.0,,,,,
OPORTUN FINL CORP,0.0004024243509980991,Reduce 48.86%,51179.0,5.709998241466226,292232.0,,,,,
LESLIES INC,0.000400490942648564,Add 56.12%,28653.0,10.150001745017974,290828.0,,,,,
WALDENCAST PLC,0.0003943271707308155,Buy 100%,162700.0,1.76,286352.0,,,,,
THEMES ETF TR,0.0003926953410340925,Reduce 88.23%,6309.0,45.200031700744965,285167.0,,,,,
CHICAGO RIVET &AMP; MACH CO,0.0003913100071312205,Reduce 3.87%,27310.0,10.405016477480777,284161.0,,,,,
CREATIVE REALITIES INC,0.0003913031217738504,Add 0.44%,68803.0,4.129994331642515,284156.0,,,,,
ABRDN PLATINUM ETF TRUST,0.0003911062005530644,Buy 100%,20100.0,14.13,284013.0,,,,,
OVID THERAPEUTICS INC,0.00039080599897172634,Reduce 90.45%,105500.0,2.69,283795.0,,,,,
GRAFTECH INTL LTD SR NT,0.00038707551234858496,Reduce 60.80%,47561.0,5.9100103025588195,281086.0,,,,,
SMART SAND INC,0.00038704108556173426,Add 10.87%,56100.0,5.01,281061.0,,,,,
TASKUS INC,0.00038474826155747796,Add 65.83%,59700.0,4.68,279396.0,,,,,
5E ADVANCED MATERIALS INC,0.00038320869564951483,Add 4.60%,200200.0,1.39,278278.0,,,,,
BARNWELL INDS INC,0.00038153968502299316,Reduce 15.26%,274323.0,1.0099991615723072,277066.0,,,,,
NEPHROS INC,0.0003810205290772846,Reduce 22.03%,77504.0,3.569996387283237,276689.0,,,,,
PRECISION OPTICS CORP INC MA,0.00037994779039901696,Buy 100%,54100.0,5.1,275910.0,,,,,
SUPERCOM LTD NEW,0.00037966411367536723,Buy 100%,24100.0,11.44,275704.0,,,,,
AMC GLOBAL MEDIA INC,0.0003793115833780161,Buy 100%,27600.0,9.98,275448.0,,,,,
GEE GROUP INC,0.00037747870124608506,Add 1.27%,1305318.0,0.21000016854130565,274117.0,,,,,
NEXTCURE INC,0.0003772115493801237,Add 182.82%,171202.0,1.5999988317893483,273923.0,,,,,
ESCALADE INC,0.00037713718752052617,Reduce 5.49%,14583.0,18.78001782897895,273869.0,,,,,
CHAGEE HLDGS LTD,0.00037573945997438794,Reduce 91.58%,22700.0,12.02,272854.0,,,,,
COMMUNITY HEALTHCARE TR INC,0.0003750757115239065,Reduce 48.62%,14900.0,18.28,272372.0,,,,,
MAINSTREET BANCSHARES INC,0.00037399884163121677,Reduce 23.61%,11000.0,24.69,271590.0,,,,,
MEDICINOVA INC,0.0003733626346102159,Add 8.16%,205400.0,1.32,271128.0,,,,,
TELUS CORPORATION,0.00036825783065599476,Buy 100%,25300.0,10.57,267421.0,,,,,
AEBI SCHMIDT HLDG AG,0.0003663836363798429,Reduce 85.09%,21200.0,12.55,266060.0,,,,,
FIRST CAP INC,0.00036495699033275004,Reduce 14.58%,4100.0,64.64,265024.0,,,,,
FORTRESS BIOTECH INC,0.00036403297537367736,Reduce 13.25%,86390.0,3.0599953698344717,264353.0,,,,,
RPC INC,0.00036368319921927433,Reduce 81.90%,45300.0,5.83,264099.0,,,,,
LIVE VENTURES INC,0.0003635289672141832,Reduce 12.29%,26399.0,9.999886359331793,263987.0,,,,,
US GOLDMINING INC,0.0003616175920082326,Reduce 54.89%,32300.0,8.13,262599.0,,,,,
TAL ED GROUP,0.00035845721297533877,Reduce 88.39%,27200.0,9.57,260304.0,,,,,
AMPLIFY ENERGY CORP NEW,0.0003572233569346098,Add 340.39%,65178.0,3.979993249255884,259408.0,,,,,
INTERGROUP CORP,0.00035708564978720705,Buy 100%,5400.0,48.02,259308.0,,,,,
ENERGYS GROUP LTD,0.00035637921212103074,Add 545.45%,106500.0,2.43,258795.0,,,,,
SOUND FINL BANCORP INC,0.00035619330747203696,Add 5.73%,6000.0,43.11,258660.0,,,,,
SCILEX HOLDING CO,0.0003551453560803018,Reduce 10.31%,33064.0,7.79999395112509,257899.0,,,,,
DRILLING TOOLS INTL CORP,0.0003540120262571769,Add 47.63%,133200.0,1.93,257076.0,,,,,
PROFICIENT AUTO LOGISTICS IN,0.0003535451990274815,Reduce 17.86%,37700.0,6.81,256737.0,,,,,
ATOSSA THERAPEUTICS INC,0.0003509370256556728,Add 21.13%,132043.0,1.9300000757329052,254843.0,,,,,
SPRUCE BIOSCIENCES INC,0.00034950074010826177,Buy 100%,4700.0,54.0,253800.0,,,,,
SKINHEALTH SYSTEMS INC,0.0003477780236942529,Buy 100%,364691.0,0.6925013230378595,252549.0,,,,,
LINDBLAD EXPEDITIONS HLDGS I,0.00034603051999371166,Reduce 70.82%,8898.0,28.240053944706677,251280.0,,,,,
MAPLIGHT THERAPEUTICS INC,0.00034237026401574567,Buy 100%,6937.0,35.839988467637305,248622.0,,,,,
BIOVIE INC,0.00034173543406621886,Add 88.34%,127918.0,1.9400006254006472,248161.0,,,,,
JIAYIN GROUP INC,0.0003393902813459495,Reduce 34.86%,86174.0,2.86000417759417,246458.0,,,,,
CLIPPER RLTY INC,0.0003391933601251635,Reduce 4.63%,90557.0,2.7199995582892544,246315.0,,,,,
RESEARCH SOLUTIONS INC,0.0003386177442490199,Reduce 40.08%,105990.0,2.320001886970469,245897.0,,,,,
ORACLE CORP,0.0003379994391571814,Buy 100%,1669.0,147.06291192330738,245448.0,,,,,
FRANKLIN WIRELESS CORP,0.0003378878963677851,Reduce 2.13%,96601.0,2.5400047618554673,245367.0,,,,,
XPONENTIAL FITNESS INC,0.00033543257792959354,Reduce 45.59%,35200.0,6.92,243584.0,,,,,
WEREWOLF THERAPEUTICS INC,0.0003343529538939557,Add 30.69%,674632.0,0.3598999158059505,242800.0,,,,,
DORIAN LPG LTD,0.0003304723664801453,Reduce 91.65%,6900.0,34.78,239982.0,,,,,
GAIA INC NEW,0.0003278228809641158,Reduce 6.28%,113361.0,2.0999991178624042,238058.0,,,,,
CANGO INC,0.0003233570381738435,Add 13.75%,1148242.0,0.2044995741315855,234815.0,,,,,
ROCKY MTN CHOCOLATE FACTORY,0.000323231724669707,Reduce 6.09%,263823.0,0.8897025657353604,234724.0,,,,,
PERPETUALS.COM LTD,0.00032255145136153725,Buy 100%,39700.0,5.9,234230.0,,,,,
PASSAGE BIO INC,0.00032183950540946486,Reduce 64.16%,47892.0,4.880000835212561,233713.0,,,,,
GITLAB INC,0.000319519139975728,Reduce 98.98%,7600.0,30.53,232028.0,,,,,
REPUBLIC AWYS HLDGS INC,0.00031915146189216253,Buy 100%,11031.0,21.00997189738011,231761.0,,,,,
FIRST GTY BANCSHARES INC,0.00031763943741368,Add 49.65%,22906.0,10.069981664192788,230663.0,,,,,
JEWETT CAMERON TRADING LTD,0.000315016116255657,Reduce 0.74%,94528.0,2.420002538930264,228758.0,,,,,
MCCORMICK &AMP; CO INC,0.000312939492472823,Buy 100%,4500.0,50.5,227250.0,,,,,
MOTORSPORT GAMES INC,0.00031287063889912163,Add 105.80%,56800.0,4.0,227200.0,,,,,
EMERSON RADIO CORP,0.00031258833924694595,Reduce 1.24%,636731.0,0.35650062585298975,226995.0,,,,,
AYTU BIOPHARMA INC,0.0003103492210301767,Add 11.84%,104823.0,2.1499957070490257,225369.0,,,,,
YIREN DIGITAL LTD,0.0003100214780193581,Add 26.39%,269392.0,0.8357003919938232,225131.0,,,,,
FORAFRIC GLOBAL PLC,0.0003096551770072667,Add 40.30%,22308.0,10.080016137708446,224865.0,,,,,
HIGHPEAK ENERGY INC,0.0003060982013898528,Buy 100%,31800.0,6.99,222282.0,,,,,
PDS BIOTECHNOLOGY CORP,0.0003060031834581449,Add 14.22%,252200.0,0.8810983346550357,222213.0,,,,,
ENERGOUS CORP,0.0003013789774483595,Buy 100%,9100.0,24.05,218855.0,,,,,
ALTIMMUNE INC,0.0002997388853227923,Buy 100%,71600.0,3.04,217664.0,,,,,
PHOENIX ED PARTNERS INC,0.00029856286628397255,Buy 100%,6600.0,32.85,216810.0,,,,,
GAMESQUARE HLDGS INC,0.0002982984685609592,Reduce 9.40%,548400.0,0.395,216618.0,,,,,
SITE CTRS CORP,0.00029774213168545197,Buy 100%,54462.0,3.969997429400316,216214.0,,,,,
NEUROONE MED TECHNOLOGIES CO,0.0002966446057206518,Reduce 89.19%,70861.0,3.039993790660589,215417.0,,,,,
PERFORMANCE SHIPPING INC,0.00029473736172912327,Reduce 39.74%,127400.0,1.68,214032.0,,,,,
PIXELWORKS INC,0.0002924624396540293,Reduce 6.84%,34062.0,6.235100698725853,212380.0,,,,,
CARTESIAN THERAPEUTICS INC,0.0002912864206152095,Reduce 69.84%,20300.0,10.42,211526.0,,,,,
BRILLIANT EARTH GROUP INC,0.00029036653687055893,Reduce 7.70%,186600.0,1.13,210858.0,,,,,
GREENTREE HOSPITALITY GROUP,0.0002893598976230446,Reduce 7.06%,185953.0,1.1300005915473266,210127.0,,,,,
PULMATRIX INC,0.00028723920755304176,Add 12.41%,122698.0,1.7000032600368384,208587.0,,,,,
ADVANCED FLOWER CAP INC,0.0002864446373125277,Reduce 12.63%,67100.0,3.1,208010.0,,,,,
CONNECT BIOPHARMA HLDGS LTD,0.0002861196484446571,Reduce 27.67%,87300.0,2.38,207774.0,,,,,
SCULLY ROYALTY LTD,0.0002830405166287309,Reduce 1.47%,67114.0,3.0625204875286824,205538.0,,,,,
KYNTRA BIO INC,0.000281558787722677,Reduce 1.46%,27081.0,7.550016616816218,204462.0,,,,,
PERSPECTIVE THERAPEUTICS INC,0.00027767820030886656,Buy 100%,59133.0,3.410007948184601,201644.0,,,,,
ATRIUM THERAPEUTICS INC,0.00027728711201024264,Buy 100%,14971.0,13.45000333979026,201360.0,,,,,
GALECTIN THERAPEUTICS INC,0.0002769455982846838,Reduce 70.69%,43343.0,4.640011074452622,201112.0,,,,,
ROCKWELL MED INC,0.0002726587747860352,Reduce 43.72%,359672.0,0.5504987877844258,197999.0,,,,,
ELUTIA INC,0.0002722456533438268,Add 143.99%,201816.0,0.9796002299123955,197699.0,,,,,
RLJ LODGING TR,0.00027088372965601326,Reduce 94.45%,16600.0,11.85,196710.0,,,,,
RAFAEL HLDGS INC,0.0002701717837039409,Reduce 32.90%,59815.0,3.2799966563571012,196193.0,,,,,
WETOUCH TECHNOLOGY INC,0.0002691968171003292,Add 185.94%,161558.0,1.209998885849045,195485.0,,,,,
TREACE MED CONCEPTS INC,0.00026471995773826474,Reduce 90.76%,48300.0,3.98,192234.0,,,,,
ACCESS NEWSWIRE INC,0.0002617083024245659,Reduce 0.34%,29238.0,6.5,190047.0,,,,,
COCRYSTAL PHARMA INC,0.0002597280736449139,Add 44.95%,179628.0,1.0499977731756742,188609.0,,,,,
INTEGRA LIFESCIENCES HLDGS C,0.0002596881385721671,Buy 100%,10500.0,17.96,188580.0,,,,,
OUTSET MED INC,0.00025835100217088606,Reduce 80.44%,43428.0,4.320000921064751,187609.0,,,,,
GENASYS INC,0.0002573622648525341,Add 0.73%,109936.0,1.6999981807597146,186891.0,,,,,
SILENCE THERAPEUTICS PLC,0.00025598519337850627,Buy 100%,16930.0,10.979976373301831,185891.0,,,,,
EXAGEN INC,0.00025357394122748353,Reduce 80.52%,39600.0,4.65,184140.0,,,,,
WISEKEY INTERNATIONAL HLDS L,0.0002512480675078506,Buy 100%,24925.0,7.32,182451.0,,,,,
BRIDGELINE DIGITAL INC,0.00025035985640710264,Reduce 1.26%,156729.0,1.1600022969584443,181806.0,,,,,
A K A BRANDS HLDG CORP,0.0002502662155468687,Reduce 3.42%,16969.0,10.710000589309917,181738.0,,,,,
CIBUS INC,0.00024997289932290076,Add 33.97%,132500.0,1.37,181525.0,,,,,
GREENIDGE GENERATION HLDGS I,0.00024723528123253346,Add 13.59%,100300.0,1.79,179537.0,,,,,
INDEPENDENCE RLTY TR INC,0.00024580725811396663,Buy 100%,10695.0,16.690042075736326,178500.0,,,,,
ASHFORD HOSPITALITY TR INC,0.0002445155650713285,Reduce 2.66%,54803.0,3.24000510920935,177562.0,,,,,
NANOVIRICIDES INC,0.0002443861203527699,Reduce 4.67%,128600.0,1.38,177468.0,,,,,
LIPOCINE INC NEW,0.00024398263841087975,Add 79.78%,69209.0,2.559999422040486,177175.0,,,,,
BETA BIONICS INC,0.00024383942297758084,Buy 100%,11300.0,15.67,177071.0,,,,,
AVALON HLDGS CORP,0.00024280111108616385,Reduce 6.81%,70810.0,2.490001412229911,176317.0,,,,,
SUMMIT ST BK SANTA ROSA CALI,0.00024069556880237532,Add 2.38%,12890.0,13.559968968192397,174788.0,,,,,
SIMPLY GOOD FOODS CO,0.00023956637019367249,Reduce 89.35%,13100.0,13.28,173968.0,,,,,
TVARDI THERAPEUTICS INC,0.0002391656423947304,Reduce 0.75%,91409.0,1.8999989060158191,173677.0,,,,,
GUARDFORCE AI CO LTD,0.0002368232438174091,Add 9.34%,432100.0,0.3980004628558204,171976.0,,,,,
ELECTROCORE INC,0.00023676816095844798,Reduce 55.19%,19900.0,8.64,171936.0,,,,,
BOSTON OMAHA CORP,0.00023291236083117003,Buy 100%,12400.0,13.64,169136.0,,,,,
CORE LABORATORIES INC,0.0002326217987501502,Reduce 71.35%,14500.0,11.65,168925.0,,,,,
AMTD DIGITAL INC,0.0002324372711726305,Add 15.64%,106158.0,1.589997927617325,168791.0,,,,,
TOYO CO LTD,0.00023160965121673976,Reduce 47.39%,24200.0,6.95,168190.0,,,,,
PLAYBOY INC,0.00023150774792766172,Reduce 67.60%,137800.0,1.22,168116.0,,,,,
ANIXA BIOSCIENCES INC,0.0002289298701282816,Reduce 2.94%,59373.0,2.799993262930962,166244.0,,,,,
VISTAGEN THERAPEUTICS INC,0.00022734486086167558,Add 150.77%,730500.0,0.226,165093.0,,,,,
P3 HEALTH PARTNERS INC,0.00022530128679421827,Buy 100%,15149.0,10.799986797808437,163609.0,,,,,
BEELINE HOLDINGS INC,0.0002195712923907885,Add 670.79%,130695.0,1.220000765140212,159448.0,,,,,
WILLAMETTE VALLEY VINEYARDS,0.0002189736433710604,Reduce 4.09%,63352.0,2.510007576714232,159014.0,,,,,
DESTINATION XL GROUP INC,0.00021891580636915128,Reduce 17.83%,237272.0,0.6699989885026467,158972.0,,,,,
NRX PHARMACEUTICALS INC,0.00021740378189066868,Buy 100%,38600.0,4.09,157874.0,,,,,
MANNATECH INC,0.0002157953624090042,Reduce 2.59%,30078.0,5.209987366181262,156706.0,,,,,
QUEST RESOURCE HLDG CORP,0.00021323125532436439,Reduce 4.58%,122892.0,1.2600006509780945,154844.0,,,,,
HF FOODS GROUP INC,0.0002131954514660397,Reduce 13.95%,109800.0,1.41,154818.0,,,,,
LULUS FASHION LOUNGE HOLDING,0.00021317479539392927,Reduce 38.81%,18764.0,8.25,154803.0,,,,,
TUNIU CORP,0.0002111174506117317,Reduce 82.26%,31741.0,4.829999054850194,153309.0,,,,,
WATERDROP INC,0.0002090256790426834,Add 131.77%,134327.0,1.1300036478146613,151790.0,,,,,
BIOFRONTERA INC,0.00020507486098369758,Buy 100%,157505.0,0.9455001428526079,148921.0,,,,,
ALSET INC,0.00020497295769461953,Reduce 3.64%,103366.0,1.4399996130255597,148847.0,,,,,
AQUABOUNTY TECHNOLOGIES INC,0.00020357798429142937,Add 20.93%,138163.0,1.069997032490609,147834.0,,,,,
IMMERSION CORP,0.00020043963840211994,Buy 100%,21500.0,6.77,145555.0,,,,,
LOOP INDS INC,0.00019975247973658006,Add 1.64%,151100.0,0.96,145056.0,,,,,
ARCTURUS THERAPEUTICS HLDGS,0.00019803389453699333,Reduce 88.00%,21400.0,6.72,143808.0,,,,,
ARK RESTAURANTS CORP,0.00019375946468161095,Reduce 4.76%,24011.0,5.859980842114031,140704.0,,,,,
HAIN CELESTIAL GROUP INC,0.00019316732394777903,Add 15.87%,250400.0,0.5601996805111821,140274.0,,,,,
BROADWAY FINL CORP DEL,0.00019248705063960923,Add 1.40%,14470.0,9.659986178299931,139780.0,,,,,
SERITAGE GROWTH PPTYS,0.00019086348337173046,Buy 100%,52700.0,2.63,138601.0,,,,,
INNSUITES HOSPITALITY TR,0.000190097831632171,Reduce 6.56%,81203.0,1.6999987685184046,138045.0,,,,,
CASTOR MARITIME INC,0.0001874414607587713,Reduce 12.25%,64817.0,2.100004628415385,136116.0,,,,,
VIRTRA INC,0.0001859321904232368,Reduce 4.66%,43000.0,3.14,135020.0,,,,,
PODCASTONE INC,0.00018406763564740315,Buy 100%,29903.0,4.4699862890011035,133666.0,,,,,
MDXHEALTH SA,0.00018381012328175995,Add 6.69%,325084.0,0.41059849146682087,133479.0,,,,,
VERRICA PHARMACEUTICALS INC,0.00018346172419883092,Reduce 32.73%,21769.0,6.119987137672838,133226.0,,,,,
UTSTARCOM HOLDINGS CORP,0.00018340526426839575,Reduce 7.12%,53488.0,2.489997756506132,133185.0,,,,,
SEMILEDS CORP,0.00018192078121939375,Add 28.21%,79106.0,1.669999747174677,132107.0,,,,,
BLUEROCK HOMES TRUST INC,0.00017970782736063105,Reduce 3.33%,14500.0,9.0,130500.0,,,,,
ATRENEW INC,0.00017934014927706562,Reduce 93.34%,33652.0,3.8699928681801974,130233.0,,,,,
O-I GLASS INC,0.0001737216976630321,Reduce 76.05%,13100.0,9.63,126153.0,,,,,
LIGHTWAVE LOGIC INC,0.00017243964412071218,Buy 100%,13237.0,9.45999848908363,125222.0,,,,,
SENESTECH INC,0.00016951474430987708,Reduce 27.53%,82616.0,1.4900019366708628,123098.0,,,,,
BITFUFU INC,0.00016543035031791055,Add 49.09%,85200.0,1.41,120132.0,,,,,
GREENLAND MINES LTD,0.00016365392811641468,Buy 100%,457086.0,0.2599992124020425,118842.0,,,,,
MANNKIND CORP,0.00016247928614906895,Reduce 98.52%,27697.0,4.25999205690147,117989.0,,,,,
CXAPP INC,0.0001623732516455688,Add 70.34%,633254.0,0.18620016612607262,117912.0,,,,,
CHEETAH MOBILE INC,0.00016075243852063805,Add 17.70%,38654.0,3.019997930356496,116735.0,,,,,
TALPHERA INC,0.00016070286394757305,Reduce 52.35%,113300.0,1.03,116699.0,,,,,
HIGHWAY HLDGS LTD,0.00015849128716028435,Reduce 4.23%,143866.0,0.8000013901825309,115093.0,,,,,
UPLAND SOFTWARE INC,0.0001580974447187124,Reduce 89.86%,24584.0,4.66998861047836,114807.0,,,,,
WERIDE INC,0.00015708529718530195,Reduce 76.10%,19600.0,5.82,114072.0,,,,,
DOMO INC,0.00015549615670427386,Buy 100%,36076.0,3.130003326311121,112918.0,,,,,
GOGORO INC,0.000154415155597162,Reduce 1.05%,28138.0,3.9851091051247423,112133.0,,,,,
NEUPHORIA THERAPEUTICS INC,0.0001534539597082906,Buy 100%,25500.0,4.37,111435.0,,,,,
TTEC HLDGS INC,0.0001520094117320354,Add 0.35%,56900.0,1.94,110386.0,,,,,
ENERGY FOCUS INC,0.0001517711783670286,Add 224.25%,33398.0,3.299988023234924,110213.0,,,,,
WIMI HOLOGRAM CLOUD INC,0.00015011180724082507,Add 18.17%,72191.0,1.5099943206216841,109008.0,,,,,
KATAPULT HOLDINGS INC,0.0001492525146410317,Reduce 3.53%,16397.0,6.6099896322498015,108384.0,,,,,
CARDIO DIAGNOSTICS HOLDGS IN,0.00014837669718355,Add 220.56%,49200.0,2.19,107748.0,,,,,
AKSO HEALTH GROUP,0.00014556334016211115,Reduce 27.90%,70943.0,1.4899990132923615,105705.0,,,,,
ASIA PACIFIC WIRE &AMP; CABLE CO,0.00014431158219221986,Reduce 10.25%,63900.0,1.64,104796.0,,,,,
EVAXION AS,0.00014428954904863541,Reduce 13.83%,33800.0,3.1,104780.0,,,,,
RIDGEPOST CAP INC,0.0001408881825077867,Reduce 95.29%,13000.0,7.87,102310.0,,,,,
ELECTRO-SENSORS INC,0.00013923845088190137,Reduce 82.14%,13200.0,7.66,101112.0,,,,,
CALCIMEDICA INC,0.0001380087260555945,Reduce 24.03%,97300.0,1.03,100219.0,,,,,
JASPER THERAPEUTICS INC,0.00013792197055273076,Add 34.03%,237900.0,0.42100042034468266,100156.0,,,,,
GLIMPSE GROUP INC,0.00013613040056502056,Reduce 4.11%,128400.0,0.769898753894081,98855.0,,,,,
ATYR PHARMA INC,0.00013578475562503958,Add 307.73%,165222.0,0.596797036714239,98604.0,,,,,
EBANG INTL HLDGS INC,0.00013482906802206427,Reduce 4.87%,44913.0,2.1799924298087414,97910.0,,,,,
FRACTYL HEALTH INC,0.00013368059041272504,Add 247.16%,122200.0,0.7944026186579378,97076.0,,,,,
XBIOTECH INC,0.00013195787399871627,Add 85.68%,41663.0,2.3000024002112185,95825.0,,,,,
CODEXIS INC,0.00012915553354906964,Reduce 79.12%,41500.0,2.26,93790.0,,,,,
GREENPOWER MTR CO INC,0.00012856752402965976,Buy 100%,55573.0,1.6800064779659187,93363.0,,,,,
INTERNATIONAL TOWER HILL MIN,0.00012762147592700263,Reduce 64.06%,46571.0,1.9899937729488308,92676.0,,,,,
AMERICAN SHARED HOSPITAL SVC,0.0001255310814294284,Add 17.27%,57695.0,1.5799982667475518,91158.0,,,,,
TOP FINANCIAL GROUP LTD,0.00012524602763430465,Add 2.05%,49700.0,1.83,90951.0,,,,,
BRAGG GAMING GROUP INC,0.00012032299711465517,Reduce 0.59%,50800.0,1.72,87376.0,,,,,
BINGEX LTD,0.00012027479961306419,Reduce 46.95%,41005.0,2.130008535544446,87341.0,,,,,
SUPERX AI TECHNOLOGY LTD,0.00012008063253522625,Reduce 81.01%,10900.0,8.0,87200.0,,,,,
LIFEWARD LTD,0.00011948160644402415,Reduce 0.88%,11327.0,7.6600158912333365,86765.0,,,,,
ATLANTIC AMERN CORP,0.00011912494493225096,Add 10.45%,51800.0,1.67,86506.0,,,,,
NERDY INC,0.00011732235837274854,Add 30.99%,93000.0,0.9160967741935484,85197.0,,,,,
APREA THERAPEUTICS INC,0.0001168899579299038,Add 321.51%,105800.0,0.802296786389414,84883.0,,,,,
X4 PHARMACEUTICALS INC,0.00011639972048514989,Buy 100%,18100.0,4.67,84527.0,,,,,
YEXT INC,0.0001157566281067789,Reduce 57.94%,18000.0,4.67,84060.0,,,,,
J-LONG GROUP LTD,0.00011478441564611525,Add 36.21%,14200.0,5.87,83354.0,,,,,
CARDLYTICS INC,0.00011379843247071133,Reduce 83.64%,18405.0,4.489975550122249,82638.0,,,,,
ALTA EQUIPMENT GROUP INC,0.00011137065546200028,Buy 100%,12500.0,6.47,80875.0,,,,,
FATHOM HOLDINGS INC,0.00011085012244481776,Reduce 46.08%,79700.0,1.01,80497.0,,,,,
INTELLIGENT PROTECTION MANAG,0.00010926235903526368,Add 10.41%,45600.0,1.74,79344.0,,,,,
INSPIREMD INC,0.00010878038401935394,Add 540.76%,112832.0,0.7001028077141237,78994.0,,,,,
URBAN ONE INC,0.00010821303057205448,Reduce 20.85%,17046.0,4.6099964801126365,78582.0,,,,,
KIORA PHARMACEUTICALS INC,0.00010801335520832045,Buy 100%,29824.0,2.62999597639485,78437.0,,,,,
BAYFIRST FINANCIAL CORP,0.00010741157497417028,Buy 100%,15600.0,5.0,78000.0,,,,,
IGC PHARMA INC,0.00010735236090078708,Reduce 40.78%,286608.0,0.2719986881036119,77957.0,,,,,
MONEYHERO LIMITED,0.00010646414980003914,Reduce 17.87%,88711.0,0.8715040975752725,77312.0,,,,,
LUCID DIAGNOSTICS INC,0.00010505815982505672,Reduce 85.73%,71300.0,1.07,76291.0,,,,,
HEIDMAR MARITIME HLDGS CORP,0.00010470149831328353,Buy 100%,59400.0,1.28,76032.0,,,,,
GROVE COLLABORATIVE HOLD INC,0.0001041410302233542,Reduce 10.90%,60500.0,1.25,75625.0,,,,,
CURIS INC,0.0001020726688693644,Reduce 61.29%,141972.0,0.5220959062350322,74123.0,,,,,
ENLIVEX LTD,0.00010139652677561676,Add 4.45%,133900.0,0.5499029126213593,73632.0,,,,,
SMJ INTL HOLDINGS INC,0.00010113212905260341,Buy 100%,14400.0,5.1,73440.0,,,,,
BEAM GLOBAL,9.971374543435476e-05,Reduce 34.16%,55700.0,1.3,72410.0,,,,,
INUVO INC,9.96669250042378e-05,Reduce 35.63%,57441.0,1.260005919117007,72376.0,,,,,
ELLINGTON CREDIT COMPANY,9.920009777454238e-05,Buy 100%,16298.0,4.419990182844521,72037.0,,,,,
DYADIC INTL INC DEL,9.721022949457216e-05,Reduce 3.53%,78786.0,0.8959967506917472,70592.0,,,,,
SNAIL INC,9.645008604090881e-05,Buy 100%,112932.0,0.6201962242765559,70040.0,,,,,
BGSF INC,9.199801396537684e-05,,11700.0,5.71,66807.0,,,,,
MMTEC INC,9.191952089135725e-05,Reduce 1.48%,26700.0,2.5,66750.0,,,,,
BAIRD MED INVT HLDGS LTD,8.768778025166975e-05,Buy 100%,55371.0,1.1500063209983566,63677.0,,,,,
INTERCURE LTD,8.755420431868905e-05,Reduce 10.53%,57800.0,1.1,63580.0,,,,,
SPAR GROUP INC,8.754869603279295e-05,Reduce 38.60%,76941.0,0.8262954731547549,63576.0,,,,,
SMITH MICRO SOFTWARE INC,8.718928037807168e-05,Reduce 79.75%,23625.0,2.68,63315.0,,,,,
FBS GLOBAL LTD,8.657235235770722e-05,Reduce 14.67%,123292.0,0.5099033189501346,62867.0,,,,,
BEAMR IMAGING LTD,8.636992285102513e-05,Reduce 0.44%,44800.0,1.4,62720.0,,,,,
TANDY LEATHER FACTORY INC,8.634926677891471e-05,Add 61.15%,26912.0,2.3300014863258025,62705.0,,,,,
ALIGOS THERAPEUTICS INC,8.581358597551789e-05,Reduce 89.25%,10800.0,5.77,62316.0,,,,,
ALL IN FUTURETECH ALLIANCE I,8.430431563998339e-05,Buy 100%,27453.0,2.2299930790806104,61220.0,,,,,
ROADZEN INC,8.331833246457947e-05,Buy 100%,41441.0,1.4600033782968558,60504.0,,,,,
ATA CREATIVITY GLOBAL,8.289557152205292e-05,Reduce 3.63%,58444.0,1.0299945246731914,60197.0,,,,,
HYDROFARM HLDGS GROUP INC,8.233234928917556e-05,Reduce 2.49%,70363.0,0.8497079430950926,59788.0,,,,,
MIND C T I LTD,8.219877335619485e-05,Add 157.86%,57952.0,1.030007592490337,59691.0,,,,,
ONCOLYTICS BIOTECH INC,8.111364103466092e-05,Reduce 91.34%,62010.0,0.949895178197065,58903.0,,,,,
MOVING IMAGE TECHNOLOGIES IN,8.09883275305244e-05,Reduce 17.16%,101400.0,0.58,58812.0,,,,,
CLAROS MTG TR INC,7.993211370994504e-05,Reduce 49.39%,24700.0,2.35,58045.0,,,,,
BIONANO GENOMICS INC,7.951623812478865e-05,Add 4.93%,51100.0,1.13,57743.0,,,,,
DOLPHIN ENTMT INC,7.838979365903389e-05,Reduce 34.00%,49500.0,1.15,56925.0,,,,,
NYXOAH S A,7.791608107196832e-05,Buy 100%,33480.0,1.689994026284349,56581.0,,,,,
111 INC,7.718072490483745e-05,Reduce 0.77%,12914.0,4.340018584481958,56047.0,,,,,
TWENTY ONE CAP INC,7.56631921404588e-05,Buy 100%,11100.0,4.95,54945.0,,,,,
ONE AND ONE GREEN TECHNOLOGI,7.399280444246305e-05,Buy 100%,26600.0,2.02,53732.0,,,,,
MICROCLOUD HOLOGRAM INC,7.341994270926747e-05,Buy 100%,34621.0,1.539990179370902,53316.0,,,,,
MYOMO INC,6.945948514996346e-05,Add 105.51%,48500.0,1.04,50440.0,,,,,
SONOMA PHARMACEUTICALS INC,6.854510969120897e-05,Buy 100%,40468.0,1.2300088959177622,49776.0,,,,,
INMUNE BIO INC,6.6665407129161e-05,Add 74.71%,29700.0,1.63,48411.0,,,,,
BIOLINE RX LIMITED,6.621648182862792e-05,Buy 100%,15412.0,3.1199714508175447,48085.0,,,,,
SKILLFUL CRAFTSMAN ED TECH L,6.562709523774402e-05,Reduce 22.61%,48600.0,0.98059670781893,47657.0,,,,,
JYONG BIOTECH LTD,6.527731908334095e-05,Buy 100%,22900.0,2.07,47403.0,,,,,
REGENTIS BIOMATERIALS LTD,6.488485371324301e-05,Buy 100%,13348.0,3.5299670362601137,47118.0,,,,,
HARTE HANKS INC,6.365375181546215e-05,Reduce 3.60%,21400.0,2.16,46224.0,,,,,
17 ED &AMP; TECHNOLOGY GROUP INC,6.21968101959407e-05,Reduce 55.65%,20530.0,2.2,45166.0,,,,,
ENVERIC BIOSCIENCES INC,6.092164201099094e-05,Buy 100%,32058.0,1.379998752261526,44240.0,,,,,
TELA BIO INC,6.0005889480762434e-05,Add 10.46%,58100.0,0.75,43575.0,,,,,
MATINAS BIOPHARMA HLDGS INC,5.9869559404833686e-05,Add 148.65%,71040.0,0.6119932432432432,43476.0,,,,,
WING YIP FOOD HOLDINGS GROUP,5.9241614812676997e-05,Buy 100%,10596.0,4.060022650056625,43020.0,,,,,
NASUS PHARMA LTD,5.8800951940988086e-05,Buy 100%,12200.0,3.5,42700.0,,,,,
MERCER INTL INC,5.6813837803965946e-05,Add 290.43%,62511.0,0.6599958407320312,41257.0,,,,,
ESTRELLA IMMUNOPHARMA INC,5.599723441986744e-05,Reduce 37.73%,39100.0,1.04,40664.0,,,,,
CO-DIAGNOSTICS INC,5.3361519618578186e-05,Buy 100%,12500.0,3.1,38750.0,,,,,
PLURI INC,5.2737706240843584e-05,Reduce 5.66%,18324.0,2.0899912682820343,38297.0,,,,,
CYTOSORBENTS CORP,5.151211262895882e-05,Reduce 0.69%,100020.0,0.37399520095980804,37407.0,,,,,
METALPHA TECHN HOLDING LTD,4.9731559213040846e-05,Reduce 18.82%,37424.0,0.9649957246686618,36114.0,,,,,
OXBRIDGE RE HLDGS LTD,4.9643426638703064e-05,Add 7.03%,35000.0,1.03,36050.0,,,,,
JE CLEANTECH HOLDINGS LIMITE,4.9336339699994855e-05,Buy 100%,25230.0,1.4200158541418946,35827.0,,,,,
SIEBERT FINL CORP,4.7715526575064104e-05,Reduce 3.67%,21000.0,1.65,34650.0,,,,,
UCLOUDLINK GROUP INC,4.660698403847171e-05,Reduce 61.27%,36005.0,0.9400083321760867,33845.0,,,,,
PASITHEA THERAPEUTICS CORP,4.6558786536880735e-05,Reduce 29.76%,65600.0,0.5153963414634146,33810.0,,,,,
XOS INC,4.4082812026578705e-05,Buy 100%,10600.0,3.02,32012.0,,,,,
TAOWEAVE INC,4.06676747709897e-05,Reduce 63.97%,21400.0,1.38,29532.0,,,,,
NEONODE INC,4.0388129261762054e-05,Reduce 34.66%,31168.0,0.9409971765913757,29329.0,,,,,
PHARMACYTE BIOTECH INC,4.027934061531386e-05,Reduce 32.77%,37987.0,0.7700002632479532,29250.0,,,,,
CANOPY GROWTH CORPORATION,3.990064595995621e-05,Buy 100%,30500.0,0.95,28975.0,,,,,
PICARD MEDICAL INC,3.8811382424000194e-05,Buy 100%,172381.0,0.16349829737616095,28184.0,,,,,
STABLECOIN DEV CORP,3.779923489058975e-05,Buy 100%,26142.0,1.0499961747379696,27449.0,,,,,
LIVEPERSON INC,3.692066329015999e-05,Buy 100%,14111.0,1.9000070866699739,26811.0,,,,,
STEREOTAXIS INC,3.6475869204049006e-05,Reduce 95.87%,15400.0,1.72,26488.0,,,,,
TROOPS INC,3.55697561741387e-05,Buy 100%,10500.0,2.46,25830.0,,,,,
KANDI TECHNOLOGIES GROUP INC,3.549401724306717e-05,Reduce 46.68%,36100.0,0.71398891966759,25775.0,,,,,
CBAK ENERGY TECHNOLOGY LTD,3.372723454188947e-05,Buy 100%,41400.0,0.5915942028985507,24492.0,,,,,
EHEALTH INC,3.323975124008362e-05,Reduce 35.46%,16200.0,1.49,24138.0,,,,,
SINGULARITY FUTURE TECH LTD,3.0157865281209347e-05,Buy 100%,72950.0,0.3002056202878684,21900.0,,,,,
LIVEWIRE GROUP INC,2.9608413763072244e-05,Buy 100%,19197.0,1.1200187529301453,21501.0,,,,,
COLLPLANT BIOTECHNOLOGIES LT,2.9547822618215022e-05,Add 266.07%,61500.0,0.3488943089430894,21457.0,,,,,
SCIENJOY HOLDING CORP,2.954231433231891e-05,Reduce 1.79%,27504.0,0.7799956369982548,21453.0,,,,,
RESEARCH FRONTIERS INC,2.920768596413015e-05,Reduce 40.28%,40789.0,0.519993135404153,21210.0,,,,,
FREIGHTOS LTD,2.7629562054894264e-05,Buy 100%,13200.0,1.52,20064.0,,,,,
MOGU INC,2.7267392257224947e-05,Reduce 8.72%,11857.0,1.6699839757105508,19801.0,,,,,
VIVOSIM LABS INC,2.7259129828380778e-05,Buy 100%,18500.0,1.07,19795.0,,,,,
REIN THERAPEUTICS INC,2.7210932326789805e-05,Reduce 22.45%,19000.0,1.04,19760.0,,,,,
BEYONDSPRING INC,2.6267638367080745e-05,Reduce 1.80%,10900.0,1.75,19075.0,,,,,
SURGEPAYS INC,2.530368833526127e-05,Add 2.00%,50900.0,0.3610019646365422,18375.0,,,,,
CARDIFF ONCOLOGY INC,2.4959420466754312e-05,Reduce 86.23%,13942.0,1.3000286902883373,18125.0,,,,,
MILESTONE SCIENTIFIC INC,2.488505860715681e-05,Reduce 31.76%,56297.0,0.3209940138906158,18071.0,,,,,
SOLARMAX TECHNOLOGY INC,2.4069832294532338e-05,Reduce 12.87%,50083.0,0.3490006589062157,17479.0,,,,,
IN8BIO INC,2.3494216418388705e-05,Buy 100%,12100.0,1.41,17061.0,,,,,
CCH HLDGS LTD,2.316922755051814e-05,Buy 100%,35813.0,0.4698014687404015,16825.0,,,,,
OKYO PHARMA LTD,2.3134800763667444e-05,Buy 100%,11200.0,1.5,16800.0,,,,,
TIZIANA LIFE SCIENCES LTD,2.3090734476498556e-05,Buy 100%,13100.0,1.28,16768.0,,,,,
MEREO BIOPHARMA GROUP PLC,2.2793287038108546e-05,Add 7.64%,52100.0,0.31769673704414586,16552.0,,,,,
BARINTHUS BIOTHERAPEUTICS PL,2.27216793214591e-05,Reduce 83.44%,25000.0,0.66,16500.0,,,,,
AMTD IDEA GROUP,2.2274131092400055e-05,Reduce 42.33%,16765.0,0.9648076349537728,16175.0,,,,,
SOCKET MOBILE INC,2.215570294563366e-05,Add 0.38%,26700.0,0.6025842696629213,16089.0,,,,,
DSS INC,2.1975306582536016e-05,Reduce 27.37%,27048.0,0.5899881691807157,15958.0,,,,,
THERIVA BIOLOGICS INC,2.195051929600352e-05,Buy 100%,63710.0,0.2501962015382201,15940.0,,,,,
PURPLE INNOVATION INC,2.1373526348385856e-05,Reduce 93.58%,43477.0,0.35699335280723143,15521.0,,,,,
HYPERSCALE DATA INC,2.1248212844249326e-05,Buy 100%,109669.0,0.14069609461196875,15430.0,,,,,
TDH HLDGS INC,2.0994831693028208e-05,Reduce 1.63%,12100.0,1.26,15246.0,,,,,
VYNE THERAPEUTICS INC,2.0877780617735843e-05,Add 34.68%,23300.0,0.6506866952789699,15161.0,,,,,
ISPIRE TECHNOLOGY INC,2.0050160661845118e-05,Add 4.84%,13000.0,1.12,14560.0,,,,,
LONGEVERON INC,1.919362220499981e-05,Buy 100%,19827.0,0.7029807837796943,13938.0,,,,,
CURANEX PHARMACEUTICALS INC,1.8989815626843694e-05,Buy 100%,52000.0,0.26519230769230767,13790.0,,,,,
MICROVISION INC DEL,1.8507840610933957e-05,Buy 100%,41100.0,0.327007299270073,13440.0,,,,,
AMESITE INC,1.8498201110615762e-05,Buy 100%,10100.0,1.33,13433.0,,,,,
ITONIC HOLDINGS LTD,1.827098431740117e-05,Buy 100%,44080.0,0.30099818511796733,13268.0,,,,,
ESS TECH INC,1.66143673341457e-05,Buy 100%,12700.0,0.95,12065.0,,,,,
HUADI INTERNATIONAL GRP CO L,1.6085571888119014e-05,Reduce 66.75%,12700.0,0.9197637795275591,11681.0,,,,,
RENOVORX INC,1.538464250783885e-05,Reduce 12.31%,11400.0,0.98,11172.0,,,,,
ORIGIN AGRITECH LIMITED,1.5326805505929683e-05,Reduce 4.40%,10500.0,1.06,11130.0,,,,,
CLPS INCORPORATION,1.5165688143468426e-05,,13032.0,0.8450736648250461,11013.0,,,,,
MEGA MATRIX INC,1.4533612336889656e-05,Buy 100%,35776.0,0.29500223613595705,10554.0,,,,,
BLUE GOLD LTD,1.4311903829571176e-05,Add 27.61%,37330.0,0.2784087864987945,10393.0,,,,,
CHINA PHARMA HLDGS INC,1.3675696808570322e-05,Add 31.77%,15045.0,0.6600864074443337,9931.0,,,,,
RYDE GROUP LTD,1.2940340641439465e-05,Buy 100%,14653.0,0.6413021224322665,9397.0,,,,,
LEXARIA BIOSCIENCE CORP,1.2724140420017096e-05,Add 1.23%,16500.0,0.56,9240.0,,,,,
TRYHARD HLDGS LTD,1.1651401741749421e-05,Buy 100%,29276.0,0.2890080612105479,8461.0,,,,,
CHOWCHOW CLOUD INTL HLDGS LT,1.1174935011735793e-05,Buy 100%,21100.0,0.38459715639810427,8115.0,,,,,
STEAKHOLDER FOODS LTD,1.0321150697838543e-05,Buy 100%,13600.0,0.5511029411764706,7495.0,,,,,
CHECHE GROUP INC,1.0012686687656309e-05,Reduce 90.63%,13489.0,0.5390318036918971,7271.0,,,,,
HEALTHY CHOICE WELLNESS CORP,9.992030615545892e-06,Reduce 13.63%,37400.0,0.19401069518716577,7256.0,,,,,
REE AUTOMOTIVE LTD,8.36020091882292e-06,Reduce 1.27%,30977.0,0.195984117248281,6071.0,,,,,
MYND AI INC,8.356069704400837e-06,Reduce 2.46%,15844.0,0.3829840949255239,6068.0,,,,,
CBL INTL LTD,5.606057970767272e-06,Buy 100%,11800.0,0.345,4071.0,,,,,
CLOUDASTRUCTURE INC,4.962965592396279e-06,Buy 100%,10600.0,0.34,3604.0,,,,,
SINOVAC BIOTECH LTD,0.0,,1312520.0,0.0,0.0,,,,,
